{"type":"FeatureCollection","meta":{"source":"OpenStreetMap via Overpass API","url":"https://www.openstreetmap.org","licence":"ODbL 1.0 © OpenStreetMap contributors","filter":"waterway=river, clipped to the Sungai Langat catchment (HydroBASINS 4080020780)","main_channel_km":187.2,"total_km":681.6,"simplify_m":17,"note":"Every river inside the catchment drains to Sungai Langat. Streams and drains are excluded."},"features":[{"type":"Feature","properties":{"id":643966605,"m":45817,"name":"Sungai Langat","main":true},"geometry":{"type":"LineString","coordinates":[[101.44217,2.86694],[101.44362,2.87482],[101.4449,2.87876],[101.44608,2.88095],[101.44771,2.88246],[101.4508,2.88347],[101.45162,2.88401],[101.45286,2.88584],[101.4531,2.887],[101.4519,2.89452],[101.45092,2.89586],[101.44961,2.8964],[101.44725,2.896],[101.44592,2.89618],[101.44429,2.89726],[101.44062,2.89883],[101.43724,2.89918],[101.43506,2.8997],[101.4339,2.90086],[101.43123,2.90551],[101.43006,2.90686],[101.42826,2.90754],[101.42699,2.90745],[101.42571,2.907],[101.42472,2.90626],[101.42405,2.90468],[101.42416,2.90322],[101.42484,2.90152],[101.42673,2.90001],[101.4298,2.8986],[101.43106,2.89775],[101.43158,2.89677],[101.43137,2.8946],[101.43076,2.89312],[101.4266,2.88988],[101.42564,2.88809],[101.42556,2.88643],[101.42749,2.88078],[101.42732,2.87702],[101.42675,2.8761],[101.42562,2.87499],[101.42471,2.87466],[101.42345,2.87458],[101.42073,2.87548],[101.41972,2.8767],[101.41912,2.87802],[101.41911,2.87929],[101.42044,2.88316],[101.42035,2.88437],[101.41991,2.88559],[101.41782,2.88744],[101.41387,2.8894],[101.41203,2.89108],[101.41121,2.89258],[101.41106,2.89393],[101.41143,2.896],[101.41865,2.90624],[101.4201,2.91025],[101.42081,2.91147],[101.42221,2.91244],[101.42374,2.91257],[101.42854,2.91205],[101.4296,2.91231],[101.43108,2.91339],[101.4313,2.91676],[101.43063,2.91911],[101.42592,2.92782],[101.42523,2.9296],[101.4244,2.9308],[101.42266,2.93145],[101.42042,2.93163],[101.41507,2.9307],[101.4105,2.93027],[101.4084,2.9309],[101.40638,2.93209],[101.405,2.93465],[101.40499,2.93634],[101.40629,2.93898],[101.40869,2.94064],[101.41462,2.94236],[101.41674,2.94353],[101.4187,2.94546],[101.42103,2.94961],[101.42347,2.95321],[101.42509,2.95447],[101.42853,2.95601],[101.43793,2.95916],[101.43907,2.96077],[101.43943,2.96261],[101.4389,2.9646],[101.43707,2.96693],[101.42692,2.97492],[101.42354,2.97693],[101.4197,2.97812],[101.41638,2.97782],[101.41443,2.97739],[101.41273,2.9766],[101.40956,2.97364],[101.40808,2.96796],[101.40588,2.95614],[101.40508,2.95435],[101.40366,2.9521],[101.39917,2.94818],[101.39261,2.94501],[101.39098,2.94373],[101.38965,2.94231],[101.3885,2.94033],[101.38739,2.936],[101.38784,2.92371],[101.3865,2.91757],[101.38566,2.91497],[101.38253,2.90859],[101.38043,2.90624],[101.37759,2.90402],[101.37325,2.90337],[101.37103,2.90367],[101.36784,2.9051],[101.36483,2.90687],[101.36231,2.909],[101.35527,2.91778],[101.35219,2.92981]]}},{"type":"Feature","properties":{"id":36198450,"m":31754,"name":"Sungai Semenyih","main":false},"geometry":{"type":"LineString","coordinates":[[101.87221,3.04993],[101.87198,3.04941],[101.87236,3.04885],[101.87155,3.04803],[101.87153,3.04724],[101.87262,3.04628],[101.8721,3.04446],[101.87256,3.04319],[101.87343,3.04269],[101.87354,3.04235],[101.87288,3.0418],[101.87309,3.04121],[101.87274,3.03983],[101.87194,3.03904],[101.87152,3.03787],[101.87057,3.03732],[101.87076,3.03654],[101.87016,3.03602],[101.86963,3.03603],[101.87075,3.03482],[101.87081,3.03321],[101.87036,3.03326],[101.87009,3.0337],[101.86962,3.03311],[101.8698,3.03283],[101.86925,3.03173],[101.86944,3.03124],[101.86853,3.02891],[101.86895,3.02789],[101.8685,3.02796],[101.86788,3.02768],[101.86732,3.02686],[101.86768,3.02583],[101.86736,3.02562],[101.86671,3.02433],[101.86697,3.02407],[101.8668,3.0233],[101.86709,3.023],[101.86646,3.01931],[101.86718,3.01674],[101.86586,3.0158],[101.86582,3.01556],[101.86611,3.01475],[101.86592,3.01394],[101.86716,3.01272],[101.86708,3.01153],[101.86758,3.0103],[101.86814,3.01004],[101.86833,3.00948],[101.86954,3.00836],[101.87016,3.00722],[101.87145,3.00758],[101.87176,3.00742],[101.8719,3.00673],[101.87157,3.00546],[101.87248,3.00485],[101.8725,3.00346],[101.87318,3.00306],[101.87361,3.00121],[101.87406,3.00079],[101.87492,3.0007],[101.87539,3.00035],[101.87518,2.99838],[101.87468,2.99775],[101.87409,2.99624],[101.87429,2.9937],[101.87218,2.99077],[101.87129,2.98896],[101.87135,2.98695],[101.87068,2.98569],[101.87048,2.98427],[101.86877,2.98097],[101.86679,2.97931],[101.86234,2.9743],[101.86129,2.97387],[101.86061,2.9743],[101.85972,2.97382],[101.85843,2.97188],[101.85831,2.97097],[101.85806,2.97077],[101.85763,2.97097],[101.85717,2.97049],[101.85687,2.96933],[101.85733,2.96887],[101.8571,2.96835],[101.85603,2.96734],[101.85559,2.96632],[101.85504,2.96617],[101.85407,2.96529],[101.85258,2.96321],[101.85197,2.96289],[101.85164,2.96185],[101.85007,2.96013],[101.84891,2.95835],[101.84775,2.95612],[101.84745,2.95368],[101.84677,2.95131],[101.84771,2.94694],[101.84735,2.94511],[101.84535,2.94125],[101.84383,2.94039],[101.84235,2.93877],[101.84184,2.93738],[101.84116,2.93682],[101.83819,2.93249],[101.83572,2.93087],[101.83246,2.93022],[101.83115,2.92933],[101.83067,2.92808],[101.83068,2.92681],[101.83008,2.92411],[101.82979,2.92347],[101.82768,2.92134],[101.82723,2.92],[101.82573,2.9171],[101.82517,2.91661],[101.82279,2.91551],[101.81906,2.91308],[101.81829,2.90989],[101.81788,2.90939],[101.81255,2.90586],[101.80894,2.90408],[101.80798,2.90223],[101.80798,2.90149],[101.80842,2.90068],[101.80739,2.89893],[101.80626,2.89815],[101.80465,2.89755],[101.80061,2.89693],[101.79834,2.8963],[101.79617,2.8947],[101.79375,2.89565],[101.79111,2.89486],[101.78949,2.89331],[101.78727,2.89299],[101.78489,2.8932],[101.77966,2.8928],[101.77893,2.89337],[101.77826,2.89436],[101.77482,2.89629],[101.77311,2.89672],[101.77118,2.89669],[101.76682,2.89781],[101.7664,2.89768],[101.76567,2.89662],[101.76532,2.89514],[101.76381,2.89362],[101.76357,2.89213],[101.75975,2.89183],[101.75535,2.89102],[101.75245,2.89229],[101.74993,2.89205],[101.74847,2.89229],[101.74717,2.89207],[101.74505,2.8912],[101.74055,2.89013],[101.7381,2.89026],[101.73741,2.89059],[101.7357,2.89245],[101.7349,2.89419],[101.73372,2.89549]]}},{"type":"Feature","properties":{"id":492941424,"m":27930,"name":"Sungai Langat","main":true},"geometry":{"type":"LineString","coordinates":[[101.85608,3.19022],[101.85524,3.18963],[101.85661,3.18849],[101.85712,3.18695],[101.85812,3.18634],[101.85862,3.18446],[101.85948,3.18351],[101.85951,3.18316],[101.85732,3.18088],[101.85696,3.17791],[101.8549,3.17416],[101.85376,3.17278],[101.85226,3.1702],[101.85141,3.16817],[101.85033,3.167],[101.84919,3.16659],[101.84873,3.16618],[101.84829,3.16414],[101.8485,3.16256],[101.84765,3.16221],[101.84576,3.15991],[101.8439,3.15656],[101.84344,3.15466],[101.84219,3.1541],[101.84168,3.15353],[101.84132,3.15121],[101.84019,3.14973],[101.8403,3.14848],[101.83976,3.14776],[101.8397,3.14663],[101.83895,3.14492],[101.83914,3.14418],[101.83985,3.14328],[101.84034,3.14182],[101.84033,3.14108],[101.8392,3.14009],[101.83853,3.13793],[101.83805,3.13775],[101.83758,3.13809],[101.8371,3.1381],[101.83619,3.13735],[101.83568,3.13738],[101.83515,3.13677],[101.8342,3.13668],[101.83305,3.13503],[101.8329,3.13425],[101.83353,3.13268],[101.83293,3.13097],[101.83415,3.13095],[101.83505,3.13029],[101.83421,3.12953],[101.83387,3.12817],[101.83219,3.12819],[101.83077,3.12663],[101.82968,3.12661],[101.82847,3.12612],[101.82526,3.12564],[101.82527,3.12516],[101.82581,3.12443],[101.82599,3.12307],[101.82565,3.12222],[101.82577,3.12041],[101.8247,3.12002],[101.82385,3.11815],[101.82233,3.11854],[101.82026,3.11652],[101.8199,3.1148],[101.82054,3.11367],[101.8203,3.11286],[101.81948,3.11239],[101.81943,3.11138],[101.81903,3.11101],[101.81861,3.11099],[101.8181,3.11222],[101.81745,3.11221],[101.81696,3.11168],[101.81661,3.11014],[101.81533,3.10872],[101.81461,3.1083],[101.81384,3.10883],[101.81299,3.10818],[101.81213,3.1082],[101.81154,3.10655],[101.80986,3.10433],[101.80927,3.10091],[101.80861,3.0993],[101.80795,3.09841],[101.80682,3.09778],[101.80559,3.0978],[101.80349,3.09708],[101.8029,3.0968],[101.80235,3.09613],[101.80048,3.09592],[101.79767,3.09368],[101.79744,3.09315],[101.79804,3.09184],[101.79794,3.09109],[101.79714,3.0898],[101.7962,3.0891],[101.79595,3.08701],[101.7948,3.0866],[101.7951,3.08466],[101.79386,3.08346],[101.79331,3.08196],[101.79251,3.08137],[101.7922,3.08077],[101.79099,3.07959],[101.79012,3.07936],[101.79016,3.07852],[101.79086,3.07754],[101.79084,3.07688],[101.78961,3.07633],[101.78897,3.07568],[101.7872,3.07473],[101.78729,3.07438],[101.78847,3.07411],[101.78796,3.07293],[101.78799,3.07171],[101.78694,3.07103],[101.78656,3.07043],[101.7865,3.06946],[101.78496,3.06667],[101.78466,3.06515],[101.7841,3.06486],[101.78308,3.06482],[101.78245,3.06443],[101.78129,3.06448],[101.78081,3.06416],[101.78127,3.06342],[101.78153,3.06198],[101.78199,3.06111],[101.781,3.06],[101.77987,3.06007],[101.77949,3.05942],[101.77951,3.05893],[101.78033,3.05775],[101.78006,3.05688],[101.78032,3.0561],[101.78015,3.05502],[101.78031,3.05326],[101.7801,3.0524],[101.77891,3.04979],[101.77693,3.0475],[101.77663,3.0461],[101.77562,3.04368],[101.77548,3.04269],[101.77435,3.04104],[101.77205,3.03986],[101.77044,3.03765],[101.76963,3.03442],[101.76791,3.02993],[101.76825,3.0256],[101.76894,3.02453],[101.77008,3.02175],[101.76952,3.01915],[101.77072,3.01137],[101.77162,3.00862],[101.77236,3.00728],[101.77251,3.00593]]}},{"type":"Feature","properties":{"id":29211467,"m":20450,"name":"Sungai Langat","main":true},"geometry":{"type":"LineString","coordinates":[[101.70008,2.89216],[101.69888,2.89257],[101.69723,2.8926],[101.69589,2.89304],[101.69499,2.89299],[101.69268,2.89189],[101.6922,2.89193],[101.69056,2.89286],[101.69009,2.89282],[101.68882,2.89204],[101.68856,2.89133],[101.68905,2.88905],[101.68799,2.88738],[101.6874,2.88381],[101.68455,2.88068],[101.68252,2.87791],[101.68132,2.87544],[101.6808,2.87315],[101.6809,2.87101],[101.68169,2.86961],[101.68149,2.86808],[101.68204,2.86752],[101.68249,2.86749],[101.68314,2.8663],[101.68404,2.86534],[101.68481,2.86229],[101.6838,2.85971],[101.68358,2.85663],[101.68297,2.8561],[101.68173,2.85566],[101.67864,2.85086],[101.67829,2.84769],[101.67773,2.84636],[101.6777,2.84293],[101.67924,2.84117],[101.67914,2.83774],[101.67858,2.83613],[101.6771,2.8346],[101.67629,2.83336],[101.67365,2.83358],[101.67311,2.83304],[101.67232,2.83104],[101.67066,2.82834],[101.66848,2.82598],[101.66556,2.82417],[101.66513,2.82353],[101.66516,2.82284],[101.66473,2.82241],[101.66366,2.82227],[101.66171,2.82284],[101.66065,2.82242],[101.6598,2.82173],[101.65801,2.82113],[101.65487,2.82046],[101.6538,2.81994],[101.6513,2.81971],[101.65027,2.81929],[101.64831,2.81797],[101.64743,2.81697],[101.64447,2.81459],[101.64124,2.81248],[101.64021,2.81134],[101.63925,2.80975],[101.63987,2.8066],[101.63962,2.80513],[101.63959,2.80174],[101.6383,2.7993],[101.63627,2.79732],[101.63581,2.7961],[101.63561,2.79387],[101.63445,2.79236],[101.63371,2.79208],[101.63297,2.79221],[101.6312,2.79295],[101.62965,2.79221],[101.62875,2.79204],[101.62321,2.79371],[101.62267,2.7937],[101.62133,2.79271],[101.61987,2.79276],[101.61913,2.79251],[101.61692,2.79112],[101.61539,2.79161],[101.615,2.79153],[101.61448,2.79046],[101.61318,2.78983],[101.61,2.79013],[101.60917,2.79103],[101.60864,2.79126],[101.60749,2.79017],[101.60721,2.79026],[101.60702,2.79077],[101.60736,2.79238],[101.607,2.79346],[101.60558,2.79562],[101.60595,2.79678]]}},{"type":"Feature","properties":{"id":29212106,"m":19080,"name":"Sungai Langat","main":true},"geometry":{"type":"LineString","coordinates":[[101.51935,2.81475],[101.5153,2.8145],[101.51147,2.81263],[101.51049,2.81286],[101.51031,2.8133],[101.51041,2.8139],[101.511,2.81454],[101.51208,2.81505],[101.51552,2.8183],[101.51643,2.81962],[101.51761,2.82322],[101.51819,2.82396],[101.51879,2.82395],[101.51979,2.8233],[101.52244,2.82071],[101.52347,2.82067],[101.52424,2.821],[101.5248,2.82229],[101.5265,2.82838],[101.52775,2.83144],[101.52785,2.83243],[101.52751,2.83298],[101.52657,2.83344],[101.52323,2.8342],[101.52151,2.83446],[101.51683,2.83391],[101.51641,2.83458],[101.51657,2.83575],[101.5176,2.83793],[101.51742,2.839],[101.51475,2.84159],[101.51394,2.84334],[101.5131,2.84611],[101.51202,2.848],[101.51204,2.8489],[101.51277,2.85035],[101.51594,2.85161],[101.5161,2.8524],[101.51563,2.85324],[101.50804,2.85644],[101.50547,2.85725],[101.49962,2.85709],[101.49516,2.85587],[101.49298,2.85564],[101.48763,2.85756],[101.4859,2.85769],[101.48517,2.85746],[101.48266,2.85566],[101.4816,2.85571],[101.48072,2.85654],[101.48067,2.85733],[101.48114,2.85849],[101.48318,2.86106],[101.48328,2.86279],[101.48279,2.86416],[101.48137,2.86543],[101.47911,2.86681],[101.47694,2.86718],[101.47427,2.86678],[101.47349,2.86727],[101.47316,2.86784],[101.47314,2.86882],[101.47401,2.86981],[101.47631,2.87077],[101.47844,2.87124],[101.4793,2.87227],[101.48002,2.87426],[101.48027,2.87913],[101.48067,2.8803],[101.48139,2.88113],[101.48257,2.88162],[101.48597,2.88177],[101.48753,2.88212],[101.48859,2.88244],[101.48966,2.88338],[101.48968,2.88448],[101.48882,2.8853],[101.48353,2.88767],[101.4821,2.88797]]}},{"type":"Feature","properties":{"id":401628992,"m":15517,"name":"Sungai Beranang","main":false},"geometry":{"type":"LineString","coordinates":[[101.89035,2.89473],[101.88962,2.89363],[101.88897,2.89363],[101.88771,2.89295],[101.88711,2.89235],[101.88711,2.89142],[101.88665,2.8913],[101.88637,2.89066],[101.88452,2.88937],[101.88421,2.88941],[101.8838,2.8899],[101.88335,2.88973],[101.88269,2.88992],[101.88219,2.89044],[101.88205,2.89105],[101.88108,2.89068],[101.88086,2.89129],[101.88016,2.89118],[101.87985,2.89139],[101.87899,2.89048],[101.87856,2.89072],[101.8778,2.89018],[101.87751,2.88896],[101.87783,2.88834],[101.87778,2.88789],[101.87712,2.88802],[101.87725,2.88711],[101.8769,2.88753],[101.87659,2.88753],[101.87644,2.88728],[101.87676,2.88707],[101.8767,2.88679],[101.87624,2.88694],[101.87608,2.88669],[101.87563,2.88664],[101.87585,2.88628],[101.87641,2.88637],[101.87654,2.8861],[101.8757,2.88574],[101.87554,2.88515],[101.87513,2.88512],[101.87514,2.8846],[101.87562,2.88449],[101.87546,2.88399],[101.87566,2.88361],[101.87537,2.88309],[101.87558,2.88179],[101.87446,2.88071],[101.87372,2.8807],[101.87313,2.88018],[101.87263,2.88039],[101.87211,2.87898],[101.86974,2.87831],[101.86926,2.87787],[101.86792,2.87758],[101.86695,2.87696],[101.86471,2.8768],[101.86401,2.87713],[101.86285,2.8763],[101.86052,2.87671],[101.85834,2.87623],[101.85773,2.8767],[101.8566,2.87592],[101.85509,2.87588],[101.8533,2.87421],[101.853,2.87363],[101.85089,2.87287],[101.85043,2.87215],[101.85051,2.87171],[101.84912,2.87159],[101.8472,2.87176],[101.84672,2.87244],[101.84516,2.8726],[101.84484,2.87367],[101.84432,2.87438],[101.84328,2.87513],[101.8418,2.87693],[101.84115,2.87689],[101.84069,2.8772],[101.84088,2.87798],[101.8404,2.88148],[101.84005,2.88162],[101.83964,2.88141],[101.83867,2.88188],[101.83772,2.88376],[101.83733,2.88411],[101.83442,2.88535],[101.8332,2.88617],[101.83241,2.88727],[101.83108,2.88813],[101.82961,2.88853],[101.82892,2.88807],[101.82786,2.88779],[101.82646,2.88796],[101.82407,2.88715],[101.82284,2.8861],[101.82169,2.8861],[101.82014,2.8854],[101.81766,2.88476],[101.81679,2.88377],[101.81565,2.88365],[101.8146,2.88457],[101.81244,2.88509],[101.81149,2.88463],[101.81045,2.88504],[101.81011,2.88551],[101.80837,2.88605],[101.80599,2.88626],[101.80541,2.88678],[101.80258,2.88627],[101.80149,2.88659],[101.7999,2.88784],[101.79818,2.88983],[101.79704,2.89074],[101.79665,2.8915],[101.79695,2.89276],[101.79589,2.89317],[101.79444,2.89415],[101.79418,2.89446],[101.7941,2.89543]]}},{"type":"Feature","properties":{"id":581225564,"m":14807,"name":"Sungai Lui","main":false},"geometry":{"type":"LineString","coordinates":[[101.92106,3.14532],[101.92092,3.14434],[101.92063,3.1441],[101.92004,3.14414],[101.91938,3.14461],[101.9185,3.14428],[101.91718,3.14426],[101.917,3.14494],[101.91573,3.14592],[101.9156,3.14669],[101.91577,3.14698],[101.9149,3.14743],[101.91478,3.14804],[101.91347,3.14846],[101.91302,3.14826],[101.91277,3.14852],[101.91268,3.1482],[101.91131,3.14844],[101.91053,3.14799],[101.91013,3.14801],[101.90975,3.14898],[101.90872,3.14922],[101.90826,3.14956],[101.90814,3.15004],[101.90746,3.15041],[101.90596,3.15045],[101.90439,3.15088],[101.90421,3.15102],[101.90432,3.15162],[101.90357,3.15184],[101.90289,3.15247],[101.90184,3.15259],[101.90267,3.15383],[101.90207,3.15538],[101.90169,3.15571],[101.9011,3.15512],[101.90051,3.15505],[101.90023,3.15532],[101.89974,3.15493],[101.89891,3.15548],[101.89831,3.15547],[101.89796,3.15481],[101.89803,3.15414],[101.8977,3.15413],[101.89752,3.15484],[101.89674,3.15513],[101.89567,3.15534],[101.89467,3.15524],[101.89445,3.15509],[101.89454,3.15444],[101.89374,3.15403],[101.89376,3.1538],[101.89416,3.15365],[101.89385,3.15316],[101.89335,3.15347],[101.89266,3.15311],[101.89224,3.15448],[101.89112,3.15444],[101.89108,3.15478],[101.89057,3.15492],[101.89091,3.15535],[101.89058,3.15585],[101.89109,3.15593],[101.89104,3.15626],[101.88968,3.15608],[101.88995,3.15656],[101.88949,3.15703],[101.88975,3.15732],[101.89004,3.15724],[101.89011,3.15751],[101.88964,3.1576],[101.88966,3.15838],[101.88928,3.15916],[101.88824,3.15988],[101.88812,3.16054],[101.88753,3.16153],[101.88757,3.16197],[101.88855,3.16235],[101.88883,3.16414],[101.88837,3.16487],[101.88886,3.16548],[101.88782,3.16596],[101.88725,3.16594],[101.88679,3.16652],[101.88666,3.16734],[101.88627,3.16773],[101.88493,3.16781],[101.8839,3.16822],[101.88318,3.16773],[101.88189,3.16749],[101.88149,3.16689],[101.88103,3.16693],[101.87928,3.16531],[101.87899,3.16529],[101.87843,3.16601],[101.87709,3.1662],[101.87636,3.16716],[101.87562,3.1673],[101.8751,3.1684],[101.87344,3.16855],[101.87308,3.16879],[101.87246,3.16969],[101.87237,3.1704],[101.87151,3.17094],[101.87169,3.17174],[101.87122,3.17289],[101.87067,3.17292],[101.86979,3.17351],[101.8683,3.17362],[101.86665,3.17254],[101.86627,3.17276],[101.86647,3.17323],[101.86547,3.17323],[101.86486,3.1721],[101.86435,3.17264],[101.86367,3.17267],[101.86285,3.17228],[101.86219,3.17139],[101.86107,3.17115],[101.86075,3.17164],[101.85905,3.17218],[101.859,3.17168],[101.85689,3.17028],[101.857,3.16974],[101.85865,3.16818],[101.85926,3.16694],[101.85879,3.16617],[101.85867,3.16519],[101.85723,3.16588],[101.85712,3.16669],[101.8564,3.16661],[101.85541,3.16704],[101.85474,3.1661],[101.85399,3.16614],[101.85322,3.16574],[101.85338,3.16432],[101.85278,3.16338],[101.85209,3.16362],[101.85165,3.16317],[101.85105,3.16365],[101.85081,3.16328],[101.85109,3.16311],[101.85109,3.16259],[101.85023,3.16296],[101.84989,3.16235],[101.8491,3.16284],[101.8485,3.16256]]}},{"type":"Feature","properties":{"id":290505792,"m":14596,"name":"Sungai Lenggeng","main":false},"geometry":{"type":"LineString","coordinates":[[101.96028,2.84338],[101.96083,2.84389],[101.96108,2.84519],[101.96148,2.84551],[101.96303,2.84842],[101.96265,2.84907],[101.96259,2.85079],[101.96175,2.85125],[101.96145,2.85202],[101.9606,2.85264],[101.96032,2.85366],[101.95858,2.8558],[101.95834,2.85627],[101.95834,2.85774],[101.95708,2.85949],[101.95705,2.86014],[101.95671,2.86073],[101.95485,2.86175],[101.95413,2.86181],[101.95382,2.8612],[101.95332,2.86128],[101.95245,2.86032],[101.95032,2.86013],[101.95023,2.85965],[101.94916,2.85883],[101.94897,2.85817],[101.94816,2.85764],[101.94679,2.85798],[101.94622,2.85781],[101.9463,2.85838],[101.94576,2.85824],[101.94476,2.8588],[101.94454,2.85868],[101.94447,2.858],[101.94396,2.85851],[101.94359,2.85803],[101.9424,2.85753],[101.94208,2.85771],[101.94167,2.85856],[101.93997,2.85831],[101.93909,2.85884],[101.93874,2.85857],[101.9379,2.85854],[101.93782,2.85806],[101.93738,2.85774],[101.93582,2.85803],[101.9354,2.85752],[101.93492,2.85757],[101.93448,2.85724],[101.93357,2.85706],[101.93357,2.85639],[101.9333,2.85618],[101.93301,2.85642],[101.93067,2.85619],[101.92976,2.8559],[101.92848,2.85508],[101.92773,2.85528],[101.92717,2.85508],[101.92736,2.8555],[101.92716,2.85564],[101.92637,2.85556],[101.92621,2.85533],[101.92594,2.85545],[101.9253,2.85479],[101.92529,2.85425],[101.92467,2.85418],[101.92428,2.85479],[101.9236,2.85461],[101.92325,2.85535],[101.92256,2.85567],[101.92256,2.85632],[101.92214,2.85668],[101.91965,2.85691],[101.91866,2.85731],[101.91778,2.85724],[101.91723,2.8575],[101.91463,2.85766],[101.9136,2.85892],[101.91368,2.85914],[101.91406,2.85912],[101.91421,2.86018],[101.91272,2.86027],[101.91245,2.86082],[101.91134,2.86071],[101.91063,2.86143],[101.91011,2.86137],[101.9096,2.86222],[101.90719,2.86389],[101.90647,2.86392],[101.90585,2.86449],[101.90542,2.86441],[101.90495,2.86479],[101.90192,2.86583],[101.90111,2.8664],[101.89932,2.86631],[101.89891,2.86566],[101.89825,2.86528],[101.89713,2.8649],[101.89659,2.86503],[101.89638,2.86449],[101.89595,2.86466],[101.8948,2.86456],[101.89287,2.86514],[101.88973,2.86565],[101.88807,2.8666],[101.88578,2.86591],[101.88346,2.86713],[101.88309,2.86694],[101.88218,2.86716],[101.88142,2.86779],[101.87825,2.86919],[101.87473,2.86989],[101.87337,2.87058],[101.87241,2.87013],[101.87213,2.87049],[101.87181,2.87211],[101.87134,2.87268]]}},{"type":"Feature","properties":{"id":865124396,"m":14488,"name":"Sungai Labu","main":false},"geometry":{"type":"LineString","coordinates":[[101.76163,2.79319],[101.76062,2.79259],[101.76018,2.79205],[101.75894,2.79199],[101.75839,2.79122],[101.75538,2.79062],[101.75476,2.79016],[101.75429,2.78884],[101.75352,2.78856],[101.75234,2.78744],[101.75059,2.78696],[101.74366,2.78675],[101.73967,2.78972],[101.73639,2.78915],[101.73488,2.78971],[101.73428,2.78971],[101.73114,2.78899],[101.72869,2.78752],[101.72582,2.7831],[101.71891,2.77882],[101.71461,2.77682],[101.7115,2.77676],[101.70816,2.77713],[101.70669,2.77754],[101.70503,2.77859],[101.70107,2.78818],[101.7003,2.78931],[101.69985,2.78974],[101.69778,2.79019],[101.69711,2.79098],[101.69604,2.79323],[101.69553,2.79538],[101.69159,2.80474],[101.68725,2.81053],[101.6848,2.81315],[101.68352,2.81389],[101.68167,2.81557],[101.67705,2.81878],[101.67408,2.82207],[101.67298,2.82293],[101.67032,2.82359],[101.66819,2.82366],[101.66637,2.82347],[101.66516,2.82284]]}},{"type":"Feature","properties":{"id":492599197,"m":12076,"name":"Sungai Batang Labu","main":false},"geometry":{"type":"LineString","coordinates":[[101.8521,2.74671],[101.85195,2.74609],[101.8507,2.74533],[101.85073,2.74484],[101.85003,2.74457],[101.84758,2.74502],[101.84657,2.74618],[101.84589,2.74591],[101.84493,2.74594],[101.84099,2.74742],[101.83879,2.74727],[101.83787,2.74778],[101.837,2.74776],[101.83676,2.74872],[101.83592,2.74972],[101.83596,2.75013],[101.83438,2.75098],[101.83228,2.75048],[101.83154,2.75115],[101.82997,2.75036],[101.82938,2.75041],[101.82867,2.75086],[101.82826,2.75067],[101.82738,2.75133],[101.82629,2.75117],[101.82582,2.75084],[101.82465,2.75086],[101.82419,2.75144],[101.82235,2.75239],[101.82224,2.75305],[101.82186,2.75341],[101.82089,2.75542],[101.81899,2.75466],[101.81909,2.75514],[101.81882,2.7555],[101.81763,2.75597],[101.81742,2.75635],[101.81405,2.75753],[101.81174,2.75903],[101.81115,2.75983],[101.81091,2.75993],[101.81062,2.75968],[101.80998,2.75986],[101.80888,2.76071],[101.80841,2.76046],[101.80737,2.76062],[101.80506,2.76188],[101.80459,2.7629],[101.80405,2.76324],[101.80433,2.76452],[101.80416,2.7662],[101.80368,2.76756],[101.80329,2.76765],[101.80272,2.76896],[101.80317,2.76955],[101.80317,2.76996],[101.80225,2.77128],[101.80233,2.77201],[101.80167,2.77309],[101.80054,2.77434],[101.79986,2.77467],[101.79958,2.77561],[101.79971,2.77653],[101.79891,2.77988],[101.79906,2.78055],[101.79842,2.78124],[101.79806,2.78227],[101.79703,2.78322],[101.79585,2.78634],[101.79427,2.78732],[101.79373,2.78894],[101.79382,2.79001],[101.79349,2.79184],[101.79215,2.79337],[101.79134,2.7938],[101.79111,2.79476],[101.79004,2.79573],[101.78722,2.79585],[101.78465,2.79643],[101.78334,2.79608],[101.78213,2.79726]]}},{"type":"Feature","properties":{"id":1380682541,"m":11849,"name":"Sungai Beranang","main":false},"geometry":{"type":"LineString","coordinates":[[101.9578,2.89998],[101.95786,2.90017],[101.95859,2.90026],[101.95876,2.90061],[101.95993,2.90069],[101.95985,2.90091],[101.96059,2.90193],[101.96025,2.90324],[101.95935,2.90382],[101.95889,2.90541],[101.95843,2.90543],[101.9584,2.90523],[101.95711,2.90572],[101.95725,2.90619],[101.95668,2.90621],[101.95573,2.90568],[101.9548,2.9057],[101.95442,2.90602],[101.95412,2.90579],[101.95318,2.90594],[101.95271,2.90499],[101.95238,2.90503],[101.95207,2.90426],[101.95136,2.90416],[101.95064,2.9036],[101.95005,2.90247],[101.94985,2.90249],[101.9499,2.90199],[101.94946,2.9012],[101.94821,2.9008],[101.94781,2.9009],[101.94765,2.90057],[101.9464,2.90047],[101.94577,2.90058],[101.94533,2.9014],[101.94494,2.90107],[101.9445,2.90149],[101.9443,2.90113],[101.944,2.9014],[101.94356,2.901],[101.94301,2.90103],[101.94202,2.90014],[101.94147,2.90025],[101.94145,2.89984],[101.94062,2.89958],[101.94077,2.89891],[101.93948,2.89808],[101.93849,2.89832],[101.93841,2.89773],[101.93803,2.89783],[101.93797,2.89808],[101.93719,2.89796],[101.93713,2.89827],[101.93672,2.89839],[101.93592,2.8979],[101.93537,2.89845],[101.93393,2.8981],[101.93368,2.89859],[101.93271,2.8989],[101.93331,2.89887],[101.93345,2.8991],[101.93269,2.8992],[101.9326,2.89957],[101.93207,2.8997],[101.93205,2.89995],[101.93182,2.89987],[101.93045,2.90056],[101.92953,2.90046],[101.92801,2.90084],[101.92731,2.90055],[101.92733,2.89981],[101.92666,2.89903],[101.92535,2.89909],[101.92479,2.8994],[101.92345,2.89928],[101.92279,2.89858],[101.92108,2.89767],[101.92116,2.89679],[101.92075,2.89655],[101.91937,2.89435],[101.91979,2.89403],[101.91971,2.89381],[101.91838,2.89327],[101.91698,2.8936],[101.91604,2.89227],[101.91537,2.89205],[101.91544,2.89156],[101.91455,2.89157],[101.91439,2.89115],[101.91371,2.8911],[101.91338,2.8916],[101.91277,2.89125],[101.91202,2.89144],[101.91151,2.89107],[101.911,2.89115],[101.91046,2.89052],[101.90969,2.89041],[101.90902,2.89082],[101.90869,2.89062],[101.90796,2.89095],[101.90773,2.89169],[101.90709,2.89133],[101.90664,2.89154],[101.90642,2.8913],[101.90589,2.8914],[101.90562,2.89117],[101.90345,2.89153],[101.90305,2.89207],[101.90328,2.89231],[101.9026,2.89262],[101.90245,2.89293],[101.90203,2.89272],[101.90107,2.89303],[101.89972,2.89304],[101.89932,2.89334],[101.89892,2.89315],[101.89704,2.89328],[101.89683,2.8934],[101.89683,2.89404],[101.89642,2.89431],[101.89524,2.89411],[101.89035,2.89473]]}},{"type":"Feature","properties":{"id":643966604,"m":10811,"name":"Sungai Langat","main":true},"geometry":{"type":"LineString","coordinates":[[101.44217,2.86694],[101.43819,2.86633],[101.43492,2.86521],[101.43188,2.86502],[101.42854,2.86559],[101.42591,2.86543],[101.42347,2.86383],[101.42248,2.86213],[101.42204,2.85955],[101.42215,2.85733],[101.42277,2.85537],[101.42351,2.85046],[101.42296,2.84834],[101.42149,2.84712],[101.41956,2.8468],[101.41655,2.84712],[101.41466,2.847],[101.4136,2.84568],[101.41347,2.84026],[101.41124,2.83709],[101.4106,2.83481],[101.4108,2.83279],[101.41121,2.83168],[101.41202,2.83014],[101.41382,2.82766],[101.41435,2.82649],[101.41469,2.82421],[101.41347,2.81656],[101.41315,2.80919],[101.41267,2.80659],[101.41192,2.80451],[101.41113,2.80374],[101.40962,2.80293],[101.40468,2.80171]]}},{"type":"Feature","properties":{"id":793032591,"m":10796,"name":"Sungai Pajam","main":false},"geometry":{"type":"LineString","coordinates":[[101.88092,2.82361],[101.8802,2.82414],[101.87918,2.82425],[101.87674,2.82604],[101.87458,2.82663],[101.87296,2.82767],[101.8705,2.82804],[101.86939,2.82777],[101.8677,2.82823],[101.86686,2.82805],[101.86472,2.82819],[101.86145,2.82922],[101.86082,2.82934],[101.86003,2.82911],[101.85889,2.82942],[101.85898,2.83003],[101.85828,2.83041],[101.8575,2.83213],[101.85689,2.83268],[101.85662,2.83372],[101.85696,2.83529],[101.85609,2.83664],[101.85551,2.83816],[101.85483,2.83862],[101.85422,2.83872],[101.85334,2.8395],[101.85274,2.83978],[101.85214,2.83975],[101.85185,2.84011],[101.85121,2.84022],[101.8507,2.83982],[101.8499,2.84],[101.84936,2.83973],[101.84759,2.84049],[101.84726,2.84106],[101.84647,2.84131],[101.84468,2.84443],[101.84472,2.84538],[101.84432,2.84737],[101.84383,2.8484],[101.84369,2.85233],[101.84254,2.85436],[101.84203,2.85579],[101.84207,2.85609],[101.8427,2.85644],[101.84265,2.85758],[101.84312,2.8576],[101.84353,2.85834],[101.84316,2.86034],[101.84284,2.86062],[101.84264,2.86166],[101.84208,2.86231],[101.842,2.86395],[101.84164,2.86408],[101.84163,2.8646],[101.8402,2.86548],[101.83733,2.86682],[101.83729,2.8673],[101.83693,2.86774],[101.83631,2.86759],[101.83594,2.86783],[101.83579,2.86802],[101.83599,2.86829],[101.83658,2.86824],[101.83679,2.86857],[101.83551,2.86953],[101.83545,2.87045],[101.83599,2.87077],[101.83641,2.87145],[101.83568,2.8716],[101.83546,2.87194],[101.83648,2.87246],[101.83619,2.87276],[101.83557,2.87282],[101.83684,2.87464],[101.83673,2.87524],[101.83782,2.87652],[101.83917,2.8761],[101.84009,2.87746],[101.84076,2.87768]]}},{"type":"Feature","properties":{"id":703815405,"m":10029},"geometry":{"type":"LineString","coordinates":[[101.58189,2.8857],[101.57878,2.88294],[101.56734,2.88294],[101.56642,2.88433],[101.56557,2.88483],[101.56472,2.88507],[101.56282,2.88463],[101.56185,2.8855],[101.56088,2.8852],[101.56004,2.88537],[101.55791,2.88399],[101.55551,2.88332],[101.55445,2.88247],[101.55315,2.88236],[101.55211,2.88197],[101.55184,2.88118],[101.55199,2.87841],[101.55179,2.87717],[101.55065,2.87609],[101.54905,2.87539],[101.54599,2.87552],[101.54501,2.87504],[101.54401,2.87393],[101.54388,2.87281],[101.54304,2.87044],[101.54186,2.86906],[101.54055,2.86813],[101.53555,2.86552],[101.53289,2.86282],[101.53145,2.85969],[101.5314,2.85823],[101.53057,2.85712],[101.52931,2.85683],[101.52793,2.85684],[101.52619,2.85522],[101.52403,2.85384],[101.52079,2.84971],[101.51624,2.8496],[101.51486,2.8503],[101.51447,2.85106]]}},{"type":"Feature","properties":{"id":703367584,"m":9900,"name":"Sungai Jenderam","main":false},"geometry":{"type":"LineString","coordinates":[[101.75964,2.84641],[101.75533,2.84621],[101.75486,2.84636],[101.75491,2.8467],[101.754,2.8475],[101.75324,2.84714],[101.75233,2.84754],[101.75198,2.84798],[101.75116,2.84836],[101.7509,2.84927],[101.74988,2.84932],[101.75004,2.84956],[101.74988,2.84984],[101.74961,2.84968],[101.74925,2.85026],[101.74947,2.85137],[101.74849,2.85149],[101.74821,2.85174],[101.74796,2.85226],[101.74817,2.85279],[101.74773,2.85275],[101.74726,2.85316],[101.74681,2.85318],[101.74627,2.85408],[101.74647,2.85443],[101.74594,2.85437],[101.74565,2.85502],[101.74508,2.85457],[101.74487,2.85474],[101.74505,2.85495],[101.74435,2.85525],[101.74298,2.85491],[101.74239,2.85451],[101.74182,2.85306],[101.74131,2.85281],[101.74072,2.85294],[101.74013,2.8535],[101.73953,2.85506],[101.73759,2.8575],[101.73366,2.8638],[101.73189,2.8645],[101.73101,2.86626],[101.73014,2.86698],[101.72946,2.86662],[101.72891,2.86662],[101.72468,2.86853],[101.72144,2.87236],[101.7182,2.87382],[101.71662,2.87337],[101.7158,2.87394],[101.71388,2.87571],[101.71284,2.87719],[101.71237,2.87824],[101.71233,2.87914],[101.7115,2.88105],[101.7073,2.88407],[101.70133,2.8903],[101.70092,2.89173]]}},{"type":"Feature","properties":{"id":492407142,"m":9784,"name":"Sungai Jijan","main":false},"geometry":{"type":"LineString","coordinates":[[101.81209,2.73579],[101.81063,2.73657],[101.80685,2.73987],[101.80379,2.74295],[101.8028,2.74471],[101.80206,2.74725],[101.80005,2.74887],[101.79289,2.74624],[101.79081,2.74574],[101.78755,2.74754],[101.7871,2.74872],[101.78617,2.74934],[101.78544,2.74962],[101.78509,2.74947],[101.78323,2.75019],[101.78277,2.75014],[101.78222,2.75154],[101.78082,2.75304],[101.7807,2.75429],[101.77968,2.75566],[101.78033,2.75674],[101.78028,2.75909],[101.77913,2.76068],[101.77823,2.76105],[101.77742,2.76261],[101.77703,2.76404],[101.77524,2.76556],[101.77496,2.76615],[101.77405,2.7669],[101.77347,2.76799],[101.77243,2.76827],[101.77182,2.76802],[101.77033,2.76794],[101.76945,2.76824],[101.76868,2.76912],[101.76565,2.77072],[101.76448,2.77167],[101.7635,2.77192],[101.76075,2.77455],[101.7573,2.77594],[101.75516,2.77745],[101.75346,2.77783],[101.75155,2.77759],[101.74961,2.77802]]}},{"type":"Feature","properties":{"id":23127465,"m":9637,"name":"Sungai Langat","main":true},"geometry":{"type":"LineString","coordinates":[[101.78499,2.99382],[101.78655,2.99113],[101.78699,2.99073],[101.78735,2.98896],[101.7861,2.98688],[101.78663,2.98462],[101.78663,2.98263],[101.78638,2.98147],[101.78496,2.97961],[101.78444,2.97685],[101.78538,2.97469],[101.78534,2.97137],[101.78701,2.97085],[101.78735,2.97021],[101.78767,2.96839],[101.78678,2.96638],[101.78549,2.96578],[101.78364,2.96397],[101.78322,2.96244],[101.78369,2.96036],[101.78356,2.95597],[101.78369,2.95559],[101.78481,2.95455],[101.78552,2.95183],[101.78409,2.94936],[101.78383,2.94825],[101.78409,2.9405],[101.78445,2.9393],[101.78441,2.93848],[101.78118,2.93609],[101.77986,2.93425],[101.77921,2.93371],[101.77154,2.92887],[101.7682,2.92658],[101.76642,2.92495],[101.76452,2.92451]]}},{"type":"Feature","properties":{"id":487019180,"m":8865,"name":"Sungai Semungkis","main":false},"geometry":{"type":"LineString","coordinates":[[101.82254,3.18803],[101.8235,3.18708],[101.82392,3.18566],[101.82444,3.18496],[101.82455,3.18314],[101.82415,3.1815],[101.82467,3.17841],[101.82588,3.17596],[101.82605,3.17377],[101.82685,3.17304],[101.82678,3.17165],[101.8262,3.17016],[101.82695,3.16736],[101.82665,3.16506],[101.82703,3.16341],[101.82668,3.16241],[101.82707,3.16172],[101.82724,3.16041],[101.82658,3.15733],[101.82679,3.15644],[101.82637,3.15454],[101.82658,3.154],[101.82663,3.15091],[101.82641,3.15017],[101.82703,3.14808],[101.82687,3.14684],[101.8262,3.14629],[101.82593,3.14457],[101.82557,3.14383],[101.82574,3.14269],[101.82549,3.14162],[101.82589,3.14073],[101.82558,3.14038],[101.82566,3.13963],[101.8242,3.13912],[101.82298,3.13658],[101.8231,3.13623],[101.82357,3.13618],[101.82396,3.13556],[101.82386,3.13425],[101.82419,3.13396],[101.82317,3.13215],[101.82381,3.13057],[101.8238,3.1274],[101.82349,3.1266],[101.82424,3.1264],[101.82404,3.12521],[101.82455,3.1246],[101.82457,3.12368],[101.82426,3.1232],[101.82382,3.12302],[101.82391,3.12265],[101.82344,3.12258],[101.82346,3.12088],[101.82247,3.12064],[101.82226,3.12035],[101.82275,3.11946],[101.82274,3.11885],[101.8232,3.11872],[101.82279,3.11855]]}},{"type":"Feature","properties":{"id":199634513,"m":8203,"name":"Sungai Sekamat","main":false},"geometry":{"type":"LineString","coordinates":[[101.82836,3.0542],[101.82728,3.0523],[101.82634,3.05196],[101.82496,3.05082],[101.82431,3.05055],[101.82368,3.05062],[101.82304,3.04885],[101.82189,3.04773],[101.81958,3.0459],[101.81896,3.04577],[101.81682,3.04439],[101.81653,3.04394],[101.81651,3.04281],[101.81628,3.04236],[101.81495,3.04171],[101.8131,3.03998],[101.81212,3.03992],[101.81139,3.03944],[101.81023,3.03556],[101.80882,3.03319],[101.80736,3.03246],[101.80655,3.03106],[101.80598,3.03054],[101.80542,3.02925],[101.80454,3.02875],[101.80451,3.02831],[101.80371,3.02832],[101.80355,3.02775],[101.80318,3.02806],[101.8032,3.02775],[101.80271,3.02769],[101.80278,3.02729],[101.80235,3.02735],[101.80219,3.02675],[101.80161,3.0266],[101.80119,3.0269],[101.80073,3.02683],[101.80033,3.02622],[101.79937,3.02647],[101.79731,3.02633],[101.79644,3.02539],[101.79602,3.02555],[101.79521,3.02515],[101.79451,3.0243],[101.79412,3.02446],[101.79405,3.02495],[101.79317,3.02484],[101.79192,3.0243],[101.79135,3.02373],[101.79059,3.02361],[101.78936,3.0229],[101.78749,3.02225],[101.78636,3.02218],[101.78583,3.02159],[101.78369,3.02219],[101.78353,3.02252],[101.78163,3.02221],[101.78042,3.02257],[101.77873,3.02185],[101.7779,3.02106],[101.77599,3.02058]]}},{"type":"Feature","properties":{"id":643966606,"m":8020,"name":"Sungai Langat","main":true},"geometry":{"type":"LineString","coordinates":[[101.4821,2.88797],[101.48078,2.88755],[101.47976,2.88686],[101.47746,2.88344],[101.47529,2.87874],[101.47462,2.87803],[101.47384,2.87786],[101.47325,2.87796],[101.47278,2.87834],[101.47222,2.87946],[101.47239,2.88131],[101.47385,2.88409],[101.47465,2.88616],[101.47488,2.88752],[101.47485,2.88879],[101.47458,2.88948],[101.47416,2.89008],[101.47332,2.89056],[101.472,2.89047],[101.47068,2.8899],[101.46885,2.88835],[101.46653,2.88692],[101.45754,2.88293],[101.4524,2.88162],[101.45065,2.87983],[101.45023,2.87882],[101.45017,2.87745],[101.45106,2.87491],[101.4509,2.87355],[101.4469,2.86862],[101.44462,2.86719],[101.44217,2.86694]]}},{"type":"Feature","properties":{"id":800240267,"m":8020,"name":"Sungai Rinching","main":false},"geometry":{"type":"LineString","coordinates":[[101.88899,2.93421],[101.88904,2.93387],[101.88875,2.93351],[101.88821,2.93358],[101.88796,2.93309],[101.88748,2.93298],[101.88663,2.9322],[101.88629,2.93222],[101.88596,2.9317],[101.88401,2.93144],[101.88266,2.93083],[101.88123,2.92972],[101.88048,2.92944],[101.87999,2.92958],[101.87927,2.92911],[101.87806,2.92921],[101.87747,2.92866],[101.8767,2.92873],[101.87607,2.92805],[101.87442,2.92771],[101.87405,2.92718],[101.87356,2.92724],[101.87334,2.92682],[101.87063,2.92477],[101.86976,2.92384],[101.86847,2.92147],[101.86862,2.92023],[101.86718,2.91879],[101.86546,2.91843],[101.86405,2.91889],[101.86146,2.91804],[101.85748,2.91758],[101.85246,2.91824],[101.84989,2.91812],[101.84874,2.91856],[101.84761,2.91866],[101.84698,2.91835],[101.84569,2.9183],[101.8443,2.91731],[101.84311,2.91768],[101.84153,2.91735],[101.83915,2.91838],[101.8388,2.9184],[101.83827,2.91802],[101.83649,2.91847],[101.83596,2.91823],[101.83523,2.91697],[101.83466,2.91647],[101.83423,2.91488],[101.83348,2.9143],[101.83295,2.91314],[101.83231,2.91345],[101.83073,2.91347]]}},{"type":"Feature","properties":{"id":1120005969,"m":7389,"name":"Sungai Batangsi","main":false},"geometry":{"type":"LineString","coordinates":[[101.91042,3.03361],[101.90942,3.03237],[101.90834,3.03161],[101.90638,3.03083],[101.90601,3.03086],[101.90592,3.03146],[101.90528,3.03093],[101.90467,3.02995],[101.90353,3.03037],[101.90325,3.03009],[101.90307,3.02916],[101.90219,3.02931],[101.90019,3.02845],[101.89892,3.02668],[101.89745,3.02643],[101.8971,3.02588],[101.89654,3.02569],[101.89615,3.02573],[101.8962,3.02603],[101.89553,3.02647],[101.89485,3.02651],[101.89451,3.0258],[101.89493,3.02499],[101.89478,3.02409],[101.89422,3.02278],[101.89355,3.02222],[101.89355,3.02184],[101.89327,3.0216],[101.89238,3.0225],[101.89189,3.02194],[101.89146,3.02183],[101.89099,3.02228],[101.88975,3.02281],[101.88941,3.02276],[101.88824,3.02162],[101.88777,3.02192],[101.88792,3.0226],[101.88756,3.02374],[101.88708,3.02363],[101.8852,3.02404],[101.88471,3.0248],[101.884,3.02449],[101.88311,3.02472],[101.88278,3.02388],[101.88282,3.02312],[101.88084,3.02199],[101.87947,3.02009],[101.87879,3.01993],[101.87757,3.02042],[101.87688,3.01804],[101.87635,3.01693],[101.87594,3.01659],[101.87433,3.01716],[101.87289,3.01955],[101.87163,3.01893],[101.87047,3.01871],[101.87044,3.01793],[101.86999,3.01776],[101.86955,3.0172],[101.86874,3.01688],[101.86718,3.01674]]}},{"type":"Feature","properties":{"id":1288197052,"m":6924,"name":"Sungai Batangsi","main":false},"geometry":{"type":"LineString","coordinates":[[101.94452,3.03198],[101.94191,3.03081],[101.94096,3.03151],[101.93977,3.03101],[101.93942,3.03108],[101.93869,3.03205],[101.93783,3.03227],[101.93725,3.0327],[101.9361,3.03427],[101.93538,3.03462],[101.93466,3.03566],[101.93462,3.03727],[101.9336,3.03815],[101.93299,3.03931],[101.93175,3.04034],[101.93153,3.04115],[101.93172,3.04177],[101.93255,3.04244],[101.93336,3.04387],[101.9331,3.04561],[101.93163,3.04634],[101.9307,3.04641],[101.92961,3.04715],[101.92611,3.04775],[101.92482,3.04877],[101.92444,3.04994],[101.92331,3.05046],[101.92211,3.05195],[101.92165,3.05186],[101.92112,3.05081],[101.92102,3.04907],[101.9204,3.04822],[101.91937,3.04756],[101.91692,3.04711],[101.91658,3.04669],[101.91609,3.04501],[101.91523,3.04373],[101.91351,3.04221],[101.91398,3.04105],[101.91336,3.03876],[101.91231,3.03766],[101.91042,3.03361]]}},{"type":"Feature","properties":{"id":1380362819,"m":6633,"name":"Sungai Setul","main":false},"geometry":{"type":"LineString","coordinates":[[101.92123,2.79638],[101.92146,2.7969],[101.92206,2.7972],[101.92207,2.79995],[101.9231,2.80046],[101.92309,2.80081],[101.92254,2.80332],[101.92214,2.80412],[101.92172,2.80488],[101.92071,2.80575],[101.91971,2.80742],[101.91856,2.80779],[101.91664,2.80736],[101.91464,2.80801],[101.91251,2.80777],[101.91199,2.80834],[101.91198,2.80957],[101.91132,2.80996],[101.91019,2.81156],[101.90921,2.81239],[101.90706,2.81329],[101.90624,2.8134],[101.90622,2.81408],[101.90567,2.81462],[101.90296,2.81595],[101.89804,2.81718],[101.89457,2.82011],[101.8935,2.82052],[101.89238,2.82171],[101.89015,2.82202],[101.8885,2.8232],[101.88723,2.8236],[101.88646,2.82415],[101.88494,2.82428],[101.88428,2.82382],[101.88166,2.82398],[101.88092,2.82361]]}},{"type":"Feature","properties":{"id":772258742,"m":6369,"name":"Sungai Parit Tampoi","main":false},"geometry":{"type":"LineString","coordinates":[[101.6529,2.89434],[101.65449,2.89261],[101.65494,2.88865],[101.6566,2.88737],[101.6577,2.88729],[101.65852,2.88666],[101.66251,2.88081],[101.66252,2.87879],[101.66309,2.87777],[101.66424,2.87641],[101.6655,2.87587],[101.666,2.87537],[101.66633,2.87405],[101.66847,2.87096],[101.66849,2.8694],[101.66907,2.86788],[101.66891,2.86737],[101.66827,2.86674],[101.66826,2.86618],[101.66959,2.86423],[101.67324,2.86083],[101.67368,2.86014],[101.67301,2.85866],[101.67246,2.85535],[101.67308,2.85334],[101.6741,2.85202],[101.67644,2.85056],[101.67843,2.8497]]}},{"type":"Feature","properties":{"id":1125387803,"m":6011,"name":"Sungai Long","main":false},"geometry":{"type":"LineString","coordinates":[[101.80875,3.05528],[101.80325,3.05435],[101.80284,3.05366],[101.80211,3.0508],[101.79295,3.04321],[101.79247,3.04286],[101.79122,3.0426],[101.78859,3.0407],[101.78834,3.04018],[101.78787,3.03987],[101.78705,3.03839],[101.78332,3.03407],[101.77925,3.02707],[101.77919,3.0265],[101.77729,3.0247],[101.77402,3.02325],[101.77272,3.02301],[101.77008,3.02175]]}},{"type":"Feature","properties":{"id":1287084234,"m":5909,"name":"Sungai Congkak","main":false},"geometry":{"type":"LineString","coordinates":[[101.84586,3.25418],[101.84329,3.25317],[101.84293,3.25264],[101.84166,3.24869],[101.84017,3.24537],[101.84032,3.24445],[101.83962,3.24135],[101.83846,3.23786],[101.83868,3.23655],[101.83987,3.23449],[101.83962,3.23334],[101.83869,3.23118],[101.83854,3.22929],[101.83926,3.22642],[101.83917,3.22348],[101.83944,3.2219],[101.83973,3.22152],[101.83965,3.21879],[101.84018,3.21706],[101.84062,3.21365],[101.84092,3.21299],[101.84251,3.21177],[101.84375,3.2081],[101.84521,3.20668]]}},{"type":"Feature","properties":{"id":1115397634,"m":5887,"name":"Sungai Lepo","main":false},"geometry":{"type":"LineString","coordinates":[[101.86966,3.25593],[101.86799,3.25331],[101.86768,3.25108],[101.86714,3.25048],[101.86642,3.25013],[101.86577,3.25011],[101.86531,3.24953],[101.86475,3.24767],[101.86391,3.24636],[101.86359,3.24504],[101.8631,3.2442],[101.86306,3.24364],[101.86354,3.24247],[101.86341,3.24179],[101.86375,3.24097],[101.86341,3.23901],[101.86246,3.23742],[101.86194,3.23584],[101.86203,3.23446],[101.86147,3.23361],[101.86165,3.23319],[101.86126,3.23271],[101.86065,3.23005],[101.86083,3.22893],[101.86177,3.22754],[101.86247,3.22734],[101.86351,3.2259],[101.86336,3.22453],[101.86405,3.22392],[101.86424,3.22212],[101.86412,3.22044],[101.86452,3.21914],[101.8653,3.21867],[101.86563,3.21792],[101.8654,3.21678],[101.86561,3.21585],[101.86617,3.21532],[101.86645,3.21421],[101.86721,3.21371],[101.86745,3.21301],[101.86826,3.21199],[101.86824,3.21158],[101.8672,3.21066]]}},{"type":"Feature","properties":{"id":1287944474,"m":5667,"name":"Sungai Semenyih","main":false},"geometry":{"type":"LineString","coordinates":[[101.92412,3.09335],[101.92385,3.0943],[101.92322,3.09433],[101.92176,3.09534],[101.92125,3.09537],[101.92032,3.09591],[101.9198,3.09566],[101.91924,3.09582],[101.91801,3.09656],[101.91624,3.0966],[101.91195,3.09418],[101.90238,3.09636],[101.88436,3.07659]]}},{"type":"Feature","properties":{"id":305711024,"m":5443,"name":"Sungai Langat","main":true},"geometry":{"type":"LineString","coordinates":[[101.74231,2.90358],[101.74176,2.9027],[101.73963,2.9016],[101.73844,2.89964],[101.7363,2.8982],[101.73486,2.8963],[101.73372,2.89549],[101.72936,2.8956],[101.72785,2.89694],[101.72644,2.8968],[101.72553,2.89635],[101.72361,2.89643],[101.72177,2.89594],[101.71965,2.89678],[101.71707,2.896],[101.71481,2.89405],[101.71267,2.89258],[101.71009,2.89148],[101.70569,2.89041],[101.70437,2.89023],[101.70381,2.89038],[101.70205,2.89139],[101.70008,2.89216]]}},{"type":"Feature","properties":{"id":491722215,"m":4932,"name":"Sungai Langat","main":true},"geometry":{"type":"LineString","coordinates":[[101.88235,3.21202],[101.87968,3.21059],[101.87768,3.21037],[101.87551,3.20925],[101.87466,3.20957],[101.87323,3.20959],[101.87302,3.21004],[101.8724,3.21041],[101.87072,3.21085],[101.86896,3.21072],[101.8655,3.20869],[101.86455,3.20846],[101.86302,3.20893],[101.8621,3.20806],[101.85976,3.20796],[101.85956,3.20756],[101.85974,3.20666],[101.85883,3.20338],[101.85739,3.19954],[101.85731,3.19701],[101.85787,3.19327],[101.85735,3.19092],[101.85608,3.19022]]}},{"type":"Feature","properties":{"id":401633708,"m":4916,"name":"Sungai Tarun","main":false},"geometry":{"type":"LineString","coordinates":[[101.90955,2.92711],[101.90948,2.92611],[101.9098,2.92572],[101.9097,2.92453],[101.90957,2.92394],[101.90923,2.9238],[101.90889,2.92184],[101.90828,2.9205],[101.90763,2.91981],[101.90417,2.91814],[101.90403,2.91738],[101.90336,2.91672],[101.90382,2.91616],[101.90342,2.91497],[101.90365,2.91399],[101.90319,2.91122],[101.9029,2.91099],[101.90287,2.91041],[101.90237,2.90961],[101.90176,2.90983],[101.90138,2.90948],[101.90076,2.90741],[101.90046,2.90714],[101.89977,2.90537],[101.89893,2.90105],[101.8965,2.89951],[101.89473,2.89912],[101.89389,2.89831],[101.89326,2.89839],[101.89213,2.89796],[101.89113,2.89627],[101.89072,2.89508],[101.89035,2.89473]]}},{"type":"Feature","properties":{"id":143197600,"m":4913,"name":"Sungai Langat","main":true},"geometry":{"type":"LineString","coordinates":[[101.54719,2.81891],[101.54676,2.82027],[101.5485,2.82255],[101.54891,2.82467],[101.54991,2.82663],[101.55232,2.82983],[101.55236,2.83051],[101.55209,2.83078],[101.55119,2.83074],[101.54872,2.82886],[101.54727,2.82809],[101.54572,2.82762],[101.545,2.82713],[101.54257,2.82448],[101.54148,2.82381],[101.53972,2.82292],[101.5349,2.82139],[101.53424,2.82089],[101.53408,2.8201],[101.53427,2.81913],[101.53525,2.81723],[101.53766,2.8137],[101.53803,2.81301],[101.53794,2.81255]]}},{"type":"Feature","properties":{"id":1080255452,"m":4898},"geometry":{"type":"LineString","coordinates":[[101.78943,2.86488],[101.78907,2.8654],[101.78917,2.86606],[101.78881,2.8667],[101.78675,2.86909],[101.78478,2.87008],[101.78479,2.87044],[101.78528,2.87097],[101.78519,2.87191],[101.78474,2.87231],[101.78393,2.87221],[101.78362,2.87238],[101.7832,2.87317],[101.78343,2.87393],[101.78285,2.87504],[101.78245,2.87544],[101.78183,2.87546],[101.78158,2.87572],[101.78141,2.87779],[101.78062,2.87774],[101.7789,2.87832],[101.77656,2.87989],[101.77466,2.88073],[101.77444,2.88135],[101.77343,2.88217],[101.7713,2.88271],[101.77058,2.88331],[101.76912,2.88383],[101.76866,2.88422],[101.76834,2.88566],[101.76759,2.88676],[101.76681,2.8867],[101.76587,2.88744],[101.76562,2.88931],[101.7647,2.89193],[101.76443,2.89222],[101.76372,2.89229]]}},{"type":"Feature","properties":{"id":494343020,"m":4608,"name":"Sungai Langat","main":true},"geometry":{"type":"LineString","coordinates":[[101.91675,3.2313],[101.91701,3.22934],[101.91818,3.22752],[101.91841,3.22569],[101.91788,3.22523],[101.91745,3.22382],[101.91639,3.22343],[101.91507,3.22184],[101.91413,3.22138],[101.91315,3.22142],[101.91297,3.22117],[101.91163,3.2216],[101.91087,3.22145],[101.90921,3.2221],[101.90885,3.22198],[101.90823,3.22132],[101.9068,3.22098],[101.90645,3.22051],[101.90409,3.21894],[101.90045,3.2138],[101.88967,3.21131]]}},{"type":"Feature","properties":{"id":444924936,"m":4375,"name":"Sungai Air Hitam","main":false},"geometry":{"type":"LineString","coordinates":[[101.75595,2.95672],[101.75902,2.95776],[101.76009,2.96089],[101.75939,2.96463],[101.75957,2.96531],[101.7599,2.96555],[101.76612,2.9657],[101.76676,2.96603],[101.76723,2.96666],[101.76753,2.9676],[101.77244,2.96763],[101.77377,2.9673],[101.77476,2.96627],[101.77521,2.96609],[101.77741,2.96636],[101.78577,2.96631],[101.7858,2.96598]]}},{"type":"Feature","properties":{"id":1288225791,"m":4026,"name":"Sungai Lalang","main":false},"geometry":{"type":"LineString","coordinates":[[101.90554,3.0152],[101.90469,3.01555],[101.90271,3.01475],[101.90226,3.01492],[101.90068,3.01452],[101.89979,3.01294],[101.899,3.01211],[101.89859,3.01114],[101.89695,3.00906],[101.89662,3.00806],[101.89536,3.00634],[101.8946,3.00593],[101.89441,3.00523],[101.89296,3.00449],[101.89203,3.00459],[101.88968,3.00299],[101.8886,3.00125],[101.88835,3.0003],[101.88806,3.00036],[101.88735,2.99939],[101.88701,2.9998],[101.88692,2.99942],[101.88655,2.99946],[101.88653,2.99912],[101.88498,2.99907],[101.88453,2.99886],[101.88413,2.99911],[101.8838,2.99891],[101.88363,2.99915],[101.88342,2.99889],[101.88233,2.99916],[101.88147,2.99892],[101.88152,2.99838],[101.88123,2.99801]]}},{"type":"Feature","properties":{"id":1287384586,"m":3983,"name":"Sungai Lui","main":false},"geometry":{"type":"LineString","coordinates":[[101.94641,3.12624],[101.94591,3.12631],[101.94516,3.12712],[101.94289,3.12745],[101.94219,3.12826],[101.94063,3.12894],[101.93987,3.12959],[101.9396,3.13037],[101.9395,3.13231],[101.93841,3.13301],[101.93521,3.13403],[101.93476,3.13444],[101.93421,3.13595],[101.93368,3.13635],[101.93234,3.13675],[101.9294,3.13695],[101.92852,3.13863],[101.92656,3.13963],[101.92562,3.14072],[101.92502,3.14177],[101.92496,3.14386],[101.92276,3.14529],[101.92154,3.14547],[101.92106,3.14532]]}},{"type":"Feature","properties":{"id":1287315217,"m":3940,"name":"Sungai Lolo","main":false},"geometry":{"type":"LineString","coordinates":[[101.90452,3.24045],[101.90434,3.23982],[101.904,3.23967],[101.9036,3.23764],[101.90212,3.2362],[101.90196,3.23543],[101.90303,3.23375],[101.90301,3.23255],[101.90165,3.23048],[101.90004,3.22677],[101.89688,3.22499],[101.8961,3.22407],[101.89476,3.22158],[101.89453,3.22041],[101.89306,3.21895],[101.89206,3.21837],[101.88967,3.21131]]}},{"type":"Feature","properties":{"id":576233371,"m":3848,"name":"Sungai Langat","main":true},"geometry":{"type":"LineString","coordinates":[[101.76452,2.92451],[101.76354,2.9242],[101.76296,2.92352],[101.76197,2.92115],[101.75839,2.91768],[101.75605,2.91798],[101.75543,2.91787],[101.75486,2.91739],[101.75468,2.91699],[101.755,2.91604],[101.75493,2.91498],[101.7544,2.9118],[101.75417,2.91098],[101.75347,2.91018],[101.75084,2.90875],[101.74789,2.90607],[101.74565,2.9059],[101.74281,2.90482],[101.74231,2.90358]]}},{"type":"Feature","properties":{"id":1380086886,"m":3842,"name":"Sungai Machang","main":false},"geometry":{"type":"LineString","coordinates":[[101.93426,2.87207],[101.93392,2.87161],[101.93296,2.87199],[101.92957,2.87205],[101.92759,2.87266],[101.92732,2.8723],[101.92535,2.87121],[101.92461,2.87006],[101.92346,2.87002],[101.92145,2.86848],[101.92034,2.86843],[101.91788,2.86782],[101.91575,2.86804],[101.91378,2.86744],[101.91254,2.86751],[101.91092,2.86641],[101.90861,2.86646],[101.90716,2.86703],[101.90561,2.86693],[101.90366,2.86749]]}},{"type":"Feature","properties":{"id":404341984,"m":3660,"name":"Sungai Batang Benar","main":false},"geometry":{"type":"LineString","coordinates":[[101.82462,2.84821],[101.82464,2.84896],[101.82416,2.84969],[101.82418,2.85027],[101.82321,2.85095],[101.82338,2.85173],[101.82299,2.85185],[101.82218,2.85442],[101.82185,2.85603],[101.82235,2.85688],[101.82152,2.85698],[101.82187,2.85839],[101.82219,2.85874],[101.82213,2.85924],[101.82417,2.86217],[101.82494,2.86269],[101.82524,2.86318],[101.82739,2.8646],[101.82904,2.8652],[101.83111,2.86459],[101.8338,2.86644],[101.83457,2.86757],[101.83463,2.86853],[101.83549,2.86968]]}},{"type":"Feature","properties":{"id":492822803,"m":3646,"name":"Sungai Semenyih","main":false},"geometry":{"type":"LineString","coordinates":[[101.95133,3.08298],[101.94852,3.08534],[101.94725,3.08578],[101.94571,3.08584],[101.94444,3.08724],[101.94348,3.08726],[101.94221,3.08878],[101.94115,3.08944],[101.94028,3.08955],[101.9391,3.08903],[101.93705,3.0887],[101.93662,3.0887],[101.93593,3.08917],[101.93538,3.08916],[101.93454,3.08858],[101.93204,3.08824],[101.93063,3.08835],[101.92845,3.08932],[101.92627,3.08992],[101.92554,3.09223],[101.92412,3.09335]]}},{"type":"Feature","properties":{"id":29211786,"m":3633,"name":"Sungai Langat","main":true},"geometry":{"type":"LineString","coordinates":[[101.60595,2.79678],[101.60665,2.79749],[101.60677,2.79792],[101.60598,2.79903],[101.60128,2.80109],[101.5982,2.80056],[101.59707,2.80147],[101.59544,2.80222],[101.59469,2.80281],[101.59349,2.80441],[101.59296,2.80462],[101.5923,2.80457],[101.59191,2.80391],[101.5923,2.80211],[101.59116,2.79989],[101.58935,2.79826],[101.58815,2.79804],[101.58752,2.79845],[101.58716,2.79943],[101.58707,2.80141],[101.5878,2.80276]]}},{"type":"Feature","properties":{"id":157861226,"m":3628,"name":"Sungai Batang Labu","main":false},"geometry":{"type":"LineString","coordinates":[[101.79034,2.80041],[101.78932,2.79972],[101.78709,2.79878],[101.78649,2.79811],[101.78403,2.79729],[101.78336,2.79772],[101.78091,2.79681],[101.77954,2.7972],[101.77862,2.79662],[101.77785,2.79675],[101.77667,2.79653],[101.77589,2.7957],[101.77451,2.79528],[101.77385,2.79418],[101.7728,2.79377],[101.772,2.79405],[101.77092,2.79373],[101.77014,2.79312],[101.76778,2.79265],[101.76695,2.79274],[101.76629,2.79336],[101.76416,2.79372],[101.76363,2.79352],[101.76299,2.79386],[101.76163,2.79319]]}},{"type":"Feature","properties":{"id":1287250553,"m":3552,"name":"Sungai Pangsun","main":false},"geometry":{"type":"LineString","coordinates":[[101.87961,3.23945],[101.87984,3.23452],[101.87974,3.23205],[101.87942,3.23056],[101.87954,3.22932],[101.8805,3.22687],[101.88045,3.22616],[101.87969,3.22511],[101.87901,3.22149],[101.87825,3.22019],[101.87764,3.21826],[101.87769,3.21571],[101.87626,3.2143],[101.8758,3.21251],[101.87527,3.21151],[101.87537,3.21009],[101.87487,3.2095]]}},{"type":"Feature","properties":{"id":1380086811,"m":3298,"name":"Sungai Sompo","main":false},"geometry":{"type":"LineString","coordinates":[[101.94232,2.84136],[101.94267,2.84224],[101.94374,2.84243],[101.94425,2.84284],[101.94416,2.84355],[101.94639,2.84721],[101.94653,2.84934],[101.94607,2.85018],[101.94609,2.85083],[101.94528,2.85099],[101.94519,2.85166],[101.94469,2.85155],[101.9446,2.85188],[101.94356,2.8527],[101.94359,2.85314],[101.94219,2.8548],[101.9404,2.85349],[101.94007,2.85352],[101.93931,2.85387],[101.93937,2.85427],[101.9388,2.85424],[101.93817,2.85461],[101.9379,2.85529],[101.93741,2.855],[101.93661,2.85613],[101.9359,2.85601],[101.9351,2.85624],[101.93484,2.85658],[101.93498,2.85682],[101.93448,2.85724]]}},{"type":"Feature","properties":{"id":492407141,"m":3152,"name":"Sungai Chinchang","main":false},"geometry":{"type":"LineString","coordinates":[[101.75115,2.75203],[101.75101,2.75228],[101.7515,2.75357],[101.75121,2.75487],[101.75163,2.75502],[101.75177,2.75576],[101.75127,2.75654],[101.75181,2.75796],[101.7522,2.75811],[101.75223,2.75958],[101.75266,2.76036],[101.75061,2.7655],[101.74984,2.77736],[101.74961,2.77802]]}},{"type":"Feature","properties":{"id":68169975,"m":3140},"geometry":{"type":"LineString","coordinates":[[101.79992,3.01407],[101.7997,3.01239],[101.79921,3.01164],[101.79864,3.01156],[101.79766,3.01075],[101.79725,3.01107],[101.79597,3.00997],[101.79194,3.00775],[101.78929,3.00576],[101.78892,3.00527],[101.78865,3.00378],[101.78656,3.00154],[101.78622,2.99962],[101.78653,2.99834],[101.78553,2.9972],[101.78419,2.99617],[101.78396,2.99555],[101.7841,2.99453]]}},{"type":"Feature","properties":{"id":773562507,"m":3108,"name":"Sungai Balak","main":false},"geometry":{"type":"LineString","coordinates":[[101.74872,3.02623],[101.74898,3.02588],[101.75048,3.02517],[101.75082,3.02412],[101.75189,3.02378],[101.75412,3.02233],[101.75553,3.02238],[101.75559,3.02116],[101.75636,3.01966],[101.75691,3.01789],[101.75766,3.01765],[101.75979,3.01546],[101.76012,3.01542],[101.76076,3.01593],[101.76279,3.0164],[101.76839,3.0151],[101.7701,3.01509]]}},{"type":"Feature","properties":{"id":1015990102,"m":3105,"name":"Sungai Gabai","main":false},"geometry":{"type":"LineString","coordinates":[[101.91041,3.16678],[101.90886,3.16639],[101.90806,3.16577],[101.90657,3.16586],[101.90402,3.16483],[101.90352,3.16496],[101.90322,3.16462],[101.90326,3.16416],[101.9028,3.163],[101.90227,3.16255],[101.90158,3.16307],[101.90117,3.16272],[101.90096,3.16204],[101.89908,3.16242],[101.89743,3.16238],[101.89741,3.16191],[101.8969,3.16148],[101.89654,3.16044],[101.89422,3.15927],[101.89406,3.15802],[101.89309,3.15812],[101.89228,3.15748],[101.89169,3.15797],[101.89064,3.15775],[101.89025,3.15826],[101.88966,3.15838]]}},{"type":"Feature","properties":{"id":189312844,"m":2909},"geometry":{"type":"LineString","coordinates":[[101.74463,3.05098],[101.74457,3.05027],[101.74492,3.0497],[101.74497,3.0489],[101.74474,3.04772],[101.74521,3.04707],[101.74531,3.04624],[101.74577,3.04532],[101.7457,3.04382],[101.74628,3.04276],[101.74678,3.04266],[101.7472,3.0421],[101.74667,3.03977],[101.74694,3.03867],[101.74667,3.03697],[101.74737,3.03596],[101.74744,3.03501],[101.74858,3.03252],[101.74832,3.03071],[101.7488,3.02869],[101.74883,3.02685]]}},{"type":"Feature","properties":{"id":791988225,"m":2885,"name":"Sungai Palembang","main":false},"geometry":{"type":"LineString","coordinates":[[101.74004,2.82889],[101.73997,2.82944],[101.74042,2.83133],[101.74022,2.83458],[101.74067,2.83552],[101.74061,2.83817],[101.74022,2.83926],[101.74029,2.84098],[101.73925,2.84312],[101.7387,2.84552],[101.73922,2.84656],[101.7395,2.84886],[101.73924,2.85204],[101.74004,2.8538]]}},{"type":"Feature","properties":{"id":1380086808,"m":2882,"name":"Sungai Petai","main":false},"geometry":{"type":"LineString","coordinates":[[101.95078,2.82554],[101.95048,2.82651],[101.95003,2.82701],[101.95002,2.82768],[101.94902,2.82774],[101.94908,2.8284],[101.94886,2.82871],[101.95075,2.8316],[101.95085,2.83215],[101.95021,2.83278],[101.9505,2.83379],[101.94989,2.83442],[101.9495,2.83432],[101.94867,2.83473],[101.94721,2.83684],[101.94725,2.83744],[101.94611,2.83806],[101.94603,2.83882],[101.94523,2.83931],[101.9451,2.8399],[101.94545,2.84047],[101.94503,2.84076],[101.94479,2.84049],[101.94372,2.84143],[101.9438,2.84191],[101.94441,2.84254],[101.94389,2.8425]]}},{"type":"Feature","properties":{"id":491720731,"m":2859,"name":"Sungai Congkak","main":false},"geometry":{"type":"LineString","coordinates":[[101.84521,3.20668],[101.84694,3.20561],[101.8475,3.20449],[101.84782,3.2026],[101.84882,3.20239],[101.84877,3.19973],[101.84955,3.1991],[101.84987,3.19784],[101.85056,3.19773],[101.85074,3.1983],[101.85185,3.19836],[101.85424,3.1972],[101.85474,3.19658],[101.85476,3.19601],[101.85516,3.19567],[101.8553,3.19512],[101.85491,3.19429],[101.85543,3.19343],[101.85577,3.19213],[101.85497,3.19166],[101.85489,3.19118],[101.85604,3.19045],[101.85608,3.19022]]}},{"type":"Feature","properties":{"id":576239840,"m":2801,"name":"Sungai Langat","main":true},"geometry":{"type":"LineString","coordinates":[[101.53794,2.81255],[101.53788,2.81226],[101.53718,2.81173],[101.53572,2.81113],[101.5344,2.81017],[101.53307,2.80883],[101.53209,2.80714],[101.53133,2.80678],[101.53067,2.80721],[101.52947,2.80934],[101.52772,2.81039],[101.52665,2.8114],[101.52467,2.81476],[101.52291,2.81531],[101.51935,2.81475]]}},{"type":"Feature","properties":{"id":792979912,"m":2787,"name":"Sungai Sompo","main":false},"geometry":{"type":"LineString","coordinates":[[101.87134,2.87268],[101.87039,2.87291],[101.86944,2.87212],[101.86892,2.87236],[101.86763,2.87232],[101.86714,2.87263],[101.86498,2.87217],[101.86375,2.87113],[101.86364,2.87058],[101.86256,2.8695],[101.8622,2.86945],[101.86084,2.87048],[101.86089,2.87154],[101.8604,2.87168],[101.86015,2.8721],[101.85988,2.87179],[101.8593,2.87186],[101.85917,2.87259],[101.85841,2.87305],[101.85754,2.87323],[101.85693,2.87295],[101.85591,2.87305],[101.85539,2.87289],[101.85529,2.87252],[101.85486,2.87263],[101.85444,2.87237],[101.85357,2.87322],[101.85241,2.87341]]}},{"type":"Feature","properties":{"id":1380362818,"m":2745,"name":"Sungai Pajam","main":false},"geometry":{"type":"LineString","coordinates":[[101.88091,2.79398],[101.88052,2.79414],[101.8805,2.79387],[101.87996,2.79393],[101.8802,2.79445],[101.87968,2.79545],[101.87866,2.79564],[101.87771,2.79686],[101.87712,2.7982],[101.87676,2.79836],[101.87627,2.79821],[101.87629,2.79861],[101.87573,2.79872],[101.8755,2.79928],[101.87564,2.79983],[101.87589,2.79999],[101.87641,2.79976],[101.87682,2.8005],[101.87657,2.80135],[101.87614,2.80171],[101.87679,2.80223],[101.87679,2.80353],[101.87742,2.80355],[101.87799,2.80453],[101.87824,2.80469],[101.87841,2.80442],[101.87865,2.80447],[101.87905,2.8052],[101.87873,2.80557],[101.87896,2.80686],[101.87881,2.807],[101.87858,2.80659],[101.87844,2.80688],[101.87868,2.80763],[101.87918,2.80804]]}},{"type":"Feature","properties":{"id":773789090,"m":2652,"name":"Sungai Gahal","main":false},"geometry":{"type":"LineString","coordinates":[[101.81348,3.13544],[101.81354,3.13484],[101.81429,3.13395],[101.81454,3.13112],[101.81485,3.13023],[101.8141,3.12852],[101.81505,3.12674],[101.81485,3.12513],[101.81529,3.12452],[101.81576,3.12468],[101.81632,3.1244],[101.8162,3.12405],[101.81664,3.12388],[101.81707,3.12306],[101.81697,3.12229],[101.81765,3.12115],[101.81821,3.12085],[101.81873,3.12095],[101.81887,3.12014],[101.81869,3.11934],[101.81961,3.1185],[101.82068,3.11801],[101.82125,3.11735]]}},{"type":"Feature","properties":{"id":863023855,"m":2632},"geometry":{"type":"LineString","coordinates":[[101.53324,2.86322],[101.53712,2.86031],[101.53851,2.85856],[101.54008,2.85707],[101.5405,2.85616],[101.54103,2.85242],[101.54153,2.85065],[101.54097,2.84712],[101.54095,2.84292]]}},{"type":"Feature","properties":{"id":1288098851,"m":2511,"name":"Sungai Lanjut","main":false},"geometry":{"type":"LineString","coordinates":[[101.90476,3.06828],[101.90353,3.06757],[101.90295,3.06751],[101.89983,3.06868],[101.89969,3.06945],[101.89696,3.07072],[101.88589,3.07827]]}},{"type":"Feature","properties":{"id":364840137,"m":2502,"name":"Sungai Rinching","main":false},"geometry":{"type":"LineString","coordinates":[[101.82998,2.91354],[101.82906,2.9135],[101.82748,2.91261],[101.82695,2.91191],[101.82544,2.91153],[101.81937,2.90657],[101.81725,2.90528],[101.81633,2.90505],[101.81515,2.90514],[101.81356,2.90568],[101.81251,2.90541],[101.81194,2.90483],[101.81135,2.90532]]}},{"type":"Feature","properties":{"id":737577426,"m":2487,"name":"Sungai Sering","main":false},"geometry":{"type":"LineString","coordinates":[[101.76851,3.07714],[101.76852,3.07617],[101.76942,3.07611],[101.76987,3.07554],[101.76958,3.07222],[101.76993,3.07116],[101.7705,3.07082],[101.77097,3.06929],[101.77179,3.06798],[101.77346,3.06805],[101.77512,3.06761],[101.77932,3.06487],[101.78132,3.0629]]}},{"type":"Feature","properties":{"id":372338169,"m":2429},"geometry":{"type":"LineString","coordinates":[[101.62655,2.79216],[101.62711,2.78976],[101.62774,2.78956],[101.62933,2.7884],[101.63156,2.78893],[101.632,2.78854],[101.63202,2.78773],[101.63311,2.78606],[101.63309,2.78551],[101.63598,2.77956],[101.63582,2.77879],[101.63465,2.77723],[101.63461,2.77633]]}},{"type":"Feature","properties":{"id":250960181,"m":2374,"name":"Sungai Ramal","main":false},"geometry":{"type":"LineString","coordinates":[[101.75418,2.9916],[101.75459,2.99184],[101.75899,2.99111],[101.76237,2.99094],[101.76319,2.98839],[101.76531,2.98642],[101.76663,2.98482],[101.76668,2.98263],[101.76688,2.98196],[101.76753,2.98144],[101.76796,2.98011]]}},{"type":"Feature","properties":{"id":1288225782,"m":2349,"name":"Sungai Lalang","main":false},"geometry":{"type":"LineString","coordinates":[[101.92397,3.0087],[101.92303,3.00883],[101.92149,3.00976],[101.9201,3.00981],[101.91935,3.01023],[101.91751,3.0107],[101.91624,3.01138],[101.9138,3.01197],[101.91206,3.01373],[101.91161,3.01461],[101.91072,3.01405],[101.90975,3.01392],[101.90856,3.01468],[101.90737,3.01481],[101.90641,3.01528],[101.90554,3.0152]]}},{"type":"Feature","properties":{"id":492822807,"m":2275,"name":"Sungai Semenyih","main":false},"geometry":{"type":"LineString","coordinates":[[101.87843,3.0665],[101.87775,3.06545],[101.87615,3.06417],[101.87492,3.06231],[101.87435,3.06185],[101.8736,3.06031],[101.87409,3.05955],[101.87366,3.0585],[101.87418,3.0573],[101.87352,3.05649],[101.87345,3.05449],[101.87421,3.05293],[101.87386,3.05233],[101.87278,3.05139],[101.87275,3.0502],[101.87231,3.04994]]}},{"type":"Feature","properties":{"id":1379122937,"m":2229,"name":"Sungai Saringgit","main":false},"geometry":{"type":"LineString","coordinates":[[101.87862,2.95554],[101.8784,2.95549],[101.87687,2.95308],[101.87213,2.94901],[101.86962,2.94745],[101.86879,2.94712],[101.86401,2.94713],[101.86315,2.94677],[101.86207,2.94677]]}},{"type":"Feature","properties":{"id":1380621483,"m":2223,"name":"Sungai Biah","main":false},"geometry":{"type":"LineString","coordinates":[[101.90122,2.83709],[101.89902,2.83786],[101.89832,2.83837],[101.89806,2.83895],[101.89874,2.84044],[101.89878,2.8417],[101.89787,2.84263],[101.89789,2.84292],[101.89814,2.84364],[101.89908,2.84386],[101.90017,2.84467],[101.90052,2.8458],[101.90019,2.84665],[101.90025,2.84715],[101.90041,2.84731],[101.90088,2.84709],[101.9007,2.84739],[101.901,2.84822],[101.90024,2.84944],[101.89956,2.84978],[101.89909,2.85064]]}},{"type":"Feature","properties":{"id":1288597177,"m":2216},"geometry":{"type":"LineString","coordinates":[[101.85381,3.06437],[101.85439,3.06462],[101.85778,3.06793],[101.85819,3.06793],[101.85849,3.06718],[101.85828,3.06624],[101.85868,3.065],[101.85958,3.06434],[101.8597,3.06335],[101.86004,3.06299],[101.86211,3.06189],[101.86322,3.06177],[101.86396,3.0612],[101.86514,3.06074],[101.86625,3.06058],[101.86701,3.06109],[101.86763,3.0612]]}},{"type":"Feature","properties":{"id":1147293541,"m":2206,"name":"Sungai Limbat","main":false},"geometry":{"type":"LineString","coordinates":[[101.86524,3.11596],[101.86254,3.11415],[101.86199,3.11444],[101.8612,3.11415],[101.86115,3.11289],[101.86065,3.11206],[101.85991,3.11244],[101.85948,3.11226],[101.85912,3.11166],[101.85876,3.11185],[101.85797,3.11155],[101.85708,3.11225],[101.85685,3.11273],[101.85534,3.11233],[101.85416,3.11264],[101.85246,3.11029],[101.85195,3.10897]]}},{"type":"Feature","properties":{"id":576239846,"m":2174,"name":"Sungai Langat","main":true},"geometry":{"type":"LineString","coordinates":[[101.56422,2.81845],[101.56309,2.8197],[101.56283,2.82053],[101.56353,2.82241],[101.56458,2.82409],[101.56468,2.82478],[101.5644,2.82541],[101.5637,2.82578],[101.56317,2.82564],[101.56276,2.82521],[101.56234,2.82425],[101.56197,2.82168],[101.56147,2.82091],[101.56067,2.82001],[101.55752,2.81776]]}},{"type":"Feature","properties":{"id":750330557,"m":2170,"name":"Sungai Langat","main":true},"geometry":{"type":"LineString","coordinates":[[101.57095,2.81879],[101.57015,2.81801],[101.57014,2.81731],[101.57097,2.81612],[101.57098,2.81538],[101.56892,2.81146],[101.56859,2.81108],[101.56795,2.8109],[101.5673,2.81151],[101.56694,2.81241],[101.56777,2.81444],[101.56777,2.81574],[101.56595,2.81751],[101.56422,2.81845]]}},{"type":"Feature","properties":{"id":445308628,"m":2163,"name":"Sungai Sekah","main":false},"geometry":{"type":"LineString","coordinates":[[101.79877,2.81667],[101.79872,2.81501],[101.79918,2.81137],[101.79878,2.81081],[101.79844,2.80909],[101.79866,2.80877],[101.79828,2.80807],[101.79837,2.80737],[101.79806,2.807],[101.79799,2.80639],[101.79672,2.80576],[101.79662,2.80527],[101.79522,2.80418],[101.79492,2.80297],[101.79448,2.80287],[101.7946,2.80265],[101.79411,2.80284],[101.79395,2.80253],[101.79348,2.80262],[101.79253,2.80229]]}},{"type":"Feature","properties":{"id":1120963960,"m":2140,"name":"Sungai Perdek","main":false},"geometry":{"type":"LineString","coordinates":[[101.8471,3.19428],[101.84798,3.19327],[101.84834,3.19321],[101.84899,3.19169],[101.85011,3.19107],[101.8514,3.18907],[101.85156,3.18831],[101.85218,3.18777],[101.85231,3.187],[101.85315,3.18695],[101.85359,3.18534],[101.85447,3.18502],[101.85458,3.1838],[101.85502,3.18365],[101.85596,3.1838],[101.85592,3.18313],[101.857,3.18089]]}},{"type":"Feature","properties":{"id":1381362162,"m":2122,"name":"Sungai Chuping","main":false},"geometry":{"type":"LineString","coordinates":[[101.97294,2.82612],[101.97301,2.82641],[101.97381,2.82699],[101.97377,2.8275],[101.97463,2.82797],[101.97487,2.82907],[101.97552,2.82908],[101.97636,2.83033],[101.97688,2.83067],[101.97714,2.83339],[101.97776,2.83551],[101.9776,2.83648],[101.97812,2.83728],[101.97802,2.83797],[101.97687,2.83896],[101.97633,2.83979],[101.97567,2.8401],[101.97508,2.84096]]}},{"type":"Feature","properties":{"id":1288250415,"m":2093,"name":"Sungai Kacau","main":false},"geometry":{"type":"LineString","coordinates":[[101.90179,2.98966],[101.90136,2.98968],[101.90115,2.99005],[101.90065,2.992],[101.89976,2.99231],[101.89974,2.99274],[101.89812,2.99366],[101.89785,2.99417],[101.89725,2.99449],[101.89718,2.99482],[101.89669,2.99513],[101.89565,2.99504],[101.8951,2.99524],[101.89457,2.99558],[101.8944,2.99608],[101.89272,2.99682],[101.89189,2.99752],[101.89086,2.99776],[101.89071,2.99817],[101.88963,2.99837],[101.89006,2.99895]]}},{"type":"Feature","properties":{"id":1288197059,"m":2090,"name":"Sungai Paumbang","main":false},"geometry":{"type":"LineString","coordinates":[[101.94242,3.05411],[101.94218,3.0539],[101.94094,3.05378],[101.9394,3.05463],[101.93757,3.05391],[101.93599,3.05501],[101.93504,3.05494],[101.93329,3.0539],[101.93175,3.05224],[101.93077,3.0499],[101.92959,3.04914],[101.92877,3.04828],[101.92837,3.0473]]}},{"type":"Feature","properties":{"id":1380362820,"m":2081,"name":"Sungai Pajam","main":false},"geometry":{"type":"LineString","coordinates":[[101.88618,2.81373],[101.88613,2.81427],[101.88536,2.81468],[101.88521,2.81526],[101.8856,2.81548],[101.88608,2.8153],[101.88613,2.81486],[101.88642,2.81493],[101.88646,2.81578],[101.88709,2.81631],[101.88668,2.81648],[101.88703,2.81705],[101.88686,2.81756],[101.88595,2.81775],[101.88556,2.81878],[101.8852,2.81891],[101.88513,2.8199],[101.88473,2.82027],[101.88489,2.81987],[101.88448,2.81988],[101.88407,2.82112],[101.8833,2.82198],[101.88229,2.82256],[101.88148,2.82369],[101.88092,2.82361]]}},{"type":"Feature","properties":{"id":201239262,"m":2075,"name":"Sungai Langat","main":true},"geometry":{"type":"LineString","coordinates":[[101.77251,3.00593],[101.77327,3.00359],[101.77559,3.0009],[101.77802,2.99742],[101.78,2.99522],[101.78115,2.99472],[101.7843,2.9945],[101.78499,2.99382]]}},{"type":"Feature","properties":{"id":1363791725,"m":2040,"name":"Sungai Tekali","main":false},"geometry":{"type":"LineString","coordinates":[[101.85195,3.10897],[101.85145,3.10878],[101.85,3.10923],[101.84935,3.10912],[101.84895,3.10964],[101.84837,3.10967],[101.84819,3.11016],[101.84551,3.11081],[101.84475,3.11049],[101.84394,3.11065],[101.84345,3.11099],[101.84359,3.11177],[101.84262,3.11198],[101.84222,3.11238],[101.84108,3.11215],[101.83954,3.11264],[101.83931,3.11253],[101.8394,3.11216],[101.83861,3.11158],[101.83796,3.11149],[101.83731,3.11175],[101.837,3.11154]]}},{"type":"Feature","properties":{"id":1120984192,"m":2018,"name":"Sungai Resam","main":false},"geometry":{"type":"LineString","coordinates":[[101.81489,3.17487],[101.81576,3.17455],[101.81635,3.17382],[101.81582,3.17203],[101.81664,3.17141],[101.8179,3.17118],[101.81952,3.16977],[101.82011,3.17],[101.82039,3.17038],[101.82069,3.17236],[101.82155,3.1733],[101.8218,3.17401],[101.82406,3.17449],[101.8245,3.17419],[101.8251,3.1745],[101.82597,3.17431]]}},{"type":"Feature","properties":{"id":445308635,"m":1975,"name":"Sungai Chelet","main":false},"geometry":{"type":"LineString","coordinates":[[101.78222,2.81248],[101.78233,2.81221],[101.78192,2.81183],[101.78197,2.81144],[101.78171,2.8111],[101.78158,2.80981],[101.78197,2.80871],[101.78137,2.80844],[101.78154,2.80784],[101.78084,2.80737],[101.78031,2.80641],[101.77979,2.80613],[101.7795,2.8045],[101.77877,2.80396],[101.77799,2.80196],[101.77668,2.80037],[101.77599,2.79883],[101.77626,2.79805]]}},{"type":"Feature","properties":{"id":1380634042,"m":1906,"name":"Suak Mengkarang","main":false},"geometry":{"type":"LineString","coordinates":[[101.87826,2.90037],[101.87913,2.89963],[101.8791,2.89911],[101.87867,2.89874],[101.87874,2.89825],[101.8785,2.89777],[101.87891,2.897],[101.87814,2.89577],[101.87781,2.89448],[101.87719,2.89362],[101.87713,2.8908],[101.87595,2.88865],[101.87516,2.88803],[101.87512,2.88696],[101.87561,2.88564]]}},{"type":"Feature","properties":{"id":1120836835,"m":1900,"name":"Sungai Lawing","main":false},"geometry":{"type":"LineString","coordinates":[[101.92994,3.16543],[101.92982,3.16476],[101.92895,3.16331],[101.92775,3.16256],[101.92722,3.16144],[101.92434,3.15855],[101.92351,3.1581],[101.923,3.15706],[101.9215,3.15587],[101.92123,3.15416],[101.9209,3.15376],[101.92091,3.15239]]}},{"type":"Feature","properties":{"id":1381362164,"m":1899,"name":"Sungai Chuping","main":false},"geometry":{"type":"LineString","coordinates":[[101.98415,2.85453],[101.98278,2.85162],[101.98144,2.8504],[101.98136,2.84976],[101.98194,2.8489],[101.98213,2.84811],[101.98182,2.84703],[101.98063,2.84593],[101.97988,2.84443],[101.97851,2.84373],[101.97705,2.84335],[101.97599,2.84234],[101.97608,2.84187]]}},{"type":"Feature","properties":{"id":610094154,"m":1862,"name":"Sungai Putih","main":false},"geometry":{"type":"LineString","coordinates":[[101.87078,2.85936],[101.87123,2.86286],[101.87061,2.86318],[101.8707,2.86513],[101.87008,2.86652],[101.86869,2.86753],[101.8661,2.86812],[101.86568,2.86895],[101.86423,2.86887],[101.86348,2.86946],[101.86256,2.8695]]}},{"type":"Feature","properties":{"id":1288448992,"m":1860,"name":"Sungai Tekali","main":false},"geometry":{"type":"LineString","coordinates":[[101.83697,3.11144],[101.83526,3.11149],[101.83452,3.1123],[101.82915,3.11472],[101.82941,3.11549],[101.82916,3.11668],[101.82613,3.1172],[101.82563,3.11708],[101.82506,3.11769],[101.82385,3.11815]]}},{"type":"Feature","properties":{"id":302854357,"m":1850,"name":"Sungai Cheras","main":false},"geometry":{"type":"LineString","coordinates":[[101.76981,3.0592],[101.77006,3.05848],[101.77122,3.05733],[101.77154,3.05602],[101.772,3.05537],[101.77194,3.05471],[101.77232,3.05469],[101.77233,3.05164],[101.77283,3.05125],[101.77396,3.05091],[101.77463,3.05013],[101.7748,3.04927],[101.77468,3.04665],[101.77492,3.04532]]}},{"type":"Feature","properties":{"id":605128420,"m":1783,"name":"Sungai Lamiar","main":false},"geometry":{"type":"LineString","coordinates":[[101.82186,2.76625],[101.82099,2.76603],[101.81986,2.76525],[101.81938,2.76534],[101.81666,2.76465],[101.81526,2.76398],[101.81459,2.764],[101.81286,2.76323],[101.81178,2.76312],[101.81117,2.76254],[101.81059,2.76282],[101.8103,2.76254],[101.81,2.76271],[101.80898,2.76186],[101.80847,2.76059]]}},{"type":"Feature","properties":{"id":1381341394,"m":1773,"name":"Sungai Jelatok","main":false},"geometry":{"type":"LineString","coordinates":[[101.96506,2.8687],[101.96488,2.86832],[101.96515,2.86819],[101.96504,2.8679],[101.96259,2.86646],[101.96238,2.86597],[101.9626,2.86571],[101.9625,2.86544],[101.96171,2.8653],[101.96171,2.86481],[101.96114,2.86495],[101.96119,2.86418],[101.96095,2.86377],[101.96055,2.86355],[101.96028,2.86403],[101.95977,2.86404],[101.95902,2.86366],[101.95896,2.86191],[101.95747,2.86024],[101.95705,2.86014]]}},{"type":"Feature","properties":{"id":970695983,"m":1763},"geometry":{"type":"LineString","coordinates":[[101.86431,2.74328],[101.86293,2.74342],[101.86216,2.7428],[101.86039,2.74305],[101.85991,2.74275],[101.85977,2.74313],[101.85931,2.74333],[101.85912,2.74397],[101.85721,2.74389],[101.85403,2.74446],[101.85342,2.74396],[101.85289,2.74415],[101.85244,2.74394],[101.85073,2.74484]]}},{"type":"Feature","properties":{"id":613348369,"m":1756,"name":"Sungai Saringgit","main":false},"geometry":{"type":"LineString","coordinates":[[101.88855,2.95914],[101.88738,2.95808],[101.88697,2.95812],[101.88626,2.9587],[101.88633,2.95966],[101.88609,2.96016],[101.88366,2.96091],[101.88288,2.96],[101.88219,2.95976],[101.88145,2.95913],[101.88073,2.9593],[101.88058,2.95763],[101.87977,2.95615],[101.87872,2.95557]]}},{"type":"Feature","properties":{"id":1381341393,"m":1729,"name":"Sungai Jelatok","main":false},"geometry":{"type":"LineString","coordinates":[[101.97422,2.88024],[101.97319,2.87914],[101.97122,2.8779],[101.96891,2.87587],[101.96823,2.87498],[101.96771,2.87354],[101.96616,2.87226],[101.96557,2.8692],[101.96506,2.8687]]}},{"type":"Feature","properties":{"id":1287400638,"m":1725,"name":"Sungai Pagoh","main":false},"geometry":{"type":"LineString","coordinates":[[101.89482,3.18824],[101.8942,3.18721],[101.89327,3.18424],[101.89226,3.18294],[101.89052,3.18192],[101.88875,3.18001],[101.88871,3.17758],[101.88945,3.17592],[101.88945,3.17539]]}},{"type":"Feature","properties":{"id":236721254,"m":1720,"name":"Sungai Langat","main":true},"geometry":{"type":"LineString","coordinates":[[101.58353,2.81228],[101.58352,2.81373],[101.58438,2.8141],[101.58504,2.8153],[101.58508,2.81721],[101.58452,2.81776],[101.58416,2.81773],[101.58333,2.81659],[101.58162,2.81607],[101.5763,2.81717]]}},{"type":"Feature","properties":{"id":1288308594,"m":1685,"name":"Sungai Perdek","main":false},"geometry":{"type":"LineString","coordinates":[[101.82696,3.21191],[101.82798,3.21057],[101.82851,3.20917],[101.82901,3.2087],[101.83036,3.20854],[101.83149,3.20811],[101.83255,3.20719],[101.83455,3.20707],[101.8356,3.20662],[101.83864,3.20459],[101.83885,3.20418]]}},{"type":"Feature","properties":{"id":1287661897,"m":1681,"name":"Sungai Gabai","main":false},"geometry":{"type":"LineString","coordinates":[[101.92034,3.17637],[101.91884,3.17592],[101.91699,3.175],[101.91551,3.17396],[101.91533,3.17318],[101.9149,3.17283],[101.91454,3.17045],[101.91377,3.16954],[101.91226,3.16909],[101.91041,3.16678]]}},{"type":"Feature","properties":{"id":800136975,"m":1616,"name":"Sungai Mahang","main":false},"geometry":{"type":"LineString","coordinates":[[101.81166,2.83458],[101.81367,2.83369],[101.81477,2.83441],[101.81809,2.83512],[101.81944,2.8351],[101.81965,2.83559],[101.82094,2.83556],[101.82259,2.83727],[101.82359,2.83874]]}},{"type":"Feature","properties":{"id":1288432253,"m":1613,"name":"Sungai Tekali","main":false},"geometry":{"type":"LineString","coordinates":[[101.86684,3.13658],[101.86708,3.13591],[101.86693,3.13543],[101.86739,3.1348],[101.86691,3.13389],[101.86687,3.13309],[101.86617,3.13206],[101.86595,3.13068],[101.86634,3.12969],[101.86601,3.12839],[101.86633,3.12738],[101.86605,3.12674],[101.86616,3.12571],[101.86592,3.12488],[101.86605,3.12328]]}},{"type":"Feature","properties":{"id":372338168,"m":1595},"geometry":{"type":"LineString","coordinates":[[101.63461,2.77633],[101.6345,2.77448],[101.63385,2.77199],[101.63315,2.77026],[101.63291,2.76898],[101.63203,2.76745],[101.63171,2.76609],[101.63111,2.76534],[101.63067,2.76287]]}},{"type":"Feature","properties":{"id":1380086887,"m":1529,"name":"Sungai Jai","main":false},"geometry":{"type":"LineString","coordinates":[[101.89849,2.87393],[101.89816,2.87378],[101.89715,2.87419],[101.89626,2.8742],[101.89479,2.87287],[101.89308,2.87266],[101.89162,2.87293],[101.89047,2.87407],[101.88863,2.87463],[101.88762,2.87454],[101.88716,2.87426],[101.88663,2.87445]]}},{"type":"Feature","properties":{"id":792979911,"m":1523,"name":"Sungai Machang","main":false},"geometry":{"type":"LineString","coordinates":[[101.88473,2.86992],[101.88413,2.87009],[101.88285,2.86968],[101.88232,2.87046],[101.88096,2.87066],[101.87997,2.8723],[101.87699,2.87207],[101.87668,2.87241],[101.87682,2.8727],[101.87641,2.87311],[101.87602,2.87301],[101.87597,2.87367],[101.87509,2.87412]]}},{"type":"Feature","properties":{"id":1379122971,"m":1510,"name":"Sungai Tarun","main":false},"geometry":{"type":"LineString","coordinates":[[101.91648,2.95749],[101.9158,2.95687],[101.91509,2.95396],[101.91431,2.95229],[101.91421,2.95067],[101.91333,2.94853],[101.91287,2.94761],[101.91134,2.94626],[101.91112,2.94573]]}},{"type":"Feature","properties":{"id":322171175,"m":1490,"name":"Sungai Tarun","main":false},"geometry":{"type":"LineString","coordinates":[[101.91081,2.94221],[101.91058,2.94215],[101.90973,2.94072],[101.90933,2.93763],[101.90969,2.93692],[101.90979,2.93538],[101.91041,2.9338],[101.91016,2.93325],[101.91107,2.931],[101.91106,2.93039],[101.91064,2.93023]]}},{"type":"Feature","properties":{"id":1287735580,"m":1483,"name":"Sungai Gemi","main":false},"geometry":{"type":"LineString","coordinates":[[101.9055,3.13889],[101.90613,3.14057],[101.90719,3.14181],[101.90745,3.14193],[101.90784,3.1415],[101.90836,3.14161],[101.9086,3.14301],[101.90938,3.1434],[101.91068,3.14337],[101.91089,3.14417],[101.91121,3.14425],[101.91116,3.14466],[101.91174,3.14496],[101.91264,3.14603],[101.91264,3.14638],[101.91232,3.14654]]}},{"type":"Feature","properties":{"id":1287691546,"m":1482,"name":"Sungai Kenung","main":false},"geometry":{"type":"LineString","coordinates":[[101.90462,3.17409],[101.9041,3.17268],[101.90438,3.17088],[101.90429,3.16803],[101.90396,3.16708],[101.90333,3.16694],[101.90349,3.16658],[101.90324,3.16621],[101.90196,3.16556],[101.90179,3.16418],[101.90123,3.16362],[101.90108,3.16312]]}},{"type":"Feature","properties":{"id":1288250409,"m":1442,"name":"Sungai Kacau","main":false},"geometry":{"type":"LineString","coordinates":[[101.91967,2.9867],[101.91833,2.98755],[101.91517,2.98806],[101.91192,2.98772],[101.91157,2.98819],[101.90997,2.98866],[101.90958,2.98909],[101.90758,2.98922]]}},{"type":"Feature","properties":{"id":750330554,"m":1333,"name":"Sungai Langat","main":true},"geometry":{"type":"LineString","coordinates":[[101.5878,2.80276],[101.58892,2.80501],[101.58869,2.80631],[101.58782,2.80819],[101.58507,2.81152],[101.58353,2.81228]]}},{"type":"Feature","properties":{"id":1207329966,"m":1306,"name":"Sungai Batang Benar","main":false},"geometry":{"type":"LineString","coordinates":[[101.82953,2.83668],[101.82935,2.83707],[101.83002,2.83788],[101.82915,2.83846],[101.8289,2.84042],[101.8281,2.84056],[101.8257,2.8429],[101.82512,2.84387],[101.82473,2.8455]]}},{"type":"Feature","properties":{"id":401633709,"m":1303,"name":"Sungai Broga","main":false},"geometry":{"type":"LineString","coordinates":[[101.91785,2.93499],[101.91713,2.93447],[101.91629,2.93465],[101.91596,2.93369],[101.91533,2.93346],[101.91519,2.93299],[101.91496,2.93303],[101.91395,2.9318],[101.91356,2.93169],[101.9135,2.93067],[101.91301,2.93034],[101.91299,2.92984],[101.9126,2.92983],[101.91205,2.9293],[101.91121,2.92921],[101.91044,2.92862]]}},{"type":"Feature","properties":{"id":404685971,"m":1249,"name":"Sungai Langat (pintasan)","main":true},"geometry":{"type":"LineString","coordinates":[[101.54719,2.81891],[101.53794,2.81255]]}},{"type":"Feature","properties":{"id":1287934148,"m":1249,"name":"Sungai Rood","main":false},"geometry":{"type":"LineString","coordinates":[[101.93828,3.14227],[101.9371,3.14181],[101.93548,3.14192],[101.93453,3.14229],[101.93289,3.14201],[101.93243,3.14117],[101.93199,3.13894],[101.93145,3.13767],[101.9314,3.1367]]}},{"type":"Feature","properties":{"id":1288839572,"m":1241,"name":"Sungai Serai","main":false},"geometry":{"type":"LineString","coordinates":[[101.78535,3.10269],[101.7861,3.099],[101.78712,3.09739],[101.78733,3.09589],[101.78805,3.09449],[101.79029,3.0939]]}},{"type":"Feature","properties":{"id":1207329979,"m":1236,"name":"Sungai Batang Benar","main":false},"geometry":{"type":"LineString","coordinates":[[101.82836,2.8151],[101.82802,2.81573],[101.82876,2.81671],[101.82807,2.8176],[101.82831,2.81804],[101.82767,2.81979],[101.82793,2.8204],[101.82746,2.82202],[101.82739,2.82331],[101.82677,2.82433]]}},{"type":"Feature","properties":{"id":576233359,"m":1212,"name":"Sungai Merab Luar","main":false},"geometry":{"type":"LineString","coordinates":[[101.75379,2.92914],[101.7561,2.92809],[101.75687,2.92661],[101.75675,2.92428],[101.75521,2.9226],[101.7545,2.92076]]}},{"type":"Feature","properties":{"id":1380682533,"m":1205,"name":"Sungai Panggal","main":false},"geometry":{"type":"LineString","coordinates":[[101.96972,2.91022],[101.96687,2.90993],[101.96571,2.90943],[101.96546,2.90917],[101.96566,2.90821],[101.9655,2.90729],[101.96323,2.9055],[101.96227,2.90436]]}},{"type":"Feature","properties":{"id":1379122943,"m":1197,"name":"Sungai Saringgit","main":false},"geometry":{"type":"LineString","coordinates":[[101.85767,2.94629],[101.85316,2.94678],[101.85205,2.94759],[101.85074,2.94715],[101.84857,2.94788],[101.84761,2.94785]]}},{"type":"Feature","properties":{"id":1287944475,"m":1191,"name":"Sungai Semenyih","main":false},"geometry":{"type":"LineString","coordinates":[[101.88313,3.07527],[101.88235,3.07451],[101.88189,3.07334],[101.88135,3.0693],[101.88082,3.06831],[101.87992,3.06799],[101.87933,3.06682],[101.87855,3.06658]]}},{"type":"Feature","properties":{"id":1288438840,"m":1170,"name":"Sungai Kapur","main":false},"geometry":{"type":"LineString","coordinates":[[101.83741,3.10175],[101.83695,3.10436],[101.83706,3.10464],[101.83759,3.10486],[101.8376,3.10648],[101.838,3.10797],[101.83737,3.10934],[101.8374,3.11003],[101.83631,3.11085]]}},{"type":"Feature","properties":{"id":703815410,"m":1162},"geometry":{"type":"LineString","coordinates":[[101.59208,2.88685],[101.58958,2.88662],[101.58608,2.88673],[101.58574,2.88647],[101.5818,2.88652]]}},{"type":"Feature","properties":{"id":1379122990,"m":1147,"name":"Sungai Rinching","main":false},"geometry":{"type":"LineString","coordinates":[[101.90205,2.9554],[101.89917,2.95398],[101.89736,2.95266],[101.89426,2.94895]]}},{"type":"Feature","properties":{"id":1380621492,"m":1141,"name":"Sungai Biah","main":false},"geometry":{"type":"LineString","coordinates":[[101.8966,2.8551],[101.8958,2.8565],[101.89541,2.85663],[101.89366,2.85854],[101.89228,2.8596],[101.89085,2.86025],[101.89017,2.86214]]}},{"type":"Feature","properties":{"id":1380682539,"m":1135,"name":"Sungai Beranang","main":false},"geometry":{"type":"LineString","coordinates":[[101.96052,2.89284],[101.95856,2.89355],[101.95826,2.89459],[101.95741,2.89462],[101.95683,2.89532],[101.9571,2.89788],[101.95794,2.89868],[101.9578,2.89998]]}},{"type":"Feature","properties":{"id":171882334,"m":1120,"name":"Sungai Chinchang","main":false},"geometry":{"type":"LineString","coordinates":[[101.74961,2.77802],[101.74807,2.78279],[101.7464,2.78584],[101.74514,2.78675]]}},{"type":"Feature","properties":{"id":1380086881,"m":1105,"name":"Sungai Putih","main":false},"geometry":{"type":"LineString","coordinates":[[101.87381,2.84671],[101.87365,2.84844],[101.87251,2.84964],[101.87141,2.8504],[101.87184,2.85195],[101.86951,2.85446]]}},{"type":"Feature","properties":{"id":1381362155,"m":1092,"name":"Sungai Chuping","main":false},"geometry":{"type":"LineString","coordinates":[[101.96745,2.81921],[101.96886,2.82208],[101.9701,2.82273],[101.97051,2.82405],[101.97092,2.82416],[101.97112,2.82459],[101.97219,2.82518],[101.97302,2.82532],[101.97297,2.82607]]}},{"type":"Feature","properties":{"id":444924933,"m":1056,"name":"Sungai Air Hitam","main":false},"geometry":{"type":"LineString","coordinates":[[101.74786,2.95886],[101.7483,2.95885],[101.74969,2.95667],[101.7503,2.95636],[101.75449,2.95734],[101.75498,2.9573],[101.75558,2.95666]]}},{"type":"Feature","properties":{"id":232002025,"m":1052,"name":"Sungai Long","main":false},"geometry":{"type":"LineString","coordinates":[[101.81499,3.0706],[101.81518,3.06982],[101.81585,3.06903],[101.81627,3.06805],[101.816,3.06679],[101.81558,3.06608],[101.81598,3.06537],[101.81539,3.06404],[101.81506,3.06379],[101.81449,3.06396],[101.81393,3.06328]]}},{"type":"Feature","properties":{"id":620371618,"m":1049},"geometry":{"type":"LineString","coordinates":[[101.4283,2.82976],[101.41948,2.82643]]}},{"type":"Feature","properties":{"id":1380086832,"m":1044,"name":"Sungai Machang","main":false},"geometry":{"type":"LineString","coordinates":[[101.8928,2.8691],[101.89038,2.86811],[101.88983,2.86845],[101.88941,2.86917],[101.88822,2.86924],[101.88685,2.86898],[101.88635,2.86919],[101.88582,2.8689],[101.88497,2.86986]]}},{"type":"Feature","properties":{"id":1015990103,"m":1035,"name":"Sungai Tuntung","main":false},"geometry":{"type":"LineString","coordinates":[[101.89957,3.14401],[101.89972,3.14423],[101.89943,3.1445],[101.89994,3.14471],[101.89986,3.14585],[101.89809,3.14683],[101.89674,3.14976],[101.89587,3.15059]]}},{"type":"Feature","properties":{"id":1380086877,"m":1022,"name":"Sungai Kabul","main":false},"geometry":{"type":"LineString","coordinates":[[101.86253,2.88442],[101.86156,2.88108],[101.85858,2.87634]]}},{"type":"Feature","properties":{"id":1380086818,"m":1020,"name":"Sungai Machang","main":false},"geometry":{"type":"LineString","coordinates":[[101.94167,2.87481],[101.93981,2.87451],[101.9396,2.87479],[101.9388,2.87482],[101.9375,2.87448],[101.93662,2.87368],[101.93608,2.87373],[101.93532,2.87322],[101.93481,2.87323],[101.93429,2.87223]]}},{"type":"Feature","properties":{"id":1380086852,"m":1011,"name":"Sungai Jai","main":false},"geometry":{"type":"LineString","coordinates":[[101.90605,2.87773],[101.90532,2.87783],[101.90349,2.87607],[101.90229,2.87582],[101.90162,2.87475],[101.89991,2.8741],[101.89855,2.8739]]}},{"type":"Feature","properties":{"id":1115396664,"m":1009},"geometry":{"type":"LineString","coordinates":[[101.85792,3.22823],[101.85805,3.22701],[101.85931,3.22501],[101.86023,3.2242],[101.86285,3.22388],[101.86392,3.22275]]}},{"type":"Feature","properties":{"id":1381362168,"m":1002,"name":"Sungai Chuho","main":false},"geometry":{"type":"LineString","coordinates":[[101.97038,2.84094],[101.97053,2.84212],[101.97026,2.84242],[101.96851,2.84393],[101.96729,2.84438],[101.96663,2.8449],[101.96524,2.84643],[101.96454,2.84665]]}},{"type":"Feature","properties":{"id":478189124,"m":972,"name":"Sungai Langat (pintasan)","main":true},"geometry":{"type":"LineString","coordinates":[[101.58353,2.81228],[101.5763,2.81717]]}},{"type":"Feature","properties":{"id":1288225761,"m":969,"name":"Sungai Lalang","main":false},"geometry":{"type":"LineString","coordinates":[[101.88111,2.99797],[101.88003,2.99704],[101.87934,2.99665],[101.87891,2.99667],[101.87857,2.99586],[101.87811,2.99577],[101.87779,2.99617],[101.87731,2.99625],[101.8742,2.99561]]}},{"type":"Feature","properties":{"id":1026677709,"m":964,"name":"Sungai Pajam","main":false},"geometry":{"type":"LineString","coordinates":[[101.87918,2.80804],[101.87955,2.80823],[101.87962,2.80854],[101.88,2.80865],[101.88027,2.80835],[101.8808,2.80864],[101.88129,2.80934],[101.88171,2.80871],[101.88222,2.80888],[101.88323,2.80984],[101.88328,2.81041],[101.88484,2.81139]]}},{"type":"Feature","properties":{"id":1380086855,"m":962,"name":"Sungai Jai","main":false},"geometry":{"type":"LineString","coordinates":[[101.88528,2.87469],[101.88468,2.87518],[101.88418,2.87621],[101.88434,2.87691],[101.8838,2.87684],[101.8836,2.87658],[101.88285,2.87693],[101.88211,2.87675],[101.88118,2.87613],[101.87953,2.87455]]}},{"type":"Feature","properties":{"id":1288597178,"m":960,"name":"Sungai Tekala","main":false},"geometry":{"type":"LineString","coordinates":[[101.86763,3.0612],[101.86799,3.0605],[101.86858,3.0604],[101.87109,3.05909],[101.87223,3.0581],[101.87266,3.05719],[101.873,3.05712],[101.87347,3.05793],[101.87387,3.05786]]}},{"type":"Feature","properties":{"id":1380086857,"m":956,"name":"Sungai Jai","main":false},"geometry":{"type":"LineString","coordinates":[[101.87941,2.87447],[101.87782,2.87425],[101.87592,2.87459],[101.87318,2.87323],[101.87134,2.87268]]}},{"type":"Feature","properties":{"id":487023150,"m":902,"name":"Sungai Raya","main":false},"geometry":{"type":"LineString","coordinates":[[101.76491,3.0713],[101.76581,3.07027],[101.76834,3.06899],[101.77004,3.06742],[101.77148,3.06791]]}},{"type":"Feature","properties":{"id":1287932896,"m":901,"name":"Sungai Lawing","main":false},"geometry":{"type":"LineString","coordinates":[[101.92091,3.15239],[101.92052,3.15213],[101.9203,3.15095],[101.92124,3.14923],[101.92041,3.14742],[101.92116,3.14613],[101.92106,3.14532]]}},{"type":"Feature","properties":{"id":1380086847,"m":879,"name":"Sungai Jai","main":false},"geometry":{"type":"LineString","coordinates":[[101.91834,2.88162],[101.91606,2.88235],[101.91064,2.88226]]}},{"type":"Feature","properties":{"id":1288839575,"m":878,"name":"Sungai Michu","main":false},"geometry":{"type":"LineString","coordinates":[[101.80489,3.12167],[101.80507,3.11873],[101.80573,3.1171],[101.80593,3.11619],[101.80574,3.11588],[101.80633,3.11519],[101.80605,3.11455]]}},{"type":"Feature","properties":{"id":1080109022,"m":843,"name":"Sungai Ramal","main":false},"geometry":{"type":"LineString","coordinates":[[101.74736,2.99169],[101.74817,2.99106],[101.74963,2.99107],[101.75044,2.9907],[101.75312,2.99044],[101.7538,2.99062],[101.75415,2.99127]]}},{"type":"Feature","properties":{"id":305856637,"m":813},"geometry":{"type":"LineString","coordinates":[[101.79849,2.80138],[101.79749,2.80097],[101.79572,2.80068],[101.79446,2.80117],[101.79378,2.80091],[101.79359,2.80137],[101.79183,2.80192]]}},{"type":"Feature","properties":{"id":1382445508,"m":803,"name":"Sungai Bangkong","main":false},"geometry":{"type":"LineString","coordinates":[[101.89957,2.7995],[101.90027,2.80078],[101.90045,2.80204],[101.90091,2.80307],[101.90162,2.80367],[101.90224,2.8049],[101.90294,2.80542]]}},{"type":"Feature","properties":{"id":1207329977,"m":766,"name":"Sungai Batang Benar","main":false},"geometry":{"type":"LineString","coordinates":[[101.82678,2.82443],[101.82691,2.82531],[101.82822,2.82713],[101.8287,2.82857],[101.82837,2.83066]]}},{"type":"Feature","properties":{"id":1287406070,"m":766,"name":"Sungai Chinarek","main":false},"geometry":{"type":"LineString","coordinates":[[101.88391,3.15676],[101.88412,3.15792],[101.88292,3.1598],[101.88286,3.16114],[101.88254,3.1621],[101.88192,3.1629]]}},{"type":"Feature","properties":{"id":1288438838,"m":754,"name":"Sungai Kapur","main":false},"geometry":{"type":"LineString","coordinates":[[101.83802,3.09527],[101.83772,3.09698],[101.83816,3.09857],[101.83803,3.0999],[101.83739,3.10057],[101.83741,3.10155]]}},{"type":"Feature","properties":{"id":236721186,"m":749,"name":"Sungai Langat (pintasan)","main":true},"geometry":{"type":"LineString","coordinates":[[101.56422,2.81845],[101.55752,2.81776]]}},{"type":"Feature","properties":{"id":1379122950,"m":749,"name":"Sungai Saringgit","main":false},"geometry":{"type":"LineString","coordinates":[[101.89388,2.9595],[101.89176,2.96042],[101.89094,2.96101],[101.89047,2.96105],[101.88998,2.96095],[101.8893,2.95962],[101.88863,2.95917]]}},{"type":"Feature","properties":{"id":1381362165,"m":737,"name":"Sungai Chuping","main":false},"geometry":{"type":"LineString","coordinates":[[101.97592,2.84147],[101.97508,2.84096],[101.9745,2.84122],[101.97278,2.84127],[101.9722,2.84038],[101.97038,2.84094]]}},{"type":"Feature","properties":{"id":478189120,"m":717,"name":"Sungai Langat","main":true},"geometry":{"type":"LineString","coordinates":[[101.55752,2.81776],[101.55545,2.81655],[101.55464,2.81655],[101.55372,2.81788],[101.5523,2.81866]]}},{"type":"Feature","properties":{"id":1380621485,"m":716,"name":"Sungai Biah","main":false},"geometry":{"type":"LineString","coordinates":[[101.90617,2.83478],[101.90588,2.83552],[101.90516,2.83593],[101.90505,2.83639],[101.90452,2.83686],[101.90286,2.83752],[101.90229,2.83743],[101.90177,2.83701],[101.90135,2.83705]]}},{"type":"Feature","properties":{"id":1288308595,"m":715,"name":"Sungai Perdek","main":false},"geometry":{"type":"LineString","coordinates":[[101.84369,3.19918],[101.84369,3.19801],[101.84533,3.19673],[101.8471,3.19428]]}},{"type":"Feature","properties":{"id":1380086787,"m":704,"name":"Sungai Sompo","main":false},"geometry":{"type":"LineString","coordinates":[[101.93745,2.83755],[101.93908,2.83898],[101.94024,2.8393],[101.94163,2.84021],[101.9423,2.84127]]}},{"type":"Feature","properties":{"id":593182434,"m":703,"name":"Sungai Sekamat","main":false},"geometry":{"type":"LineString","coordinates":[[101.77578,3.0205],[101.77327,3.02041],[101.76956,3.01964]]}},{"type":"Feature","properties":{"id":1288432252,"m":701},"geometry":{"type":"LineString","coordinates":[[101.87004,3.1229],[101.86957,3.12247],[101.86968,3.12195],[101.86873,3.12142],[101.86779,3.11978],[101.8672,3.11951],[101.86667,3.1187],[101.86632,3.11871]]}},{"type":"Feature","properties":{"id":1240913039,"m":694,"name":"Sungai Perdek","main":false},"geometry":{"type":"LineString","coordinates":[[101.83885,3.20418],[101.83914,3.20388],[101.83891,3.20357],[101.83967,3.20354],[101.84021,3.20311],[101.84115,3.20159],[101.84183,3.20129],[101.84233,3.20023]]}},{"type":"Feature","properties":{"id":1288360378,"m":693,"name":"Sungai Gahal","main":false},"geometry":{"type":"LineString","coordinates":[[101.81495,3.14528],[101.81355,3.14056],[101.81399,3.14004],[101.81389,3.13958]]}},{"type":"Feature","properties":{"id":1380086838,"m":689,"name":"Sungai Jai","main":false},"geometry":{"type":"LineString","coordinates":[[101.92864,2.87919],[101.92414,2.87908],[101.92249,2.87945]]}},{"type":"Feature","properties":{"id":1380362824,"m":683,"name":"Sungai Gebok","main":false},"geometry":{"type":"LineString","coordinates":[[101.85476,2.82326],[101.85541,2.8242],[101.85532,2.8255],[101.85475,2.82742],[101.8549,2.82897]]}},{"type":"Feature","properties":{"id":1207457031,"m":681,"name":"Sungai Batang Benar","main":false},"geometry":{"type":"LineString","coordinates":[[101.83068,2.81146],[101.83052,2.81211],[101.83076,2.81243],[101.83083,2.81457],[101.83058,2.81432],[101.8301,2.81462],[101.82989,2.81528],[101.829,2.81524]]}},{"type":"Feature","properties":{"id":1287400636,"m":664,"name":"Sungai Pagoh","main":false},"geometry":{"type":"LineString","coordinates":[[101.88748,3.17354],[101.88642,3.17131],[101.88607,3.17],[101.88591,3.1679]]}},{"type":"Feature","properties":{"id":1382445504,"m":652,"name":"Sungai Bangkong","main":false},"geometry":{"type":"LineString","coordinates":[[101.90495,2.81006],[101.90573,2.81138],[101.9071,2.81109],[101.90839,2.81127],[101.9097,2.81201]]}},{"type":"Feature","properties":{"id":1288839566,"m":643,"name":"Sungai Air Jernih","main":false},"geometry":{"type":"LineString","coordinates":[[101.79425,3.1011],[101.79438,3.10074],[101.79531,3.1001],[101.79556,3.09909],[101.79512,3.09838],[101.79486,3.09609]]}},{"type":"Feature","properties":{"id":306246537,"m":636},"geometry":{"type":"LineString","coordinates":[[101.80248,2.80493],[101.8019,2.80326],[101.80135,2.8029],[101.80096,2.80221],[101.79932,2.801],[101.79891,2.80097]]}},{"type":"Feature","properties":{"id":750330555,"m":633,"name":"Sungai Langat","main":true},"geometry":{"type":"LineString","coordinates":[[101.5763,2.81717],[101.5735,2.81854],[101.57095,2.81879]]}},{"type":"Feature","properties":{"id":1380362828,"m":605,"name":"Sungai Gebok","main":false},"geometry":{"type":"LineString","coordinates":[[101.85561,2.81625],[101.85569,2.8169],[101.85501,2.81723],[101.8546,2.81809],[101.85544,2.81958],[101.85503,2.82051]]}},{"type":"Feature","properties":{"id":1380621480,"m":596,"name":"Sungai Biah","main":false},"geometry":{"type":"LineString","coordinates":[[101.89909,2.85071],[101.89866,2.85211],[101.89773,2.85298],[101.89739,2.85423],[101.89661,2.85505]]}},{"type":"Feature","properties":{"id":576239843,"m":585,"name":"Sungai Langat","main":true},"geometry":{"type":"LineString","coordinates":[[101.5523,2.81866],[101.5505,2.81922],[101.54843,2.81931],[101.54719,2.81891]]}},{"type":"Feature","properties":{"id":800136970,"m":577,"name":"Sungai Mahang","main":false},"geometry":{"type":"LineString","coordinates":[[101.82373,2.83894],[101.82525,2.84198],[101.8244,2.84353]]}},{"type":"Feature","properties":{"id":1125387800,"m":564,"name":"Sungai Long","main":false},"geometry":{"type":"LineString","coordinates":[[101.81095,3.0599],[101.8105,3.05958],[101.81039,3.0586],[101.80878,3.05628],[101.80885,3.0556]]}},{"type":"Feature","properties":{"id":1380086870,"m":562,"name":"Sungai Kabul","main":false},"geometry":{"type":"LineString","coordinates":[[101.86061,2.89478],[101.86141,2.89468],[101.86148,2.89344],[101.86338,2.89335],[101.86339,2.89234]]}},{"type":"Feature","properties":{"id":342914784,"m":561,"name":"Sungai Rinching","main":false},"geometry":{"type":"LineString","coordinates":[[101.89426,2.94895],[101.89392,2.94845],[101.89281,2.94788],[101.89297,2.94707],[101.8926,2.94561]]}},{"type":"Feature","properties":{"id":1380362811,"m":560,"name":"Sungai Pajam","main":false},"geometry":{"type":"LineString","coordinates":[[101.88271,2.79096],[101.88338,2.79221],[101.88326,2.7927],[101.8824,2.794],[101.88097,2.794]]}},{"type":"Feature","properties":{"id":494343023,"m":557,"name":"Sungai Langat","main":true},"geometry":{"type":"LineString","coordinates":[[101.8863,3.21151],[101.88602,3.21188],[101.88549,3.212],[101.88517,3.21247],[101.88459,3.2118],[101.88372,3.21225],[101.88235,3.21202]]}},{"type":"Feature","properties":{"id":1288432212,"m":533,"name":"Sungai Tekali","main":false},"geometry":{"type":"LineString","coordinates":[[101.86573,3.12294],[101.86547,3.12143],[101.86504,3.12063],[101.86452,3.12053],[101.86463,3.11985],[101.86527,3.11917]]}},{"type":"Feature","properties":{"id":1379122942,"m":529,"name":"Sungai Saringgit","main":false},"geometry":{"type":"LineString","coordinates":[[101.86193,2.94658],[101.86164,2.94623],[101.85849,2.94572],[101.85826,2.94587],[101.85832,2.94621],[101.85795,2.94616]]}},{"type":"Feature","properties":{"id":718908165,"m":519,"name":"Sungai Bangkong","main":false},"geometry":{"type":"LineString","coordinates":[[101.90294,2.80542],[101.90416,2.80848],[101.90423,2.80919]]}},{"type":"Feature","properties":{"id":799021135,"m":517},"geometry":{"type":"LineString","coordinates":[[101.8709,2.74086],[101.87021,2.74068],[101.86732,2.74141],[101.86652,2.74119]]}},{"type":"Feature","properties":{"id":390763688,"m":500},"geometry":{"type":"LineString","coordinates":[[101.74958,2.93667],[101.74965,2.93624],[101.75041,2.9353],[101.75039,2.93467],[101.75088,2.93324],[101.75136,2.93274]]}},{"type":"Feature","properties":{"id":1380362806,"m":490,"name":"Sungai Setul","main":false},"geometry":{"type":"LineString","coordinates":[[101.91926,2.79261],[101.91948,2.79285],[101.9197,2.79434],[101.9204,2.79553],[101.9212,2.79631]]}},{"type":"Feature","properties":{"id":1288393581,"m":489,"name":"Sungai Makau","main":false},"geometry":{"type":"LineString","coordinates":[[101.836,3.12026],[101.83434,3.1187],[101.83415,3.11747],[101.83362,3.11691]]}},{"type":"Feature","properties":{"id":1288393586,"m":485,"name":"Sungai Makau","main":false},"geometry":{"type":"LineString","coordinates":[[101.83256,3.11674],[101.83192,3.11646],[101.83154,3.1171],[101.83029,3.11657],[101.82972,3.117],[101.82922,3.11664]]}},{"type":"Feature","properties":{"id":1287674255,"m":481,"name":"Sungai Tuntung","main":false},"geometry":{"type":"LineString","coordinates":[[101.89579,3.15062],[101.89495,3.15101],[101.89478,3.1515],[101.89347,3.1521],[101.89312,3.15329]]}},{"type":"Feature","properties":{"id":1380362831,"m":476,"name":"Sungai Gebok","main":false},"geometry":{"type":"LineString","coordinates":[[101.855,2.82942],[101.85541,2.82974],[101.85553,2.83063],[101.85612,2.83124],[101.85609,2.83156],[101.85539,2.8322],[101.85566,2.8326]]}},{"type":"Feature","properties":{"id":1287735566,"m":470,"name":"Sungai Gemi","main":false},"geometry":{"type":"LineString","coordinates":[[101.90573,3.13539],[101.90568,3.13575],[101.90521,3.13592],[101.90484,3.13693],[101.90496,3.138],[101.90536,3.13823],[101.90547,3.13881]]}},{"type":"Feature","properties":{"id":1288853733,"m":461,"name":"Sungai Michu","main":false},"geometry":{"type":"LineString","coordinates":[[101.80895,3.11188],[101.80939,3.11082],[101.81185,3.10938]]}},{"type":"Feature","properties":{"id":1379122940,"m":455,"name":"Sungai Tarun","main":false},"geometry":{"type":"LineString","coordinates":[[101.91109,2.94564],[101.91093,2.94514],[101.91115,2.94327],[101.91103,2.94288],[101.91067,2.94282],[101.91101,2.94243],[101.91089,2.94225]]}},{"type":"Feature","properties":{"id":576233370,"m":452,"name":"Sungai Merab Luar","main":false},"geometry":{"type":"LineString","coordinates":[[101.7545,2.92076],[101.75404,2.91904],[101.75421,2.9186],[101.7535,2.917]]}},{"type":"Feature","properties":{"id":882870495,"m":445,"name":"Sungai Palembang","main":false},"geometry":{"type":"LineString","coordinates":[[101.74177,2.82523],[101.74007,2.82879]]}},{"type":"Feature","properties":{"id":1380634035,"m":435,"name":"Suak Mengkarang","main":false},"geometry":{"type":"LineString","coordinates":[[101.87269,2.90374],[101.87385,2.90318],[101.87449,2.90251],[101.87563,2.90226],[101.87598,2.9019]]}},{"type":"Feature","properties":{"id":1288432265,"m":434,"name":"Sungai Muchok","main":false},"geometry":{"type":"LineString","coordinates":[[101.8316,3.10588],[101.83107,3.10773],[101.8302,3.10869],[101.83011,3.10925]]}},{"type":"Feature","properties":{"id":1380086795,"m":432,"name":"Sungai Sompo","main":false},"geometry":{"type":"LineString","coordinates":[[101.93267,2.83305],[101.93452,2.83419],[101.93565,2.83546]]}},{"type":"Feature","properties":{"id":1288767949,"m":427,"name":"Sungai Raya","main":false},"geometry":{"type":"LineString","coordinates":[[101.75276,3.07793],[101.75604,3.07736],[101.75638,3.07704]]}},{"type":"Feature","properties":{"id":1288767906,"m":421,"name":"Sungai Sering","main":false},"geometry":{"type":"LineString","coordinates":[[101.76625,3.0859],[101.76666,3.08214]]}},{"type":"Feature","properties":{"id":1288250411,"m":416,"name":"Sungai Kacau","main":false},"geometry":{"type":"LineString","coordinates":[[101.90539,2.9892],[101.90415,2.98926],[101.90318,2.98889],[101.90193,2.98947]]}},{"type":"Feature","properties":{"id":1287406071,"m":411,"name":"Sungai Chinarek","main":false},"geometry":{"type":"LineString","coordinates":[[101.88184,3.163],[101.88094,3.16451],[101.87934,3.16536]]}},{"type":"Feature","properties":{"id":1288250413,"m":410,"name":"Sungai Kacau","main":false},"geometry":{"type":"LineString","coordinates":[[101.89002,2.99904],[101.88965,2.99921],[101.88972,2.99985],[101.88854,2.99943],[101.88791,2.99996]]}},{"type":"Feature","properties":{"id":1288360372,"m":404,"name":"Sungai Gahal","main":false},"geometry":{"type":"LineString","coordinates":[[101.81359,3.13887],[101.81326,3.1384],[101.81312,3.13705],[101.81341,3.13647],[101.81348,3.1355]]}},{"type":"Feature","properties":{"id":1380086848,"m":403,"name":"Sungai Jai","main":false},"geometry":{"type":"LineString","coordinates":[[101.91059,2.87948],[101.91058,2.87915],[101.90807,2.87906],[101.90788,2.87929],[101.90742,2.87923]]}},{"type":"Feature","properties":{"id":1288767971,"m":395,"name":"Sungai Sering","main":false},"geometry":{"type":"LineString","coordinates":[[101.76469,3.09619],[101.76562,3.09282]]}},{"type":"Feature","properties":{"id":1380086805,"m":393,"name":"Sungai Sompo","main":false},"geometry":{"type":"LineString","coordinates":[[101.9279,2.82835],[101.92936,2.82995],[101.92986,2.83122]]}},{"type":"Feature","properties":{"id":1288767972,"m":392,"name":"Sungai Sering","main":false},"geometry":{"type":"LineString","coordinates":[[101.76837,3.08048],[101.76896,3.07854],[101.76851,3.07714]]}},{"type":"Feature","properties":{"id":1380621477,"m":392,"name":"Sungai Biah","main":false},"geometry":{"type":"LineString","coordinates":[[101.89017,2.8622],[101.88973,2.86565]]}},{"type":"Feature","properties":{"id":1380362826,"m":381,"name":"Sungai Gebok","main":false},"geometry":{"type":"LineString","coordinates":[[101.85499,2.82059],[101.85408,2.82104],[101.85433,2.82269],[101.8547,2.82319]]}},{"type":"Feature","properties":{"id":1288853731,"m":377,"name":"Sungai Michu","main":false},"geometry":{"type":"LineString","coordinates":[[101.80689,3.11351],[101.80738,3.11334],[101.80746,3.1129],[101.80831,3.11276],[101.8084,3.11187],[101.80883,3.11199]]}},{"type":"Feature","properties":{"id":36197738,"m":376,"name":"Sungai Raya","main":false},"geometry":{"type":"LineString","coordinates":[[101.75949,3.07564],[101.76128,3.07478],[101.76192,3.07357]]}},{"type":"Feature","properties":{"id":1122660311,"m":376,"name":"Sungai Serai","main":false},"geometry":{"type":"LineString","coordinates":[[101.79171,3.09304],[101.79206,3.09252],[101.79291,3.09261],[101.79363,3.0916],[101.79421,3.09144]]}},{"type":"Feature","properties":{"id":800240271,"m":375,"name":"Sungai Rinching","main":false},"geometry":{"type":"LineString","coordinates":[[101.89078,2.93941],[101.89035,2.93917],[101.88967,2.93928],[101.88959,2.93869],[101.89,2.93826],[101.88969,2.9375]]}},{"type":"Feature","properties":{"id":1263519432,"m":365,"name":"Sungai Sekamat","main":false},"geometry":{"type":"LineString","coordinates":[[101.82976,3.05717],[101.82836,3.0542]]}},{"type":"Feature","properties":{"id":1288432254,"m":358,"name":"Sungai Tekali","main":false},"geometry":{"type":"LineString","coordinates":[[101.86527,3.11917],[101.86527,3.11872],[101.86552,3.11858],[101.86535,3.11771],[101.86549,3.11716],[101.8652,3.11658],[101.86539,3.11645]]}},{"type":"Feature","properties":{"id":1288432208,"m":350,"name":"Sungai Muchok","main":false},"geometry":{"type":"LineString","coordinates":[[101.83025,3.11199],[101.82895,3.11411],[101.82915,3.11472]]}},{"type":"Feature","properties":{"id":1288432232,"m":343,"name":"Sungai Tekali","main":false},"geometry":{"type":"LineString","coordinates":[[101.86766,3.13889],[101.86706,3.13873],[101.8665,3.13803],[101.86638,3.13739],[101.86672,3.13713],[101.86678,3.13668]]}},{"type":"Feature","properties":{"id":1380086867,"m":338,"name":"Sungai Kabul","main":false},"geometry":{"type":"LineString","coordinates":[[101.86339,2.89216],[101.86338,2.88912]]}},{"type":"Feature","properties":{"id":1122660308,"m":336,"name":"Sungai Air Jernih","main":false},"geometry":{"type":"LineString","coordinates":[[101.79486,3.09609],[101.79458,3.09547],[101.79469,3.09513],[101.79389,3.09386],[101.79405,3.09364]]}},{"type":"Feature","properties":{"id":1288767964,"m":331,"name":"Sungai Sering","main":false},"geometry":{"type":"LineString","coordinates":[[101.7657,3.09249],[101.76615,3.09127],[101.76613,3.08961]]}},{"type":"Feature","properties":{"id":800240273,"m":330,"name":"Sungai Rinching","main":false},"geometry":{"type":"LineString","coordinates":[[101.89239,2.94302],[101.8922,2.94127],[101.89157,2.94033]]}},{"type":"Feature","properties":{"id":1380682540,"m":324,"name":"Sungai Panggal","main":false},"geometry":{"type":"LineString","coordinates":[[101.96227,2.90436],[101.96131,2.90303],[101.96025,2.90324]]}},{"type":"Feature","properties":{"id":1380086821,"m":323,"name":"Sungai Machang","main":false},"geometry":{"type":"LineString","coordinates":[[101.90359,2.8675],[101.90301,2.86729],[101.90237,2.86645],[101.90122,2.86634]]}},{"type":"Feature","properties":{"id":1288767970,"m":319,"name":"Sungai Sering","main":false},"geometry":{"type":"LineString","coordinates":[[101.76666,3.08214],[101.76689,3.0819],[101.76787,3.08195],[101.76837,3.08048]]}},{"type":"Feature","properties":{"id":1288767967,"m":315,"name":"Sungai Sering","main":false},"geometry":{"type":"LineString","coordinates":[[101.76385,3.09872],[101.76354,3.09817],[101.7642,3.09737],[101.76465,3.09633]]}},{"type":"Feature","properties":{"id":1379122936,"m":314,"name":"Sungai Rinching","main":false},"geometry":{"type":"LineString","coordinates":[[101.88959,2.93707],[101.8896,2.93614],[101.88902,2.93446]]}},{"type":"Feature","properties":{"id":1287735556,"m":303,"name":"Sungai Gemi","main":false},"geometry":{"type":"LineString","coordinates":[[101.91232,3.14654],[101.91166,3.1466],[101.91215,3.14738],[101.91174,3.14831]]}},{"type":"Feature","properties":{"id":1288432211,"m":302,"name":"Sungai Muchok","main":false},"geometry":{"type":"LineString","coordinates":[[101.83098,3.10355],[101.8309,3.10394],[101.83146,3.10415],[101.83156,3.10576]]}},{"type":"Feature","properties":{"id":1288250410,"m":300,"name":"Sungai Kacau","main":false},"geometry":{"type":"LineString","coordinates":[[101.90758,2.98922],[101.90623,2.98917],[101.90612,2.98893],[101.90539,2.9892]]}},{"type":"Feature","properties":{"id":1122660312,"m":290,"name":"Sungai Air Jernih","main":false},"geometry":{"type":"LineString","coordinates":[[101.79523,3.09258],[101.79591,3.09149],[101.79607,3.09022]]}},{"type":"Feature","properties":{"id":1288767907,"m":288,"name":"Sungai Sering","main":false},"geometry":{"type":"LineString","coordinates":[[101.76637,3.08813],[101.76568,3.08727],[101.76625,3.0859]]}},{"type":"Feature","properties":{"id":800240275,"m":284,"name":"Sungai Rinching","main":false},"geometry":{"type":"LineString","coordinates":[[101.89254,2.94552],[101.89217,2.94429],[101.89242,2.94311]]}},{"type":"Feature","properties":{"id":1380086825,"m":278,"name":"Sungai Machang","main":false},"geometry":{"type":"LineString","coordinates":[[101.8955,2.86837],[101.89316,2.86905]]}},{"type":"Feature","properties":{"id":1380086824,"m":273,"name":"Sungai Machang","main":false},"geometry":{"type":"LineString","coordinates":[[101.90005,2.86754],[101.89776,2.86837]]}},{"type":"Feature","properties":{"id":1380086833,"m":270,"name":"Sungai Jai","main":false},"geometry":{"type":"LineString","coordinates":[[101.92213,2.87962],[101.91999,2.88076]]}},{"type":"Feature","properties":{"id":1288432207,"m":265,"name":"Sungai Muchok","main":false},"geometry":{"type":"LineString","coordinates":[[101.83008,3.1094],[101.83024,3.11175]]}},{"type":"Feature","properties":{"id":1380086779,"m":254,"name":"Sungai Chuho","main":false},"geometry":{"type":"LineString","coordinates":[[101.96454,2.84665],[101.96329,2.84794],[101.96286,2.84809]]}},{"type":"Feature","properties":{"id":1380362800,"m":252,"name":"Sungai Pajam","main":false},"geometry":{"type":"LineString","coordinates":[[101.88484,2.81139],[101.88478,2.81182],[101.88549,2.81185],[101.88613,2.81267]]}},{"type":"Feature","properties":{"id":1380086828,"m":245,"name":"Sungai Machang","main":false},"geometry":{"type":"LineString","coordinates":[[101.89771,2.86837],[101.89648,2.8682],[101.89556,2.86837]]}},{"type":"Feature","properties":{"id":1380086784,"m":231,"name":"Sungai Putih","main":false},"geometry":{"type":"LineString","coordinates":[[101.86828,2.85603],[101.86955,2.85767]]}},{"type":"Feature","properties":{"id":1380086850,"m":230,"name":"Sungai Jai","main":false},"geometry":{"type":"LineString","coordinates":[[101.90742,2.87923],[101.90605,2.87773]]}},{"type":"Feature","properties":{"id":549013996,"m":223,"name":"Sungai Lepo","main":false},"geometry":{"type":"LineString","coordinates":[[101.86718,3.21049],[101.86709,3.21014],[101.86626,3.20955],[101.8662,3.209]]}},{"type":"Feature","properties":{"id":807457650,"m":221,"name":"Sungai Batang Benar","main":false},"geometry":{"type":"LineString","coordinates":[[101.82473,2.8455],[101.82446,2.84651],[101.82467,2.84686],[101.82458,2.84731]]}},{"type":"Feature","properties":{"id":1380086846,"m":218,"name":"Sungai Jai","main":false},"geometry":{"type":"LineString","coordinates":[[101.91061,2.88187],[101.91059,2.87991]]}},{"type":"Feature","properties":{"id":1380086879,"m":218,"name":"Sungai Putih","main":false},"geometry":{"type":"LineString","coordinates":[[101.86977,2.85789],[101.87054,2.85811],[101.87074,2.85917]]}},{"type":"Feature","properties":{"id":1287400642,"m":217,"name":"Sungai Pagoh","main":false},"geometry":{"type":"LineString","coordinates":[[101.88895,3.17441],[101.88849,3.17399],[101.88766,3.17403],[101.88748,3.17364]]}},{"type":"Feature","properties":{"id":494343022,"m":211,"name":"Sungai Langat","main":true},"geometry":{"type":"LineString","coordinates":[[101.88812,3.21096],[101.8863,3.21151]]}},{"type":"Feature","properties":{"id":1207329980,"m":209,"name":"Sungai Batang Benar","main":false},"geometry":{"type":"LineString","coordinates":[[101.82917,2.83535],[101.82998,2.83586],[101.82953,2.83655]]}},{"type":"Feature","properties":{"id":576233369,"m":208,"name":"Sungai Merab Luar","main":false},"geometry":{"type":"LineString","coordinates":[[101.75368,2.91623],[101.7543,2.91504],[101.75476,2.91487]]}},{"type":"Feature","properties":{"id":1247334792,"m":204,"name":"Sungai Long","main":false},"geometry":{"type":"LineString","coordinates":[[101.81343,3.0629],[101.81314,3.06203],[101.81258,3.06135]]}},{"type":"Feature","properties":{"id":1380086874,"m":204,"name":"Sungai Kabul","main":false},"geometry":{"type":"LineString","coordinates":[[101.86337,2.88862],[101.86343,2.8868]]}},{"type":"Feature","properties":{"id":1287944476,"m":201,"name":"Sungai Semenyih","main":false},"geometry":{"type":"LineString","coordinates":[[101.88436,3.07659],[101.88313,3.07527]]}},{"type":"Feature","properties":{"id":487023155,"m":195,"name":"Sungai Raya","main":false},"geometry":{"type":"LineString","coordinates":[[101.76192,3.07357],[101.76259,3.07246],[101.76301,3.07232]]}},{"type":"Feature","properties":{"id":1125387802,"m":195,"name":"Sungai Long","main":false},"geometry":{"type":"LineString","coordinates":[[101.81242,3.0612],[101.81112,3.06003]]}},{"type":"Feature","properties":{"id":806598045,"m":194,"name":"Sungai Tarun","main":false},"geometry":{"type":"LineString","coordinates":[[101.91046,2.93007],[101.90952,2.92964],[101.90968,2.92895]]}},{"type":"Feature","properties":{"id":445308634,"m":191,"name":"Sungai Chelet","main":false},"geometry":{"type":"LineString","coordinates":[[101.77628,2.79788],[101.77626,2.79718],[101.77659,2.79661],[101.77644,2.79633]]}},{"type":"Feature","properties":{"id":1380086782,"m":191,"name":"Sungai Putih","main":false},"geometry":{"type":"LineString","coordinates":[[101.86937,2.85462],[101.86814,2.85578]]}},{"type":"Feature","properties":{"id":800136969,"m":190,"name":"Sungai Mahang","main":false},"geometry":{"type":"LineString","coordinates":[[101.82431,2.84381],[101.82409,2.84451],[101.82442,2.84539]]}},{"type":"Feature","properties":{"id":1122660303,"m":188,"name":"Sungai Serai","main":false},"geometry":{"type":"LineString","coordinates":[[101.79029,3.0939],[101.79047,3.09347],[101.79161,3.09315]]}},{"type":"Feature","properties":{"id":1288767969,"m":180,"name":"Sungai Sering","main":false},"geometry":{"type":"LineString","coordinates":[[101.76407,3.10044],[101.76389,3.09884]]}},{"type":"Feature","properties":{"id":1380086835,"m":179,"name":"Sungai Jai","main":false},"geometry":{"type":"LineString","coordinates":[[101.91989,2.88081],[101.91847,2.88156]]}},{"type":"Feature","properties":{"id":1287326468,"m":177,"name":"Sungai Langat","main":true},"geometry":{"type":"LineString","coordinates":[[101.88967,3.21131],[101.88812,3.21096]]}},{"type":"Feature","properties":{"id":1380362821,"m":165,"name":"Sungai Gebok","main":false},"geometry":{"type":"LineString","coordinates":[[101.85571,2.83261],[101.85644,2.83307],[101.85664,2.83362]]}},{"type":"Feature","properties":{"id":1288308592,"m":163,"name":"Sungai Perdek","main":false},"geometry":{"type":"LineString","coordinates":[[101.84261,3.2002],[101.84362,3.19927]]}},{"type":"Feature","properties":{"id":1288767941,"m":160,"name":"Sungai Raya","main":false},"geometry":{"type":"LineString","coordinates":[[101.75113,3.07859],[101.75244,3.07802]]}},{"type":"Feature","properties":{"id":1288767938,"m":156,"name":"Sungai Raya","main":false},"geometry":{"type":"LineString","coordinates":[[101.75723,3.07625],[101.75855,3.07585]]}},{"type":"Feature","properties":{"id":806940232,"m":155,"name":"Sungai Tarun","main":false},"geometry":{"type":"LineString","coordinates":[[101.90964,2.92856],[101.9096,2.92724]]}},{"type":"Feature","properties":{"id":1288853739,"m":154,"name":"Sungai Michu","main":false},"geometry":{"type":"LineString","coordinates":[[101.80439,3.12296],[101.80489,3.12167]]}},{"type":"Feature","properties":{"id":1288767908,"m":152,"name":"Sungai Sering","main":false},"geometry":{"type":"LineString","coordinates":[[101.76615,3.08947],[101.76637,3.08813]]}},{"type":"Feature","properties":{"id":1363786064,"m":152,"name":"Sungai Serai","main":false},"geometry":{"type":"LineString","coordinates":[[101.79439,3.09135],[101.7955,3.09056]]}},{"type":"Feature","properties":{"id":1380362857,"m":152,"name":"Sungai Batang Benar","main":false},"geometry":{"type":"LineString","coordinates":[[101.83093,2.81003],[101.83061,2.81128]]}},{"type":"Feature","properties":{"id":1288853729,"m":149,"name":"Sungai Michu","main":false},"geometry":{"type":"LineString","coordinates":[[101.80601,3.11451],[101.80623,3.11393],[101.80681,3.11356]]}},{"type":"Feature","properties":{"id":1380086872,"m":144,"name":"Sungai Kabul","main":false},"geometry":{"type":"LineString","coordinates":[[101.86343,2.8868],[101.86284,2.88565]]}},{"type":"Feature","properties":{"id":1380086866,"m":142,"name":"Sungai Kabul","main":false},"geometry":{"type":"LineString","coordinates":[[101.85921,2.89476],[101.86049,2.89478]]}},{"type":"Feature","properties":{"id":1380362830,"m":142,"name":"Sungai Gebok","main":false},"geometry":{"type":"LineString","coordinates":[[101.85535,2.81455],[101.85551,2.81493],[101.85535,2.81531],[101.85559,2.81557]]}},{"type":"Feature","properties":{"id":1207329969,"m":139,"name":"Sungai Batang Benar","main":false},"geometry":{"type":"LineString","coordinates":[[101.82934,2.83409],[101.82954,2.83452],[101.82921,2.8352]]}},{"type":"Feature","properties":{"id":1380086860,"m":135,"name":"Sungai Kabul","main":false},"geometry":{"type":"LineString","coordinates":[[101.85792,2.89474],[101.85913,2.89476]]}},{"type":"Feature","properties":{"id":1380086778,"m":134,"name":"Sungai Lenggeng","main":false},"geometry":{"type":"LineString","coordinates":[[101.95969,2.84226],[101.96022,2.84329]]}},{"type":"Feature","properties":{"id":1287250558,"m":133,"name":"Sungai Pangsun","main":false},"geometry":{"type":"LineString","coordinates":[[101.86335,3.22338],[101.86414,3.2225]]}},{"type":"Feature","properties":{"id":1287400635,"m":131,"name":"Sungai Pagoh","main":false},"geometry":{"type":"LineString","coordinates":[[101.88945,3.17539],[101.88925,3.17458],[101.88899,3.17447]]}},{"type":"Feature","properties":{"id":1382445505,"m":126,"name":"Sungai Bangkong","main":false},"geometry":{"type":"LineString","coordinates":[[101.90423,2.80919],[101.90495,2.81006]]}},{"type":"Feature","properties":{"id":1380086789,"m":124,"name":"Sungai Sompo","main":false},"geometry":{"type":"LineString","coordinates":[[101.93654,2.83673],[101.93735,2.83749]]}},{"type":"Feature","properties":{"id":1379122933,"m":122,"name":"Sungai Rinching","main":false},"geometry":{"type":"LineString","coordinates":[[101.89153,2.94029],[101.89085,2.93944]]}},{"type":"Feature","properties":{"id":1207329975,"m":120,"name":"Sungai Batang Benar","main":false},"geometry":{"type":"LineString","coordinates":[[101.82843,2.83083],[101.82876,2.83185]]}},{"type":"Feature","properties":{"id":1122660296,"m":118,"name":"Sungai Serai","main":false},"geometry":{"type":"LineString","coordinates":[[101.79553,3.09054],[101.79607,3.09022],[101.79614,3.0898]]}},{"type":"Feature","properties":{"id":1288393579,"m":116,"name":"Sungai Makau","main":false},"geometry":{"type":"LineString","coordinates":[[101.83359,3.1169],[101.83262,3.11674]]}},{"type":"Feature","properties":{"id":1380086853,"m":111,"name":"Sungai Jai","main":false},"geometry":{"type":"LineString","coordinates":[[101.88635,2.87459],[101.8854,2.87465]]}},{"type":"Feature","properties":{"id":1380086797,"m":110,"name":"Sungai Sompo","main":false},"geometry":{"type":"LineString","coordinates":[[101.93191,2.83258],[101.93241,2.83263],[101.9326,2.83304]]}},{"type":"Feature","properties":{"id":1288767943,"m":108,"name":"Sungai Raya","main":false},"geometry":{"type":"LineString","coordinates":[[101.74997,3.07952],[101.75067,3.07889]]}},{"type":"Feature","properties":{"id":1288767946,"m":107,"name":"Sungai Raya","main":false},"geometry":{"type":"LineString","coordinates":[[101.75641,3.07699],[101.75711,3.07636]]}},{"type":"Feature","properties":{"id":1207329971,"m":106,"name":"Sungai Batang Benar","main":false},"geometry":{"type":"LineString","coordinates":[[101.82918,2.83296],[101.82929,2.8339]]}},{"type":"Feature","properties":{"id":1380634034,"m":106,"name":"Suak Mengkarang","main":false},"geometry":{"type":"LineString","coordinates":[[101.87598,2.9019],[101.87654,2.90113]]}},{"type":"Feature","properties":{"id":1380362798,"m":105,"name":"Sungai Pajam","main":false},"geometry":{"type":"LineString","coordinates":[[101.88616,2.81275],[101.88618,2.81367]]}},{"type":"Feature","properties":{"id":487023154,"m":103,"name":"Sungai Raya","main":false},"geometry":{"type":"LineString","coordinates":[[101.76301,3.07232],[101.76388,3.07201]]}},{"type":"Feature","properties":{"id":1207329973,"m":98,"name":"Sungai Batang Benar","main":false},"geometry":{"type":"LineString","coordinates":[[101.82882,2.83202],[101.82913,2.83284]]}},{"type":"Feature","properties":{"id":1115300050,"m":96,"name":"Sungai Lepuh","main":false},"geometry":{"type":"LineString","coordinates":[[101.86482,3.21891],[101.86538,3.21832]]}},{"type":"Feature","properties":{"id":1288839573,"m":95,"name":"Sungai Michu","main":false},"geometry":{"type":"LineString","coordinates":[[101.81195,3.10902],[101.81213,3.1082]]}},{"type":"Feature","properties":{"id":1380086799,"m":90,"name":"Sungai Sompo","main":false},"geometry":{"type":"LineString","coordinates":[[101.93115,2.83213],[101.93183,2.83257]]}},{"type":"Feature","properties":{"id":1363786066,"m":89,"name":"Sungai Air Jernih","main":false},"geometry":{"type":"LineString","coordinates":[[101.79443,3.0931],[101.79508,3.09268]]}},{"type":"Feature","properties":{"id":487023152,"m":88,"name":"Sungai Raya","main":false},"geometry":{"type":"LineString","coordinates":[[101.76411,3.07189],[101.76481,3.07152]]}},{"type":"Feature","properties":{"id":576233368,"m":88,"name":"Sungai Merab Luar","main":false},"geometry":{"type":"LineString","coordinates":[[101.7535,2.917],[101.75368,2.91623]]}},{"type":"Feature","properties":{"id":1288438835,"m":86,"name":"Sungai Kapur","main":false},"geometry":{"type":"LineString","coordinates":[[101.83624,3.11103],[101.83576,3.11158]]}},{"type":"Feature","properties":{"id":1379122934,"m":84,"name":"Sungai Rinching","main":false},"geometry":{"type":"LineString","coordinates":[[101.83073,2.91347],[101.82998,2.91354]]}},{"type":"Feature","properties":{"id":445308633,"m":81,"name":"Sungai Sekah","main":false},"geometry":{"type":"LineString","coordinates":[[101.79253,2.80229],[101.79189,2.80196]]}},{"type":"Feature","properties":{"id":806933793,"m":79,"name":"Sungai Broga","main":false},"geometry":{"type":"LineString","coordinates":[[101.91035,2.92856],[101.90964,2.92856]]}},{"type":"Feature","properties":{"id":1288432204,"m":79,"name":"Sungai Tekali","main":false},"geometry":{"type":"LineString","coordinates":[[101.86549,3.11644],[101.86558,3.11622],[101.86524,3.11596]]}},{"type":"Feature","properties":{"id":1380086873,"m":79,"name":"Sungai Kabul","main":false},"geometry":{"type":"LineString","coordinates":[[101.86266,2.88512],[101.86253,2.88442]]}},{"type":"Feature","properties":{"id":1380362808,"m":78,"name":"Sungai Setul","main":false},"geometry":{"type":"LineString","coordinates":[[101.91914,2.79188],[101.91918,2.79257]]}},{"type":"Feature","properties":{"id":1380362801,"m":77,"name":"Sungai Gebok","main":false},"geometry":{"type":"LineString","coordinates":[[101.85562,2.81561],[101.85565,2.81623]]}},{"type":"Feature","properties":{"id":1380086793,"m":76,"name":"Sungai Sompo","main":false},"geometry":{"type":"LineString","coordinates":[[101.93572,2.83555],[101.93613,2.8361]]}},{"type":"Feature","properties":{"id":1380086807,"m":75,"name":"Sungai Sompo","main":false},"geometry":{"type":"LineString","coordinates":[[101.92732,2.82779],[101.9278,2.82826]]}},{"type":"Feature","properties":{"id":1380086801,"m":72,"name":"Sungai Sompo","main":false},"geometry":{"type":"LineString","coordinates":[[101.93051,2.83173],[101.93106,2.83207]]}},{"type":"Feature","properties":{"id":1207457029,"m":63,"name":"Sungai Batang Benar","main":false},"geometry":{"type":"LineString","coordinates":[[101.82893,2.81518],[101.8284,2.81503]]}},{"type":"Feature","properties":{"id":1380086871,"m":63,"name":"Sungai Kabul","main":false},"geometry":{"type":"LineString","coordinates":[[101.86284,2.88565],[101.86266,2.88512]]}},{"type":"Feature","properties":{"id":1288767942,"m":61,"name":"Sungai Raya","main":false},"geometry":{"type":"LineString","coordinates":[[101.75067,3.07889],[101.75113,3.07859]]}},{"type":"Feature","properties":{"id":1380086791,"m":61,"name":"Sungai Sompo","main":false},"geometry":{"type":"LineString","coordinates":[[101.9362,2.83621],[101.93651,2.83666]]}},{"type":"Feature","properties":{"id":1120963958,"m":60,"name":"Sungai Perdek","main":false},"geometry":{"type":"LineString","coordinates":[[101.85702,3.18084],[101.85716,3.18032]]}},{"type":"Feature","properties":{"id":1380086864,"m":59,"name":"Sungai Kabul","main":false},"geometry":{"type":"LineString","coordinates":[[101.85678,2.89472],[101.85731,2.89473]]}},{"type":"Feature","properties":{"id":1380634029,"m":59,"name":"Suak Mengkarang","main":false},"geometry":{"type":"LineString","coordinates":[[101.87768,2.90064],[101.87816,2.90041]]}},{"type":"Feature","properties":{"id":1122660305,"m":58,"name":"Sungai Air Jernih","main":false},"geometry":{"type":"LineString","coordinates":[[101.79409,3.09359],[101.79438,3.09316]]}},{"type":"Feature","properties":{"id":1122660298,"m":56,"name":"Sungai Serai","main":false},"geometry":{"type":"LineString","coordinates":[[101.79616,3.08974],[101.79633,3.08927]]}},{"type":"Feature","properties":{"id":1380086803,"m":56,"name":"Sungai Sompo","main":false},"geometry":{"type":"LineString","coordinates":[[101.92999,2.83134],[101.93039,2.83165]]}},{"type":"Feature","properties":{"id":1380086869,"m":56,"name":"Sungai Kabul","main":false},"geometry":{"type":"LineString","coordinates":[[101.86338,2.88912],[101.86337,2.88862]]}},{"type":"Feature","properties":{"id":1380362823,"m":51,"name":"Sungai Gebok","main":false},"geometry":{"type":"LineString","coordinates":[[101.8549,2.82897],[101.855,2.82942]]}},{"type":"Feature","properties":{"id":800240270,"m":49,"name":"Sungai Rinching","main":false},"geometry":{"type":"LineString","coordinates":[[101.88969,2.9375],[101.88959,2.93707]]}},{"type":"Feature","properties":{"id":807457647,"m":49,"name":"Sungai Batang Benar","main":false},"geometry":{"type":"LineString","coordinates":[[101.82456,2.84747],[101.82453,2.84791]]}},{"type":"Feature","properties":{"id":1380086849,"m":48,"name":"Sungai Jai","main":false},"geometry":{"type":"LineString","coordinates":[[101.91059,2.87991],[101.91059,2.87948]]}},{"type":"Feature","properties":{"id":1381362166,"m":48,"name":"Sungai Chuping","main":false},"geometry":{"type":"LineString","coordinates":[[101.97608,2.84187],[101.97592,2.84147]]}},{"type":"Feature","properties":{"id":1288767935,"m":46,"name":"Sungai Raya","main":false},"geometry":{"type":"LineString","coordinates":[[101.75887,3.07577],[101.75927,3.07568]]}},{"type":"Feature","properties":{"id":1380086834,"m":44,"name":"Sungai Jai","main":false},"geometry":{"type":"LineString","coordinates":[[101.92249,2.87945],[101.92213,2.87962]]}},{"type":"Feature","properties":{"id":1380086841,"m":44,"name":"Sungai Jai","main":false},"geometry":{"type":"LineString","coordinates":[[101.91064,2.88226],[101.91061,2.88187]]}},{"type":"Feature","properties":{"id":1380086862,"m":43,"name":"Sungai Kabul","main":false},"geometry":{"type":"LineString","coordinates":[[101.85738,2.89473],[101.85777,2.89474]]}},{"type":"Feature","properties":{"id":1380634033,"m":43,"name":"Suak Mengkarang","main":false},"geometry":{"type":"LineString","coordinates":[[101.87654,2.90113],[101.8769,2.90099]]}},{"type":"Feature","properties":{"id":444924935,"m":42,"name":"Sungai Air Hitam","main":false},"geometry":{"type":"LineString","coordinates":[[101.75558,2.95666],[101.75595,2.95672]]}},{"type":"Feature","properties":{"id":1288360374,"m":42,"name":"Sungai Gahal","main":false},"geometry":{"type":"LineString","coordinates":[[101.81378,3.13927],[101.81363,3.13892]]}},{"type":"Feature","properties":{"id":1288839574,"m":42,"name":"Sungai Michu","main":false},"geometry":{"type":"LineString","coordinates":[[101.81185,3.10938],[101.81195,3.10902]]}},{"type":"Feature","properties":{"id":1380634030,"m":42,"name":"Suak Mengkarang","main":false},"geometry":{"type":"LineString","coordinates":[[101.87734,2.90081],[101.87768,2.90064]]}},{"type":"Feature","properties":{"id":1380086827,"m":40,"name":"Sungai Machang","main":false},"geometry":{"type":"LineString","coordinates":[[101.89316,2.86905],[101.8928,2.8691]]}},{"type":"Feature","properties":{"id":1380634031,"m":39,"name":"Suak Mengkarang","main":false},"geometry":{"type":"LineString","coordinates":[[101.87702,2.90095],[101.87734,2.90081]]}},{"type":"Feature","properties":{"id":1288767965,"m":38,"name":"Sungai Sering","main":false},"geometry":{"type":"LineString","coordinates":[[101.76562,3.09282],[101.7657,3.09249]]}},{"type":"Feature","properties":{"id":1080109023,"m":37,"name":"Sungai Ramal","main":false},"geometry":{"type":"LineString","coordinates":[[101.75415,2.99127],[101.75418,2.9916]]}},{"type":"Feature","properties":{"id":1288767936,"m":37,"name":"Sungai Raya","main":false},"geometry":{"type":"LineString","coordinates":[[101.75855,3.07585],[101.75887,3.07577]]}},{"type":"Feature","properties":{"id":1288767940,"m":37,"name":"Sungai Raya","main":false},"geometry":{"type":"LineString","coordinates":[[101.75244,3.07802],[101.75276,3.07793]]}},{"type":"Feature","properties":{"id":1288432214,"m":36,"name":"Sungai Tekali","main":false},"geometry":{"type":"LineString","coordinates":[[101.86601,3.12322],[101.8658,3.12297]]}},{"type":"Feature","properties":{"id":807457649,"m":35,"name":"Sungai Batang Benar","main":false},"geometry":{"type":"LineString","coordinates":[[101.82453,2.84791],[101.82462,2.84821]]}},{"type":"Feature","properties":{"id":1380086854,"m":35,"name":"Sungai Jai","main":false},"geometry":{"type":"LineString","coordinates":[[101.88663,2.87445],[101.88635,2.87459]]}},{"type":"Feature","properties":{"id":1380086880,"m":35,"name":"Sungai Putih","main":false},"geometry":{"type":"LineString","coordinates":[[101.86955,2.85767],[101.86977,2.85789]]}},{"type":"Feature","properties":{"id":1379122941,"m":34,"name":"Sungai Saringgit","main":false},"geometry":{"type":"LineString","coordinates":[[101.85795,2.94616],[101.85767,2.94629]]}},{"type":"Feature","properties":{"id":800136972,"m":33,"name":"Sungai Mahang","main":false},"geometry":{"type":"LineString","coordinates":[[101.8244,2.84353],[101.82431,2.84381]]}},{"type":"Feature","properties":{"id":1380086785,"m":32,"name":"Sungai Putih","main":false},"geometry":{"type":"LineString","coordinates":[[101.86814,2.85578],[101.86828,2.85603]]}},{"type":"Feature","properties":{"id":1288360382,"m":31,"name":"Sungai Gahal","main":false},"geometry":{"type":"LineString","coordinates":[[101.81504,3.14562],[101.81497,3.14537]]}},{"type":"Feature","properties":{"id":487023153,"m":29,"name":"Sungai Raya","main":false},"geometry":{"type":"LineString","coordinates":[[101.76388,3.07201],[101.76411,3.07189]]}},{"type":"Feature","properties":{"id":1287691544,"m":28,"name":"Sungai Kenung","main":false},"geometry":{"type":"LineString","coordinates":[[101.90112,3.16297],[101.90117,3.16272]]}},{"type":"Feature","properties":{"id":1288308593,"m":28,"name":"Sungai Perdek","main":false},"geometry":{"type":"LineString","coordinates":[[101.84236,3.20022],[101.84261,3.2002]]}},{"type":"Feature","properties":{"id":1379122935,"m":28,"name":"Sungai Rinching","main":false},"geometry":{"type":"LineString","coordinates":[[101.88902,2.93446],[101.88899,2.93421]]}},{"type":"Feature","properties":{"id":1380086831,"m":28,"name":"Sungai Machang","main":false},"geometry":{"type":"LineString","coordinates":[[101.88497,2.86986],[101.88473,2.86992]]}},{"type":"Feature","properties":{"id":1418023370,"m":28,"name":"Sungai Raya","main":false},"geometry":{"type":"LineString","coordinates":[[101.77148,3.06791],[101.77173,3.06796]]}},{"type":"Feature","properties":{"id":487023151,"m":27,"name":"Sungai Raya","main":false},"geometry":{"type":"LineString","coordinates":[[101.76481,3.07152],[101.76491,3.0713]]}},{"type":"Feature","properties":{"id":800136971,"m":27,"name":"Sungai Mahang","main":false},"geometry":{"type":"LineString","coordinates":[[101.82359,2.83874],[101.82373,2.83894]]}},{"type":"Feature","properties":{"id":806598046,"m":27,"name":"Sungai Tarun","main":false},"geometry":{"type":"LineString","coordinates":[[101.91064,2.93023],[101.91046,2.93007]]}},{"type":"Feature","properties":{"id":806933792,"m":27,"name":"Sungai Tarun","main":false},"geometry":{"type":"LineString","coordinates":[[101.90968,2.92895],[101.90967,2.92871]]}},{"type":"Feature","properties":{"id":1288432206,"m":27,"name":"Sungai Muchok","main":false},"geometry":{"type":"LineString","coordinates":[[101.83024,3.11175],[101.83025,3.11199]]}},{"type":"Feature","properties":{"id":1379122944,"m":26,"name":"Sungai Saringgit","main":false},"geometry":{"type":"LineString","coordinates":[[101.86207,2.94677],[101.86193,2.94658]]}},{"type":"Feature","properties":{"id":593182435,"m":25,"name":"Sungai Sekamat","main":false},"geometry":{"type":"LineString","coordinates":[[101.77599,3.02058],[101.77578,3.0205]]}},{"type":"Feature","properties":{"id":1288767937,"m":25,"name":"Sungai Raya","main":false},"geometry":{"type":"LineString","coordinates":[[101.75927,3.07568],[101.75949,3.07564]]}},{"type":"Feature","properties":{"id":1247334793,"m":24,"name":"Sungai Long","main":false},"geometry":{"type":"LineString","coordinates":[[101.81258,3.06135],[101.81242,3.0612]]}},{"type":"Feature","properties":{"id":1380086783,"m":24,"name":"Sungai Putih","main":false},"geometry":{"type":"LineString","coordinates":[[101.86951,2.85446],[101.86937,2.85462]]}},{"type":"Feature","properties":{"id":800136968,"m":23,"name":"Sungai Mahang","main":false},"geometry":{"type":"LineString","coordinates":[[101.82442,2.84539],[101.82461,2.84546]]}},{"type":"Feature","properties":{"id":1288360376,"m":23,"name":"Sungai Gahal","main":false},"geometry":{"type":"LineString","coordinates":[[101.81386,3.13953],[101.81381,3.13933]]}},{"type":"Feature","properties":{"id":1207329970,"m":22,"name":"Sungai Batang Benar","main":false},"geometry":{"type":"LineString","coordinates":[[101.82929,2.8339],[101.82934,2.83409]]}},{"type":"Feature","properties":{"id":1288438837,"m":22,"name":"Sungai Kapur","main":false},"geometry":{"type":"LineString","coordinates":[[101.83741,3.10155],[101.83741,3.10175]]}},{"type":"Feature","properties":{"id":1363786065,"m":22,"name":"Sungai Serai","main":false},"geometry":{"type":"LineString","coordinates":[[101.79421,3.09144],[101.79439,3.09135]]}},{"type":"Feature","properties":{"id":1380086878,"m":22,"name":"Sungai Putih","main":false},"geometry":{"type":"LineString","coordinates":[[101.87074,2.85917],[101.87078,2.85936]]}},{"type":"Feature","properties":{"id":1207457026,"m":21,"name":"Sungai Batang Benar","main":false},"geometry":{"type":"LineString","coordinates":[[101.83061,2.81128],[101.83068,2.81146]]}},{"type":"Feature","properties":{"id":1288438836,"m":21,"name":"Sungai Kapur","main":false},"geometry":{"type":"LineString","coordinates":[[101.83631,3.11085],[101.83624,3.11103]]}},{"type":"Feature","properties":{"id":1207329974,"m":20,"name":"Sungai Batang Benar","main":false},"geometry":{"type":"LineString","coordinates":[[101.82876,2.83185],[101.82882,2.83202]]}},{"type":"Feature","properties":{"id":1207329976,"m":20,"name":"Sungai Batang Benar","main":false},"geometry":{"type":"LineString","coordinates":[[101.82837,2.83066],[101.82843,2.83083]]}},{"type":"Feature","properties":{"id":1363786067,"m":20,"name":"Sungai Air Jernih","main":false},"geometry":{"type":"LineString","coordinates":[[101.79508,3.09268],[101.79523,3.09258]]}},{"type":"Feature","properties":{"id":1380086804,"m":20,"name":"Sungai Sompo","main":false},"geometry":{"type":"LineString","coordinates":[[101.92986,2.83122],[101.92999,2.83134]]}},{"type":"Feature","properties":{"id":1380086868,"m":20,"name":"Sungai Kabul","main":false},"geometry":{"type":"LineString","coordinates":[[101.86339,2.89234],[101.86339,2.89216]]}},{"type":"Feature","properties":{"id":445308631,"m":19,"name":"Sungai Chelet","main":false},"geometry":{"type":"LineString","coordinates":[[101.77626,2.79805],[101.77628,2.79788]]}},{"type":"Feature","properties":{"id":549013997,"m":19,"name":"Sungai Lepo","main":false},"geometry":{"type":"LineString","coordinates":[[101.8672,3.21066],[101.86718,3.21049]]}},{"type":"Feature","properties":{"id":1288250408,"m":19,"name":"Sungai Kacau","main":false},"geometry":{"type":"LineString","coordinates":[[101.90193,2.98947],[101.90185,2.98958]]}},{"type":"Feature","properties":{"id":807457648,"m":18,"name":"Sungai Batang Benar","main":false},"geometry":{"type":"LineString","coordinates":[[101.82458,2.84731],[101.82456,2.84747]]}},{"type":"Feature","properties":{"id":1288767948,"m":18,"name":"Sungai Raya","main":false},"geometry":{"type":"LineString","coordinates":[[101.75711,3.07636],[101.75723,3.07625]]}},{"type":"Feature","properties":{"id":1288853734,"m":18,"name":"Sungai Michu","main":false},"geometry":{"type":"LineString","coordinates":[[101.80883,3.11199],[101.80895,3.11188]]}},{"type":"Feature","properties":{"id":1380086820,"m":18,"name":"Sungai Machang","main":false},"geometry":{"type":"LineString","coordinates":[[101.93429,2.87223],[101.93426,2.87207]]}},{"type":"Feature","properties":{"id":806933791,"m":17,"name":"Sungai Tarun","main":false},"geometry":{"type":"LineString","coordinates":[[101.90967,2.92871],[101.90964,2.92856]]}},{"type":"Feature","properties":{"id":1122660302,"m":17,"name":"Sungai Serai","main":false},"geometry":{"type":"LineString","coordinates":[[101.79161,3.09315],[101.79171,3.09304]]}},{"type":"Feature","properties":{"id":1207329968,"m":17,"name":"Sungai Batang Benar","main":false},"geometry":{"type":"LineString","coordinates":[[101.82921,2.8352],[101.82917,2.83535]]}},{"type":"Feature","properties":{"id":1287691545,"m":17,"name":"Sungai Kenung","main":false},"geometry":{"type":"LineString","coordinates":[[101.90108,3.16312],[101.90112,3.16297]]}},{"type":"Feature","properties":{"id":1288432209,"m":17,"name":"Sungai Muchok","main":false},"geometry":{"type":"LineString","coordinates":[[101.83011,3.10925],[101.83008,3.1094]]}},{"type":"Feature","properties":{"id":1380086861,"m":17,"name":"Sungai Kabul","main":false},"geometry":{"type":"LineString","coordinates":[[101.85777,2.89474],[101.85792,2.89474]]}},{"type":"Feature","properties":{"id":492822805,"m":16,"name":"Sungai Semenyih","main":false},"geometry":{"type":"LineString","coordinates":[[101.87855,3.06658],[101.87843,3.0665]]}},{"type":"Feature","properties":{"id":806940231,"m":16,"name":"Sungai Tarun","main":false},"geometry":{"type":"LineString","coordinates":[[101.9096,2.92724],[101.90955,2.92711]]}},{"type":"Feature","properties":{"id":1288432231,"m":16,"name":"Sungai Tekali","main":false},"geometry":{"type":"LineString","coordinates":[[101.8678,3.13891],[101.86766,3.13889]]}},{"type":"Feature","properties":{"id":1288767909,"m":16,"name":"Sungai Sering","main":false},"geometry":{"type":"LineString","coordinates":[[101.76613,3.08961],[101.76615,3.08947]]}},{"type":"Feature","properties":{"id":1288767966,"m":16,"name":"Sungai Sering","main":false},"geometry":{"type":"LineString","coordinates":[[101.76465,3.09633],[101.76469,3.09619]]}},{"type":"Feature","properties":{"id":1380086802,"m":16,"name":"Sungai Sompo","main":false},"geometry":{"type":"LineString","coordinates":[[101.93039,2.83165],[101.93051,2.83173]]}},{"type":"Feature","properties":{"id":1380086837,"m":16,"name":"Sungai Jai","main":false},"geometry":{"type":"LineString","coordinates":[[101.91847,2.88156],[101.91834,2.88162]]}},{"type":"Feature","properties":{"id":1380086858,"m":16,"name":"Sungai Jai","main":false},"geometry":{"type":"LineString","coordinates":[[101.87953,2.87455],[101.87941,2.87447]]}},{"type":"Feature","properties":{"id":1380086792,"m":15,"name":"Sungai Sompo","main":false},"geometry":{"type":"LineString","coordinates":[[101.93613,2.8361],[101.9362,2.83621]]}},{"type":"Feature","properties":{"id":1380086806,"m":15,"name":"Sungai Sompo","main":false},"geometry":{"type":"LineString","coordinates":[[101.9278,2.82826],[101.9279,2.82835]]}},{"type":"Feature","properties":{"id":1380621484,"m":15,"name":"Sungai Biah","main":false},"geometry":{"type":"LineString","coordinates":[[101.90135,2.83705],[101.90122,2.83709]]}},{"type":"Feature","properties":{"id":1207329967,"m":14,"name":"Sungai Batang Benar","main":false},"geometry":{"type":"LineString","coordinates":[[101.82953,2.83655],[101.82953,2.83668]]}},{"type":"Feature","properties":{"id":1207329972,"m":14,"name":"Sungai Batang Benar","main":false},"geometry":{"type":"LineString","coordinates":[[101.82913,2.83284],[101.82918,2.83296]]}},{"type":"Feature","properties":{"id":1287406069,"m":14,"name":"Sungai Chinarek","main":false},"geometry":{"type":"LineString","coordinates":[[101.88192,3.1629],[101.88184,3.163]]}},{"type":"Feature","properties":{"id":1288225762,"m":14,"name":"Sungai Lalang","main":false},"geometry":{"type":"LineString","coordinates":[[101.88123,2.99801],[101.88111,2.99797]]}},{"type":"Feature","properties":{"id":1288432210,"m":14,"name":"Sungai Muchok","main":false},"geometry":{"type":"LineString","coordinates":[[101.83156,3.10576],[101.8316,3.10588]]}},{"type":"Feature","properties":{"id":1288767968,"m":14,"name":"Sungai Sering","main":false},"geometry":{"type":"LineString","coordinates":[[101.76389,3.09884],[101.76385,3.09872]]}},{"type":"Feature","properties":{"id":1380086856,"m":14,"name":"Sungai Jai","main":false},"geometry":{"type":"LineString","coordinates":[[101.8854,2.87465],[101.88528,2.87469]]}},{"type":"Feature","properties":{"id":1380362858,"m":14,"name":"Sungai Mahang","main":false},"geometry":{"type":"LineString","coordinates":[[101.82461,2.84546],[101.82473,2.8455]]}},{"type":"Feature","properties":{"id":1380634032,"m":14,"name":"Suak Mengkarang","main":false},"geometry":{"type":"LineString","coordinates":[[101.8769,2.90099],[101.87702,2.90095]]}},{"type":"Feature","properties":{"id":1288308591,"m":13,"name":"Sungai Perdek","main":false},"geometry":{"type":"LineString","coordinates":[[101.84362,3.19927],[101.84369,3.19918]]}},{"type":"Feature","properties":{"id":1288432236,"m":13,"name":"Sungai Tekali","main":false},"geometry":{"type":"LineString","coordinates":[[101.86678,3.13668],[101.86684,3.13658]]}},{"type":"Feature","properties":{"id":1380086788,"m":13,"name":"Sungai Sompo","main":false},"geometry":{"type":"LineString","coordinates":[[101.93735,2.83749],[101.93745,2.83755]]}},{"type":"Feature","properties":{"id":1380086794,"m":13,"name":"Sungai Sompo","main":false},"geometry":{"type":"LineString","coordinates":[[101.93565,2.83546],[101.93572,2.83555]]}},{"type":"Feature","properties":{"id":1380086865,"m":13,"name":"Sungai Kabul","main":false},"geometry":{"type":"LineString","coordinates":[[101.86049,2.89478],[101.86061,2.89478]]}},{"type":"Feature","properties":{"id":800240276,"m":12,"name":"Sungai Rinching","main":false},"geometry":{"type":"LineString","coordinates":[[101.8926,2.94561],[101.89254,2.94552]]}},{"type":"Feature","properties":{"id":806933794,"m":12,"name":"Sungai Broga","main":false},"geometry":{"type":"LineString","coordinates":[[101.91044,2.92862],[101.91035,2.92856]]}},{"type":"Feature","properties":{"id":882870494,"m":12,"name":"Sungai Palembang","main":false},"geometry":{"type":"LineString","coordinates":[[101.74007,2.82879],[101.74004,2.82889]]}},{"type":"Feature","properties":{"id":1288448993,"m":12,"name":"Sungai Tekali","main":false},"geometry":{"type":"LineString","coordinates":[[101.837,3.11154],[101.83697,3.11144]]}},{"type":"Feature","properties":{"id":1379122938,"m":12,"name":"Sungai Saringgit","main":false},"geometry":{"type":"LineString","coordinates":[[101.87872,2.95557],[101.87862,2.95554]]}},{"type":"Feature","properties":{"id":1380086777,"m":12,"name":"Sungai Lenggeng","main":false},"geometry":{"type":"LineString","coordinates":[[101.96022,2.84329],[101.96028,2.84338]]}},{"type":"Feature","properties":{"id":1380086800,"m":12,"name":"Sungai Sompo","main":false},"geometry":{"type":"LineString","coordinates":[[101.93106,2.83207],[101.93115,2.83213]]}},{"type":"Feature","properties":{"id":1380086836,"m":12,"name":"Sungai Jai","main":false},"geometry":{"type":"LineString","coordinates":[[101.91999,2.88076],[101.91989,2.88081]]}},{"type":"Feature","properties":{"id":1380634028,"m":12,"name":"Suak Mengkarang","main":false},"geometry":{"type":"LineString","coordinates":[[101.87816,2.90041],[101.87826,2.90037]]}},{"type":"Feature","properties":{"id":800240274,"m":11,"name":"Sungai Rinching","main":false},"geometry":{"type":"LineString","coordinates":[[101.89242,2.94311],[101.89239,2.94302]]}},{"type":"Feature","properties":{"id":1120013526,"m":11,"name":"Sungai Semenyih","main":false},"geometry":{"type":"LineString","coordinates":[[101.87231,3.04994],[101.87221,3.04993]]}},{"type":"Feature","properties":{"id":1207329978,"m":11,"name":"Sungai Batang Benar","main":false},"geometry":{"type":"LineString","coordinates":[[101.82677,2.82433],[101.82678,2.82443]]}},{"type":"Feature","properties":{"id":1287400637,"m":11,"name":"Sungai Pagoh","main":false},"geometry":{"type":"LineString","coordinates":[[101.88748,3.17364],[101.88748,3.17354]]}},{"type":"Feature","properties":{"id":1288250407,"m":11,"name":"Sungai Kacau","main":false},"geometry":{"type":"LineString","coordinates":[[101.90185,2.98958],[101.90179,2.98966]]}},{"type":"Feature","properties":{"id":1288250414,"m":11,"name":"Sungai Kacau","main":false},"geometry":{"type":"LineString","coordinates":[[101.89006,2.99895],[101.89002,2.99904]]}},{"type":"Feature","properties":{"id":1288432205,"m":11,"name":"Sungai Tekali","main":false},"geometry":{"type":"LineString","coordinates":[[101.86539,3.11645],[101.86549,3.11644]]}},{"type":"Feature","properties":{"id":1379122970,"m":11,"name":"Sungai Tarun","main":false},"geometry":{"type":"LineString","coordinates":[[101.91112,2.94573],[101.91109,2.94564]]}},{"type":"Feature","properties":{"id":1207457030,"m":10,"name":"Sungai Batang Benar","main":false},"geometry":{"type":"LineString","coordinates":[[101.829,2.81524],[101.82893,2.81518]]}},{"type":"Feature","properties":{"id":1287735565,"m":10,"name":"Sungai Gemi","main":false},"geometry":{"type":"LineString","coordinates":[[101.90547,3.13881],[101.9055,3.13889]]}},{"type":"Feature","properties":{"id":1288360381,"m":10,"name":"Sungai Gahal","main":false},"geometry":{"type":"LineString","coordinates":[[101.81497,3.14537],[101.81495,3.14528]]}},{"type":"Feature","properties":{"id":1288853732,"m":10,"name":"Sungai Michu","main":false},"geometry":{"type":"LineString","coordinates":[[101.80681,3.11356],[101.80689,3.11351]]}},{"type":"Feature","properties":{"id":1379122939,"m":10,"name":"Sungai Tarun","main":false},"geometry":{"type":"LineString","coordinates":[[101.91089,2.94225],[101.91081,2.94221]]}},{"type":"Feature","properties":{"id":1379122949,"m":10,"name":"Sungai Saringgit","main":false},"geometry":{"type":"LineString","coordinates":[[101.88863,2.95917],[101.88855,2.95914]]}},{"type":"Feature","properties":{"id":1380086786,"m":10,"name":"Sungai Sompo","main":false},"geometry":{"type":"LineString","coordinates":[[101.9423,2.84127],[101.94232,2.84136]]}},{"type":"Feature","properties":{"id":1380362799,"m":10,"name":"Sungai Pajam","main":false},"geometry":{"type":"LineString","coordinates":[[101.88613,2.81267],[101.88616,2.81275]]}},{"type":"Feature","properties":{"id":1380362807,"m":10,"name":"Sungai Setul","main":false},"geometry":{"type":"LineString","coordinates":[[101.91918,2.79257],[101.91926,2.79261]]}},{"type":"Feature","properties":{"id":1380362825,"m":10,"name":"Sungai Gebok","main":false},"geometry":{"type":"LineString","coordinates":[[101.8547,2.82319],[101.85476,2.82326]]}},{"type":"Feature","properties":{"id":1380362827,"m":10,"name":"Sungai Gebok","main":false},"geometry":{"type":"LineString","coordinates":[[101.85503,2.82051],[101.85499,2.82059]]}},{"type":"Feature","properties":{"id":1207457028,"m":9,"name":"Sungai Batang Benar","main":false},"geometry":{"type":"LineString","coordinates":[[101.8284,2.81503],[101.82836,2.8151]]}},{"type":"Feature","properties":{"id":1287674256,"m":9,"name":"Sungai Tuntung","main":false},"geometry":{"type":"LineString","coordinates":[[101.89587,3.15059],[101.89579,3.15062]]}},{"type":"Feature","properties":{"id":1380086798,"m":9,"name":"Sungai Sompo","main":false},"geometry":{"type":"LineString","coordinates":[[101.93183,2.83257],[101.93191,2.83258]]}},{"type":"Feature","properties":{"id":1380086859,"m":9,"name":"Sungai Kabul","main":false},"geometry":{"type":"LineString","coordinates":[[101.85913,2.89476],[101.85921,2.89476]]}},{"type":"Feature","properties":{"id":445308632,"m":8,"name":"Sungai Sekah","main":false},"geometry":{"type":"LineString","coordinates":[[101.79189,2.80196],[101.79183,2.80192]]}},{"type":"Feature","properties":{"id":1287400634,"m":8,"name":"Sungai Pagoh","main":false},"geometry":{"type":"LineString","coordinates":[[101.88899,3.17447],[101.88895,3.17441]]}},{"type":"Feature","properties":{"id":1288432213,"m":8,"name":"Sungai Tekali","main":false},"geometry":{"type":"LineString","coordinates":[[101.8658,3.12297],[101.86573,3.12294]]}},{"type":"Feature","properties":{"id":1288432215,"m":8,"name":"Sungai Tekali","main":false},"geometry":{"type":"LineString","coordinates":[[101.86605,3.12328],[101.86601,3.12322]]}},{"type":"Feature","properties":{"id":1379122932,"m":8,"name":"Sungai Rinching","main":false},"geometry":{"type":"LineString","coordinates":[[101.89085,2.93944],[101.89078,2.93941]]}},{"type":"Feature","properties":{"id":1380086790,"m":8,"name":"Sungai Sompo","main":false},"geometry":{"type":"LineString","coordinates":[[101.93651,2.83666],[101.93654,2.83673]]}},{"type":"Feature","properties":{"id":1380086796,"m":8,"name":"Sungai Sompo","main":false},"geometry":{"type":"LineString","coordinates":[[101.9326,2.83304],[101.93267,2.83305]]}},{"type":"Feature","properties":{"id":1380086822,"m":8,"name":"Sungai Machang","main":false},"geometry":{"type":"LineString","coordinates":[[101.90366,2.86749],[101.90359,2.8675]]}},{"type":"Feature","properties":{"id":1380086863,"m":8,"name":"Sungai Kabul","main":false},"geometry":{"type":"LineString","coordinates":[[101.85731,2.89473],[101.85738,2.89473]]}},{"type":"Feature","properties":{"id":1380362805,"m":8,"name":"Sungai Setul","main":false},"geometry":{"type":"LineString","coordinates":[[101.9212,2.79631],[101.92123,2.79638]]}},{"type":"Feature","properties":{"id":1380621482,"m":8,"name":"Sungai Biah","main":false},"geometry":{"type":"LineString","coordinates":[[101.89909,2.85064],[101.89909,2.85071]]}},{"type":"Feature","properties":{"id":1122660299,"m":7,"name":"Sungai Serai","main":false},"geometry":{"type":"LineString","coordinates":[[101.79614,3.0898],[101.79616,3.08974]]}},{"type":"Feature","properties":{"id":1122660306,"m":7,"name":"Sungai Air Jernih","main":false},"geometry":{"type":"LineString","coordinates":[[101.79405,3.09364],[101.79409,3.09359]]}},{"type":"Feature","properties":{"id":1288360371,"m":7,"name":"Sungai Gahal","main":false},"geometry":{"type":"LineString","coordinates":[[101.81348,3.1355],[101.81348,3.13544]]}},{"type":"Feature","properties":{"id":1288360373,"m":7,"name":"Sungai Gahal","main":false},"geometry":{"type":"LineString","coordinates":[[101.81363,3.13892],[101.81359,3.13887]]}},{"type":"Feature","properties":{"id":1288360375,"m":7,"name":"Sungai Gahal","main":false},"geometry":{"type":"LineString","coordinates":[[101.81381,3.13933],[101.81378,3.13927]]}},{"type":"Feature","properties":{"id":1288393578,"m":7,"name":"Sungai Makau","main":false},"geometry":{"type":"LineString","coordinates":[[101.83262,3.11674],[101.83256,3.11674]]}},{"type":"Feature","properties":{"id":1380086826,"m":7,"name":"Sungai Machang","main":false},"geometry":{"type":"LineString","coordinates":[[101.89556,2.86837],[101.8955,2.86837]]}},{"type":"Feature","properties":{"id":1380086851,"m":7,"name":"Sungai Jai","main":false},"geometry":{"type":"LineString","coordinates":[[101.89855,2.8739],[101.89849,2.87393]]}},{"type":"Feature","properties":{"id":1380362797,"m":7,"name":"Sungai Pajam","main":false},"geometry":{"type":"LineString","coordinates":[[101.88618,2.81367],[101.88618,2.81373]]}},{"type":"Feature","properties":{"id":1380362810,"m":7,"name":"Sungai Pajam","main":false},"geometry":{"type":"LineString","coordinates":[[101.88097,2.794],[101.88091,2.79398]]}},{"type":"Feature","properties":{"id":1380621478,"m":7,"name":"Sungai Biah","main":false},"geometry":{"type":"LineString","coordinates":[[101.89017,2.86214],[101.89017,2.8622]]}},{"type":"Feature","properties":{"id":1418023369,"m":7,"name":"Sungai Raya","main":false},"geometry":{"type":"LineString","coordinates":[[101.77173,3.06796],[101.77179,3.06798]]}},{"type":"Feature","properties":{"id":800240272,"m":6,"name":"Sungai Rinching","main":false},"geometry":{"type":"LineString","coordinates":[[101.89157,2.94033],[101.89153,2.94029]]}},{"type":"Feature","properties":{"id":1120963959,"m":6,"name":"Sungai Perdek","main":false},"geometry":{"type":"LineString","coordinates":[[101.857,3.18089],[101.85702,3.18084]]}},{"type":"Feature","properties":{"id":1288360377,"m":6,"name":"Sungai Gahal","main":false},"geometry":{"type":"LineString","coordinates":[[101.81389,3.13958],[101.81386,3.13953]]}},{"type":"Feature","properties":{"id":1288767947,"m":6,"name":"Sungai Raya","main":false},"geometry":{"type":"LineString","coordinates":[[101.75638,3.07704],[101.75641,3.07699]]}},{"type":"Feature","properties":{"id":1288853730,"m":6,"name":"Sungai Michu","main":false},"geometry":{"type":"LineString","coordinates":[[101.80605,3.11455],[101.80601,3.11451]]}},{"type":"Feature","properties":{"id":1380086823,"m":6,"name":"Sungai Machang","main":false},"geometry":{"type":"LineString","coordinates":[[101.89776,2.86837],[101.89771,2.86837]]}},{"type":"Feature","properties":{"id":1380362802,"m":6,"name":"Sungai Gebok","main":false},"geometry":{"type":"LineString","coordinates":[[101.85559,2.81557],[101.85562,2.81561]]}},{"type":"Feature","properties":{"id":1380362822,"m":6,"name":"Sungai Gebok","main":false},"geometry":{"type":"LineString","coordinates":[[101.85566,2.8326],[101.85571,2.83261]]}},{"type":"Feature","properties":{"id":1380621479,"m":6,"name":"Sungai Biah","main":false},"geometry":{"type":"LineString","coordinates":[[101.89661,2.85505],[101.8966,2.8551]]}},{"type":"Feature","properties":{"id":1381362154,"m":6,"name":"Sungai Chuping","main":false},"geometry":{"type":"LineString","coordinates":[[101.97297,2.82607],[101.97294,2.82612]]}},{"type":"Feature","properties":{"id":1380362829,"m":5,"name":"Sungai Gebok","main":false},"geometry":{"type":"LineString","coordinates":[[101.85565,2.81623],[101.85561,2.81625]]}},{"type":"Feature","properties":{"id":1122660297,"m":4,"name":"Sungai Serai","main":false},"geometry":{"type":"LineString","coordinates":[[101.7955,3.09056],[101.79553,3.09054]]}},{"type":"Feature","properties":{"id":1240913038,"m":4,"name":"Sungai Perdek","main":false},"geometry":{"type":"LineString","coordinates":[[101.84233,3.20023],[101.84236,3.20022]]}},{"type":"Feature","properties":{"id":1288393580,"m":4,"name":"Sungai Makau","main":false},"geometry":{"type":"LineString","coordinates":[[101.83362,3.11691],[101.83359,3.1169]]}}]}