{"type":"FeatureCollection","meta":{"source":"OpenStreetMap via Overpass API","url":"https://www.openstreetmap.org","licence":"ODbL 1.0 © OpenStreetMap contributors","buffer_m":1500,"clip":"Sungai Langat catchment (HydroBASINS 4080020780), then 1500 m of the nearest receiving water","categories":{"industri":{"label":"Industry & factories","shape":"square","color":"#4a3aa7","load":5,"pol":"COD, heavy metals, oil & grease, scheduled chemical waste"},"kumbahan":{"label":"Sewage & water treatment","shape":"diamond","color":"#2a78d6","load":4,"pol":"NH₃-N, BOD, suspended solids in the effluent"},"sisa":{"label":"Landfill, quarry & waste","shape":"triangle","color":"#1baf7a","load":4,"pol":"Leachate, suspended solids, turbidity"},"tanah":{"label":"Construction & cleared land","shape":"pentagon","color":"#eda100","load":3,"pol":"Suspended solids, soil erosion, turbidity"},"ternakan":{"label":"Farms & aquaculture","shape":"circle","color":"#e34948","load":3,"pol":"BOD, NH₃-N, nutrients, animal waste"}},"note":"\"to\" is the nearest receiving water — a river or a water body, whichever is closer — with the id the map uses to find and flash it. Risk is the category load weight scaled by closeness to that water. It is a screening aid for prioritising inspection, not a measured discharge — none of these sources is metered."},"features":[{"type":"Feature","properties":{"id":984575375,"cat":"industri","dist":7,"risk":4.98,"name":"Soon Tatt Timber Trading","to":{"kind":"river","id":36198450,"name":"Sungai Semenyih","at":[101.85763,2.97097]}},"geometry":{"type":"Point","coordinates":[101.86644,3.01958]}},{"type":"Feature","properties":{"id":215013340,"cat":"industri","dist":16,"risk":4.94,"name":"Beranang Industrial Estate","to":{"kind":"river","id":1380086870,"name":"Sungai Kabul","at":[101.86148,2.89344]}},"geometry":{"type":"Point","coordinates":[101.86201,2.89327]}},{"type":"Feature","properties":{"id":884612515,"cat":"industri","dist":20,"risk":4.93,"name":"Loji Rawatan Air Labohan Dagang","to":{"kind":"water","id":975140251,"name":"Lake or reservoir","at":[101.59749,2.79914]},"dist_langat":188},"geometry":{"type":"Point","coordinates":[101.59729,2.79913]}},{"type":"Feature","properties":{"id":1323410878,"cat":"industri","dist":27,"risk":4.91,"name":"Tenaga Nasional Bhd","to":{"kind":"water","id":1254826736,"name":"Pond","at":[101.7749,3.08606]},"dist_langat":1817},"geometry":{"type":"Point","coordinates":[101.775,3.0856]}},{"type":"Feature","properties":{"id":1069882166,"cat":"industri","dist":35,"risk":4.88,"name":"Asta Enterprise Park","to":{"kind":"water","id":1087659876,"name":"Pond","at":[101.7652,2.99841]},"dist_langat":1064},"geometry":{"type":"Point","coordinates":[101.76556,2.99792]}},{"type":"Feature","properties":{"id":1263484756,"cat":"industri","dist":35,"risk":4.88,"name":"Jeti Nelayan Sungai Ingat","to":{"kind":"water","id":1272957949,"name":"Pond","at":[101.42622,2.84853]},"dist_langat":340},"geometry":{"type":"Point","coordinates":[101.42605,2.84806]}},{"type":"Feature","properties":{"id":825872867,"cat":"industri","dist":37,"risk":4.87,"to":{"kind":"river","id":773562507,"name":"Sungai Balak","at":[101.75636,3.01966]},"dist_langat":1389},"geometry":{"type":"Point","coordinates":[101.75703,3.01863]}},{"type":"Feature","properties":{"id":711499710,"cat":"industri","dist":50,"risk":4.83,"name":"Mahkota Industrial Park","to":{"kind":"water","id":1041479473,"name":"Pond","at":[101.54462,2.83284]},"dist_langat":505},"geometry":{"type":"Point","coordinates":[101.54695,2.83322]}},{"type":"Feature","properties":{"id":910389298,"cat":"industri","dist":50,"risk":4.83,"to":{"kind":"water","id":795426721,"name":"Lake or reservoir","at":[101.70887,2.89332]},"dist_langat":60},"geometry":{"type":"Point","coordinates":[101.70845,2.89163]}},{"type":"Feature","properties":{"id":1379311752,"cat":"industri","dist":53,"risk":4.82,"to":{"kind":"water","id":1379311740,"name":"Pond","at":[101.90552,2.94017]}},"geometry":{"type":"Point","coordinates":[101.90474,2.94035]}},{"type":"Feature","properties":{"id":13484495501,"cat":"industri","dist":56,"risk":4.81,"name":"KLIA 3","to":{"kind":"water","id":224735185,"name":"Lake or reservoir","at":[101.79099,2.89186]}},"geometry":{"type":"Point","coordinates":[101.79416,2.89147]}},{"type":"Feature","properties":{"id":984575377,"cat":"industri","dist":56,"risk":4.81,"to":{"kind":"river","id":36198450,"name":"Sungai Semenyih","at":[101.85763,2.97097]}},"geometry":{"type":"Point","coordinates":[101.87226,3.04803]}},{"type":"Feature","properties":{"id":825876885,"cat":"industri","dist":58,"risk":4.8,"to":{"kind":"river","id":492941424,"name":"Sungai Langat","at":[101.81384,3.10883]},"dist_langat":58},"geometry":{"type":"Point","coordinates":[101.76937,3.03555]}},{"type":"Feature","properties":{"id":984575376,"cat":"industri","dist":61,"risk":4.79,"to":{"kind":"river","id":36198450,"name":"Sungai Semenyih","at":[101.85763,2.97097]}},"geometry":{"type":"Point","coordinates":[101.86632,3.01779]}},{"type":"Feature","properties":{"id":1494898638,"cat":"industri","dist":67,"risk":4.77,"to":{"kind":"water","id":826204231,"name":"Pond","at":[101.75776,3.0738]}},"geometry":{"type":"Point","coordinates":[101.75804,3.07454]}},{"type":"Feature","properties":{"id":1470304834,"cat":"industri","dist":72,"risk":4.76,"to":{"kind":"river","id":576233371,"name":"Sungai Langat","at":[101.755,2.91604]},"dist_langat":72},"geometry":{"type":"Point","coordinates":[101.75575,2.91858]}},{"type":"Feature","properties":{"id":960809823,"cat":"industri","dist":76,"risk":4.74,"to":{"kind":"river","id":492941424,"name":"Sungai Langat","at":[101.81384,3.10883]},"dist_langat":76},"geometry":{"type":"Point","coordinates":[101.77604,3.0423]}},{"type":"Feature","properties":{"id":9996541082,"cat":"industri","dist":80,"risk":4.73,"name":"Depot Simpanan Lori","to":{"kind":"river","id":29211467,"name":"Sungai Langat","at":[101.66366,2.82227]},"dist_langat":80},"geometry":{"type":"Point","coordinates":[101.68722,2.8871]}},{"type":"Feature","properties":{"id":825876883,"cat":"industri","dist":81,"risk":4.73,"to":{"kind":"river","id":492941424,"name":"Sungai Langat","at":[101.81384,3.10883]},"dist_langat":81},"geometry":{"type":"Point","coordinates":[101.77049,3.03894]}},{"type":"Feature","properties":{"id":1344491358,"cat":"industri","dist":78,"risk":4.73,"name":"Eng Lian Concrete","to":{"kind":"river","id":1207329977,"name":"Sungai Batang Benar","at":[101.82822,2.82713]}},"geometry":{"type":"Point","coordinates":[101.82784,2.82949]}},{"type":"Feature","properties":{"id":778140528,"cat":"industri","dist":85,"risk":4.71,"name":"BERT - Site 2","to":{"kind":"water","id":1041479473,"name":"Pond","at":[101.54462,2.83284]},"dist_langat":527},"geometry":{"type":"Point","coordinates":[101.5436,2.83185]}},{"type":"Feature","properties":{"id":960091834,"cat":"industri","dist":90,"risk":4.69,"name":"Kawasan Perusahaan Sungai Sedu","to":{"kind":"river","id":703815405,"name":"Unnamed river","at":[101.54599,2.87552]},"dist_langat":409},"geometry":{"type":"Point","coordinates":[101.51944,2.85049]}},{"type":"Feature","properties":{"id":960809821,"cat":"industri","dist":95,"risk":4.68,"to":{"kind":"river","id":492941424,"name":"Sungai Langat","at":[101.81384,3.10883]},"dist_langat":95},"geometry":{"type":"Point","coordinates":[101.7791,3.0487]}},{"type":"Feature","properties":{"id":18155638,"cat":"industri","dist":97,"risk":4.67,"to":{"kind":"river","id":1288767971,"name":"Sungai Sering","at":[101.76562,3.09282]}},"geometry":{"type":"Point","coordinates":[101.76626,3.09376]}},{"type":"Feature","properties":{"id":11635738802,"cat":"industri","dist":109,"risk":4.63,"name":"Ryuka","to":{"kind":"river","id":444924933,"name":"Sungai Air Hitam","at":[101.7503,2.95636]}},"geometry":{"type":"Point","coordinates":[101.75199,2.95575]}},{"type":"Feature","properties":{"id":11635738806,"cat":"industri","dist":110,"risk":4.63,"name":"Okumura Metal","to":{"kind":"river","id":444924933,"name":"Sungai Air Hitam","at":[101.7503,2.95636]}},"geometry":{"type":"Point","coordinates":[101.75455,2.95631]}},{"type":"Feature","properties":{"id":11635738803,"cat":"industri","dist":113,"risk":4.62,"name":"Sapura Industrial","to":{"kind":"river","id":444924933,"name":"Sungai Air Hitam","at":[101.7503,2.95636]}},"geometry":{"type":"Point","coordinates":[101.75273,2.95588]}},{"type":"Feature","properties":{"id":11635738804,"cat":"industri","dist":114,"risk":4.61,"name":"Pharmaniaga","to":{"kind":"river","id":444924933,"name":"Sungai Air Hitam","at":[101.7503,2.95636]}},"geometry":{"type":"Point","coordinates":[101.75352,2.95606]}},{"type":"Feature","properties":{"id":1089426893,"cat":"industri","dist":115,"risk":4.61,"name":"Kawasan Perindustrian Ringan Mantin","to":{"kind":"river","id":1380362819,"name":"Sungai Setul","at":[101.91019,2.81156]}},"geometry":{"type":"Point","coordinates":[101.91167,2.81125]}},{"type":"Feature","properties":{"id":1500122363,"cat":"industri","dist":116,"risk":4.61,"to":{"kind":"river","id":1379122937,"name":"Sungai Saringgit","at":[101.86962,2.94745]}},"geometry":{"type":"Point","coordinates":[101.87127,2.94725]}},{"type":"Feature","properties":{"id":1123603445,"cat":"industri","dist":124,"risk":4.58,"name":"Taman Innovasi Teknologi Tenaga Hijau","to":{"kind":"river","id":23127465,"name":"Sungai Langat","at":[101.78322,2.96244]},"dist_langat":124},"geometry":{"type":"Point","coordinates":[101.78208,2.93537]}},{"type":"Feature","properties":{"id":750330559,"cat":"industri","dist":130,"risk":4.56,"to":{"kind":"water","id":236721208,"name":"Lake or reservoir","at":[101.55029,2.83264]},"dist_langat":316},"geometry":{"type":"Point","coordinates":[101.54849,2.83226]}},{"type":"Feature","properties":{"id":1019945927,"cat":"industri","dist":131,"risk":4.56,"to":{"kind":"river","id":1288432208,"name":"Sungai Muchok","at":[101.82895,3.11411]},"dist_langat":724},"geometry":{"type":"Point","coordinates":[101.82811,3.11323]}},{"type":"Feature","properties":{"id":750330558,"cat":"industri","dist":134,"risk":4.55,"to":{"kind":"water","id":236721208,"name":"Lake or reservoir","at":[101.55029,2.83264]},"dist_langat":402},"geometry":{"type":"Point","coordinates":[101.54845,2.83319]}},{"type":"Feature","properties":{"id":903233809,"cat":"industri","dist":133,"risk":4.55,"name":"Depoh Bas Serdang","to":{"kind":"water","id":787651592,"name":"Pond","at":[101.69275,2.9941]}},"geometry":{"type":"Point","coordinates":[101.69301,2.99574]}},{"type":"Feature","properties":{"id":563587485,"cat":"industri","dist":137,"risk":4.54,"to":{"kind":"river","id":1288432207,"name":"Sungai Muchok","at":[101.83024,3.11175]},"dist_langat":936},"geometry":{"type":"Point","coordinates":[101.82898,3.11149]}},{"type":"Feature","properties":{"id":315387259,"cat":"industri","dist":139,"risk":4.53,"to":{"kind":"river","id":492941424,"name":"Sungai Langat","at":[101.81384,3.10883]},"dist_langat":139},"geometry":{"type":"Point","coordinates":[101.81912,3.10977]}},{"type":"Feature","properties":{"id":984928680,"cat":"industri","dist":138,"risk":4.53,"to":{"kind":"river","id":36198450,"name":"Sungai Semenyih","at":[101.85763,2.97097]}},"geometry":{"type":"Point","coordinates":[101.87006,2.98854]}},{"type":"Feature","properties":{"id":563587486,"cat":"industri","dist":142,"risk":4.52,"to":{"kind":"river","id":1288438835,"name":"Sungai Kapur","at":[101.83576,3.11158]},"dist_langat":1442},"geometry":{"type":"Point","coordinates":[101.83624,3.11276]}},{"type":"Feature","properties":{"id":9996541083,"cat":"industri","dist":147,"risk":4.51,"name":"Alam Flora Recycling","to":{"kind":"river","id":29211467,"name":"Sungai Langat","at":[101.66366,2.82227]},"dist_langat":147},"geometry":{"type":"Point","coordinates":[101.68644,2.88611]}},{"type":"Feature","properties":{"id":563587487,"cat":"industri","dist":148,"risk":4.5,"to":{"kind":"river","id":1363791725,"name":"Sungai Tekali","at":[101.84359,3.11177]},"dist_langat":1809},"geometry":{"type":"Point","coordinates":[101.84102,3.11357]}},{"type":"Feature","properties":{"id":1186241642,"cat":"industri","dist":147,"risk":4.5,"to":{"kind":"water","id":297134323,"name":"Channel","at":[101.48854,2.8871]},"dist_langat":148},"geometry":{"type":"Point","coordinates":[101.48972,2.88628]}},{"type":"Feature","properties":{"id":904029055,"cat":"industri","dist":151,"risk":4.49,"name":"Petronas Gas Berhad Metering Station","to":{"kind":"river","id":865124396,"name":"Sungai Labu","at":[101.70816,2.77713]}},"geometry":{"type":"Point","coordinates":[101.75973,2.79067]}},{"type":"Feature","properties":{"id":1322645302,"cat":"industri","dist":151,"risk":4.49,"name":"Pahang-Selangor Raw Water Transfer Project","to":{"kind":"river","id":1288839566,"name":"Sungai Air Jernih","at":[101.79556,3.09909]},"dist_langat":976},"geometry":{"type":"Point","coordinates":[101.79456,3.10242]}},{"type":"Feature","properties":{"id":1082646856,"cat":"industri","dist":154,"risk":4.48,"name":"Taman Perindustrian C-AMPY","to":{"kind":"river","id":773562507,"name":"Sungai Balak","at":[101.75636,3.01966]},"dist_langat":521},"geometry":{"type":"Point","coordinates":[101.76552,3.01434]}},{"type":"Feature","properties":{"id":483325649,"cat":"industri","dist":162,"risk":4.46,"name":"GS Paper & Packaging","to":{"kind":"water","id":750330565,"name":"Treatment basin","at":[101.64741,2.80134]},"dist_langat":1089},"geometry":{"type":"Point","coordinates":[101.64938,2.80193]}},{"type":"Feature","properties":{"id":613737131,"cat":"industri","dist":163,"risk":4.45,"name":"Gamuda IBS","to":{"kind":"water","id":613739564,"name":"Pond","at":[101.68927,2.80639]}},"geometry":{"type":"Point","coordinates":[101.68753,2.80621]}},{"type":"Feature","properties":{"id":888398282,"cat":"industri","dist":164,"risk":4.45,"to":{"kind":"river","id":250960181,"name":"Sungai Ramal","at":[101.76531,2.98642]},"dist_langat":1899},"geometry":{"type":"Point","coordinates":[101.76815,2.98293]}},{"type":"Feature","properties":{"id":543456349,"cat":"industri","dist":175,"risk":4.41,"name":"Bina Plastic Industries Sdn Bhd (Factory2)","to":{"kind":"river","id":189312844,"name":"Unnamed river","at":[101.74678,3.04266]}},"geometry":{"type":"Point","coordinates":[101.74573,3.03556]}},{"type":"Feature","properties":{"id":1087659877,"cat":"industri","dist":182,"risk":4.39,"to":{"kind":"water","id":1087659876,"name":"Pond","at":[101.7652,2.99841]},"dist_langat":1076},"geometry":{"type":"Point","coordinates":[101.76634,2.99681]}},{"type":"Feature","properties":{"id":1190228577,"cat":"industri","dist":183,"risk":4.39,"to":{"kind":"river","id":36198450,"name":"Sungai Semenyih","at":[101.85763,2.97097]}},"geometry":{"type":"Point","coordinates":[101.86796,3.03283]}},{"type":"Feature","properties":{"id":1379311747,"cat":"industri","dist":182,"risk":4.39,"to":{"kind":"water","id":1379311740,"name":"Pond","at":[101.90552,2.94017]}},"geometry":{"type":"Point","coordinates":[101.90514,2.93843]}},{"type":"Feature","properties":{"id":563587484,"cat":"industri","dist":191,"risk":4.37,"to":{"kind":"river","id":1288432207,"name":"Sungai Muchok","at":[101.83024,3.11175]},"dist_langat":1258},"geometry":{"type":"Point","coordinates":[101.83185,3.11016]}},{"type":"Feature","properties":{"id":765523828,"cat":"industri","dist":188,"risk":4.37,"name":"COM Industrial Park","to":{"kind":"river","id":189312844,"name":"Unnamed river","at":[101.74678,3.04266]}},"geometry":{"type":"Point","coordinates":[101.74856,3.03914]}},{"type":"Feature","properties":{"id":1079833930,"cat":"industri","dist":191,"risk":4.37,"name":"Depoh Bas PPJ, P14","to":{"kind":"water","id":1079833939,"name":"Wetland","at":[101.72779,2.95288]}},"geometry":{"type":"Point","coordinates":[101.73058,2.95123]}},{"type":"Feature","properties":{"id":1087659878,"cat":"industri","dist":188,"risk":4.37,"name":"Taman Perindustrian Kidamai 2","to":{"kind":"water","id":1087659876,"name":"Pond","at":[101.7652,2.99841]},"dist_langat":1112},"geometry":{"type":"Point","coordinates":[101.76397,2.9999]}},{"type":"Feature","properties":{"id":825872868,"cat":"industri","dist":193,"risk":4.36,"name":"Taman Perindustrian Fimas","to":{"kind":"river","id":773562507,"name":"Sungai Balak","at":[101.75636,3.01966]},"dist_langat":1068},"geometry":{"type":"Point","coordinates":[101.76002,3.01771]}},{"type":"Feature","properties":{"id":1064117531,"cat":"industri","dist":192,"risk":4.36,"name":"Cipta 3","to":{"kind":"water","id":1064117530,"name":"Pond","at":[101.68368,2.84255]},"dist_langat":364},"geometry":{"type":"Point","coordinates":[101.68251,2.84113]}},{"type":"Feature","properties":{"id":984928678,"cat":"industri","dist":195,"risk":4.35,"to":{"kind":"river","id":36198450,"name":"Sungai Semenyih","at":[101.85763,2.97097]}},"geometry":{"type":"Point","coordinates":[101.8682,2.97821]}},{"type":"Feature","properties":{"id":360444225,"cat":"industri","dist":199,"risk":4.34,"name":"Kompleks Rapid Bus Cheras Selatan","to":{"kind":"river","id":189312844,"name":"Unnamed river","at":[101.74678,3.04266]}},"geometry":{"type":"Point","coordinates":[101.74887,3.03694]}},{"type":"Feature","properties":{"id":11966077749,"cat":"industri","dist":209,"risk":4.31,"name":"Insulflex Corporation Sdn Bhd","to":{"kind":"river","id":444924933,"name":"Sungai Air Hitam","at":[101.7503,2.95636]}},"geometry":{"type":"Point","coordinates":[101.75409,2.95532]}},{"type":"Feature","properties":{"id":14373448,"cat":"industri","dist":207,"risk":4.31,"name":"Kawasan Perindustrian Nilai","to":{"kind":"water","id":290624679,"name":"Lake or reservoir","at":[101.81365,2.82084]}},"geometry":{"type":"Point","coordinates":[101.81442,2.82306]}},{"type":"Feature","properties":{"id":18155639,"cat":"industri","dist":208,"risk":4.31,"to":{"kind":"river","id":1288767967,"name":"Sungai Sering","at":[101.7642,3.09737]}},"geometry":{"type":"Point","coordinates":[101.76642,3.09694]}},{"type":"Feature","properties":{"id":984575378,"cat":"industri","dist":225,"risk":4.26,"to":{"kind":"river","id":36198450,"name":"Sungai Semenyih","at":[101.85763,2.97097]}},"geometry":{"type":"Point","coordinates":[101.87013,3.04403]}},{"type":"Feature","properties":{"id":826293270,"cat":"industri","dist":238,"risk":4.21,"name":"Taman Perindustrian Kidamai","to":{"kind":"water","id":1087659876,"name":"Pond","at":[101.7652,2.99841]},"dist_langat":1331},"geometry":{"type":"Point","coordinates":[101.76318,2.99716]}},{"type":"Feature","properties":{"id":1433555619,"cat":"industri","dist":240,"risk":4.21,"to":{"kind":"water","id":1488645248,"name":"Pond","at":[101.59426,2.88306]}},"geometry":{"type":"Point","coordinates":[101.59818,2.88385]}},{"type":"Feature","properties":{"id":1340260124,"cat":"industri","dist":241,"risk":4.2,"to":{"kind":"river","id":1207329977,"name":"Sungai Batang Benar","at":[101.82822,2.82713]}},"geometry":{"type":"Point","coordinates":[101.83066,2.83005]}},{"type":"Feature","properties":{"id":581841143,"cat":"industri","dist":249,"risk":4.18,"to":{"kind":"water","id":398683099,"name":"Pond","at":[101.52145,2.84697]},"dist_langat":617},"geometry":{"type":"Point","coordinates":[101.51869,2.8468]}},{"type":"Feature","properties":{"id":825904672,"cat":"industri","dist":250,"risk":4.18,"to":{"kind":"river","id":492941424,"name":"Sungai Langat","at":[101.81384,3.10883]},"dist_langat":250},"geometry":{"type":"Point","coordinates":[101.76922,3.03979]}},{"type":"Feature","properties":{"id":571031561,"cat":"industri","dist":253,"risk":4.17,"name":"Depoh MRT Kajang","to":{"kind":"river","id":201239262,"name":"Sungai Langat","at":[101.78,2.99522]},"dist_langat":253},"geometry":{"type":"Point","coordinates":[101.77935,2.99948]}},{"type":"Feature","properties":{"id":568194890,"cat":"industri","dist":264,"risk":4.14,"name":"XME Business Park","to":{"kind":"water","id":1080236585,"name":"Pond","at":[101.80009,2.82709]}},"geometry":{"type":"Point","coordinates":[101.79816,2.82904]}},{"type":"Feature","properties":{"id":581843170,"cat":"industri","dist":261,"risk":4.14,"to":{"kind":"river","id":703815405,"name":"Unnamed river","at":[101.54599,2.87552]},"dist_langat":532},"geometry":{"type":"Point","coordinates":[101.518,2.8473]}},{"type":"Feature","properties":{"id":765523825,"cat":"industri","dist":263,"risk":4.14,"to":{"kind":"river","id":189312844,"name":"Unnamed river","at":[101.74678,3.04266]},"dist_langat":1910},"geometry":{"type":"Point","coordinates":[101.75074,3.03074]}},{"type":"Feature","properties":{"id":825876884,"cat":"industri","dist":263,"risk":4.14,"to":{"kind":"river","id":492941424,"name":"Sungai Langat","at":[101.81384,3.10883]},"dist_langat":263},"geometry":{"type":"Point","coordinates":[101.76749,3.0356]}},{"type":"Feature","properties":{"id":1080236613,"cat":"industri","dist":263,"risk":4.14,"to":{"kind":"water","id":1080236606,"name":"Pond","at":[101.80374,2.83497]}},"geometry":{"type":"Point","coordinates":[101.8041,2.83243]}},{"type":"Feature","properties":{"id":563587481,"cat":"industri","dist":266,"risk":4.13,"to":{"kind":"river","id":492941424,"name":"Sungai Langat","at":[101.81384,3.10883]},"dist_langat":266},"geometry":{"type":"Point","coordinates":[101.81347,3.10513]}},{"type":"Feature","properties":{"id":815019546,"cat":"industri","dist":266,"risk":4.13,"to":{"kind":"water","id":614886827,"name":"Pond","at":[101.76989,2.73472]}},"geometry":{"type":"Point","coordinates":[101.7694,2.73082]}},{"type":"Feature","properties":{"id":825904670,"cat":"industri","dist":267,"risk":4.13,"to":{"kind":"river","id":492941424,"name":"Sungai Langat","at":[101.81384,3.10883]},"dist_langat":267},"geometry":{"type":"Point","coordinates":[101.77037,3.04157]}},{"type":"Feature","properties":{"id":1117844390,"cat":"industri","dist":264,"risk":4.13,"to":{"kind":"river","id":23127465,"name":"Sungai Langat","at":[101.78322,2.96244]},"dist_langat":264},"geometry":{"type":"Point","coordinates":[101.7863,2.94543]}},{"type":"Feature","properties":{"id":9729518713,"cat":"industri","dist":268,"risk":4.12,"name":"Dunham-Bush Industries Sdn Bhd","to":{"kind":"water","id":1087659876,"name":"Pond","at":[101.7652,2.99841]},"dist_langat":1357},"geometry":{"type":"Point","coordinates":[101.76342,2.99639]}},{"type":"Feature","properties":{"id":750330549,"cat":"industri","dist":272,"risk":4.11,"to":{"kind":"water","id":614886827,"name":"Pond","at":[101.76989,2.73472]}},"geometry":{"type":"Point","coordinates":[101.76779,2.73153]}},{"type":"Feature","properties":{"id":984928679,"cat":"industri","dist":272,"risk":4.11,"to":{"kind":"water","id":619849750,"name":"Open water","at":[101.86916,2.97242]}},"geometry":{"type":"Point","coordinates":[101.87213,2.97288]}},{"type":"Feature","properties":{"id":1064117549,"cat":"industri","dist":274,"risk":4.1,"name":"Cipta 2","to":{"kind":"water","id":1064117530,"name":"Pond","at":[101.68368,2.84255]},"dist_langat":692},"geometry":{"type":"Point","coordinates":[101.68543,2.83991]}},{"type":"Feature","properties":{"id":1190228576,"cat":"industri","dist":277,"risk":4.1,"to":{"kind":"river","id":36198450,"name":"Sungai Semenyih","at":[101.85763,2.97097]}},"geometry":{"type":"Point","coordinates":[101.87039,3.04178]}},{"type":"Feature","properties":{"id":18623128,"cat":"industri","dist":276,"risk":4.1,"to":{"kind":"river","id":643966606,"name":"Sungai Langat","at":[101.47416,2.89008]},"dist_langat":276},"geometry":{"type":"Point","coordinates":[101.46178,2.88753]}},{"type":"Feature","properties":{"id":944725565,"cat":"industri","dist":286,"risk":4.07,"to":{"kind":"river","id":865124396,"name":"Sungai Labu","at":[101.70816,2.77713]}},"geometry":{"type":"Point","coordinates":[101.6861,2.80777]}},{"type":"Feature","properties":{"id":778140529,"cat":"industri","dist":288,"risk":4.06,"name":"Gamuda Industrial Building System Sdn Bhd","to":{"kind":"water","id":1041479473,"name":"Pond","at":[101.54462,2.83284]},"dist_langat":836},"geometry":{"type":"Point","coordinates":[101.54488,2.83538]}},{"type":"Feature","properties":{"id":18155641,"cat":"industri","dist":287,"risk":4.06,"to":{"kind":"river","id":1288767971,"name":"Sungai Sering","at":[101.76562,3.09282]}},"geometry":{"type":"Point","coordinates":[101.76754,3.09557]}},{"type":"Feature","properties":{"id":11966042540,"cat":"industri","dist":292,"risk":4.05,"name":"Multico (M) Sdn Bhd","to":{"kind":"river","id":444924933,"name":"Sungai Air Hitam","at":[101.7503,2.95636]}},"geometry":{"type":"Point","coordinates":[101.75285,2.95427]}},{"type":"Feature","properties":{"id":369338769,"cat":"industri","dist":292,"risk":4.05,"name":"Inno Bio","to":{"kind":"river","id":445308635,"name":"Sungai Chelet","at":[101.78084,2.80737]}},"geometry":{"type":"Point","coordinates":[101.78341,2.81482]}},{"type":"Feature","properties":{"id":1079833931,"cat":"industri","dist":292,"risk":4.05,"name":"Kawasan Industri Perkhidmatan Presint 14","to":{"kind":"water","id":1079833939,"name":"Wetland","at":[101.72779,2.95288]}},"geometry":{"type":"Point","coordinates":[101.73163,2.95167]}},{"type":"Feature","properties":{"id":871967154,"cat":"industri","dist":310,"risk":4.0,"name":"Ajdent Corporation (KL) Sdn. Bhd.","to":{"kind":"river","id":492941424,"name":"Sungai Langat","at":[101.81384,3.10883]},"dist_langat":310},"geometry":{"type":"Point","coordinates":[101.76522,3.02865]}},{"type":"Feature","properties":{"id":1268619092,"cat":"kumbahan","dist":2,"risk":4.0,"to":{"kind":"water","id":232118781,"name":"Lake or reservoir","at":[101.81579,2.98438]}},"geometry":{"type":"Point","coordinates":[101.81547,2.98456]}},{"type":"Feature","properties":{"id":404232768,"cat":"kumbahan","dist":3,"risk":3.99,"name":"Air Selangor","to":{"kind":"water","id":1416075707,"name":"Treatment basin","at":[101.78615,3.07331]},"dist_langat":182},"geometry":{"type":"Point","coordinates":[101.78632,3.07301]}},{"type":"Feature","properties":{"id":1066653319,"cat":"kumbahan","dist":4,"risk":3.99,"to":{"kind":"water","id":302748934,"name":"Lake or reservoir","at":[101.74352,3.02236]}},"geometry":{"type":"Point","coordinates":[101.7439,3.0225]}},{"type":"Feature","properties":{"id":1435048739,"cat":"kumbahan","dist":3,"risk":3.99,"name":"Taman Bukit Cheras (ALPS)","to":{"kind":"water","id":122496417,"name":"Lake or reservoir","at":[101.74649,3.07458]}},"geometry":{"type":"Point","coordinates":[101.74659,3.07482]}},{"type":"Feature","properties":{"id":4030026508,"cat":"kumbahan","dist":7,"risk":3.98,"to":{"kind":"water","id":797346004,"name":"Treatment basin","at":[101.73938,2.83003]}},"geometry":{"type":"Point","coordinates":[101.73936,2.83002]}},{"type":"Feature","properties":{"id":398667373,"cat":"industri","dist":316,"risk":3.98,"name":"Showa Denko Carbon Malaysia","to":{"kind":"water","id":398667404,"name":"flood retention pond","at":[101.55525,2.83217]},"dist_langat":600},"geometry":{"type":"Point","coordinates":[101.55465,2.83552]}},{"type":"Feature","properties":{"id":1082274114,"cat":"kumbahan","dist":6,"risk":3.98,"to":{"kind":"water","id":1082274113,"name":"Treatment basin","at":[101.7628,3.02149]},"dist_langat":743},"geometry":{"type":"Point","coordinates":[101.7629,3.02158]}},{"type":"Feature","properties":{"id":1366240692,"cat":"industri","dist":315,"risk":3.98,"to":{"kind":"water","id":649037435,"name":"Open water","at":[101.82684,3.11125]},"dist_langat":422},"geometry":{"type":"Point","coordinates":[101.82417,3.11255]}},{"type":"Feature","properties":{"id":1263633280,"cat":"kumbahan","dist":13,"risk":3.97,"to":{"kind":"water","id":1419137204,"name":"Open water","at":[101.788,3.06585]},"dist_langat":308},"geometry":{"type":"Point","coordinates":[101.7877,3.06591]}},{"type":"Feature","properties":{"id":1444860753,"cat":"kumbahan","dist":14,"risk":3.96,"name":"Taman Sunway Cheras (NPS)","to":{"kind":"water","id":1416075710,"name":"Pond","at":[101.76809,3.07983]},"dist_langat":2515},"geometry":{"type":"Point","coordinates":[101.76829,3.07948]}},{"type":"Feature","properties":{"id":825872863,"cat":"industri","dist":323,"risk":3.95,"name":"Kawasan Perindustrian Cheras Jaya","to":{"kind":"river","id":492941424,"name":"Sungai Langat","at":[101.81384,3.10883]},"dist_langat":323},"geometry":{"type":"Point","coordinates":[101.76592,3.02385]}},{"type":"Feature","properties":{"id":1488645250,"cat":"industri","dist":329,"risk":3.94,"to":{"kind":"water","id":971658060,"name":"Open water","at":[101.61798,2.88626]}},"geometry":{"type":"Point","coordinates":[101.61587,2.88405]}},{"type":"Feature","properties":{"id":28500460,"cat":"kumbahan","dist":29,"risk":3.92,"to":{"kind":"river","id":68169975,"name":"Unnamed river","at":[101.78892,3.00527]}},"geometry":{"type":"Point","coordinates":[101.80009,3.01338]}},{"type":"Feature","properties":{"id":122496417,"cat":"kumbahan","dist":29,"risk":3.92,"to":{"kind":"water","id":122496417,"name":"Lake or reservoir","at":[101.74649,3.07458]}},"geometry":{"type":"Point","coordinates":[101.74656,3.07453]}},{"type":"Feature","properties":{"id":259050377,"cat":"kumbahan","dist":29,"risk":3.92,"name":"Sewage Treatment Plant","to":{"kind":"water","id":888321576,"name":"Treatment basin","at":[101.77112,2.96664]},"dist_langat":1490},"geometry":{"type":"Point","coordinates":[101.7705,2.9667]}},{"type":"Feature","properties":{"id":646696960,"cat":"kumbahan","dist":30,"risk":3.92,"to":{"kind":"water","id":797187581,"name":"Lake or reservoir","at":[101.71596,2.80668]}},"geometry":{"type":"Point","coordinates":[101.71649,2.80675]}},{"type":"Feature","properties":{"id":1190228603,"cat":"industri","dist":334,"risk":3.92,"to":{"kind":"river","id":36198450,"name":"Sungai Semenyih","at":[101.85763,2.97097]}},"geometry":{"type":"Point","coordinates":[101.86441,2.97212]}},{"type":"Feature","properties":{"id":11966057647,"cat":"industri","dist":339,"risk":3.91,"name":"New Foo Sun (Bangi) Sdn.Bhd.","to":{"kind":"river","id":444924933,"name":"Sungai Air Hitam","at":[101.7503,2.95636]}},"geometry":{"type":"Point","coordinates":[101.75425,2.95392]}},{"type":"Feature","properties":{"id":871912171,"cat":"kumbahan","dist":32,"risk":3.91,"to":{"kind":"river","id":1125387803,"name":"Sungai Long","at":[101.78787,3.03987]},"dist_langat":1383},"geometry":{"type":"Point","coordinates":[101.78119,3.02984]}},{"type":"Feature","properties":{"id":1087659880,"cat":"industri","dist":337,"risk":3.91,"name":"Taman Industri Kidamai 2","to":{"kind":"water","id":1087659876,"name":"Pond","at":[101.7652,2.99841]},"dist_langat":1032},"geometry":{"type":"Point","coordinates":[101.76419,3.0015]}},{"type":"Feature","properties":{"id":1037488987,"cat":"kumbahan","dist":40,"risk":3.89,"to":{"kind":"river","id":189312844,"name":"Unnamed river","at":[101.74678,3.04266]}},"geometry":{"type":"Point","coordinates":[101.74531,3.04927]}},{"type":"Feature","properties":{"id":1080097742,"cat":"kumbahan","dist":39,"risk":3.89,"to":{"kind":"water","id":1080097740,"name":"Pond","at":[101.73191,2.96812]}},"geometry":{"type":"Point","coordinates":[101.73166,2.96852]}},{"type":"Feature","properties":{"id":750330564,"cat":"industri","dist":347,"risk":3.88,"to":{"kind":"water","id":793271135,"name":"Pond","at":[101.67483,2.81281]}},"geometry":{"type":"Point","coordinates":[101.67825,2.80593]}},{"type":"Feature","properties":{"id":1087499951,"cat":"industri","dist":347,"risk":3.88,"name":"Kilang Membuat Roti Mighty Bakery Sdn. Bhd.","to":{"kind":"water","id":641745544,"name":"Pond","at":[101.73904,3.00703]}},"geometry":{"type":"Point","coordinates":[101.74033,3.01022]}},{"type":"Feature","properties":{"id":492513713,"cat":"kumbahan","dist":47,"risk":3.87,"name":"Sungai Labu WTP ORS Pumping Station","to":{"kind":"river","id":865124396,"name":"Sungai Labu","at":[101.70816,2.77713]}},"geometry":{"type":"Point","coordinates":[101.73833,2.78905]}},{"type":"Feature","properties":{"id":765523827,"cat":"industri","dist":351,"risk":3.87,"to":{"kind":"river","id":189312844,"name":"Unnamed river","at":[101.74678,3.04266]}},"geometry":{"type":"Point","coordinates":[101.74299,3.0422]}},{"type":"Feature","properties":{"id":6623381,"cat":"industri","dist":351,"risk":3.87,"name":"Recron Malaysia Sdn Bhd","to":{"kind":"water","id":1103240422,"name":"Kolam Takungan JPS","at":[101.80741,2.80773]}},"geometry":{"type":"Point","coordinates":[101.81072,2.80815]}},{"type":"Feature","properties":{"id":563587482,"cat":"industri","dist":354,"risk":3.86,"to":{"kind":"river","id":492941424,"name":"Sungai Langat","at":[101.81384,3.10883]},"dist_langat":354},"geometry":{"type":"Point","coordinates":[101.81281,3.10269]}},{"type":"Feature","properties":{"id":793414313,"cat":"industri","dist":354,"risk":3.86,"name":"Pusat Perniagaan Cipta Selatan","to":{"kind":"water","id":1032914089,"name":"Pond","at":[101.69499,2.84051]},"dist_langat":1830},"geometry":{"type":"Point","coordinates":[101.69152,2.84063]}},{"type":"Feature","properties":{"id":975140251,"cat":"kumbahan","dist":50,"risk":3.86,"to":{"kind":"water","id":975140251,"name":"Lake or reservoir","at":[101.59749,2.79914]},"dist_langat":191},"geometry":{"type":"Point","coordinates":[101.59752,2.79898]}},{"type":"Feature","properties":{"id":1182628443,"cat":"kumbahan","dist":49,"risk":3.86,"to":{"kind":"river","id":1125387803,"name":"Sungai Long","at":[101.78787,3.03987]}},"geometry":{"type":"Point","coordinates":[101.80305,3.05269]}},{"type":"Feature","properties":{"id":10197691188,"cat":"industri","dist":358,"risk":3.85,"name":"Furley Bioextracts Sdn. Bhd.","to":{"kind":"river","id":36198450,"name":"Sungai Semenyih","at":[101.85763,2.97097]}},"geometry":{"type":"Point","coordinates":[101.869,2.97695]}},{"type":"Feature","properties":{"id":396131398,"cat":"kumbahan","dist":56,"risk":3.85,"to":{"kind":"water","id":390948274,"name":"Open water","at":[101.74387,2.94016]},"dist_langat":2903},"geometry":{"type":"Point","coordinates":[101.74325,2.93935]}},{"type":"Feature","properties":{"id":871968023,"cat":"industri","dist":359,"risk":3.85,"name":"D-R Engineering Sdn. Bhd.","to":{"kind":"river","id":492941424,"name":"Sungai Langat","at":[101.81384,3.10883]},"dist_langat":359},"geometry":{"type":"Point","coordinates":[101.76479,3.02843]}},{"type":"Feature","properties":{"id":883257584,"cat":"kumbahan","dist":56,"risk":3.85,"to":{"kind":"water","id":823526886,"name":"Lake or reservoir","at":[101.81974,2.69971]}},"geometry":{"type":"Point","coordinates":[101.82056,2.69963]}},{"type":"Feature","properties":{"id":1190228600,"cat":"industri","dist":360,"risk":3.84,"to":{"kind":"river","id":36198450,"name":"Sungai Semenyih","at":[101.85763,2.97097]}},"geometry":{"type":"Point","coordinates":[101.86805,2.98893]}},{"type":"Feature","properties":{"id":404334255,"cat":"kumbahan","dist":63,"risk":3.83,"to":{"kind":"river","id":793032591,"name":"Sungai Pajam","at":[101.84369,2.85233]}},"geometry":{"type":"Point","coordinates":[101.84313,2.85205]}},{"type":"Feature","properties":{"id":882837837,"cat":"kumbahan","dist":61,"risk":3.83,"name":"Muka Sauk Labu Lanjut","to":{"kind":"river","id":865124396,"name":"Sungai Labu","at":[101.70816,2.77713]}},"geometry":{"type":"Point","coordinates":[101.70269,2.78568]}},{"type":"Feature","properties":{"id":884582119,"cat":"industri","dist":367,"risk":3.83,"name":"LSS Sepang","to":{"kind":"water","id":878784586,"name":"Labohan Dagang Off River Storage","at":[101.61154,2.78727]},"dist_langat":489},"geometry":{"type":"Point","coordinates":[101.6161,2.78636]}},{"type":"Feature","properties":{"id":401372997,"cat":"industri","dist":367,"risk":3.82,"name":"Hanwha Q Cells Malaysia Sdn Bhd","to":{"kind":"water","id":139098067,"name":"Tasik Selangor Cyber Valley","at":[101.62646,2.91779]}},"geometry":{"type":"Point","coordinates":[101.62172,2.91813]}},{"type":"Feature","properties":{"id":871927150,"cat":"kumbahan","dist":66,"risk":3.82,"to":{"kind":"water","id":871927151,"name":"Pond","at":[101.78467,3.03061]},"dist_langat":1646},"geometry":{"type":"Point","coordinates":[101.78526,3.03104]}},{"type":"Feature","properties":{"id":1436644755,"cat":"kumbahan","dist":64,"risk":3.82,"name":"Tmn Orkid, STP (EA)","to":{"kind":"river","id":737577426,"name":"Sungai Sering","at":[101.7705,3.07082]},"dist_langat":2266},"geometry":{"type":"Point","coordinates":[101.76794,3.07658]}},{"type":"Feature","properties":{"id":722723926,"cat":"industri","dist":371,"risk":3.81,"to":{"kind":"water","id":537993210,"name":"Pond","at":[101.46102,2.96745]}},"geometry":{"type":"Point","coordinates":[101.46314,2.96352]}},{"type":"Feature","properties":{"id":1079531270,"cat":"industri","dist":372,"risk":3.81,"to":{"kind":"river","id":865124396,"name":"Sungai Labu","at":[101.70816,2.77713]}},"geometry":{"type":"Point","coordinates":[101.6943,2.8067]}},{"type":"Feature","properties":{"id":5565640034,"cat":"industri","dist":375,"risk":3.8,"name":"Wood","to":{"kind":"river","id":772258742,"name":"Sungai Parit Tampoi","at":[101.66849,2.8694]}},"geometry":{"type":"Point","coordinates":[101.66276,2.88643]}},{"type":"Feature","properties":{"id":401628965,"cat":"kumbahan","dist":73,"risk":3.8,"to":{"kind":"water","id":724379662,"name":"Pond","at":[101.80457,2.80463]}},"geometry":{"type":"Point","coordinates":[101.80402,2.80558]}},{"type":"Feature","properties":{"id":671106379,"cat":"kumbahan","dist":73,"risk":3.8,"name":"Loji Rawatan Air Langat 2","to":{"kind":"water","id":1417522110,"name":"Open water","at":[101.79361,3.0796]},"dist_langat":278},"geometry":{"type":"Point","coordinates":[101.79363,3.07867]}},{"type":"Feature","properties":{"id":896443590,"cat":"sisa","dist":73,"risk":3.8,"name":"Tapak Pelupusan Bagi Pengurusan Sisa Buangan Terjadual Dari Loji Pembersihan Air Sungai Semenyih","to":{"kind":"water","id":896443591,"name":"Pond","at":[101.70084,2.8934]},"dist_langat":174},"geometry":{"type":"Point","coordinates":[101.70205,2.89307]}},{"type":"Feature","properties":{"id":1117844386,"cat":"kumbahan","dist":75,"risk":3.8,"to":{"kind":"water","id":699947371,"name":"Pond","at":[101.79229,2.96696]},"dist_langat":409},"geometry":{"type":"Point","coordinates":[101.79113,2.96715]}},{"type":"Feature","properties":{"id":1501278364,"cat":"industri","dist":376,"risk":3.8,"to":{"kind":"river","id":250960181,"name":"Sungai Ramal","at":[101.76531,2.98642]},"dist_langat":1666},"geometry":{"type":"Point","coordinates":[101.77003,2.98405]}},{"type":"Feature","properties":{"id":11966082140,"cat":"industri","dist":379,"risk":3.79,"name":"Ryoko (M) Sdn Bhd","to":{"kind":"river","id":444924933,"name":"Sungai Air Hitam","at":[101.7503,2.95636]}},"geometry":{"type":"Point","coordinates":[101.753,2.95349]}},{"type":"Feature","properties":{"id":793426765,"cat":"industri","dist":380,"risk":3.79,"to":{"kind":"water","id":792025310,"name":"Pond","at":[101.72847,2.81158]}},"geometry":{"type":"Point","coordinates":[101.73035,2.80817]}},{"type":"Feature","properties":{"id":1080015895,"cat":"kumbahan","dist":77,"risk":3.79,"to":{"kind":"water","id":1122903930,"name":"Pond","at":[101.72915,2.95935]}},"geometry":{"type":"Point","coordinates":[101.72844,2.95961]}},{"type":"Feature","properties":{"id":11270457,"cat":"industri","dist":380,"risk":3.79,"name":"Techpark @ Enstek","to":{"kind":"water","id":614886827,"name":"Pond","at":[101.76989,2.73472]}},"geometry":{"type":"Point","coordinates":[101.76673,2.73116]}},{"type":"Feature","properties":{"id":682423548,"cat":"kumbahan","dist":85,"risk":3.77,"name":"Loji Kumbahan Air","to":{"kind":"river","id":199634513,"name":"Sungai Sekamat","at":[101.80271,3.02769]},"dist_langat":1728},"geometry":{"type":"Point","coordinates":[101.7856,3.02086]}},{"type":"Feature","properties":{"id":711588343,"cat":"industri","dist":384,"risk":3.77,"to":{"kind":"water","id":133052746,"name":"Wetland","at":[101.6497,2.86354]}},"geometry":{"type":"Point","coordinates":[101.65871,2.85494]}},{"type":"Feature","properties":{"id":728807752,"cat":"kumbahan","dist":84,"risk":3.77,"to":{"kind":"water","id":123728406,"name":"Lake or reservoir","at":[101.67302,2.87623]},"dist_langat":1195},"geometry":{"type":"Point","coordinates":[101.67022,2.87504]}},{"type":"Feature","properties":{"id":903233810,"cat":"kumbahan","dist":86,"risk":3.77,"name":"Sewage Treatment Plant","to":{"kind":"water","id":1165400118,"name":"Pond","at":[101.69399,2.9941]}},"geometry":{"type":"Point","coordinates":[101.6934,2.99504]}},{"type":"Feature","properties":{"id":826582675,"cat":"kumbahan","dist":86,"risk":3.76,"name":"Taman Alam Jaya (SBR)","to":{"kind":"river","id":1288767906,"name":"Sungai Sering","at":[101.76666,3.08214]}},"geometry":{"type":"Point","coordinates":[101.7659,3.08198]}},{"type":"Feature","properties":{"id":1110170821,"cat":"industri","dist":389,"risk":3.76,"name":"Budiman Business Park","to":{"kind":"water","id":871930569,"name":"Pond","at":[101.77637,3.03624]},"dist_langat":545},"geometry":{"type":"Point","coordinates":[101.77433,3.03301]}},{"type":"Feature","properties":{"id":1080236658,"cat":"kumbahan","dist":90,"risk":3.75,"to":{"kind":"river","id":800136975,"name":"Sungai Mahang","at":[101.81944,2.8351]}},"geometry":{"type":"Point","coordinates":[101.8167,2.83565]}},{"type":"Feature","properties":{"id":420031295,"cat":"kumbahan","dist":97,"risk":3.74,"to":{"kind":"river","id":793032591,"name":"Sungai Pajam","at":[101.84369,2.85233]}},"geometry":{"type":"Point","coordinates":[101.87487,2.82565]}},{"type":"Feature","properties":{"id":815019544,"cat":"industri","dist":395,"risk":3.74,"to":{"kind":"water","id":614886827,"name":"Pond","at":[101.76989,2.73472]}},"geometry":{"type":"Point","coordinates":[101.76582,2.73243]}},{"type":"Feature","properties":{"id":9787604234,"cat":"sisa","dist":100,"risk":3.73,"name":"Negeri Roadstone Sdn Bhd (HQ)","to":{"kind":"river","id":1207329975,"name":"Sungai Batang Benar","at":[101.82876,2.83185]}},"geometry":{"type":"Point","coordinates":[101.82759,2.83115]}},{"type":"Feature","properties":{"id":606133921,"cat":"kumbahan","dist":99,"risk":3.73,"to":{"kind":"river","id":793032591,"name":"Sungai Pajam","at":[101.84369,2.85233]}},"geometry":{"type":"Point","coordinates":[101.84879,2.839]}},{"type":"Feature","properties":{"id":1222763700,"cat":"kumbahan","dist":101,"risk":3.73,"name":"Indah Water","to":{"kind":"water","id":1222763702,"name":"Pond","at":[101.83037,2.90867]}},"geometry":{"type":"Point","coordinates":[101.8305,2.90973]}},{"type":"Feature","properties":{"id":1527502855,"cat":"kumbahan","dist":100,"risk":3.73,"name":"Pusat Pengolahan Kumbahan","to":{"kind":"river","id":772258742,"name":"Sungai Parit Tampoi","at":[101.66849,2.8694]},"dist_langat":2022},"geometry":{"type":"Point","coordinates":[101.66737,2.86681]}},{"type":"Feature","properties":{"id":766571563,"cat":"industri","dist":403,"risk":3.72,"to":{"kind":"water","id":563924701,"name":"Lake or reservoir","at":[101.65116,2.8992]}},"geometry":{"type":"Point","coordinates":[101.65169,2.90404]}},{"type":"Feature","properties":{"id":6432034498,"cat":"kumbahan","dist":108,"risk":3.71,"name":"Sewerage Treatment Plant","to":{"kind":"water","id":724379662,"name":"Pond","at":[101.80457,2.80463]}},"geometry":{"type":"Point","coordinates":[101.80381,2.80582]}},{"type":"Feature","properties":{"id":1087659891,"cat":"industri","dist":408,"risk":3.71,"name":"Autoliv Hirotako Sdn Bhd","to":{"kind":"water","id":302748934,"name":"Lake or reservoir","at":[101.74352,3.02236]}},"geometry":{"type":"Point","coordinates":[101.73951,3.02221]}},{"type":"Feature","properties":{"id":1122697904,"cat":"kumbahan","dist":112,"risk":3.7,"name":"Loji Rawatan Air Sungai Serai","to":{"kind":"river","id":1288839572,"name":"Sungai Serai","at":[101.78733,3.09589]},"dist_langat":1246},"geometry":{"type":"Point","coordinates":[101.78646,3.09539]}},{"type":"Feature","properties":{"id":6819234809,"cat":"industri","dist":413,"risk":3.69,"name":"Kesuan Engineering (M) Sdn Bhd","to":{"kind":"river","id":1380086870,"name":"Sungai Kabul","at":[101.86148,2.89344]}},"geometry":{"type":"Point","coordinates":[101.8589,2.89076]}},{"type":"Feature","properties":{"id":304754798,"cat":"kumbahan","dist":114,"risk":3.69,"to":{"kind":"water","id":304754799,"name":"Pond","at":[101.84534,2.84775]}},"geometry":{"type":"Point","coordinates":[101.84671,2.84826]}},{"type":"Feature","properties":{"id":398667399,"cat":"kumbahan","dist":114,"risk":3.69,"to":{"kind":"water","id":398667398,"name":"Pond","at":[101.56582,2.82466]},"dist_langat":154},"geometry":{"type":"Point","coordinates":[101.56584,2.8235]}},{"type":"Feature","properties":{"id":871973081,"cat":"industri","dist":415,"risk":3.69,"name":"Fajar Cables Sdn. Bhd.","to":{"kind":"river","id":492941424,"name":"Sungai Langat","at":[101.81384,3.10883]},"dist_langat":415},"geometry":{"type":"Point","coordinates":[101.7642,3.03025]}},{"type":"Feature","properties":{"id":1136062831,"cat":"kumbahan","dist":113,"risk":3.69,"name":"Indah Water","to":{"kind":"river","id":36198450,"name":"Sungai Semenyih","at":[101.85763,2.97097]}},"geometry":{"type":"Point","coordinates":[101.84579,2.9443]}},{"type":"Feature","properties":{"id":1186239556,"cat":"industri","dist":414,"risk":3.69,"name":"Pusat Pengumpulan BTS","to":{"kind":"river","id":703815405,"name":"Unnamed river","at":[101.54599,2.87552]}},"geometry":{"type":"Point","coordinates":[101.54853,2.88301]}},{"type":"Feature","properties":{"id":10991621729,"cat":"industri","dist":419,"risk":3.67,"name":"Hartalega NGC","to":{"kind":"water","id":793271135,"name":"Pond","at":[101.67483,2.81281]}},"geometry":{"type":"Point","coordinates":[101.68019,2.80588]}},{"type":"Feature","properties":{"id":884362583,"cat":"kumbahan","dist":123,"risk":3.67,"to":{"kind":"water","id":404332053,"name":"Lake or reservoir","at":[101.63019,2.86356]}},"geometry":{"type":"Point","coordinates":[101.63559,2.86579]}},{"type":"Feature","properties":{"id":1488645244,"cat":"kumbahan","dist":123,"risk":3.67,"name":"Indah Water","to":{"kind":"water","id":1488645248,"name":"Pond","at":[101.59426,2.88306]}},"geometry":{"type":"Point","coordinates":[101.59498,2.88476]}},{"type":"Feature","properties":{"id":679191196,"cat":"kumbahan","dist":127,"risk":3.66,"to":{"kind":"water","id":189312843,"name":"Channel","at":[101.74472,3.05854]}},"geometry":{"type":"Point","coordinates":[101.74356,3.05567]}},{"type":"Feature","properties":{"id":1080495264,"cat":"kumbahan","dist":127,"risk":3.66,"name":"Loji Pembersihan Air Bukit Tampoi","to":{"kind":"river","id":29211467,"name":"Sungai Langat","at":[101.66366,2.82227]},"dist_langat":127},"geometry":{"type":"Point","coordinates":[101.67656,2.84397]}},{"type":"Feature","properties":{"id":11966078522,"cat":"industri","dist":429,"risk":3.65,"name":"Bioalpha International Sdn Bhd","to":{"kind":"river","id":444924933,"name":"Sungai Air Hitam","at":[101.7503,2.95636]}},"geometry":{"type":"Point","coordinates":[101.75411,2.95309]}},{"type":"Feature","properties":{"id":400258840,"cat":"kumbahan","dist":131,"risk":3.65,"to":{"kind":"river","id":36198450,"name":"Sungai Semenyih","at":[101.85763,2.97097]}},"geometry":{"type":"Point","coordinates":[101.77249,2.89553]}},{"type":"Feature","properties":{"id":661616599,"cat":"kumbahan","dist":129,"risk":3.65,"name":"Kota Warisan Waste Treatment Plant","to":{"kind":"water","id":944725572,"name":"Pond","at":[101.6753,2.82372]},"dist_langat":497},"geometry":{"type":"Point","coordinates":[101.67489,2.82669]}},{"type":"Feature","properties":{"id":825904669,"cat":"industri","dist":426,"risk":3.65,"to":{"kind":"river","id":492941424,"name":"Sungai Langat","at":[101.81384,3.10883]},"dist_langat":426},"geometry":{"type":"Point","coordinates":[101.76858,3.0416]}},{"type":"Feature","properties":{"id":1178739089,"cat":"industri","dist":431,"risk":3.64,"to":{"kind":"water","id":461274042,"name":"Swarm","at":[101.84216,2.96775]}},"geometry":{"type":"Point","coordinates":[101.83759,2.96683]}},{"type":"Feature","properties":{"id":1431097886,"cat":"industri","dist":432,"risk":3.64,"name":"Linkk Busway Systems","to":{"kind":"water","id":1380264680,"name":"Treatment basin","at":[101.85413,2.88384]}},"geometry":{"type":"Point","coordinates":[101.85765,2.88693]}},{"type":"Feature","properties":{"id":404685995,"cat":"kumbahan","dist":138,"risk":3.63,"to":{"kind":"river","id":143197600,"name":"Sungai Langat","at":[101.545,2.82713]},"dist_langat":138},"geometry":{"type":"Point","coordinates":[101.53574,2.81431]}},{"type":"Feature","properties":{"id":1018279132,"cat":"kumbahan","dist":139,"risk":3.63,"to":{"kind":"water","id":548927933,"name":"Pond","at":[101.74044,2.91346]},"dist_langat":818},"geometry":{"type":"Point","coordinates":[101.74159,2.91222]}},{"type":"Feature","properties":{"id":1209697238,"cat":"kumbahan","dist":138,"risk":3.63,"to":{"kind":"river","id":492941424,"name":"Sungai Langat","at":[101.81384,3.10883]},"dist_langat":138},"geometry":{"type":"Point","coordinates":[101.78144,3.05832]}},{"type":"Feature","properties":{"id":1468686656,"cat":"kumbahan","dist":137,"risk":3.63,"name":"Indah Water","to":{"kind":"water","id":888398280,"name":"Pond","at":[101.77629,2.99385]},"dist_langat":149},"geometry":{"type":"Point","coordinates":[101.77838,2.99502]}},{"type":"Feature","properties":{"id":793089478,"cat":"kumbahan","dist":140,"risk":3.62,"name":"Indah Water Konsortium","to":{"kind":"river","id":791988225,"name":"Sungai Palembang","at":[101.74029,2.84098]}},"geometry":{"type":"Point","coordinates":[101.73938,2.8369]}},{"type":"Feature","properties":{"id":699334257,"cat":"kumbahan","dist":145,"risk":3.61,"name":"Loji Rawatan Air Semenyih 2","to":{"kind":"water","id":699334259,"name":"Channel","at":[101.75079,2.89271]},"dist_langat":403},"geometry":{"type":"Point","coordinates":[101.73432,2.89192]}},{"type":"Feature","properties":{"id":1079833932,"cat":"kumbahan","dist":154,"risk":3.59,"name":"Loji Kumbahan Olahan Putrajaya","to":{"kind":"water","id":1079833939,"name":"Wetland","at":[101.72779,2.95288]}},"geometry":{"type":"Point","coordinates":[101.73053,2.95241]}},{"type":"Feature","properties":{"id":1186241645,"cat":"industri","dist":454,"risk":3.58,"to":{"kind":"water","id":297134323,"name":"Channel","at":[101.48854,2.8871]},"dist_langat":575},"geometry":{"type":"Point","coordinates":[101.48752,2.89155]}},{"type":"Feature","properties":{"id":189008566,"cat":"kumbahan","dist":159,"risk":3.57,"name":"Indah Water","to":{"kind":"water","id":189312843,"name":"Channel","at":[101.74472,3.05854]}},"geometry":{"type":"Point","coordinates":[101.74636,3.05803]}},{"type":"Feature","properties":{"id":778140527,"cat":"industri","dist":461,"risk":3.56,"name":"BERT - Site 1","to":{"kind":"water","id":1041479473,"name":"Pond","at":[101.54462,2.83284]},"dist_langat":940},"geometry":{"type":"Point","coordinates":[101.53909,2.83316]}},{"type":"Feature","properties":{"id":401362902,"cat":"kumbahan","dist":167,"risk":3.55,"to":{"kind":"water","id":563924700,"name":"Lake or reservoir","at":[101.65302,2.8971]}},"geometry":{"type":"Point","coordinates":[101.65066,2.89666]}},{"type":"Feature","properties":{"id":750331666,"cat":"industri","dist":465,"risk":3.55,"name":"Kuala Langat Power Plant (KLPP)","to":{"kind":"water","id":750330565,"name":"Treatment basin","at":[101.64741,2.80134]},"dist_langat":1254},"geometry":{"type":"Point","coordinates":[101.64993,2.79726]}},{"type":"Feature","properties":{"id":970695989,"cat":"industri","dist":464,"risk":3.55,"name":"Kilang Kelapa Sawit Labu","to":{"kind":"river","id":492407142,"name":"Sungai Jijan","at":[101.77913,2.76068]}},"geometry":{"type":"Point","coordinates":[101.80535,2.74982]}},{"type":"Feature","properties":{"id":1080236692,"cat":"kumbahan","dist":172,"risk":3.54,"to":{"kind":"water","id":1080255456,"name":"Pond","at":[101.79509,2.85948]}},"geometry":{"type":"Point","coordinates":[101.79719,2.8594]}},{"type":"Feature","properties":{"id":988301550,"cat":"kumbahan","dist":174,"risk":3.53,"to":{"kind":"water","id":988301549,"name":"Pond","at":[101.89732,2.91619]}},"geometry":{"type":"Point","coordinates":[101.89954,2.916]}},{"type":"Feature","properties":{"id":1307884498,"cat":"sisa","dist":176,"risk":3.53,"to":{"kind":"river","id":23127465,"name":"Sungai Langat","at":[101.78322,2.96244]},"dist_langat":176},"geometry":{"type":"Point","coordinates":[101.78208,2.95958]}},{"type":"Feature","properties":{"id":1229506609,"cat":"kumbahan","dist":179,"risk":3.52,"to":{"kind":"river","id":737577426,"name":"Sungai Sering","at":[101.7705,3.07082]},"dist_langat":1495},"geometry":{"type":"Point","coordinates":[101.77132,3.07367]}},{"type":"Feature","properties":{"id":1041479458,"cat":"kumbahan","dist":184,"risk":3.51,"to":{"kind":"river","id":703815405,"name":"Unnamed river","at":[101.54599,2.87552]}},"geometry":{"type":"Point","coordinates":[101.53055,2.85542]}},{"type":"Feature","properties":{"id":4866552766,"cat":"kumbahan","dist":193,"risk":3.49,"name":"Oxidation Ponds","to":{"kind":"water","id":1423258727,"name":"Pond","at":[101.80897,2.99705]}},"geometry":{"type":"Point","coordinates":[101.80795,2.99877]}},{"type":"Feature","properties":{"id":1087499961,"cat":"industri","dist":484,"risk":3.49,"name":"Taman Perindustrian Balakong Jaya 2","to":{"kind":"water","id":641745544,"name":"Pond","at":[101.73904,3.00703]}},"geometry":{"type":"Point","coordinates":[101.74254,3.01017]}},{"type":"Feature","properties":{"id":11304869,"cat":"industri","dist":484,"risk":3.49,"name":"Kawasan Perindustrian Bukit Angkat","to":{"kind":"water","id":1087659876,"name":"Pond","at":[101.7652,2.99841]},"dist_langat":604},"geometry":{"type":"Point","coordinates":[101.76816,3.00174]}},{"type":"Feature","properties":{"id":662247788,"cat":"industri","dist":488,"risk":3.48,"name":"Tangki Air Kota Warisan","to":{"kind":"water","id":661084398,"name":"Kolam Tadahan","at":[101.69847,2.82467]}},"geometry":{"type":"Point","coordinates":[101.69918,2.82012]}},{"type":"Feature","properties":{"id":909790579,"cat":"kumbahan","dist":196,"risk":3.48,"name":"Indah Water Unit Operasi Klang","to":{"kind":"water","id":537993210,"name":"Pond","at":[101.46102,2.96745]}},"geometry":{"type":"Point","coordinates":[101.46294,2.96701]}},{"type":"Feature","properties":{"id":1018279133,"cat":"kumbahan","dist":196,"risk":3.48,"to":{"kind":"water","id":1018280625,"name":"Pond","at":[101.73431,2.91049]},"dist_langat":1272},"geometry":{"type":"Point","coordinates":[101.73229,2.91037]}},{"type":"Feature","properties":{"id":1054866390,"cat":"sisa","dist":195,"risk":3.48,"name":"Sg Sedu Landfill","to":{"kind":"river","id":29212106,"name":"Sungai Langat","at":[101.50804,2.85644]},"dist_langat":195},"geometry":{"type":"Point","coordinates":[101.51578,2.84354]}},{"type":"Feature","properties":{"id":403017304,"cat":"kumbahan","dist":200,"risk":3.47,"to":{"kind":"river","id":23127465,"name":"Sungai Langat","at":[101.78322,2.96244]},"dist_langat":200},"geometry":{"type":"Point","coordinates":[101.77071,2.93047]}},{"type":"Feature","properties":{"id":1064117546,"cat":"industri","dist":508,"risk":3.43,"name":"Cipta Utara","to":{"kind":"water","id":1064117553,"name":"Pond","at":[101.69265,2.8513]},"dist_langat":1437},"geometry":{"type":"Point","coordinates":[101.69101,2.846]}},{"type":"Feature","properties":{"id":1387176839,"cat":"kumbahan","dist":214,"risk":3.43,"to":{"kind":"water","id":1387176842,"name":"Treatment basin","at":[101.7961,2.91031]}},"geometry":{"type":"Point","coordinates":[101.79513,2.90774]}},{"type":"Feature","properties":{"id":1041479480,"cat":"kumbahan","dist":223,"risk":3.41,"to":{"kind":"river","id":404685971,"name":"Sungai Langat (pintasan)","at":[101.53794,2.81255]},"dist_langat":223},"geometry":{"type":"Point","coordinates":[101.54343,2.81876]}},{"type":"Feature","properties":{"id":4717546709,"cat":"industri","dist":521,"risk":3.39,"name":"Monier Malaysia Sdn Bhd","to":{"kind":"water","id":133052746,"name":"Wetland","at":[101.6497,2.86354]}},"geometry":{"type":"Point","coordinates":[101.64352,2.85628]}},{"type":"Feature","properties":{"id":394409158,"cat":"kumbahan","dist":229,"risk":3.39,"name":"Rimbayu STP","to":{"kind":"water","id":709702614,"name":"Treatment basin","at":[101.52883,2.92392]}},"geometry":{"type":"Point","coordinates":[101.52664,2.92593]}},{"type":"Feature","properties":{"id":765523831,"cat":"industri","dist":522,"risk":3.39,"to":{"kind":"river","id":189312844,"name":"Unnamed river","at":[101.74678,3.04266]},"dist_langat":1940},"geometry":{"type":"Point","coordinates":[101.75194,3.03703]}},{"type":"Feature","properties":{"id":1477458541,"cat":"kumbahan","dist":241,"risk":3.36,"name":"Taman Sepakat Indah Kajang (EAPS)","to":{"kind":"river","id":23127465,"name":"Sungai Langat","at":[101.78322,2.96244]},"dist_langat":241},"geometry":{"type":"Point","coordinates":[101.78295,2.98043]}},{"type":"Feature","properties":{"id":14373611,"cat":"industri","dist":534,"risk":3.36,"to":{"kind":"water","id":304754795,"name":"Tasik Ujana","at":[101.81099,2.83931]}},"geometry":{"type":"Point","coordinates":[101.81331,2.845]}},{"type":"Feature","properties":{"id":788476491,"cat":"sisa","dist":248,"risk":3.35,"to":{"kind":"water","id":133052746,"name":"Wetland","at":[101.6497,2.86354]}},"geometry":{"type":"Point","coordinates":[101.64549,2.8699]}},{"type":"Feature","properties":{"id":1190228615,"cat":"kumbahan","dist":247,"risk":3.35,"to":{"kind":"water","id":461274042,"name":"Swarm","at":[101.84216,2.96775]}},"geometry":{"type":"Point","coordinates":[101.84506,2.96809]}},{"type":"Feature","properties":{"id":1296580976,"cat":"kumbahan","dist":247,"risk":3.35,"name":"Loji Rawatan Kumbahan Serantau Kajang Utama (HLT 010)","to":{"kind":"water","id":699947371,"name":"Pond","at":[101.79229,2.96696]},"dist_langat":387},"geometry":{"type":"Point","coordinates":[101.79102,2.96945]}},{"type":"Feature","properties":{"id":1469235264,"cat":"industri","dist":538,"risk":3.35,"to":{"kind":"water","id":1544510828,"name":"Pond","at":[101.80084,2.91737]}},"geometry":{"type":"Point","coordinates":[101.80637,2.91935]}},{"type":"Feature","properties":{"id":815019543,"cat":"industri","dist":540,"risk":3.34,"to":{"kind":"water","id":614886827,"name":"Pond","at":[101.76989,2.73472]}},"geometry":{"type":"Point","coordinates":[101.76568,2.73872]}},{"type":"Feature","properties":{"id":826123292,"cat":"kumbahan","dist":254,"risk":3.33,"name":"Indah Water","to":{"kind":"river","id":189312844,"name":"Unnamed river","at":[101.74678,3.04266]}},"geometry":{"type":"Point","coordinates":[101.74936,3.04283]}},{"type":"Feature","properties":{"id":826249372,"cat":"industri","dist":549,"risk":3.32,"to":{"kind":"river","id":737577426,"name":"Sungai Sering","at":[101.7705,3.07082]},"dist_langat":964},"geometry":{"type":"Point","coordinates":[101.77716,3.0721]}},{"type":"Feature","properties":{"id":1008845317,"cat":"sisa","dist":259,"risk":3.32,"to":{"kind":"water","id":36197050,"name":"Open water","at":[101.81259,3.0775]},"dist_langat":1948},"geometry":{"type":"Point","coordinates":[101.81212,3.0811]}},{"type":"Feature","properties":{"id":4847325530,"cat":"kumbahan","dist":262,"risk":3.31,"to":{"kind":"water","id":492750171,"name":"Pond","at":[101.45461,2.81441]}},"geometry":{"type":"Point","coordinates":[101.45153,2.815]}},{"type":"Feature","properties":{"id":28500397,"cat":"industri","dist":551,"risk":3.31,"to":{"kind":"river","id":68169975,"name":"Unnamed river","at":[101.78892,3.00527]}},"geometry":{"type":"Point","coordinates":[101.80442,3.01089]}},{"type":"Feature","properties":{"id":1312263589,"cat":"kumbahan","dist":264,"risk":3.31,"name":"Indah Water","to":{"kind":"water","id":251132959,"name":"Channel","at":[101.77786,2.96655]},"dist_langat":488},"geometry":{"type":"Point","coordinates":[101.77904,2.96381]}},{"type":"Feature","properties":{"id":1190228604,"cat":"industri","dist":555,"risk":3.3,"name":"Kawasan Perindusrian Hi-Tech","to":{"kind":"river","id":36198450,"name":"Sungai Semenyih","at":[101.85763,2.97097]}},"geometry":{"type":"Point","coordinates":[101.86653,2.99046]}},{"type":"Feature","properties":{"id":819874983,"cat":"industri","dist":561,"risk":3.29,"name":"Pusaka Gas Sdn Bhd","to":{"kind":"river","id":492941424,"name":"Sungai Langat","at":[101.81384,3.10883]},"dist_langat":561},"geometry":{"type":"Point","coordinates":[101.78529,3.08081]}},{"type":"Feature","properties":{"id":884825031,"cat":"kumbahan","dist":270,"risk":3.29,"to":{"kind":"river","id":68169975,"name":"Unnamed river","at":[101.78892,3.00527]}},"geometry":{"type":"Point","coordinates":[101.79516,3.01247]}},{"type":"Feature","properties":{"id":1436644756,"cat":"kumbahan","dist":272,"risk":3.29,"name":"Taman Sri Mujur, STP (EA)","to":{"kind":"river","id":487023153,"name":"Sungai Raya","at":[101.76411,3.07189]},"dist_langat":2256},"geometry":{"type":"Point","coordinates":[101.7652,3.07408]}},{"type":"Feature","properties":{"id":189015958,"cat":"kumbahan","dist":274,"risk":3.28,"to":{"kind":"water","id":189312843,"name":"Channel","at":[101.74472,3.05854]}},"geometry":{"type":"Point","coordinates":[101.7474,3.06217]}},{"type":"Feature","properties":{"id":1222759098,"cat":"industri","dist":563,"risk":3.28,"to":{"kind":"water","id":797346004,"name":"Treatment basin","at":[101.73938,2.83003]}},"geometry":{"type":"Point","coordinates":[101.73487,2.82751]}},{"type":"Feature","properties":{"id":6687672590,"cat":"kumbahan","dist":280,"risk":3.27,"to":{"kind":"river","id":29212106,"name":"Sungai Langat","at":[101.50804,2.85644]},"dist_langat":280},"geometry":{"type":"Point","coordinates":[101.51446,2.82171]}},{"type":"Feature","properties":{"id":1087499958,"cat":"industri","dist":566,"risk":3.27,"name":"Taman Perindustrian Selesa Jaya","to":{"kind":"water","id":302748934,"name":"Lake or reservoir","at":[101.74352,3.02236]}},"geometry":{"type":"Point","coordinates":[101.74173,3.01711]}},{"type":"Feature","properties":{"id":20124466,"cat":"industri","dist":567,"risk":3.27,"to":{"kind":"water","id":1544510828,"name":"Pond","at":[101.80084,2.91737]}},"geometry":{"type":"Point","coordinates":[101.80677,2.91889]}},{"type":"Feature","properties":{"id":1303853214,"cat":"kumbahan","dist":284,"risk":3.26,"to":{"kind":"river","id":1125387803,"name":"Sungai Long","at":[101.78787,3.03987]},"dist_langat":874},"geometry":{"type":"Point","coordinates":[101.77631,3.02728]}},{"type":"Feature","properties":{"id":1080236634,"cat":"kumbahan","dist":285,"risk":3.25,"to":{"kind":"water","id":290624679,"name":"Lake or reservoir","at":[101.81365,2.82084]}},"geometry":{"type":"Point","coordinates":[101.81399,2.81755]}},{"type":"Feature","properties":{"id":890535696,"cat":"industri","dist":578,"risk":3.24,"name":"Tiara Sentral @ Nilai Utama Enterprise Park","to":{"kind":"water","id":506480966,"name":"Treatment basin","at":[101.80311,2.84073]}},"geometry":{"type":"Point","coordinates":[101.80609,2.84601]}},{"type":"Feature","properties":{"id":996677785,"cat":"industri","dist":579,"risk":3.24,"name":"MRT Feeder Bus Depot","to":{"kind":"river","id":199634513,"name":"Sungai Sekamat","at":[101.80271,3.02769]},"dist_langat":1575},"geometry":{"type":"Point","coordinates":[101.78425,3.01663]}},{"type":"Feature","properties":{"id":499739284,"cat":"kumbahan","dist":295,"risk":3.23,"name":"Loji Rawatan Kumbahan 2","to":{"kind":"river","id":29211467,"name":"Sungai Langat","at":[101.66366,2.82227]},"dist_langat":295},"geometry":{"type":"Point","coordinates":[101.68623,2.88956]}},{"type":"Feature","properties":{"id":1070549030,"cat":"industri","dist":581,"risk":3.23,"name":"ML-16 Industrial Park","to":{"kind":"water","id":641745544,"name":"Pond","at":[101.73904,3.00703]}},"geometry":{"type":"Point","coordinates":[101.73967,3.01248]}},{"type":"Feature","properties":{"id":966664882,"cat":"industri","dist":590,"risk":3.21,"to":{"kind":"river","id":250960181,"name":"Sungai Ramal","at":[101.76531,2.98642]},"dist_langat":1416},"geometry":{"type":"Point","coordinates":[101.77265,2.98286]}},{"type":"Feature","properties":{"id":1288067097,"cat":"industri","dist":590,"risk":3.21,"to":{"kind":"river","id":1287944474,"name":"Sungai Semenyih","at":[101.9198,3.09566]}},"geometry":{"type":"Point","coordinates":[101.89941,3.10075]}},{"type":"Feature","properties":{"id":28500428,"cat":"kumbahan","dist":308,"risk":3.2,"to":{"kind":"river","id":68169975,"name":"Unnamed river","at":[101.78892,3.00527]}},"geometry":{"type":"Point","coordinates":[101.80149,3.01006]}},{"type":"Feature","properties":{"id":904025649,"cat":"industri","dist":595,"risk":3.2,"name":"Petronas Gas Berhad Metering Station","to":{"kind":"water","id":1064117553,"name":"Pond","at":[101.69265,2.8513]},"dist_langat":1093},"geometry":{"type":"Point","coordinates":[101.69358,2.85773]}},{"type":"Feature","properties":{"id":750330548,"cat":"industri","dist":597,"risk":3.19,"to":{"kind":"water","id":614886827,"name":"Pond","at":[101.76989,2.73472]}},"geometry":{"type":"Point","coordinates":[101.76475,2.738]}},{"type":"Feature","properties":{"id":1354951216,"cat":"industri","dist":603,"risk":3.18,"to":{"kind":"river","id":29212106,"name":"Sungai Langat","at":[101.50804,2.85644]},"dist_langat":603},"geometry":{"type":"Point","coordinates":[101.48124,2.89332]}},{"type":"Feature","properties":{"id":815019545,"cat":"industri","dist":606,"risk":3.17,"to":{"kind":"water","id":614886827,"name":"Pond","at":[101.76989,2.73472]}},"geometry":{"type":"Point","coordinates":[101.7666,2.72874]}},{"type":"Feature","properties":{"id":888387180,"cat":"kumbahan","dist":324,"risk":3.16,"name":"Langat Central Sewage Treatment Plant","to":{"kind":"river","id":492941424,"name":"Sungai Langat","at":[101.81384,3.10883]},"dist_langat":324},"geometry":{"type":"Point","coordinates":[101.7751,3.00826]}},{"type":"Feature","properties":{"id":766571562,"cat":"industri","dist":613,"risk":3.15,"to":{"kind":"water","id":133052746,"name":"Wetland","at":[101.6497,2.86354]}},"geometry":{"type":"Point","coordinates":[101.65001,2.85191]}},{"type":"Feature","properties":{"id":1499252848,"cat":"industri","dist":614,"risk":3.15,"to":{"kind":"water","id":1313126514,"name":"Pond","at":[101.76471,2.95206]},"dist_langat":2335},"geometry":{"type":"Point","coordinates":[101.76126,2.94719]}},{"type":"Feature","properties":{"id":1190228596,"cat":"industri","dist":619,"risk":3.14,"to":{"kind":"river","id":36198450,"name":"Sungai Semenyih","at":[101.85763,2.97097]}},"geometry":{"type":"Point","coordinates":[101.86516,2.98638]}},{"type":"Feature","properties":{"id":543456354,"cat":"industri","dist":622,"risk":3.13,"name":"Dura-mine Sdn Bhd","to":{"kind":"river","id":1380086860,"name":"Sungai Kabul","at":[101.85913,2.89476]}},"geometry":{"type":"Point","coordinates":[101.85793,2.90033]}},{"type":"Feature","properties":{"id":646696974,"cat":"kumbahan","dist":338,"risk":3.13,"to":{"kind":"water","id":797187581,"name":"Lake or reservoir","at":[101.71596,2.80668]}},"geometry":{"type":"Point","coordinates":[101.71785,2.80411]}},{"type":"Feature","properties":{"id":1008845324,"cat":"sisa","dist":338,"risk":3.13,"to":{"kind":"river","id":1288438838,"name":"Sungai Kapur","at":[101.83803,3.0999]}},"geometry":{"type":"Point","coordinates":[101.84101,3.09748]}},{"type":"Feature","properties":{"id":1287326471,"cat":"kumbahan","dist":339,"risk":3.13,"to":{"kind":"river","id":494343023,"name":"Sungai Langat","at":[101.88517,3.21247]},"dist_langat":339},"geometry":{"type":"Point","coordinates":[101.88424,3.21537]}},{"type":"Feature","properties":{"id":1037487365,"cat":"kumbahan","dist":343,"risk":3.12,"to":{"kind":"river","id":189312844,"name":"Unnamed river","at":[101.74678,3.04266]}},"geometry":{"type":"Point","coordinates":[101.7486,3.04654]}},{"type":"Feature","properties":{"id":420063273,"cat":"kumbahan","dist":348,"risk":3.11,"name":"oxidation ponds","to":{"kind":"river","id":1380634042,"name":"Suak Mengkarang","at":[101.87814,2.89577]}},"geometry":{"type":"Point","coordinates":[101.87406,2.89325]}},{"type":"Feature","properties":{"id":492406182,"cat":"kumbahan","dist":349,"risk":3.1,"name":"Sungai Labu Water Treatment Plant","to":{"kind":"river","id":492407141,"name":"Sungai Chinchang","at":[101.75181,2.75796]}},"geometry":{"type":"Point","coordinates":[101.74714,2.77058]}},{"type":"Feature","properties":{"id":1358040303,"cat":"industri","dist":633,"risk":3.1,"to":{"kind":"river","id":643966605,"name":"Sungai Langat","at":[101.42374,2.91257]},"dist_langat":633},"geometry":{"type":"Point","coordinates":[101.43292,2.88251]}},{"type":"Feature","properties":{"id":20124465,"cat":"industri","dist":636,"risk":3.1,"to":{"kind":"water","id":1544510828,"name":"Pond","at":[101.80084,2.91737]}},"geometry":{"type":"Point","coordinates":[101.80742,2.91874]}},{"type":"Feature","properties":{"id":6395065554,"cat":"kumbahan","dist":353,"risk":3.09,"to":{"kind":"water","id":711412750,"name":"Treatment basin","at":[101.44904,2.82374]}},"geometry":{"type":"Point","coordinates":[101.44787,2.82698]}},{"type":"Feature","properties":{"id":705117122,"cat":"industri","dist":642,"risk":3.08,"name":"PEI Malaysia Sdn. Bhd.","to":{"kind":"water","id":506480966,"name":"Treatment basin","at":[101.80311,2.84073]}},"geometry":{"type":"Point","coordinates":[101.80606,2.84673]}},{"type":"Feature","properties":{"id":1190228606,"cat":"industri","dist":642,"risk":3.08,"to":{"kind":"river","id":36198450,"name":"Sungai Semenyih","at":[101.85763,2.97097]}},"geometry":{"type":"Point","coordinates":[101.86681,2.99292]}},{"type":"Feature","properties":{"id":1499252847,"cat":"industri","dist":643,"risk":3.08,"to":{"kind":"water","id":1313126514,"name":"Pond","at":[101.76471,2.95206]},"dist_langat":2478},"geometry":{"type":"Point","coordinates":[101.76008,2.94796]}},{"type":"Feature","properties":{"id":1080543044,"cat":"industri","dist":646,"risk":3.07,"name":"Hitachi Transport System AEON","to":{"kind":"water","id":1313126514,"name":"Pond","at":[101.76471,2.95206]},"dist_langat":2475},"geometry":{"type":"Point","coordinates":[101.76007,2.94793]}},{"type":"Feature","properties":{"id":342448314,"cat":"industri","dist":661,"risk":3.03,"to":{"kind":"river","id":800240267,"name":"Sungai Rinching","at":[101.86862,2.92023]}},"geometry":{"type":"Point","coordinates":[101.86778,2.93006]}},{"type":"Feature","properties":{"id":1079794627,"cat":"industri","dist":672,"risk":3.01,"name":"Nilai 3","to":{"kind":"water","id":1080255456,"name":"Pond","at":[101.79509,2.85948]}},"geometry":{"type":"Point","coordinates":[101.8012,2.85681]}},{"type":"Feature","properties":{"id":1087545604,"cat":"industri","dist":671,"risk":3.01,"name":"Kawasan Perindustrian Balakong Jaya 2","to":{"kind":"water","id":816866104,"name":"Open water","at":[101.75355,2.99722]}},"geometry":{"type":"Point","coordinates":[101.74786,3.00002]}},{"type":"Feature","properties":{"id":825872853,"cat":"kumbahan","dist":393,"risk":3.0,"name":"Indah Water","to":{"kind":"river","id":492941424,"name":"Sungai Langat","at":[101.81384,3.10883]},"dist_langat":393},"geometry":{"type":"Point","coordinates":[101.76682,3.03772]}},{"type":"Feature","properties":{"id":20633106,"cat":"kumbahan","dist":394,"risk":3.0,"to":{"kind":"river","id":1287315217,"name":"Sungai Lolo","at":[101.90165,3.23048]},"dist_langat":648},"geometry":{"type":"Point","coordinates":[101.88804,3.21754]}},{"type":"Feature","properties":{"id":13773531625,"cat":"industri","dist":678,"risk":2.99,"name":"Sisters Crispy Popiah","to":{"kind":"water","id":135980029,"name":"Lake Valley","at":[101.76114,3.04446]},"dist_langat":1148},"geometry":{"type":"Point","coordinates":[101.75922,3.03612]}},{"type":"Feature","properties":{"id":619849747,"cat":"ternakan","dist":5,"risk":2.99,"to":{"kind":"water","id":619849747,"name":"Open water","at":[101.86888,2.97123]}},"geometry":{"type":"Point","coordinates":[101.86886,2.97115]}},{"type":"Feature","properties":{"id":643414476,"cat":"industri","dist":677,"risk":2.99,"name":"Hub Perindustrian Suntrack","to":{"kind":"river","id":390763688,"name":"Unnamed river","at":[101.75039,2.93467]},"dist_langat":1517},"geometry":{"type":"Point","coordinates":[101.75656,2.93591]}},{"type":"Feature","properties":{"id":619849750,"cat":"ternakan","dist":10,"risk":2.98,"to":{"kind":"water","id":619849750,"name":"Open water","at":[101.86916,2.97242]}},"geometry":{"type":"Point","coordinates":[101.86913,2.97242]}},{"type":"Feature","properties":{"id":619849758,"cat":"ternakan","dist":8,"risk":2.98,"to":{"kind":"water","id":619849758,"name":"Open water","at":[101.86834,2.97298]}},"geometry":{"type":"Point","coordinates":[101.86831,2.97298]}},{"type":"Feature","properties":{"id":749179197,"cat":"industri","dist":682,"risk":2.98,"to":{"kind":"river","id":800240267,"name":"Sungai Rinching","at":[101.86862,2.92023]}},"geometry":{"type":"Point","coordinates":[101.86472,2.92733]}},{"type":"Feature","properties":{"id":1544510827,"cat":"tanah","dist":8,"risk":2.98,"to":{"kind":"water","id":1544510828,"name":"Pond","at":[101.80084,2.91737]}},"geometry":{"type":"Point","coordinates":[101.80087,2.91731]}},{"type":"Feature","properties":{"id":497797473,"cat":"ternakan","dist":16,"risk":2.97,"to":{"kind":"water","id":497797473,"name":"Open water","at":[101.87037,2.96722]}},"geometry":{"type":"Point","coordinates":[101.8704,2.96723]}},{"type":"Feature","properties":{"id":1070549029,"cat":"industri","dist":685,"risk":2.97,"name":"Nouvelle Industrial Park","to":{"kind":"water","id":641745544,"name":"Pond","at":[101.73904,3.00703]}},"geometry":{"type":"Point","coordinates":[101.73858,3.0006]}},{"type":"Feature","properties":{"id":1087499959,"cat":"industri","dist":685,"risk":2.97,"name":"Taman Industri Teras","to":{"kind":"water","id":302748934,"name":"Lake or reservoir","at":[101.74352,3.02236]}},"geometry":{"type":"Point","coordinates":[101.73827,3.01826]}},{"type":"Feature","properties":{"id":619849755,"cat":"ternakan","dist":17,"risk":2.96,"to":{"kind":"water","id":619849755,"name":"Open water","at":[101.86838,2.97252]}},"geometry":{"type":"Point","coordinates":[101.8684,2.97251]}},{"type":"Feature","properties":{"id":988301557,"cat":"tanah","dist":21,"risk":2.96,"to":{"kind":"water","id":988301556,"name":"Pond","at":[101.89334,2.91896]}},"geometry":{"type":"Point","coordinates":[101.89389,2.91806]}},{"type":"Feature","properties":{"id":1164685828,"cat":"industri","dist":692,"risk":2.96,"name":"Eng Hong Palm Oil Mill Sdn Bhd","to":{"kind":"river","id":29212106,"name":"Sungai Langat","at":[101.50804,2.85644]},"dist_langat":692},"geometry":{"type":"Point","coordinates":[101.47451,2.86057]}},{"type":"Feature","properties":{"id":4741309921,"cat":"industri","dist":693,"risk":2.95,"name":"Nichicon (M) Sdn Bhd","to":{"kind":"water","id":552080953,"name":"Lake or reservoir","at":[101.74178,2.96474]}},"geometry":{"type":"Point","coordinates":[101.74565,2.97046]}},{"type":"Feature","properties":{"id":497797471,"cat":"ternakan","dist":23,"risk":2.95,"to":{"kind":"water","id":497797471,"name":"Open water","at":[101.87064,2.96876]}},"geometry":{"type":"Point","coordinates":[101.87061,2.96871]}},{"type":"Feature","properties":{"id":497797472,"cat":"ternakan","dist":22,"risk":2.95,"to":{"kind":"water","id":497797472,"name":"Open water","at":[101.87054,2.96792]}},"geometry":{"type":"Point","coordinates":[101.87055,2.96785]}},{"type":"Feature","properties":{"id":699947402,"cat":"industri","dist":695,"risk":2.95,"to":{"kind":"water","id":506416950,"name":"flood retention pond","at":[101.81613,2.95482]}},"geometry":{"type":"Point","coordinates":[101.81803,2.96092]}},{"type":"Feature","properties":{"id":1379311746,"cat":"ternakan","dist":26,"risk":2.95,"to":{"kind":"water","id":1379311739,"name":"Pond","at":[101.90613,2.94]}},"geometry":{"type":"Point","coordinates":[101.90632,2.9396]}},{"type":"Feature","properties":{"id":885384618,"cat":"kumbahan","dist":419,"risk":2.94,"name":"Cheras Batu 11 Water Treatment Plant","to":{"kind":"water","id":1189126435,"name":"Pond","at":[101.78041,3.03756]},"dist_langat":545},"geometry":{"type":"Point","coordinates":[101.78028,3.04169]}},{"type":"Feature","properties":{"id":1330598302,"cat":"industri","dist":697,"risk":2.94,"name":"KLIA Water Service Reservoir","to":{"kind":"river","id":492407141,"name":"Sungai Chinchang","at":[101.75181,2.75796]}},"geometry":{"type":"Point","coordinates":[101.74474,2.75235]}},{"type":"Feature","properties":{"id":406125802,"cat":"kumbahan","dist":424,"risk":2.93,"name":"Oxidation Ponds","to":{"kind":"water","id":723547905,"name":"Pond","at":[101.73488,3.05888]}},"geometry":{"type":"Point","coordinates":[101.73728,3.05545]}},{"type":"Feature","properties":{"id":487016405,"cat":"kumbahan","dist":426,"risk":2.92,"to":{"kind":"river","id":1288853733,"name":"Sungai Michu","at":[101.80939,3.11082]},"dist_langat":444},"geometry":{"type":"Point","coordinates":[101.8132,3.11302]}},{"type":"Feature","properties":{"id":619849742,"cat":"ternakan","dist":39,"risk":2.92,"to":{"kind":"water","id":619849742,"name":"Open water","at":[101.86945,2.9709]}},"geometry":{"type":"Point","coordinates":[101.86936,2.97088]}},{"type":"Feature","properties":{"id":709702613,"cat":"kumbahan","dist":428,"risk":2.92,"name":"Eco Sanctuary STP","to":{"kind":"water","id":723031735,"name":"Lake or reservoir","at":[101.53386,2.94238]}},"geometry":{"type":"Point","coordinates":[101.52522,2.92767]}},{"type":"Feature","properties":{"id":864131615,"cat":"tanah","dist":45,"risk":2.91,"name":"Lion Group","to":{"kind":"water","id":864131612,"name":"Pond","at":[101.55035,2.80964]},"dist_langat":975},"geometry":{"type":"Point","coordinates":[101.54833,2.80906]}},{"type":"Feature","properties":{"id":1009701388,"cat":"kumbahan","dist":430,"risk":2.91,"to":{"kind":"river","id":157861226,"name":"Sungai Batang Labu","at":[101.77451,2.79528]}},"geometry":{"type":"Point","coordinates":[101.78785,2.80339]}},{"type":"Feature","properties":{"id":794395545,"cat":"industri","dist":716,"risk":2.9,"to":{"kind":"river","id":29212106,"name":"Sungai Langat","at":[101.50804,2.85644]},"dist_langat":716},"geometry":{"type":"Point","coordinates":[101.50543,2.80888]}},{"type":"Feature","properties":{"id":1387176840,"cat":"kumbahan","dist":435,"risk":2.9,"to":{"kind":"water","id":544937171,"name":"Lake or reservoir","at":[101.79591,2.90283]}},"geometry":{"type":"Point","coordinates":[101.79328,2.90634]}},{"type":"Feature","properties":{"id":1190228599,"cat":"industri","dist":721,"risk":2.89,"to":{"kind":"river","id":36198450,"name":"Sungai Semenyih","at":[101.85763,2.97097]}},"geometry":{"type":"Point","coordinates":[101.86115,2.98272]}},{"type":"Feature","properties":{"id":335977740,"cat":"ternakan","dist":59,"risk":2.88,"to":{"kind":"water","id":335977740,"name":"Open water","at":[101.87053,2.96971]}},"geometry":{"type":"Point","coordinates":[101.87055,2.96983]}},{"type":"Feature","properties":{"id":698415522,"cat":"tanah","dist":59,"risk":2.88,"name":"Fakulti Pengajian Bahasa Utama","to":{"kind":"water","id":370532903,"name":"Open water","at":[101.7771,2.84387]}},"geometry":{"type":"Point","coordinates":[101.77789,2.8433]}},{"type":"Feature","properties":{"id":1379311760,"cat":"ternakan","dist":60,"risk":2.88,"to":{"kind":"water","id":1104401039,"name":"Pond","at":[101.90338,2.94115]}},"geometry":{"type":"Point","coordinates":[101.90287,2.94066]}},{"type":"Feature","properties":{"id":4717546736,"cat":"industri","dist":730,"risk":2.87,"name":"Intercontinental Specialty Fats Sdn Bhd","to":{"kind":"water","id":133052746,"name":"Wetland","at":[101.6497,2.86354]}},"geometry":{"type":"Point","coordinates":[101.65983,2.85203]}},{"type":"Feature","properties":{"id":890535705,"cat":"industri","dist":729,"risk":2.87,"name":"Taman Perindustrian Nilai 7","to":{"kind":"river","id":404341984,"name":"Sungai Batang Benar","at":[101.82219,2.85874]}},"geometry":{"type":"Point","coordinates":[101.81686,2.8493]}},{"type":"Feature","properties":{"id":1453044198,"cat":"kumbahan","dist":449,"risk":2.87,"name":"Indah Water","to":{"kind":"water","id":189312843,"name":"Channel","at":[101.74472,3.05854]}},"geometry":{"type":"Point","coordinates":[101.74898,3.0552]}},{"type":"Feature","properties":{"id":1512544121,"cat":"ternakan","dist":64,"risk":2.87,"to":{"kind":"river","id":620371618,"name":"Unnamed river","at":[101.41948,2.82643]},"dist_langat":895},"geometry":{"type":"Point","coordinates":[101.42224,2.82809]}},{"type":"Feature","properties":{"id":1535878621,"cat":"tanah","dist":61,"risk":2.87,"to":{"kind":"water","id":394568697,"name":"Pond","at":[101.63358,2.91081]}},"geometry":{"type":"Point","coordinates":[101.63556,2.91181]}},{"type":"Feature","properties":{"id":5438760896,"cat":"kumbahan","dist":455,"risk":2.86,"to":{"kind":"river","id":800240267,"name":"Sungai Rinching","at":[101.86862,2.92023]}},"geometry":{"type":"Point","coordinates":[101.86426,2.91452]}},{"type":"Feature","properties":{"id":543456353,"cat":"industri","dist":735,"risk":2.86,"name":"Bina Plastic Industries Sdn Bhd","to":{"kind":"river","id":189312844,"name":"Unnamed river","at":[101.74678,3.04266]}},"geometry":{"type":"Point","coordinates":[101.74118,3.03288]}},{"type":"Feature","properties":{"id":1087499955,"cat":"industri","dist":735,"risk":2.86,"name":"Taman Perindustrian Balakong Jaya","to":{"kind":"water","id":641745544,"name":"Pond","at":[101.73904,3.00703]}},"geometry":{"type":"Point","coordinates":[101.74275,3.00128]}},{"type":"Feature","properties":{"id":28500424,"cat":"kumbahan","dist":457,"risk":2.85,"to":{"kind":"river","id":68169975,"name":"Unnamed river","at":[101.78892,3.00527]}},"geometry":{"type":"Point","coordinates":[101.80292,3.01688]}},{"type":"Feature","properties":{"id":17637724,"cat":"tanah","dist":75,"risk":2.85,"to":{"kind":"water","id":793403918,"name":"Lake or reservoir","at":[101.70671,2.84016]}},"geometry":{"type":"Point","coordinates":[101.70706,2.84153]}},{"type":"Feature","properties":{"id":1366240691,"cat":"tanah","dist":78,"risk":2.84,"name":"Scientex Cheras","to":{"kind":"river","id":492941424,"name":"Sungai Langat","at":[101.81384,3.10883]},"dist_langat":78},"geometry":{"type":"Point","coordinates":[101.82105,3.11292]}},{"type":"Feature","properties":{"id":1472895785,"cat":"kumbahan","dist":465,"risk":2.84,"name":"Taman Damai Jaya","to":{"kind":"river","id":302854357,"name":"Sungai Cheras","at":[101.77233,3.05164]},"dist_langat":1451},"geometry":{"type":"Point","coordinates":[101.7667,3.06199]}},{"type":"Feature","properties":{"id":1493687909,"cat":"tanah","dist":77,"risk":2.84,"to":{"kind":"water","id":944725571,"name":"Pond","at":[101.67737,2.82786]},"dist_langat":777},"geometry":{"type":"Point","coordinates":[101.67813,2.82663]}},{"type":"Feature","properties":{"id":1268546312,"cat":"tanah","dist":83,"risk":2.83,"to":{"kind":"river","id":199634513,"name":"Sungai Sekamat","at":[101.80271,3.02769]}},"geometry":{"type":"Point","coordinates":[101.79209,3.02518]}},{"type":"Feature","properties":{"id":1286712795,"cat":"tanah","dist":81,"risk":2.83,"to":{"kind":"water","id":793403922,"name":"Pond","at":[101.70378,2.83732]}},"geometry":{"type":"Point","coordinates":[101.70389,2.83852]}},{"type":"Feature","properties":{"id":1386913420,"cat":"tanah","dist":83,"risk":2.83,"to":{"kind":"water","id":1222763693,"name":"Pond","at":[101.82834,2.90354]}},"geometry":{"type":"Point","coordinates":[101.8285,2.90227]}},{"type":"Feature","properties":{"id":1451312576,"cat":"kumbahan","dist":466,"risk":2.83,"name":"Taman Cheras Mas (EAPS)","to":{"kind":"water","id":189188885,"name":"Open water","at":[101.7527,3.06687]}},"geometry":{"type":"Point","coordinates":[101.75709,3.06635]}},{"type":"Feature","properties":{"id":1470350013,"cat":"tanah","dist":85,"risk":2.83,"to":{"kind":"water","id":544952475,"name":"Lake or reservoir","at":[101.79196,2.88371]}},"geometry":{"type":"Point","coordinates":[101.79258,2.88307]}},{"type":"Feature","properties":{"id":4741309922,"cat":"industri","dist":749,"risk":2.82,"name":"MS Supply Chain Solutions","to":{"kind":"water","id":552080953,"name":"Lake or reservoir","at":[101.74178,2.96474]}},"geometry":{"type":"Point","coordinates":[101.74804,2.96876]}},{"type":"Feature","properties":{"id":765523815,"cat":"kumbahan","dist":473,"risk":2.82,"to":{"kind":"water","id":189312843,"name":"Channel","at":[101.74472,3.05854]}},"geometry":{"type":"Point","coordinates":[101.74043,3.05358]}},{"type":"Feature","properties":{"id":1286712794,"cat":"tanah","dist":88,"risk":2.82,"name":"SJK (C) Sunsuria","to":{"kind":"water","id":793403918,"name":"Lake or reservoir","at":[101.70671,2.84016]}},"geometry":{"type":"Point","coordinates":[101.70503,2.84071]}},{"type":"Feature","properties":{"id":1493687913,"cat":"tanah","dist":89,"risk":2.82,"name":"Meria @ Cybersouth","to":{"kind":"river","id":772258742,"name":"Sungai Parit Tampoi","at":[101.66849,2.8694]}},"geometry":{"type":"Point","coordinates":[101.66291,2.87674]}},{"type":"Feature","properties":{"id":1018283097,"cat":"kumbahan","dist":475,"risk":2.81,"to":{"kind":"river","id":772258742,"name":"Sungai Parit Tampoi","at":[101.66849,2.8694]},"dist_langat":1362},"geometry":{"type":"Point","coordinates":[101.66854,2.85779]}},{"type":"Feature","properties":{"id":1463650171,"cat":"kumbahan","dist":475,"risk":2.81,"name":"Kota Cheras (EA)","to":{"kind":"river","id":487023150,"name":"Sungai Raya","at":[101.76834,3.06899]},"dist_langat":1954},"geometry":{"type":"Point","coordinates":[101.76349,3.06669]}},{"type":"Feature","properties":{"id":17637725,"cat":"tanah","dist":93,"risk":2.81,"to":{"kind":"water","id":1032914089,"name":"Pond","at":[101.69499,2.84051]}},"geometry":{"type":"Point","coordinates":[101.69557,2.83966]}},{"type":"Feature","properties":{"id":404687451,"cat":"industri","dist":760,"risk":2.8,"name":"Lion Group Megasteel Production Complex","to":{"kind":"river","id":29211786,"name":"Sungai Langat","at":[101.59296,2.80462]},"dist_langat":760},"geometry":{"type":"Point","coordinates":[101.59645,2.81057]}},{"type":"Feature","properties":{"id":765523826,"cat":"industri","dist":760,"risk":2.8,"name":"Kawasan Perindustrian Balakong","to":{"kind":"river","id":189312844,"name":"Unnamed river","at":[101.74678,3.04266]}},"geometry":{"type":"Point","coordinates":[101.74101,3.03269]}},{"type":"Feature","properties":{"id":822872329,"cat":"tanah","dist":100,"risk":2.8,"to":{"kind":"water","id":614886827,"name":"Pond","at":[101.76989,2.73472]}},"geometry":{"type":"Point","coordinates":[101.76838,2.73316]}},{"type":"Feature","properties":{"id":1460012598,"cat":"kumbahan","dist":480,"risk":2.8,"name":"Bdr Tun Hussein Onn (SBR)","to":{"kind":"water","id":135980029,"name":"Lake Valley","at":[101.76114,3.04446]},"dist_langat":1481},"geometry":{"type":"Point","coordinates":[101.76397,3.05057]}},{"type":"Feature","properties":{"id":12919309,"cat":"tanah","dist":97,"risk":2.8,"to":{"kind":"water","id":877911473,"name":"Treatment basin","at":[101.63934,2.90167]}},"geometry":{"type":"Point","coordinates":[101.63888,2.90033]}},{"type":"Feature","properties":{"id":12480381283,"cat":"kumbahan","dist":488,"risk":2.79,"to":{"kind":"water","id":865868569,"name":"Pond","at":[101.53459,2.92319]}},"geometry":{"type":"Point","coordinates":[101.54027,2.92271]}},{"type":"Feature","properties":{"id":1358285586,"cat":"tanah","dist":105,"risk":2.79,"to":{"kind":"water","id":136047839,"name":"Open water","at":[101.75802,2.99203]}},"geometry":{"type":"Point","coordinates":[101.75921,2.99248]}},{"type":"Feature","properties":{"id":888665764,"cat":"tanah","dist":109,"risk":2.78,"to":{"kind":"water","id":544945696,"name":"Lake or reservoir","at":[101.79017,2.87476]}},"geometry":{"type":"Point","coordinates":[101.7906,2.87313]}},{"type":"Feature","properties":{"id":1181327448,"cat":"kumbahan","dist":495,"risk":2.77,"name":"Indah Water","to":{"kind":"river","id":865124396,"name":"Sungai Labu","at":[101.70816,2.77713]}},"geometry":{"type":"Point","coordinates":[101.69465,2.80809]}},{"type":"Feature","properties":{"id":1514025833,"cat":"tanah","dist":115,"risk":2.77,"to":{"kind":"water","id":795426720,"name":"Lake or reservoir","at":[101.67988,2.88045]},"dist_langat":582},"geometry":{"type":"Point","coordinates":[101.67808,2.88069]}},{"type":"Feature","properties":{"id":1544070220,"cat":"tanah","dist":113,"risk":2.77,"to":{"kind":"river","id":800136975,"name":"Sungai Mahang","at":[101.81944,2.8351]}},"geometry":{"type":"Point","coordinates":[101.81321,2.835]}},{"type":"Feature","properties":{"id":752326033,"cat":"kumbahan","dist":501,"risk":2.76,"name":"Indah Water","to":{"kind":"river","id":23127465,"name":"Sungai Langat","at":[101.78322,2.96244]},"dist_langat":501},"geometry":{"type":"Point","coordinates":[101.78177,2.98285]}},{"type":"Feature","properties":{"id":765795870,"cat":"sisa","dist":502,"risk":2.76,"to":{"kind":"water","id":1263519434,"name":"Pond","at":[101.81565,3.06464]}},"geometry":{"type":"Point","coordinates":[101.82097,3.06925]}},{"type":"Feature","properties":{"id":944725567,"cat":"industri","dist":775,"risk":2.76,"name":"Suria Industrial Park","to":{"kind":"river","id":865124396,"name":"Sungai Labu","at":[101.70816,2.77713]}},"geometry":{"type":"Point","coordinates":[101.6865,2.79886]}},{"type":"Feature","properties":{"id":544542239,"cat":"tanah","dist":123,"risk":2.75,"name":"Cipta Serenia City","to":{"kind":"water","id":1064117530,"name":"Pond","at":[101.68368,2.84255]},"dist_langat":570},"geometry":{"type":"Point","coordinates":[101.68437,2.84111]}},{"type":"Feature","properties":{"id":1373753969,"cat":"tanah","dist":123,"risk":2.75,"name":"Alpinia Residence","to":{"kind":"river","id":445308635,"name":"Sungai Chelet","at":[101.78084,2.80737]}},"geometry":{"type":"Point","coordinates":[101.77843,2.80509]}},{"type":"Feature","properties":{"id":5565674926,"cat":"kumbahan","dist":510,"risk":2.74,"to":{"kind":"river","id":29211467,"name":"Sungai Langat","at":[101.66366,2.82227]},"dist_langat":510},"geometry":{"type":"Point","coordinates":[101.67791,2.86522]}},{"type":"Feature","properties":{"id":189326357,"cat":"kumbahan","dist":508,"risk":2.74,"to":{"kind":"water","id":189188885,"name":"Open water","at":[101.7527,3.06687]}},"geometry":{"type":"Point","coordinates":[101.7559,3.0633]}},{"type":"Feature","properties":{"id":726076416,"cat":"tanah","dist":128,"risk":2.74,"to":{"kind":"water","id":492564246,"name":"flood retention pond","at":[101.78223,2.78127]}},"geometry":{"type":"Point","coordinates":[101.78411,2.78191]}},{"type":"Feature","properties":{"id":1072952661,"cat":"kumbahan","dist":507,"risk":2.74,"to":{"kind":"water","id":1312933612,"name":"Pond","at":[101.73122,3.00034]}},"geometry":{"type":"Point","coordinates":[101.73527,3.00323]}},{"type":"Feature","properties":{"id":1190228602,"cat":"tanah","dist":131,"risk":2.73,"to":{"kind":"river","id":36198450,"name":"Sungai Semenyih","at":[101.85763,2.97097]}},"geometry":{"type":"Point","coordinates":[101.86937,2.98489]}},{"type":"Feature","properties":{"id":568194877,"cat":"industri","dist":796,"risk":2.72,"name":"UACJ Copper Tube (Malaysia) Sdn. Bhd.","to":{"kind":"water","id":290624679,"name":"Lake or reservoir","at":[101.81365,2.82084]}},"geometry":{"type":"Point","coordinates":[101.81921,2.82591]}},{"type":"Feature","properties":{"id":723547948,"cat":"sisa","dist":520,"risk":2.72,"to":{"kind":"water","id":674092524,"name":"Pond","at":[101.85061,2.9825]}},"geometry":{"type":"Point","coordinates":[101.84556,2.98419]}},{"type":"Feature","properties":{"id":1512544139,"cat":"tanah","dist":139,"risk":2.72,"to":{"kind":"water","id":620375312,"name":"Open water","at":[101.42104,2.82844]},"dist_langat":656},"geometry":{"type":"Point","coordinates":[101.41954,2.82932]}},{"type":"Feature","properties":{"id":765795871,"cat":"sisa","dist":523,"risk":2.71,"to":{"kind":"water","id":1190205612,"name":"Pond","at":[101.83037,3.05955]}},"geometry":{"type":"Point","coordinates":[101.82563,3.0652]}},{"type":"Feature","properties":{"id":904025650,"cat":"industri","dist":798,"risk":2.71,"name":"Petronas Gas Berhad Metering Station","to":{"kind":"river","id":29211467,"name":"Sungai Langat","at":[101.66366,2.82227]},"dist_langat":798},"geometry":{"type":"Point","coordinates":[101.69131,2.85921]}},{"type":"Feature","properties":{"id":1080255461,"cat":"tanah","dist":145,"risk":2.71,"to":{"kind":"river","id":800136975,"name":"Sungai Mahang","at":[101.81944,2.8351]}},"geometry":{"type":"Point","coordinates":[101.82039,2.83687]}},{"type":"Feature","properties":{"id":1413610462,"cat":"tanah","dist":146,"risk":2.71,"to":{"kind":"water","id":944292853,"name":"Lake or reservoir","at":[101.64549,2.9111]}},"geometry":{"type":"Point","coordinates":[101.64684,2.91226]}},{"type":"Feature","properties":{"id":723031734,"cat":"tanah","dist":150,"risk":2.7,"to":{"kind":"water","id":723031735,"name":"Lake or reservoir","at":[101.53386,2.94238]}},"geometry":{"type":"Point","coordinates":[101.53067,2.94234]}},{"type":"Feature","properties":{"id":890535709,"cat":"industri","dist":805,"risk":2.7,"to":{"kind":"water","id":404335203,"name":"flood retention pond","at":[101.83483,2.85834]}},"geometry":{"type":"Point","coordinates":[101.83484,2.8509]}},{"type":"Feature","properties":{"id":5438760897,"cat":"kumbahan","dist":530,"risk":2.69,"to":{"kind":"water","id":28234621,"name":"Open water","at":[101.87348,2.90898]}},"geometry":{"type":"Point","coordinates":[101.87293,2.91436]}},{"type":"Feature","properties":{"id":1190228598,"cat":"industri","dist":811,"risk":2.69,"to":{"kind":"river","id":36198450,"name":"Sungai Semenyih","at":[101.85763,2.97097]}},"geometry":{"type":"Point","coordinates":[101.86258,2.9853]}},{"type":"Feature","properties":{"id":4961889632,"cat":"kumbahan","dist":538,"risk":2.68,"to":{"kind":"water","id":1080255456,"name":"Pond","at":[101.79509,2.85948]}},"geometry":{"type":"Point","coordinates":[101.7948,2.86465]}},{"type":"Feature","properties":{"id":826270743,"cat":"industri","dist":815,"risk":2.68,"name":"Taman Industri Balakong Jaya","to":{"kind":"river","id":773562507,"name":"Sungai Balak","at":[101.75636,3.01966]},"dist_langat":2005},"geometry":{"type":"Point","coordinates":[101.75234,3.01217]}},{"type":"Feature","properties":{"id":1544510820,"cat":"tanah","dist":157,"risk":2.68,"to":{"kind":"water","id":544937171,"name":"Lake or reservoir","at":[101.79591,2.90283]}},"geometry":{"type":"Point","coordinates":[101.79449,2.90403]}},{"type":"Feature","properties":{"id":4567976255,"cat":"kumbahan","dist":543,"risk":2.67,"to":{"kind":"water","id":461274042,"name":"Swarm","at":[101.84216,2.96775]}},"geometry":{"type":"Point","coordinates":[101.84567,2.96394]}},{"type":"Feature","properties":{"id":4741309620,"cat":"industri","dist":818,"risk":2.67,"name":"Sri Utusan","to":{"kind":"water","id":552080953,"name":"Lake or reservoir","at":[101.74178,2.96474]}},"geometry":{"type":"Point","coordinates":[101.74556,2.97179]}},{"type":"Feature","properties":{"id":584995027,"cat":"tanah","dist":164,"risk":2.67,"name":"Jernih Residence","to":{"kind":"river","id":68169975,"name":"Unnamed river","at":[101.78892,3.00527]},"dist_langat":751},"geometry":{"type":"Point","coordinates":[101.785,3.00121]}},{"type":"Feature","properties":{"id":1019945926,"cat":"tanah","dist":162,"risk":2.67,"to":{"kind":"river","id":1288432207,"name":"Sungai Muchok","at":[101.83024,3.11175]},"dist_langat":968},"geometry":{"type":"Point","coordinates":[101.8287,3.11059]}},{"type":"Feature","properties":{"id":1164559062,"cat":"tanah","dist":164,"risk":2.67,"to":{"kind":"water","id":404363017,"name":"flood retention pond","at":[101.84481,2.92152]}},"geometry":{"type":"Point","coordinates":[101.84485,2.92353]}},{"type":"Feature","properties":{"id":1229506610,"cat":"tanah","dist":162,"risk":2.67,"name":"Sapphire 9 Cheras Permai","to":{"kind":"river","id":737577426,"name":"Sungai Sering","at":[101.7705,3.07082]},"dist_langat":1447},"geometry":{"type":"Point","coordinates":[101.77109,3.07281]}},{"type":"Feature","properties":{"id":1355008365,"cat":"industri","dist":817,"risk":2.67,"name":"bus depot","to":{"kind":"river","id":620371618,"name":"Unnamed river","at":[101.41948,2.82643]},"dist_langat":1608},"geometry":{"type":"Point","coordinates":[101.43128,2.83647]}},{"type":"Feature","properties":{"id":1515354889,"cat":"tanah","dist":164,"risk":2.67,"to":{"kind":"water","id":144292577,"name":"Open water","at":[101.72511,2.75968]}},"geometry":{"type":"Point","coordinates":[101.72364,2.75939]}},{"type":"Feature","properties":{"id":1493687914,"cat":"tanah","dist":169,"risk":2.66,"to":{"kind":"water","id":793261735,"name":"Lake or reservoir","at":[101.65537,2.8806]}},"geometry":{"type":"Point","coordinates":[101.6548,2.8775]}},{"type":"Feature","properties":{"id":1431647460,"cat":"kumbahan","dist":549,"risk":2.65,"name":"Taman Orkid Desa (NPS)","to":{"kind":"water","id":122496418,"name":"Lake or reservoir","at":[101.74653,3.07517]}},"geometry":{"type":"Point","coordinates":[101.74155,3.07694]}},{"type":"Feature","properties":{"id":1544510821,"cat":"tanah","dist":178,"risk":2.64,"to":{"kind":"water","id":1387176842,"name":"Treatment basin","at":[101.7961,2.91031]}},"geometry":{"type":"Point","coordinates":[101.79667,2.90797]}},{"type":"Feature","properties":{"id":342448304,"cat":"tanah","dist":193,"risk":2.62,"name":"L'Marq Residence","to":{"kind":"water","id":561979980,"name":"Open water","at":[101.85787,2.92897]}},"geometry":{"type":"Point","coordinates":[101.85883,2.92712]}},{"type":"Feature","properties":{"id":826493890,"cat":"kumbahan","dist":565,"risk":2.62,"to":{"kind":"water","id":1125001400,"name":"Pond","at":[101.7519,3.09196]}},"geometry":{"type":"Point","coordinates":[101.74833,3.08813]}},{"type":"Feature","properties":{"id":1488645245,"cat":"tanah","dist":190,"risk":2.62,"to":{"kind":"water","id":1079175910,"name":"Pond","at":[101.60642,2.88738]}},"geometry":{"type":"Point","coordinates":[101.6014,2.88812]}},{"type":"Feature","properties":{"id":653352854,"cat":"kumbahan","dist":568,"risk":2.61,"to":{"kind":"river","id":189312844,"name":"Unnamed river","at":[101.74678,3.04266]}},"geometry":{"type":"Point","coordinates":[101.74046,3.04462]}},{"type":"Feature","properties":{"id":1190228595,"cat":"industri","dist":845,"risk":2.61,"name":"Kawasan Perindusrian Hi-Tech 6","to":{"kind":"river","id":36198450,"name":"Sungai Semenyih","at":[101.85763,2.97097]}},"geometry":{"type":"Point","coordinates":[101.86353,2.98825]}},{"type":"Feature","properties":{"id":1544510833,"cat":"tanah","dist":195,"risk":2.61,"to":{"kind":"water","id":1544510834,"name":"Pond","at":[101.81066,2.90854]}},"geometry":{"type":"Point","coordinates":[101.81265,2.91062]}},{"type":"Feature","properties":{"id":1041479509,"cat":"tanah","dist":198,"risk":2.6,"to":{"kind":"water","id":398667400,"name":"Pond","at":[101.56047,2.82755]},"dist_langat":551},"geometry":{"type":"Point","coordinates":[101.56014,2.82956]}},{"type":"Feature","properties":{"id":1486282687,"cat":"tanah","dist":199,"risk":2.6,"to":{"kind":"river","id":882870495,"name":"Sungai Palembang","at":[101.74007,2.82879]}},"geometry":{"type":"Point","coordinates":[101.74188,2.82915]}},{"type":"Feature","properties":{"id":1544510830,"cat":"tanah","dist":201,"risk":2.6,"to":{"kind":"water","id":1544510828,"name":"Pond","at":[101.80084,2.91737]}},"geometry":{"type":"Point","coordinates":[101.80145,2.91518]}},{"type":"Feature","properties":{"id":723031755,"cat":"tanah","dist":204,"risk":2.59,"to":{"kind":"water","id":723031735,"name":"Lake or reservoir","at":[101.53386,2.94238]}},"geometry":{"type":"Point","coordinates":[101.52373,2.93157]}},{"type":"Feature","properties":{"id":1211291562,"cat":"tanah","dist":205,"risk":2.59,"to":{"kind":"river","id":36197738,"name":"Sungai Raya","at":[101.76128,3.07478]},"dist_langat":2669},"geometry":{"type":"Point","coordinates":[101.76224,3.07635]}},{"type":"Feature","properties":{"id":1416315645,"cat":"industri","dist":855,"risk":2.59,"name":"Kajang transmitting site","to":{"kind":"river","id":68169975,"name":"Unnamed river","at":[101.78892,3.00527]},"dist_langat":1291},"geometry":{"type":"Point","coordinates":[101.78344,3.01075]}},{"type":"Feature","properties":{"id":1544509133,"cat":"tanah","dist":211,"risk":2.58,"to":{"kind":"water","id":463885288,"name":"ELC Rimbun Tropika Pond","at":[101.79261,2.93762]},"dist_langat":721},"geometry":{"type":"Point","coordinates":[101.79092,2.93899]}},{"type":"Feature","properties":{"id":988287839,"cat":"tanah","dist":216,"risk":2.57,"name":"Midlandscity","to":{"kind":"river","id":1379122937,"name":"Sungai Saringgit","at":[101.86962,2.94745]}},"geometry":{"type":"Point","coordinates":[101.8637,2.94491]}},{"type":"Feature","properties":{"id":1413610466,"cat":"tanah","dist":218,"risk":2.57,"to":{"kind":"water","id":563924700,"name":"Lake or reservoir","at":[101.65302,2.8971]}},"geometry":{"type":"Point","coordinates":[101.65596,2.89825]}},{"type":"Feature","properties":{"id":1544510825,"cat":"tanah","dist":218,"risk":2.57,"to":{"kind":"water","id":1087793361,"name":"Pond","at":[101.80086,2.92768]},"dist_langat":1934},"geometry":{"type":"Point","coordinates":[101.79912,2.92919]}},{"type":"Feature","properties":{"id":1225395819,"cat":"tanah","dist":223,"risk":2.56,"to":{"kind":"water","id":563924701,"name":"Lake or reservoir","at":[101.65116,2.8992]}},"geometry":{"type":"Point","coordinates":[101.64828,2.89948]}},{"type":"Feature","properties":{"id":1544510832,"cat":"tanah","dist":221,"risk":2.56,"to":{"kind":"water","id":1544510834,"name":"Pond","at":[101.81066,2.90854]}},"geometry":{"type":"Point","coordinates":[101.80818,2.90948]}},{"type":"Feature","properties":{"id":1544510838,"cat":"tanah","dist":220,"risk":2.56,"to":{"kind":"water","id":544945696,"name":"Lake or reservoir","at":[101.79017,2.87476]}},"geometry":{"type":"Point","coordinates":[101.79253,2.87618]}},{"type":"Feature","properties":{"id":1488645247,"cat":"tanah","dist":226,"risk":2.55,"to":{"kind":"water","id":1488645248,"name":"Pond","at":[101.59426,2.88306]}},"geometry":{"type":"Point","coordinates":[101.59136,2.88439]}},{"type":"Feature","properties":{"id":1508744686,"cat":"tanah","dist":225,"risk":2.55,"to":{"kind":"water","id":888398280,"name":"Pond","at":[101.77629,2.99385]},"dist_langat":606},"geometry":{"type":"Point","coordinates":[101.77309,2.99497]}},{"type":"Feature","properties":{"id":1544070222,"cat":"tanah","dist":225,"risk":2.55,"to":{"kind":"water","id":1080236594,"name":"Pond","at":[101.78821,2.82678]}},"geometry":{"type":"Point","coordinates":[101.79064,2.82555]}},{"type":"Feature","properties":{"id":581843109,"cat":"kumbahan","dist":606,"risk":2.54,"to":{"kind":"river","id":492941424,"name":"Sungai Langat","at":[101.81384,3.10883]},"dist_langat":606},"geometry":{"type":"Point","coordinates":[101.76824,3.04375]}},{"type":"Feature","properties":{"id":1124458474,"cat":"tanah","dist":231,"risk":2.54,"name":"The Connaught One","to":{"kind":"water","id":122496418,"name":"Lake or reservoir","at":[101.74653,3.07517]}},"geometry":{"type":"Point","coordinates":[101.7451,3.07712]}},{"type":"Feature","properties":{"id":1388680373,"cat":"tanah","dist":233,"risk":2.54,"to":{"kind":"water","id":390948271,"name":"Pond","at":[101.73213,2.94319]}},"geometry":{"type":"Point","coordinates":[101.73085,2.94124]}},{"type":"Feature","properties":{"id":1544485352,"cat":"tanah","dist":230,"risk":2.54,"to":{"kind":"water","id":988301571,"name":"Pond","at":[101.90114,2.92656]}},"geometry":{"type":"Point","coordinates":[101.90002,2.92418]}},{"type":"Feature","properties":{"id":815019542,"cat":"industri","dist":886,"risk":2.53,"to":{"kind":"water","id":614886827,"name":"Pond","at":[101.76989,2.73472]}},"geometry":{"type":"Point","coordinates":[101.76198,2.73017]}},{"type":"Feature","properties":{"id":1453551728,"cat":"tanah","dist":237,"risk":2.53,"name":"Cove Centrum","to":{"kind":"water","id":971898957,"name":"Pond","at":[101.61482,2.88782]}},"geometry":{"type":"Point","coordinates":[101.61384,2.89028]}},{"type":"Feature","properties":{"id":1507675596,"cat":"tanah","dist":240,"risk":2.53,"name":"Residensi Naluri","to":{"kind":"river","id":492941424,"name":"Sungai Langat","at":[101.81384,3.10883]},"dist_langat":240},"geometry":{"type":"Point","coordinates":[101.77799,3.05296]}},{"type":"Feature","properties":{"id":1544070221,"cat":"tanah","dist":236,"risk":2.53,"to":{"kind":"river","id":800136975,"name":"Sungai Mahang","at":[101.81944,2.8351]}},"geometry":{"type":"Point","coordinates":[101.81567,2.83677]}},{"type":"Feature","properties":{"id":463238575,"cat":"kumbahan","dist":612,"risk":2.52,"name":"Tangki Sedutan Bandar Rinching Seksyen 5&6","to":{"kind":"water","id":561979980,"name":"Open water","at":[101.85787,2.92897]}},"geometry":{"type":"Point","coordinates":[101.86277,2.92559]}},{"type":"Feature","properties":{"id":699363481,"cat":"tanah","dist":241,"risk":2.52,"to":{"kind":"river","id":199634513,"name":"Sungai Sekamat","at":[101.80271,3.02769]}},"geometry":{"type":"Point","coordinates":[101.80388,3.0254]}},{"type":"Feature","properties":{"id":1225489704,"cat":"tanah","dist":242,"risk":2.52,"to":{"kind":"water","id":877911472,"name":"Pond","at":[101.64086,2.90604]}},"geometry":{"type":"Point","coordinates":[101.63887,2.90462]}},{"type":"Feature","properties":{"id":966664883,"cat":"industri","dist":893,"risk":2.51,"to":{"kind":"river","id":250960181,"name":"Sungai Ramal","at":[101.76531,2.98642]},"dist_langat":1008},"geometry":{"type":"Point","coordinates":[101.77596,2.98083]}},{"type":"Feature","properties":{"id":1508744676,"cat":"tanah","dist":246,"risk":2.51,"to":{"kind":"water","id":492980750,"name":"Pond","at":[101.86629,3.02548]}},"geometry":{"type":"Point","coordinates":[101.86385,3.02605]}},{"type":"Feature","properties":{"id":4567976285,"cat":"kumbahan","dist":623,"risk":2.5,"to":{"kind":"water","id":232118781,"name":"Lake or reservoir","at":[101.81579,2.98438]}},"geometry":{"type":"Point","coordinates":[101.82033,2.98042]}},{"type":"Feature","properties":{"id":822872328,"cat":"tanah","dist":253,"risk":2.5,"to":{"kind":"water","id":614886827,"name":"Pond","at":[101.76989,2.73472]}},"geometry":{"type":"Point","coordinates":[101.76693,2.7338]}},{"type":"Feature","properties":{"id":1080495329,"cat":"tanah","dist":256,"risk":2.5,"to":{"kind":"water","id":877911472,"name":"Pond","at":[101.64086,2.90604]}},"geometry":{"type":"Point","coordinates":[101.64366,2.90401]}},{"type":"Feature","properties":{"id":1358040288,"cat":"industri","dist":898,"risk":2.5,"to":{"kind":"river","id":643966605,"name":"Sungai Langat","at":[101.42374,2.91257]},"dist_langat":898},"geometry":{"type":"Point","coordinates":[101.4411,2.88735]}},{"type":"Feature","properties":{"id":1379311765,"cat":"ternakan","dist":252,"risk":2.5,"to":{"kind":"water","id":1104401039,"name":"Pond","at":[101.90338,2.94115]}},"geometry":{"type":"Point","coordinates":[101.90223,2.93904]}},{"type":"Feature","properties":{"id":1508744684,"cat":"tanah","dist":251,"risk":2.5,"to":{"kind":"water","id":1211536135,"name":"Pond","at":[101.79616,3.05556]},"dist_langat":1601},"geometry":{"type":"Point","coordinates":[101.79471,3.05314]}},{"type":"Feature","properties":{"id":988301579,"cat":"tanah","dist":259,"risk":2.49,"to":{"kind":"water","id":988301554,"name":"Pond","at":[101.89722,2.9233]}},"geometry":{"type":"Point","coordinates":[101.89475,2.92302]}},{"type":"Feature","properties":{"id":1413610457,"cat":"tanah","dist":257,"risk":2.49,"to":{"kind":"water","id":877911472,"name":"Pond","at":[101.64086,2.90604]}},"geometry":{"type":"Point","coordinates":[101.64402,2.90612]}},{"type":"Feature","properties":{"id":1486282689,"cat":"tanah","dist":258,"risk":2.49,"to":{"kind":"river","id":791988225,"name":"Sungai Palembang","at":[101.74029,2.84098]}},"geometry":{"type":"Point","coordinates":[101.74289,2.83485]}},{"type":"Feature","properties":{"id":12154925851,"cat":"kumbahan","dist":632,"risk":2.48,"to":{"kind":"water","id":1435241432,"name":"Open water","at":[101.73527,2.97211]}},"geometry":{"type":"Point","coordinates":[101.73729,2.97779]}},{"type":"Feature","properties":{"id":1507675597,"cat":"tanah","dist":263,"risk":2.48,"to":{"kind":"river","id":68169975,"name":"Unnamed river","at":[101.78892,3.00527]},"dist_langat":531},"geometry":{"type":"Point","coordinates":[101.78388,2.99931]}},{"type":"Feature","properties":{"id":1544070224,"cat":"tanah","dist":265,"risk":2.48,"to":{"kind":"river","id":445308635,"name":"Sungai Chelet","at":[101.78084,2.80737]}},"geometry":{"type":"Point","coordinates":[101.7795,2.81199]}},{"type":"Feature","properties":{"id":12652644128,"cat":"industri","dist":914,"risk":2.47,"name":"QQ CENTURY FOOD ENTERPRISE HQ","to":{"kind":"river","id":36198450,"name":"Sungai Semenyih","at":[101.85763,2.97097]}},"geometry":{"type":"Point","coordinates":[101.82888,2.93761]}},{"type":"Feature","properties":{"id":674092526,"cat":"tanah","dist":269,"risk":2.47,"name":"Anyara Hills","to":{"kind":"water","id":1508744651,"name":"Pond","at":[101.8664,3.00429]}},"geometry":{"type":"Point","coordinates":[101.8642,3.00284]}},{"type":"Feature","properties":{"id":826860337,"cat":"tanah","dist":267,"risk":2.47,"name":"Cemara Damai Residence","to":{"kind":"water","id":723547905,"name":"Pond","at":[101.73488,3.05888]}},"geometry":{"type":"Point","coordinates":[101.73665,3.06104]}},{"type":"Feature","properties":{"id":1080543068,"cat":"tanah","dist":269,"risk":2.47,"to":{"kind":"water","id":251132959,"name":"Channel","at":[101.77786,2.96655]},"dist_langat":373},"geometry":{"type":"Point","coordinates":[101.78307,2.96891]}},{"type":"Feature","properties":{"id":1544073715,"cat":"tanah","dist":272,"risk":2.47,"to":{"kind":"water","id":1079519089,"name":"Pond","at":[101.70121,2.80872]}},"geometry":{"type":"Point","coordinates":[101.69941,2.80647]}},{"type":"Feature","properties":{"id":14478787,"cat":"industri","dist":914,"risk":2.47,"name":"Kawasan Perindustrian Taming Jaya","to":{"kind":"water","id":302748934,"name":"Lake or reservoir","at":[101.74352,3.02236]}},"geometry":{"type":"Point","coordinates":[101.73556,3.01888]}},{"type":"Feature","properties":{"id":189188964,"cat":"kumbahan","dist":646,"risk":2.46,"to":{"kind":"water","id":189188885,"name":"Open water","at":[101.7527,3.06687]}},"geometry":{"type":"Point","coordinates":[101.75307,3.06096]}},{"type":"Feature","properties":{"id":189224899,"cat":"kumbahan","dist":650,"risk":2.45,"to":{"kind":"water","id":189188885,"name":"Open water","at":[101.7527,3.06687]}},"geometry":{"type":"Point","coordinates":[101.75694,3.06252]}},{"type":"Feature","properties":{"id":765523840,"cat":"industri","dist":930,"risk":2.44,"name":"Taman Perindustrian Alfa Impian","to":{"kind":"river","id":773562507,"name":"Sungai Balak","at":[101.75636,3.01966]},"dist_langat":1761},"geometry":{"type":"Point","coordinates":[101.75514,3.00851]}},{"type":"Feature","properties":{"id":724561400,"cat":"tanah","dist":291,"risk":2.43,"to":{"kind":"water","id":398667401,"name":"Pond","at":[101.55592,2.81957]},"dist_langat":345},"geometry":{"type":"Point","coordinates":[101.55316,2.82164]}},{"type":"Feature","properties":{"id":984928677,"cat":"industri","dist":935,"risk":2.43,"to":{"kind":"water","id":335975899,"name":"Lake or reservoir","at":[101.8765,2.99149]}},"geometry":{"type":"Point","coordinates":[101.87993,2.98296]}},{"type":"Feature","properties":{"id":1061042056,"cat":"tanah","dist":292,"risk":2.43,"to":{"kind":"river","id":29211467,"name":"Sungai Langat","at":[101.66366,2.82227]},"dist_langat":292},"geometry":{"type":"Point","coordinates":[101.68456,2.8691]}},{"type":"Feature","properties":{"id":1229510529,"cat":"tanah","dist":290,"risk":2.43,"name":"SMK Bandar Bukit Mahkota","to":{"kind":"water","id":410789384,"name":"Lake or reservoir","at":[101.81252,2.88281]}},"geometry":{"type":"Point","coordinates":[101.81118,2.88005]}},{"type":"Feature","properties":{"id":239060752,"cat":"industri","dist":943,"risk":2.42,"name":"Sony","to":{"kind":"river","id":390763688,"name":"Unnamed river","at":[101.75039,2.93467]}},"geometry":{"type":"Point","coordinates":[101.75476,2.94338]}},{"type":"Feature","properties":{"id":1062351153,"cat":"industri","dist":942,"risk":2.42,"to":{"kind":"river","id":29212106,"name":"Sungai Langat","at":[101.50804,2.85644]},"dist_langat":942},"geometry":{"type":"Point","coordinates":[101.51279,2.86362]}},{"type":"Feature","properties":{"id":1079852621,"cat":"tanah","dist":300,"risk":2.42,"to":{"kind":"water","id":1222271535,"name":"Pond","at":[101.67052,2.89162]},"dist_langat":1662},"geometry":{"type":"Point","coordinates":[101.6737,2.89295]}},{"type":"Feature","properties":{"id":1322885841,"cat":"tanah","dist":295,"risk":2.42,"to":{"kind":"water","id":888398280,"name":"Pond","at":[101.77629,2.99385]},"dist_langat":466},"geometry":{"type":"Point","coordinates":[101.77335,2.9968]}},{"type":"Feature","properties":{"id":1488645243,"cat":"tanah","dist":300,"risk":2.41,"to":{"kind":"water","id":1079175910,"name":"Pond","at":[101.60642,2.88738]}},"geometry":{"type":"Point","coordinates":[101.60592,2.89015]}},{"type":"Feature","properties":{"id":4740284792,"cat":"industri","dist":954,"risk":2.4,"name":"Teck See Plastic Sdn Bhd","to":{"kind":"water","id":1317534513,"name":"Pond","at":[101.74495,2.98361]}},"geometry":{"type":"Point","coordinates":[101.74809,2.97545]}},{"type":"Feature","properties":{"id":4741309617,"cat":"industri","dist":951,"risk":2.4,"name":"Compounding & Colouring Sdn Bhd","to":{"kind":"water","id":1317534513,"name":"Pond","at":[101.74495,2.98361]}},"geometry":{"type":"Point","coordinates":[101.7464,2.97508]}},{"type":"Feature","properties":{"id":1080495286,"cat":"tanah","dist":305,"risk":2.4,"name":"Avalon @ Cybersouth","to":{"kind":"water","id":793261717,"name":"Lake or reservoir","at":[101.65723,2.8698]}},"geometry":{"type":"Point","coordinates":[101.65957,2.87259]}},{"type":"Feature","properties":{"id":1544510837,"cat":"tanah","dist":306,"risk":2.4,"to":{"kind":"water","id":23079537,"name":"Open water","at":[101.80772,2.87715]}},"geometry":{"type":"Point","coordinates":[101.80453,2.87869]}},{"type":"Feature","properties":{"id":1545741794,"cat":"tanah","dist":309,"risk":2.4,"to":{"kind":"river","id":199634513,"name":"Sungai Sekamat","at":[101.80271,3.02769]}},"geometry":{"type":"Point","coordinates":[101.80859,3.03978]}},{"type":"Feature","properties":{"id":671106357,"cat":"tanah","dist":312,"risk":2.39,"to":{"kind":"water","id":1251541219,"name":"Pond","at":[101.79126,3.07081]},"dist_langat":668},"geometry":{"type":"Point","coordinates":[101.79282,3.06814]}},{"type":"Feature","properties":{"id":815019549,"cat":"industri","dist":955,"risk":2.39,"to":{"kind":"water","id":614886827,"name":"Pond","at":[101.76989,2.73472]}},"geometry":{"type":"Point","coordinates":[101.76883,2.72457]}},{"type":"Feature","properties":{"id":1064117542,"cat":"tanah","dist":315,"risk":2.39,"name":"Community Centres","to":{"kind":"water","id":1032914097,"name":"Pond","at":[101.70317,2.85299]}},"geometry":{"type":"Point","coordinates":[101.70305,2.85615]}},{"type":"Feature","properties":{"id":1544070213,"cat":"tanah","dist":311,"risk":2.39,"to":{"kind":"water","id":1544070214,"name":"Pond","at":[101.78985,2.84504]}},"geometry":{"type":"Point","coordinates":[101.79171,2.84853]}},{"type":"Feature","properties":{"id":4713976389,"cat":"industri","dist":960,"risk":2.38,"name":"Federal Furniture (1982) Sdn Bhd","to":{"kind":"water","id":485521825,"name":"Lake or reservoir","at":[101.61648,2.84643]}},"geometry":{"type":"Point","coordinates":[101.60761,2.83196]}},{"type":"Feature","properties":{"id":639458125,"cat":"tanah","dist":317,"risk":2.38,"to":{"kind":"river","id":863023855,"name":"Unnamed river","at":[101.5405,2.85616]},"dist_langat":1452},"geometry":{"type":"Point","coordinates":[101.54268,2.84066]}},{"type":"Feature","properties":{"id":765795872,"cat":"sisa","dist":685,"risk":2.38,"to":{"kind":"water","id":1263519434,"name":"Pond","at":[101.81565,3.06464]}},"geometry":{"type":"Point","coordinates":[101.82281,3.06176]}},{"type":"Feature","properties":{"id":882834230,"cat":"kumbahan","dist":683,"risk":2.38,"name":"Loji Rawatan Air Salak Tinggi","to":{"kind":"river","id":865124396,"name":"Sungai Labu","at":[101.70816,2.77713]}},"geometry":{"type":"Point","coordinates":[101.7429,2.79494]}},{"type":"Feature","properties":{"id":1062351152,"cat":"industri","dist":965,"risk":2.38,"to":{"kind":"river","id":29212106,"name":"Sungai Langat","at":[101.50804,2.85644]},"dist_langat":965},"geometry":{"type":"Point","coordinates":[101.50531,2.86591]}},{"type":"Feature","properties":{"id":1544509129,"cat":"tanah","dist":320,"risk":2.38,"to":{"kind":"water","id":1313126515,"name":"Pond","at":[101.76288,2.95405]}},"geometry":{"type":"Point","coordinates":[101.76108,2.95136]}},{"type":"Feature","properties":{"id":1544510826,"cat":"tanah","dist":319,"risk":2.38,"to":{"kind":"water","id":1544510828,"name":"Pond","at":[101.80084,2.91737]}},"geometry":{"type":"Point","coordinates":[101.8042,2.9194]}},{"type":"Feature","properties":{"id":639740894,"cat":"ternakan","dist":325,"risk":2.37,"to":{"kind":"river","id":643966604,"name":"Sungai Langat","at":[101.4136,2.84568]},"dist_langat":325},"geometry":{"type":"Point","coordinates":[101.41571,2.80697]}},{"type":"Feature","properties":{"id":884633958,"cat":"industri","dist":967,"risk":2.37,"to":{"kind":"water","id":485521825,"name":"Lake or reservoir","at":[101.61648,2.84643]}},"geometry":{"type":"Point","coordinates":[101.61088,2.83008]}},{"type":"Feature","properties":{"id":1080015915,"cat":"tanah","dist":325,"risk":2.37,"to":{"kind":"water","id":548927933,"name":"Pond","at":[101.74044,2.91346]},"dist_langat":1092},"geometry":{"type":"Point","coordinates":[101.74329,2.91542]}},{"type":"Feature","properties":{"id":1379153890,"cat":"ternakan","dist":327,"risk":2.37,"to":{"kind":"water","id":1104401039,"name":"Pond","at":[101.90338,2.94115]}},"geometry":{"type":"Point","coordinates":[101.90052,2.9399]}},{"type":"Feature","properties":{"id":1544383691,"cat":"tanah","dist":332,"risk":2.36,"to":{"kind":"water","id":495831242,"name":"Lake or reservoir","at":[101.78085,2.82202]}},"geometry":{"type":"Point","coordinates":[101.781,2.82699]}},{"type":"Feature","properties":{"id":1061042057,"cat":"tanah","dist":338,"risk":2.35,"to":{"kind":"water","id":123728384,"name":"Lake or reservoir","at":[101.67729,2.87526]},"dist_langat":381},"geometry":{"type":"Point","coordinates":[101.67758,2.87015]}},{"type":"Feature","properties":{"id":1080495255,"cat":"tanah","dist":335,"risk":2.35,"to":{"kind":"water","id":1185477946,"name":"Pond","at":[101.69718,2.83494]}},"geometry":{"type":"Point","coordinates":[101.69966,2.8374]}},{"type":"Feature","properties":{"id":1008845316,"cat":"sisa","dist":706,"risk":2.34,"to":{"kind":"water","id":36197050,"name":"Open water","at":[101.81259,3.0775]},"dist_langat":1450},"geometry":{"type":"Point","coordinates":[101.80863,3.08359]}},{"type":"Feature","properties":{"id":17355591,"cat":"industri","dist":983,"risk":2.34,"name":"Air Selangor","to":{"kind":"river","id":620371618,"name":"Unnamed river","at":[101.41948,2.82643]},"dist_langat":1209},"geometry":{"type":"Point","coordinates":[101.42822,2.83859]}},{"type":"Feature","properties":{"id":17805325,"cat":"kumbahan","dist":705,"risk":2.34,"to":{"kind":"water","id":1299114744,"name":"Pond","at":[101.80429,2.95624]}},"geometry":{"type":"Point","coordinates":[101.80893,2.96128]}},{"type":"Feature","properties":{"id":401362986,"cat":"kumbahan","dist":710,"risk":2.33,"to":{"kind":"water","id":139098067,"name":"Tasik Selangor Cyber Valley","at":[101.62646,2.91779]}},"geometry":{"type":"Point","coordinates":[101.63108,2.92358]}},{"type":"Feature","properties":{"id":4741309618,"cat":"industri","dist":995,"risk":2.32,"name":"Stenta Films (M) Sdn Bhd","to":{"kind":"water","id":1317534513,"name":"Pond","at":[101.74495,2.98361]}},"geometry":{"type":"Point","coordinates":[101.74569,2.97457]}},{"type":"Feature","properties":{"id":749179183,"cat":"tanah","dist":351,"risk":2.32,"to":{"kind":"water","id":1380264680,"name":"Treatment basin","at":[101.85413,2.88384]}},"geometry":{"type":"Point","coordinates":[101.85035,2.88269]}},{"type":"Feature","properties":{"id":884833114,"cat":"kumbahan","dist":718,"risk":2.32,"to":{"kind":"water","id":816866104,"name":"Open water","at":[101.75355,2.99722]},"dist_langat":1973},"geometry":{"type":"Point","coordinates":[101.75444,3.00431]}},{"type":"Feature","properties":{"id":1382911250,"cat":"tanah","dist":354,"risk":2.32,"name":"Sheraton Nilai","to":{"kind":"river","id":445308635,"name":"Sungai Chelet","at":[101.78084,2.80737]}},"geometry":{"type":"Point","coordinates":[101.7786,2.81179]}},{"type":"Feature","properties":{"id":14376815,"cat":"industri","dist":996,"risk":2.32,"to":{"kind":"water","id":552080953,"name":"Lake or reservoir","at":[101.74178,2.96474]}},"geometry":{"type":"Point","coordinates":[101.74648,2.97312]}},{"type":"Feature","properties":{"id":815019550,"cat":"industri","dist":1000,"risk":2.31,"to":{"kind":"water","id":614886827,"name":"Pond","at":[101.76989,2.73472]}},"geometry":{"type":"Point","coordinates":[101.77015,2.72403]}},{"type":"Feature","properties":{"id":889808009,"cat":"industri","dist":998,"risk":2.31,"to":{"kind":"water","id":1222763704,"name":"Pond","at":[101.84798,2.91173]}},"geometry":{"type":"Point","coordinates":[101.85614,2.90741]}},{"type":"Feature","properties":{"id":1544509134,"cat":"tanah","dist":356,"risk":2.31,"to":{"kind":"water","id":463885288,"name":"ELC Rimbun Tropika Pond","at":[101.79261,2.93762]},"dist_langat":1293},"geometry":{"type":"Point","coordinates":[101.79603,2.93803]}},{"type":"Feature","properties":{"id":159783300,"cat":"tanah","dist":362,"risk":2.3,"to":{"kind":"river","id":576239840,"name":"Sungai Langat","at":[101.53133,2.80678]},"dist_langat":362},"geometry":{"type":"Point","coordinates":[101.52873,2.81428]}},{"type":"Feature","properties":{"id":621457424,"cat":"industri","dist":1007,"risk":2.3,"name":"Kawasan Perusahaan Olak Lempit","to":{"kind":"water","id":485521825,"name":"Lake or reservoir","at":[101.61648,2.84643]}},"geometry":{"type":"Point","coordinates":[101.61004,2.82998]}},{"type":"Feature","properties":{"id":815019551,"cat":"industri","dist":1004,"risk":2.3,"to":{"kind":"water","id":614886827,"name":"Pond","at":[101.76989,2.73472]}},"geometry":{"type":"Point","coordinates":[101.76672,2.72475]}},{"type":"Feature","properties":{"id":1079618152,"cat":"tanah","dist":362,"risk":2.3,"to":{"kind":"water","id":795426726,"name":"Lake or reservoir","at":[101.71764,2.88821]},"dist_langat":1003},"geometry":{"type":"Point","coordinates":[101.71582,2.88413]}},{"type":"Feature","properties":{"id":1510331516,"cat":"tanah","dist":364,"risk":2.3,"to":{"kind":"water","id":699908162,"name":"Open water","at":[101.761,2.91185]},"dist_langat":982},"geometry":{"type":"Point","coordinates":[101.76267,2.90857]}},{"type":"Feature","properties":{"id":1512533931,"cat":"ternakan","dist":364,"risk":2.3,"to":{"kind":"water","id":1512533932,"name":"Pond","at":[101.41605,2.82864]},"dist_langat":590},"geometry":{"type":"Point","coordinates":[101.41695,2.83238]}},{"type":"Feature","properties":{"id":815019547,"cat":"industri","dist":1011,"risk":2.29,"to":{"kind":"water","id":614886827,"name":"Pond","at":[101.76989,2.73472]}},"geometry":{"type":"Point","coordinates":[101.76148,2.72873]}},{"type":"Feature","properties":{"id":1388680374,"cat":"tanah","dist":368,"risk":2.29,"to":{"kind":"water","id":888199100,"name":"Pond","at":[101.72485,2.93945]}},"geometry":{"type":"Point","coordinates":[101.72796,2.93739]}},{"type":"Feature","properties":{"id":4741309619,"cat":"industri","dist":1020,"risk":2.28,"name":"Pelangi Publishing Group Bhd","to":{"kind":"water","id":552080953,"name":"Lake or reservoir","at":[101.74178,2.96474]}},"geometry":{"type":"Point","coordinates":[101.74567,2.97372]}},{"type":"Feature","properties":{"id":4845916103,"cat":"kumbahan","dist":736,"risk":2.28,"to":{"kind":"water","id":614886827,"name":"Pond","at":[101.76989,2.73472]}},"geometry":{"type":"Point","coordinates":[101.76259,2.73386]}},{"type":"Feature","properties":{"id":406125803,"cat":"sisa","dist":738,"risk":2.28,"name":"Empty Land","to":{"kind":"water","id":723547905,"name":"Pond","at":[101.73488,3.05888]}},"geometry":{"type":"Point","coordinates":[101.73586,3.05202]}},{"type":"Feature","properties":{"id":1382911249,"cat":"tanah","dist":373,"risk":2.28,"to":{"kind":"water","id":495831242,"name":"Lake or reservoir","at":[101.78085,2.82202]}},"geometry":{"type":"Point","coordinates":[101.77656,2.82164]}},{"type":"Feature","properties":{"id":1213179883,"cat":"tanah","dist":381,"risk":2.27,"to":{"kind":"water","id":236188485,"name":"Pond","at":[101.77315,3.07934]},"dist_langat":1313},"geometry":{"type":"Point","coordinates":[101.77676,3.08023]}},{"type":"Feature","properties":{"id":1382911248,"cat":"tanah","dist":383,"risk":2.27,"to":{"kind":"water","id":495831242,"name":"Lake or reservoir","at":[101.78085,2.82202]}},"geometry":{"type":"Point","coordinates":[101.77725,2.81781]}},{"type":"Feature","properties":{"id":1387550828,"cat":"tanah","dist":382,"risk":2.27,"to":{"kind":"water","id":548926720,"name":"Pond","at":[101.73324,2.92448]}},"geometry":{"type":"Point","coordinates":[101.73221,2.92806]}},{"type":"Feature","properties":{"id":1469235223,"cat":"industri","dist":1031,"risk":2.26,"to":{"kind":"river","id":36198450,"name":"Sungai Semenyih","at":[101.85763,2.97097]}},"geometry":{"type":"Point","coordinates":[101.81433,2.92106]}},{"type":"Feature","properties":{"id":884833115,"cat":"kumbahan","dist":755,"risk":2.25,"to":{"kind":"water","id":816866104,"name":"Open water","at":[101.75355,2.99722]},"dist_langat":1967},"geometry":{"type":"Point","coordinates":[101.75435,3.00466]}},{"type":"Feature","properties":{"id":1079618161,"cat":"tanah","dist":400,"risk":2.24,"to":{"kind":"river","id":305711024,"name":"Sungai Langat","at":[101.72361,2.89643]},"dist_langat":400},"geometry":{"type":"Point","coordinates":[101.72466,2.89998]}},{"type":"Feature","properties":{"id":4740284812,"cat":"industri","dist":1045,"risk":2.23,"name":"Tenaga Cable Industries (TCI)","to":{"kind":"water","id":552080953,"name":"Lake or reservoir","at":[101.74178,2.96474]}},"geometry":{"type":"Point","coordinates":[101.74616,2.97376]}},{"type":"Feature","properties":{"id":1041479504,"cat":"tanah","dist":406,"risk":2.23,"to":{"kind":"river","id":750330554,"name":"Sungai Langat","at":[101.58782,2.80819]},"dist_langat":406},"geometry":{"type":"Point","coordinates":[101.5827,2.80862]}},{"type":"Feature","properties":{"id":1041479507,"cat":"tanah","dist":404,"risk":2.23,"to":{"kind":"water","id":864131612,"name":"Pond","at":[101.55035,2.80964]},"dist_langat":497},"geometry":{"type":"Point","coordinates":[101.54905,2.81476]}},{"type":"Feature","properties":{"id":1469235221,"cat":"industri","dist":1044,"risk":2.23,"to":{"kind":"river","id":36198450,"name":"Sungai Semenyih","at":[101.85763,2.97097]}},"geometry":{"type":"Point","coordinates":[101.81244,2.91973]}},{"type":"Feature","properties":{"id":1544510835,"cat":"tanah","dist":405,"risk":2.23,"to":{"kind":"water","id":1544510828,"name":"Pond","at":[101.80084,2.91737]}},"geometry":{"type":"Point","coordinates":[101.80107,2.9132]}},{"type":"Feature","properties":{"id":888514259,"cat":"kumbahan","dist":773,"risk":2.22,"name":"Sewage Treatment Plant","to":{"kind":"water","id":1267639837,"name":"Pond","at":[101.81691,2.97545]}},"geometry":{"type":"Point","coordinates":[101.80942,2.97588]}},{"type":"Feature","properties":{"id":988301566,"cat":"tanah","dist":413,"risk":2.22,"to":{"kind":"water","id":792613476,"name":"Pond","at":[101.89468,2.93027]}},"geometry":{"type":"Point","coordinates":[101.89276,2.92659]}},{"type":"Feature","properties":{"id":1386628989,"cat":"kumbahan","dist":772,"risk":2.22,"to":{"kind":"river","id":250960181,"name":"Sungai Ramal","at":[101.76531,2.98642]},"dist_langat":1109},"geometry":{"type":"Point","coordinates":[101.77451,2.9778]}},{"type":"Feature","properties":{"id":1413610465,"cat":"tanah","dist":409,"risk":2.22,"to":{"kind":"water","id":563924701,"name":"Lake or reservoir","at":[101.65116,2.8992]}},"geometry":{"type":"Point","coordinates":[101.64973,2.90401]}},{"type":"Feature","properties":{"id":4713976396,"cat":"industri","dist":1057,"risk":2.21,"name":"Fortitech Asia Pacific Sdn Bhd","to":{"kind":"water","id":485521825,"name":"Lake or reservoir","at":[101.61648,2.84643]}},"geometry":{"type":"Point","coordinates":[101.60757,2.83086]}},{"type":"Feature","properties":{"id":1027669513,"cat":"tanah","dist":415,"risk":2.21,"to":{"kind":"water","id":659660971,"name":"Open water","at":[101.40772,2.84522]},"dist_langat":847},"geometry":{"type":"Point","coordinates":[101.40866,2.85169]}},{"type":"Feature","properties":{"id":1486282690,"cat":"tanah","dist":414,"risk":2.21,"to":{"kind":"water","id":792025310,"name":"Pond","at":[101.72847,2.81158]}},"geometry":{"type":"Point","coordinates":[101.7264,2.808]}},{"type":"Feature","properties":{"id":1514025832,"cat":"tanah","dist":417,"risk":2.21,"to":{"kind":"river","id":29211467,"name":"Sungai Langat","at":[101.66366,2.82227]},"dist_langat":417},"geometry":{"type":"Point","coordinates":[101.68481,2.89153]}},{"type":"Feature","properties":{"id":1018280628,"cat":"ternakan","dist":430,"risk":2.19,"name":"Nuralis Agro Sdn. Bhd","to":{"kind":"water","id":1015760155,"name":"Pond","at":[101.73803,2.91954]},"dist_langat":1917},"geometry":{"type":"Point","coordinates":[101.73391,2.91956]}},{"type":"Feature","properties":{"id":1164559056,"cat":"tanah","dist":429,"risk":2.19,"to":{"kind":"water","id":461274042,"name":"Swarm","at":[101.84216,2.96775]}},"geometry":{"type":"Point","coordinates":[101.84042,2.96266]}},{"type":"Feature","properties":{"id":1263495195,"cat":"ternakan","dist":434,"risk":2.18,"to":{"kind":"water","id":1512533932,"name":"Pond","at":[101.41605,2.82864]},"dist_langat":544},"geometry":{"type":"Point","coordinates":[101.416,2.83309]}},{"type":"Feature","properties":{"id":1382911254,"cat":"tanah","dist":432,"risk":2.18,"to":{"kind":"water","id":700246083,"name":"Tasik Teratai","at":[101.74626,2.81079]}},"geometry":{"type":"Point","coordinates":[101.74799,2.80654]}},{"type":"Feature","properties":{"id":1537126762,"cat":"tanah","dist":431,"risk":2.18,"to":{"kind":"river","id":492941424,"name":"Sungai Langat","at":[101.81384,3.10883]},"dist_langat":431},"geometry":{"type":"Point","coordinates":[101.7891,3.08321]}},{"type":"Feature","properties":{"id":750331659,"cat":"industri","dist":1082,"risk":2.17,"to":{"kind":"water","id":485521825,"name":"Lake or reservoir","at":[101.61648,2.84643]}},"geometry":{"type":"Point","coordinates":[101.60435,2.83452]}},{"type":"Feature","properties":{"id":815019548,"cat":"industri","dist":1081,"risk":2.17,"to":{"kind":"water","id":614886827,"name":"Pond","at":[101.76989,2.73472]}},"geometry":{"type":"Point","coordinates":[101.76772,2.72366]}},{"type":"Feature","properties":{"id":1230064163,"cat":"tanah","dist":441,"risk":2.17,"name":"Klinik Kesihatan Semenyih","to":{"kind":"water","id":506438309,"name":"flood retention pond","at":[101.83871,2.95598]}},"geometry":{"type":"Point","coordinates":[101.84022,2.95173]}},{"type":"Feature","properties":{"id":1488645246,"cat":"tanah","dist":440,"risk":2.17,"to":{"kind":"water","id":1488645248,"name":"Pond","at":[101.59426,2.88306]}},"geometry":{"type":"Point","coordinates":[101.59806,2.88641]}},{"type":"Feature","properties":{"id":1164559054,"cat":"tanah","dist":452,"risk":2.15,"to":{"kind":"river","id":36198450,"name":"Sungai Semenyih","at":[101.85763,2.97097]}},"geometry":{"type":"Point","coordinates":[101.84573,2.93618]}},{"type":"Feature","properties":{"id":1164673156,"cat":"industri","dist":1096,"risk":2.15,"name":"Tunjuk Laut Palm Oil Mill","to":{"kind":"river","id":643966605,"name":"Sungai Langat","at":[101.42374,2.91257]},"dist_langat":1096},"geometry":{"type":"Point","coordinates":[101.43681,2.88535]}},{"type":"Feature","properties":{"id":1488645236,"cat":"tanah","dist":450,"risk":2.15,"name":"KITA Bestari","to":{"kind":"water","id":1488645225,"name":"Pond","at":[101.63525,2.87697]}},"geometry":{"type":"Point","coordinates":[101.64026,2.87463]}},{"type":"Feature","properties":{"id":1508744685,"cat":"tanah","dist":450,"risk":2.15,"to":{"kind":"river","id":201239262,"name":"Sungai Langat","at":[101.78,2.99522]},"dist_langat":450},"geometry":{"type":"Point","coordinates":[101.77034,3.00079]}},{"type":"Feature","properties":{"id":1549378830,"cat":"tanah","dist":453,"risk":2.15,"to":{"kind":"water","id":537990319,"name":"Pond","at":[101.45906,2.95703]}},"geometry":{"type":"Point","coordinates":[101.46346,2.95585]}},{"type":"Feature","properties":{"id":11285832,"cat":"tanah","dist":450,"risk":2.15,"to":{"kind":"water","id":1103240422,"name":"Kolam Takungan JPS","at":[101.80741,2.80773]}},"geometry":{"type":"Point","coordinates":[101.81048,2.8046]}},{"type":"Feature","properties":{"id":1242834316,"cat":"tanah","dist":457,"risk":2.14,"to":{"kind":"river","id":36198450,"name":"Sungai Semenyih","at":[101.85763,2.97097]}},"geometry":{"type":"Point","coordinates":[101.81961,2.91834]}},{"type":"Feature","properties":{"id":1009701383,"cat":"industri","dist":1110,"risk":2.13,"to":{"kind":"water","id":1103240422,"name":"Kolam Takungan JPS","at":[101.80741,2.80773]}},"geometry":{"type":"Point","coordinates":[101.81748,2.8058]}},{"type":"Feature","properties":{"id":1413610461,"cat":"tanah","dist":463,"risk":2.13,"to":{"kind":"water","id":394568697,"name":"Pond","at":[101.63358,2.91081]}},"geometry":{"type":"Point","coordinates":[101.63949,2.91309]}},{"type":"Feature","properties":{"id":671106389,"cat":"tanah","dist":466,"risk":2.12,"to":{"kind":"water","id":1537231537,"name":"Open water","at":[101.7956,3.03499]},"dist_langat":2949},"geometry":{"type":"Point","coordinates":[101.7975,3.03089]}},{"type":"Feature","properties":{"id":1413610458,"cat":"tanah","dist":470,"risk":2.12,"to":{"kind":"water","id":944292853,"name":"Lake or reservoir","at":[101.64549,2.9111]}},"geometry":{"type":"Point","coordinates":[101.64659,2.9064]}},{"type":"Feature","properties":{"id":1544383692,"cat":"tanah","dist":469,"risk":2.12,"to":{"kind":"water","id":495831242,"name":"Lake or reservoir","at":[101.78085,2.82202]}},"geometry":{"type":"Point","coordinates":[101.77864,2.82686]}},{"type":"Feature","properties":{"id":1544485346,"cat":"tanah","dist":471,"risk":2.12,"to":{"kind":"water","id":364840343,"name":"Open water","at":[101.85907,2.94762]}},"geometry":{"type":"Point","coordinates":[101.85705,2.95267]}},{"type":"Feature","properties":{"id":4713976400,"cat":"industri","dist":1124,"risk":2.1,"name":"Syarikat Unitika Sdn Bhd","to":{"kind":"water","id":485521825,"name":"Lake or reservoir","at":[101.61648,2.84643]},"dist_langat":2805},"geometry":{"type":"Point","coordinates":[101.60538,2.83218]}},{"type":"Feature","properties":{"id":1386913451,"cat":"tanah","dist":480,"risk":2.1,"to":{"kind":"river","id":1379122942,"name":"Sungai Saringgit","at":[101.85826,2.94587]}},"geometry":{"type":"Point","coordinates":[101.86081,2.94173]}},{"type":"Feature","properties":{"id":1547545732,"cat":"tanah","dist":481,"risk":2.1,"name":"Gaya Residency @ Kajang 2","to":{"kind":"water","id":1299114744,"name":"Pond","at":[101.80429,2.95624]}},"geometry":{"type":"Point","coordinates":[101.80736,2.95995]}},{"type":"Feature","properties":{"id":4713976399,"cat":"industri","dist":1134,"risk":2.09,"name":"PU Tech Industry Sdn Bhd","to":{"kind":"water","id":485521825,"name":"Lake or reservoir","at":[101.61648,2.84643]},"dist_langat":2798},"geometry":{"type":"Point","coordinates":[101.60555,2.83183]}},{"type":"Feature","properties":{"id":189347859,"cat":"kumbahan","dist":845,"risk":2.09,"to":{"kind":"water","id":291268901,"name":"Lake or reservoir","at":[101.76504,3.05742]}},"geometry":{"type":"Point","coordinates":[101.75718,3.05712]}},{"type":"Feature","properties":{"id":1549378831,"cat":"tanah","dist":497,"risk":2.07,"name":"SJK (C) Lee Min, Bandar Bestari","to":{"kind":"water","id":537990319,"name":"Pond","at":[101.45906,2.95703]}},"geometry":{"type":"Point","coordinates":[101.46285,2.95375]}},{"type":"Feature","properties":{"id":1413407779,"cat":"tanah","dist":509,"risk":2.06,"name":"Kota Madani","to":{"kind":"river","id":29211467,"name":"Sungai Langat","at":[101.66366,2.82227]},"dist_langat":509},"geometry":{"type":"Point","coordinates":[101.69318,2.89719]}},{"type":"Feature","properties":{"id":557847745,"cat":"tanah","dist":514,"risk":2.05,"to":{"kind":"water","id":125754484,"name":"Open water","at":[101.8543,2.9367]}},"geometry":{"type":"Point","coordinates":[101.86099,2.93739]}},{"type":"Feature","properties":{"id":1080124525,"cat":"tanah","dist":509,"risk":2.05,"to":{"kind":"river","id":250960181,"name":"Sungai Ramal","at":[101.76531,2.98642]}},"geometry":{"type":"Point","coordinates":[101.76364,2.97861]}},{"type":"Feature","properties":{"id":1184917043,"cat":"ternakan","dist":511,"risk":2.05,"name":"Farm Fresh @ UPM","to":{"kind":"water","id":1080109031,"name":"Pond","at":[101.73575,2.9926]}},"geometry":{"type":"Point","coordinates":[101.73159,2.98994]}},{"type":"Feature","properties":{"id":4713976401,"cat":"industri","dist":1170,"risk":2.04,"name":"Ferobina Sdn Bhd","to":{"kind":"water","id":485521825,"name":"Lake or reservoir","at":[101.61648,2.84643]},"dist_langat":2759},"geometry":{"type":"Point","coordinates":[101.60481,2.83224]}},{"type":"Feature","properties":{"id":890535702,"cat":"industri","dist":1170,"risk":2.04,"to":{"kind":"water","id":23079537,"name":"Open water","at":[101.80772,2.87715]}},"geometry":{"type":"Point","coordinates":[101.80824,2.86435]}},{"type":"Feature","properties":{"id":792014806,"cat":"tanah","dist":526,"risk":2.03,"name":"Paramount Property","to":{"kind":"water","id":792537565,"name":"Wetland","at":[101.72482,2.83828]}},"geometry":{"type":"Point","coordinates":[101.7289,2.84097]}},{"type":"Feature","properties":{"id":643414474,"cat":"industri","dist":1181,"risk":2.02,"name":"Kawasan Perindustrian Bandar Baru Bangi","to":{"kind":"water","id":1313126514,"name":"Pond","at":[101.76471,2.95206]},"dist_langat":2527},"geometry":{"type":"Point","coordinates":[101.75578,2.9456]}},{"type":"Feature","properties":{"id":750330550,"cat":"industri","dist":1185,"risk":2.02,"to":{"kind":"water","id":614886827,"name":"Pond","at":[101.76989,2.73472]}},"geometry":{"type":"Point","coordinates":[101.76338,2.72461]}},{"type":"Feature","properties":{"id":1087499943,"cat":"industri","dist":1194,"risk":2.0,"name":"Pusat Industri Taming Mas","to":{"kind":"water","id":302748934,"name":"Lake or reservoir","at":[101.74352,3.02236]}},"geometry":{"type":"Point","coordinates":[101.73359,3.01714]}},{"type":"Feature","properties":{"id":21139641,"cat":"tanah","dist":544,"risk":2.0,"name":"S2 Heights Aman","to":{"kind":"water","id":1373064301,"name":"Pond","at":[101.87606,2.73674]}},"geometry":{"type":"Point","coordinates":[101.87414,2.73124]}},{"type":"Feature","properties":{"id":1330117193,"cat":"tanah","dist":552,"risk":1.99,"to":{"kind":"water","id":1079519089,"name":"Pond","at":[101.70121,2.80872]}},"geometry":{"type":"Point","coordinates":[101.70131,2.80327]}},{"type":"Feature","properties":{"id":1453551729,"cat":"tanah","dist":548,"risk":1.99,"name":"Bay Street","to":{"kind":"water","id":971898963,"name":"Pond","at":[101.61177,2.88741]}},"geometry":{"type":"Point","coordinates":[101.6126,2.89287]}},{"type":"Feature","properties":{"id":1544070223,"cat":"tanah","dist":547,"risk":1.99,"to":{"kind":"water","id":495831242,"name":"Lake or reservoir","at":[101.78085,2.82202]}},"geometry":{"type":"Point","coordinates":[101.78663,2.82087]}},{"type":"Feature","properties":{"id":1080300737,"cat":"tanah","dist":557,"risk":1.98,"to":{"kind":"water","id":400187799,"name":"Treatment basin","at":[101.69643,2.87338]},"dist_langat":1053},"geometry":{"type":"Point","coordinates":[101.69515,2.87837]}},{"type":"Feature","properties":{"id":1122900308,"cat":"tanah","dist":556,"risk":1.98,"name":"IOI City Mall Phase 3","to":{"kind":"water","id":1122903926,"name":"Pond","at":[101.71327,2.96918]}},"geometry":{"type":"Point","coordinates":[101.7186,2.96903]}},{"type":"Feature","properties":{"id":1250015451,"cat":"tanah","dist":555,"risk":1.98,"name":"Putra Medical City","to":{"kind":"water","id":372965205,"name":"Open water","at":[101.71642,2.97883]}},"geometry":{"type":"Point","coordinates":[101.71692,2.97355]}},{"type":"Feature","properties":{"id":1414842050,"cat":"tanah","dist":558,"risk":1.98,"to":{"kind":"river","id":772258742,"name":"Sungai Parit Tampoi","at":[101.66849,2.8694]},"dist_langat":682},"geometry":{"type":"Point","coordinates":[101.67627,2.86487]}},{"type":"Feature","properties":{"id":794193790,"cat":"tanah","dist":561,"risk":1.97,"to":{"kind":"water","id":944725533,"name":"Pond","at":[101.72569,2.83573]}},"geometry":{"type":"Point","coordinates":[101.72391,2.8303]}},{"type":"Feature","properties":{"id":1493687907,"cat":"tanah","dist":560,"risk":1.97,"to":{"kind":"water","id":944725572,"name":"Pond","at":[101.6753,2.82372]},"dist_langat":1400},"geometry":{"type":"Point","coordinates":[101.68158,2.82195]}},{"type":"Feature","properties":{"id":1080300735,"cat":"tanah","dist":570,"risk":1.96,"to":{"kind":"river","id":772258742,"name":"Sungai Parit Tampoi","at":[101.66849,2.8694]}},"geometry":{"type":"Point","coordinates":[101.66108,2.89115]}},{"type":"Feature","properties":{"id":1344868552,"cat":"tanah","dist":569,"risk":1.96,"to":{"kind":"river","id":1207329979,"name":"Sungai Batang Benar","at":[101.82767,2.81979]}},"geometry":{"type":"Point","coordinates":[101.82267,2.8187]}},{"type":"Feature","properties":{"id":1164559055,"cat":"tanah","dist":574,"risk":1.95,"to":{"kind":"water","id":125754484,"name":"Open water","at":[101.8543,2.9367]}},"geometry":{"type":"Point","coordinates":[101.84808,2.93563]}},{"type":"Feature","properties":{"id":1190170589,"cat":"tanah","dist":590,"risk":1.93,"name":"The Garden","to":{"kind":"water","id":1190170618,"name":"Pond","at":[101.8646,3.04773]}},"geometry":{"type":"Point","coordinates":[101.86209,3.04275]}},{"type":"Feature","properties":{"id":1413610463,"cat":"tanah","dist":585,"risk":1.93,"to":{"kind":"water","id":563924701,"name":"Lake or reservoir","at":[101.65116,2.8992]}},"geometry":{"type":"Point","coordinates":[101.65565,2.9036]}},{"type":"Feature","properties":{"id":1521980317,"cat":"tanah","dist":591,"risk":1.93,"name":"Balau Homes II","to":{"kind":"water","id":552782937,"name":"Pond","at":[101.8767,2.94451]}},"geometry":{"type":"Point","coordinates":[101.88212,2.944]}},{"type":"Feature","properties":{"id":123728405,"cat":"kumbahan","dist":957,"risk":1.91,"name":"Loji Rawatan Air Sungai Semenyih","to":{"kind":"water","id":619357989,"name":"Pond","at":[101.68068,2.90395]},"dist_langat":1081},"geometry":{"type":"Point","coordinates":[101.68934,2.9025]}},{"type":"Feature","properties":{"id":1190204116,"cat":"sisa","dist":957,"risk":1.91,"name":"Tapak Pelupusan Sampah Pukal MPKj","to":{"kind":"river","id":492822807,"name":"Sungai Semenyih","at":[101.87418,3.0573]}},"geometry":{"type":"Point","coordinates":[101.88237,3.0502]}},{"type":"Feature","properties":{"id":1312517789,"cat":"industri","dist":1272,"risk":1.91,"name":"Kilang Sate Kajang Hj Samuri","to":{"kind":"water","id":1317534513,"name":"Pond","at":[101.74495,2.98361]},"dist_langat":4059},"geometry":{"type":"Point","coordinates":[101.75057,2.97338]}},{"type":"Feature","properties":{"id":1424775765,"cat":"tanah","dist":602,"risk":1.91,"name":"Bangunan Komprehensif Pendidikan Cina","to":{"kind":"river","id":23127465,"name":"Sungai Langat","at":[101.78322,2.96244]},"dist_langat":602},"geometry":{"type":"Point","coordinates":[101.79255,2.98746]}},{"type":"Feature","properties":{"id":793261770,"cat":"tanah","dist":606,"risk":1.9,"to":{"kind":"water","id":133052746,"name":"Wetland","at":[101.6497,2.86354]},"dist_langat":1713},"geometry":{"type":"Point","coordinates":[101.66466,2.85733]}},{"type":"Feature","properties":{"id":36196930,"cat":"sisa","dist":971,"risk":1.89,"to":{"kind":"water","id":1190205612,"name":"Pond","at":[101.83037,3.05955]}},"geometry":{"type":"Point","coordinates":[101.82645,3.07103]}},{"type":"Feature","properties":{"id":1320238426,"cat":"tanah","dist":611,"risk":1.89,"name":"Dedaun Residence by UDA","to":{"kind":"water","id":135980029,"name":"Lake Valley","at":[101.76114,3.04446]},"dist_langat":1873},"geometry":{"type":"Point","coordinates":[101.75419,3.04207]}},{"type":"Feature","properties":{"id":904031236,"cat":"industri","dist":1296,"risk":1.88,"name":"Petronas Gas Berhad Metering Station","to":{"kind":"water","id":604848682,"name":"Open water","at":[101.82966,2.7509]}},"geometry":{"type":"Point","coordinates":[101.8298,2.73849]}},{"type":"Feature","properties":{"id":4713976402,"cat":"industri","dist":1311,"risk":1.87,"name":"Meranti Furniture Sdn Bhd","to":{"kind":"water","id":485521825,"name":"Lake or reservoir","at":[101.61648,2.84643]},"dist_langat":2618},"geometry":{"type":"Point","coordinates":[101.60378,2.8315]}},{"type":"Feature","properties":{"id":793509463,"cat":"tanah","dist":626,"risk":1.87,"name":"Eco Radience","to":{"kind":"river","id":800240267,"name":"Sungai Rinching","at":[101.86862,2.92023]}},"geometry":{"type":"Point","coordinates":[101.88315,2.93699]}},{"type":"Feature","properties":{"id":883274071,"cat":"kumbahan","dist":982,"risk":1.87,"to":{"kind":"water","id":883271778,"name":"Lake or reservoir","at":[101.78956,2.71959]}},"geometry":{"type":"Point","coordinates":[101.78049,2.72143]}},{"type":"Feature","properties":{"id":1041479505,"cat":"tanah","dist":625,"risk":1.87,"to":{"kind":"water","id":1041479460,"name":"Pond","at":[101.58449,2.80182]},"dist_langat":860},"geometry":{"type":"Point","coordinates":[101.57772,2.80688]}},{"type":"Feature","properties":{"id":1062351150,"cat":"industri","dist":1308,"risk":1.87,"to":{"kind":"river","id":29212106,"name":"Sungai Langat","at":[101.50804,2.85644]},"dist_langat":1308},"geometry":{"type":"Point","coordinates":[101.50628,2.86897]}},{"type":"Feature","properties":{"id":1544510829,"cat":"tanah","dist":629,"risk":1.87,"to":{"kind":"water","id":1544510834,"name":"Pond","at":[101.81066,2.90854]}},"geometry":{"type":"Point","coordinates":[101.8076,2.91359]}},{"type":"Feature","properties":{"id":712721989,"cat":"tanah","dist":632,"risk":1.86,"to":{"kind":"river","id":703367584,"name":"Sungai Jenderam","at":[101.74505,2.85495]}},"geometry":{"type":"Point","coordinates":[101.75815,2.84066]}},{"type":"Feature","properties":{"id":750331661,"cat":"industri","dist":1324,"risk":1.86,"to":{"kind":"water","id":485521825,"name":"Lake or reservoir","at":[101.61648,2.84643]},"dist_langat":2833},"geometry":{"type":"Point","coordinates":[101.60833,2.82761]}},{"type":"Feature","properties":{"id":792380007,"cat":"tanah","dist":643,"risk":1.85,"to":{"kind":"river","id":791988225,"name":"Sungai Palembang","at":[101.74029,2.84098]}},"geometry":{"type":"Point","coordinates":[101.73455,2.83573]}},{"type":"Feature","properties":{"id":1488645223,"cat":"tanah","dist":639,"risk":1.85,"to":{"kind":"water","id":877911473,"name":"Treatment basin","at":[101.63934,2.90167]}},"geometry":{"type":"Point","coordinates":[101.64015,2.89545]}},{"type":"Feature","properties":{"id":1544510836,"cat":"tanah","dist":645,"risk":1.84,"to":{"kind":"river","id":36198450,"name":"Sungai Semenyih","at":[101.85763,2.97097]}},"geometry":{"type":"Point","coordinates":[101.78688,2.89884]}},{"type":"Feature","properties":{"id":1503935814,"cat":"tanah","dist":663,"risk":1.82,"name":"petrol station","to":{"kind":"water","id":295783811,"name":"Open water","at":[101.67258,2.92306]}},"geometry":{"type":"Point","coordinates":[101.67705,2.92754]}},{"type":"Feature","properties":{"id":1544509136,"cat":"tanah","dist":664,"risk":1.82,"to":{"kind":"water","id":463885288,"name":"ELC Rimbun Tropika Pond","at":[101.79261,2.93762]},"dist_langat":1435},"geometry":{"type":"Point","coordinates":[101.79708,2.94197]}},{"type":"Feature","properties":{"id":749179177,"cat":"tanah","dist":668,"risk":1.81,"to":{"kind":"river","id":401628992,"name":"Sungai Beranang","at":[101.85834,2.87623]}},"geometry":{"type":"Point","coordinates":[101.84376,2.88646]}},{"type":"Feature","properties":{"id":882852362,"cat":"kumbahan","dist":1024,"risk":1.81,"to":{"kind":"river","id":865124396,"name":"Sungai Labu","at":[101.70816,2.77713]}},"geometry":{"type":"Point","coordinates":[101.70416,2.7986]}},{"type":"Feature","properties":{"id":1470304837,"cat":"tanah","dist":665,"risk":1.81,"to":{"kind":"water","id":372861272,"name":"Open water","at":[101.7896,2.9083]}},"geometry":{"type":"Point","coordinates":[101.78479,2.90445]}},{"type":"Feature","properties":{"id":1544383693,"cat":"tanah","dist":665,"risk":1.81,"to":{"kind":"water","id":1118025263,"name":"Lake or reservoir","at":[101.77135,2.81526]}},"geometry":{"type":"Point","coordinates":[101.77099,2.82179]}},{"type":"Feature","properties":{"id":1222759103,"cat":"tanah","dist":675,"risk":1.8,"name":"Rumah Selangorku","to":{"kind":"water","id":661667363,"name":"Kolam Tadahan","at":[101.734,2.81894]}},"geometry":{"type":"Point","coordinates":[101.72786,2.81976]}},{"type":"Feature","properties":{"id":1361997299,"cat":"tanah","dist":677,"risk":1.8,"to":{"kind":"river","id":68169975,"name":"Unnamed river","at":[101.78892,3.00527]},"dist_langat":1001},"geometry":{"type":"Point","coordinates":[101.79261,2.99861]}},{"type":"Feature","properties":{"id":1006897268,"cat":"tanah","dist":691,"risk":1.78,"to":{"kind":"water","id":561979980,"name":"Open water","at":[101.85787,2.92897]}},"geometry":{"type":"Point","coordinates":[101.86431,2.93138]}},{"type":"Feature","properties":{"id":1008845319,"cat":"sisa","dist":1052,"risk":1.78,"to":{"kind":"water","id":36197050,"name":"Open water","at":[101.81259,3.0775]},"dist_langat":1832},"geometry":{"type":"Point","coordinates":[101.81911,3.08629]}},{"type":"Feature","properties":{"id":1486282682,"cat":"tanah","dist":686,"risk":1.78,"to":{"kind":"water","id":1079519072,"name":"Pond","at":[101.70728,2.81693]}},"geometry":{"type":"Point","coordinates":[101.71266,2.82057]}},{"type":"Feature","properties":{"id":20295437,"cat":"tanah","dist":691,"risk":1.78,"name":"Selangor Aero Park","to":{"kind":"water","id":144286372,"name":"Open water","at":[101.73242,2.75664]}},"geometry":{"type":"Point","coordinates":[101.73151,2.74988]}},{"type":"Feature","properties":{"id":646697517,"cat":"kumbahan","dist":1055,"risk":1.77,"to":{"kind":"water","id":1079519089,"name":"Pond","at":[101.70121,2.80872]}},"geometry":{"type":"Point","coordinates":[101.70765,2.80121]}},{"type":"Feature","properties":{"id":664539802,"cat":"tanah","dist":692,"risk":1.77,"name":"woodbury","to":{"kind":"water","id":1082125927,"name":"Pond","at":[101.89671,2.87709]}},"geometry":{"type":"Point","coordinates":[101.89087,2.88061]}},{"type":"Feature","properties":{"id":1080015909,"cat":"tanah","dist":698,"risk":1.77,"to":{"kind":"water","id":1015760154,"name":"Pond","at":[101.73843,2.93834]}},"geometry":{"type":"Point","coordinates":[101.73586,2.93241]}},{"type":"Feature","properties":{"id":4030026565,"cat":"kumbahan","dist":1063,"risk":1.76,"to":{"kind":"water","id":791971926,"name":"Pond","at":[101.71968,2.83615]}},"geometry":{"type":"Point","coordinates":[101.72222,2.82536]}},{"type":"Feature","properties":{"id":836684437,"cat":"kumbahan","dist":1068,"risk":1.76,"to":{"kind":"river","id":703367584,"name":"Sungai Jenderam","at":[101.74505,2.85495]}},"geometry":{"type":"Point","coordinates":[101.73255,2.87626]}},{"type":"Feature","properties":{"id":1514025831,"cat":"tanah","dist":703,"risk":1.76,"to":{"kind":"river","id":29211467,"name":"Sungai Langat","at":[101.66366,2.82227]},"dist_langat":703},"geometry":{"type":"Point","coordinates":[101.68237,2.89265]}},{"type":"Feature","properties":{"id":1514603952,"cat":"tanah","dist":702,"risk":1.76,"to":{"kind":"river","id":201239262,"name":"Sungai Langat","at":[101.78,2.99522]},"dist_langat":702},"geometry":{"type":"Point","coordinates":[101.78084,3.0044]}},{"type":"Feature","properties":{"id":17805324,"cat":"tanah","dist":700,"risk":1.76,"name":"Se.duduk D' Kajang","to":{"kind":"water","id":1299114744,"name":"Pond","at":[101.80429,2.95624]}},"geometry":{"type":"Point","coordinates":[101.80819,2.96176]}},{"type":"Feature","properties":{"id":1488645249,"cat":"tanah","dist":710,"risk":1.75,"to":{"kind":"water","id":971898957,"name":"Pond","at":[101.61482,2.88782]}},"geometry":{"type":"Point","coordinates":[101.61385,2.89466]}},{"type":"Feature","properties":{"id":445088692,"cat":"tanah","dist":723,"risk":1.73,"to":{"kind":"water","id":797187581,"name":"Lake or reservoir","at":[101.71596,2.80668]}},"geometry":{"type":"Point","coordinates":[101.71974,2.80122]}},{"type":"Feature","properties":{"id":1486282681,"cat":"tanah","dist":735,"risk":1.71,"to":{"kind":"water","id":662311685,"name":"Kolam Tadahan","at":[101.69618,2.82445]}},"geometry":{"type":"Point","coordinates":[101.69676,2.81752]}},{"type":"Feature","properties":{"id":1521980318,"cat":"tanah","dist":736,"risk":1.71,"to":{"kind":"water","id":552782937,"name":"Pond","at":[101.8767,2.94451]}},"geometry":{"type":"Point","coordinates":[101.88136,2.93967]}},{"type":"Feature","properties":{"id":884633961,"cat":"tanah","dist":742,"risk":1.7,"to":{"kind":"water","id":486260163,"name":"Wetland","at":[101.61754,2.84077]}},"geometry":{"type":"Point","coordinates":[101.62188,2.83062]}},{"type":"Feature","properties":{"id":1387550833,"cat":"tanah","dist":748,"risk":1.7,"to":{"kind":"water","id":548926720,"name":"Pond","at":[101.73324,2.92448]}},"geometry":{"type":"Point","coordinates":[101.72744,2.92051]}},{"type":"Feature","properties":{"id":1342722201,"cat":"tanah","dist":753,"risk":1.69,"name":"Bandar Industrial Zone","to":{"kind":"river","id":643966606,"name":"Sungai Langat","at":[101.47416,2.89008]},"dist_langat":753},"geometry":{"type":"Point","coordinates":[101.45781,2.8743]}},{"type":"Feature","properties":{"id":1544070217,"cat":"tanah","dist":754,"risk":1.69,"to":{"kind":"water","id":1080236606,"name":"Pond","at":[101.80374,2.83497]}},"geometry":{"type":"Point","coordinates":[101.7968,2.83569]}},{"type":"Feature","properties":{"id":1242834314,"cat":"tanah","dist":760,"risk":1.68,"to":{"kind":"water","id":1087793362,"name":"Pond","at":[101.8023,2.927]}},"geometry":{"type":"Point","coordinates":[101.80864,2.9232]}},{"type":"Feature","properties":{"id":1486282683,"cat":"tanah","dist":778,"risk":1.66,"to":{"kind":"water","id":791971926,"name":"Pond","at":[101.71968,2.83615]}},"geometry":{"type":"Point","coordinates":[101.71892,2.82784]}},{"type":"Feature","properties":{"id":1521980319,"cat":"tanah","dist":796,"risk":1.63,"to":{"kind":"water","id":552782937,"name":"Pond","at":[101.8767,2.94451]}},"geometry":{"type":"Point","coordinates":[101.88254,2.94022]}},{"type":"Feature","properties":{"id":1079175895,"cat":"tanah","dist":805,"risk":1.62,"to":{"kind":"water","id":1488645225,"name":"Pond","at":[101.63525,2.87697]}},"geometry":{"type":"Point","coordinates":[101.6275,2.87341]}},{"type":"Feature","properties":{"id":882857598,"cat":"kumbahan","dist":1191,"risk":1.61,"to":{"kind":"water","id":797187581,"name":"Lake or reservoir","at":[101.71596,2.80668]}},"geometry":{"type":"Point","coordinates":[101.70842,2.79872]}},{"type":"Feature","properties":{"id":1080109019,"cat":"tanah","dist":821,"risk":1.6,"name":"Louvre Residence (U/C)","to":{"kind":"water","id":1317534513,"name":"Pond","at":[101.74495,2.98361]}},"geometry":{"type":"Point","coordinates":[101.7527,2.98209]}},{"type":"Feature","properties":{"id":1242834315,"cat":"tanah","dist":819,"risk":1.6,"to":{"kind":"river","id":36198450,"name":"Sungai Semenyih","at":[101.85763,2.97097]}},"geometry":{"type":"Point","coordinates":[101.82047,2.92302]}},{"type":"Feature","properties":{"id":1508744678,"cat":"tanah","dist":819,"risk":1.6,"to":{"kind":"water","id":493028246,"name":"Pond","at":[101.86006,3.04898]}},"geometry":{"type":"Point","coordinates":[101.85824,3.04118]}},{"type":"Feature","properties":{"id":882855494,"cat":"kumbahan","dist":1205,"risk":1.59,"to":{"kind":"water","id":797187581,"name":"Lake or reservoir","at":[101.71596,2.80668]}},"geometry":{"type":"Point","coordinates":[101.71549,2.7956]}},{"type":"Feature","properties":{"id":1493687916,"cat":"tanah","dist":833,"risk":1.58,"to":{"kind":"water","id":944292853,"name":"Lake or reservoir","at":[101.64549,2.9111]}},"geometry":{"type":"Point","coordinates":[101.64338,2.91922]}},{"type":"Feature","properties":{"id":1516926946,"cat":"tanah","dist":860,"risk":1.55,"to":{"kind":"river","id":199634513,"name":"Sungai Sekamat","at":[101.80271,3.02769]}},"geometry":{"type":"Point","coordinates":[101.81525,3.0289]}},{"type":"Feature","properties":{"id":1079531268,"cat":"tanah","dist":872,"risk":1.53,"to":{"kind":"river","id":865124396,"name":"Sungai Labu","at":[101.70816,2.77713]}},"geometry":{"type":"Point","coordinates":[101.72263,2.7925]}},{"type":"Feature","properties":{"id":1344868551,"cat":"tanah","dist":873,"risk":1.53,"to":{"kind":"river","id":1207329979,"name":"Sungai Batang Benar","at":[101.82767,2.81979]}},"geometry":{"type":"Point","coordinates":[101.82038,2.81392]}},{"type":"Feature","properties":{"id":1079618149,"cat":"tanah","dist":892,"risk":1.51,"to":{"kind":"river","id":703367584,"name":"Sungai Jenderam","at":[101.74505,2.85495]}},"geometry":{"type":"Point","coordinates":[101.74301,2.86396]}},{"type":"Feature","properties":{"id":1543237921,"cat":"tanah","dist":892,"risk":1.51,"to":{"kind":"water","id":608807155,"name":"Pond","at":[101.68932,2.92283]}},"geometry":{"type":"Point","coordinates":[101.68322,2.91737]}},{"type":"Feature","properties":{"id":882855487,"cat":"kumbahan","dist":1338,"risk":1.47,"to":{"kind":"water","id":797187581,"name":"Lake or reservoir","at":[101.71596,2.80668]}},"geometry":{"type":"Point","coordinates":[101.71289,2.79478]}},{"type":"Feature","properties":{"id":1544485347,"cat":"tanah","dist":929,"risk":1.47,"to":{"kind":"water","id":497797473,"name":"Open water","at":[101.87037,2.96722]}},"geometry":{"type":"Point","coordinates":[101.86451,2.96088]}},{"type":"Feature","properties":{"id":713023390,"cat":"ternakan","dist":938,"risk":1.46,"to":{"kind":"river","id":36198450,"name":"Sungai Semenyih","at":[101.85763,2.97097]}},"geometry":{"type":"Point","coordinates":[101.88112,3.03858]}},{"type":"Feature","properties":{"id":1178739080,"cat":"tanah","dist":938,"risk":1.46,"to":{"kind":"water","id":1267639838,"name":"Pond","at":[101.82005,2.97435]}},"geometry":{"type":"Point","coordinates":[101.82679,2.97976]}},{"type":"Feature","properties":{"id":1544070212,"cat":"tanah","dist":952,"risk":1.44,"to":{"kind":"water","id":1080236585,"name":"Pond","at":[101.80009,2.82709]}},"geometry":{"type":"Point","coordinates":[101.79434,2.83392]}},{"type":"Feature","properties":{"id":1212986289,"cat":"tanah","dist":959,"risk":1.43,"name":"Scientex Jenjarom","to":{"kind":"river","id":29212106,"name":"Sungai Langat","at":[101.50804,2.85644]},"dist_langat":959},"geometry":{"type":"Point","coordinates":[101.49796,2.88689]}},{"type":"Feature","properties":{"id":1387550830,"cat":"tanah","dist":978,"risk":1.41,"to":{"kind":"water","id":548926720,"name":"Pond","at":[101.73324,2.92448]}},"geometry":{"type":"Point","coordinates":[101.72431,2.92448]}},{"type":"Feature","properties":{"id":17880604,"cat":"tanah","dist":1001,"risk":1.39,"name":"Senna Puteri, Salak Tinggi","to":{"kind":"water","id":1079519046,"name":"Pond","at":[101.71472,2.81364]}},"geometry":{"type":"Point","coordinates":[101.71854,2.82206]}},{"type":"Feature","properties":{"id":1387550829,"cat":"tanah","dist":1014,"risk":1.37,"to":{"kind":"water","id":548926720,"name":"Pond","at":[101.73324,2.92448]}},"geometry":{"type":"Point","coordinates":[101.72421,2.92233]}},{"type":"Feature","properties":{"id":792122215,"cat":"tanah","dist":1035,"risk":1.35,"to":{"kind":"water","id":1032914095,"name":"Pond","at":[101.70548,2.84655]}},"geometry":{"type":"Point","coordinates":[101.7152,2.84767]}},{"type":"Feature","properties":{"id":793023250,"cat":"tanah","dist":1032,"risk":1.35,"to":{"kind":"river","id":1380362819,"name":"Sungai Setul","at":[101.91019,2.81156]}},"geometry":{"type":"Point","coordinates":[101.90203,2.82595]}},{"type":"Feature","properties":{"id":486263993,"cat":"ternakan","dist":1061,"risk":1.32,"to":{"kind":"water","id":486263996,"name":"Pond","at":[101.56831,2.90621]}},"geometry":{"type":"Point","coordinates":[101.57347,2.8976]}},{"type":"Feature","properties":{"id":1492579645,"cat":"tanah","dist":1066,"risk":1.32,"to":{"kind":"water","id":866614316,"name":"Open water","at":[101.66768,2.81735]},"dist_langat":1235},"geometry":{"type":"Point","coordinates":[101.65915,2.81003]}},{"type":"Feature","properties":{"id":1363287279,"cat":"tanah","dist":1074,"risk":1.31,"name":"Uno @ Nadayu 99","to":{"kind":"water","id":394568697,"name":"Pond","at":[101.63358,2.91081]}},"geometry":{"type":"Point","coordinates":[101.64054,2.92134]}},{"type":"Feature","properties":{"id":1514025836,"cat":"tanah","dist":1086,"risk":1.3,"to":{"kind":"water","id":896443591,"name":"Pond","at":[101.70084,2.8934]},"dist_langat":1315},"geometry":{"type":"Point","coordinates":[101.70251,2.90381]}},{"type":"Feature","properties":{"id":1364317899,"cat":"tanah","dist":1125,"risk":1.26,"to":{"kind":"water","id":1271688276,"name":"Pond","at":[101.45058,2.89777]},"dist_langat":1271},"geometry":{"type":"Point","coordinates":[101.45837,2.90452]}},{"type":"Feature","properties":{"id":1544485355,"cat":"tanah","dist":1124,"risk":1.26,"name":"M Legasi","to":{"kind":"river","id":401633708,"name":"Sungai Tarun","at":[101.9029,2.91099]}},"geometry":{"type":"Point","coordinates":[101.88935,2.90771]}},{"type":"Feature","properties":{"id":749179179,"cat":"tanah","dist":1156,"risk":1.23,"to":{"kind":"water","id":1222763697,"name":"Pond","at":[101.82938,2.89536]}},"geometry":{"type":"Point","coordinates":[101.83983,2.89805]}},{"type":"Feature","properties":{"id":1161775200,"cat":"tanah","dist":1177,"risk":1.22,"name":"ETP @ KIIP Jenjarom","to":{"kind":"river","id":29212106,"name":"Sungai Langat","at":[101.50804,2.85644]},"dist_langat":1177},"geometry":{"type":"Point","coordinates":[101.51821,2.86363]}},{"type":"Feature","properties":{"id":1178739079,"cat":"tanah","dist":1168,"risk":1.22,"to":{"kind":"water","id":1267639838,"name":"Pond","at":[101.82005,2.97435]}},"geometry":{"type":"Point","coordinates":[101.82969,2.97902]}},{"type":"Feature","properties":{"id":1164559057,"cat":"tanah","dist":1186,"risk":1.21,"to":{"kind":"water","id":506438309,"name":"flood retention pond","at":[101.83871,2.95598]}},"geometry":{"type":"Point","coordinates":[101.82783,2.95667]}},{"type":"Feature","properties":{"id":826249389,"cat":"tanah","dist":1197,"risk":1.2,"name":"The Maxxon","to":{"kind":"river","id":189312844,"name":"Unnamed river","at":[101.74678,3.04266]}},"geometry":{"type":"Point","coordinates":[101.73508,3.04203]}},{"type":"Feature","properties":{"id":1080015913,"cat":"tanah","dist":1201,"risk":1.2,"to":{"kind":"water","id":1018280625,"name":"Pond","at":[101.73431,2.91049]},"dist_langat":2123},"geometry":{"type":"Point","coordinates":[101.7245,2.91577]}},{"type":"Feature","properties":{"id":1370913706,"cat":"tanah","dist":1193,"risk":1.2,"to":{"kind":"water","id":506416950,"name":"flood retention pond","at":[101.81613,2.95482]}},"geometry":{"type":"Point","coordinates":[101.81451,2.94387]}},{"type":"Feature","properties":{"id":826259381,"cat":"tanah","dist":1208,"risk":1.19,"to":{"kind":"river","id":189312844,"name":"Unnamed river","at":[101.74678,3.04266]}},"geometry":{"type":"Point","coordinates":[101.73524,3.04086]}},{"type":"Feature","properties":{"id":1514025837,"cat":"tanah","dist":1226,"risk":1.18,"to":{"kind":"water","id":998305283,"name":"Pond","at":[101.69331,2.9311]}},"geometry":{"type":"Point","coordinates":[101.70459,2.9241]}},{"type":"Feature","properties":{"id":1451048599,"cat":"tanah","dist":1243,"risk":1.17,"to":{"kind":"water","id":1032914095,"name":"Pond","at":[101.70548,2.84655]}},"geometry":{"type":"Point","coordinates":[101.71575,2.85189]}},{"type":"Feature","properties":{"id":1033470586,"cat":"tanah","dist":1291,"risk":1.13,"to":{"kind":"water","id":793271135,"name":"Pond","at":[101.67483,2.81281]},"dist_langat":2334},"geometry":{"type":"Point","coordinates":[101.66841,2.80177]}},{"type":"Feature","properties":{"id":1041479515,"cat":"tanah","dist":1297,"risk":1.13,"to":{"kind":"water","id":398667398,"name":"Pond","at":[101.56582,2.82466]},"dist_langat":1361},"geometry":{"type":"Point","coordinates":[101.57267,2.83443]}},{"type":"Feature","properties":{"id":1497749918,"cat":"tanah","dist":1294,"risk":1.13,"name":"OI Industrial Park @ Banting","to":{"kind":"water","id":954213823,"name":"Pond","at":[101.6254,2.8106]},"dist_langat":2556},"geometry":{"type":"Point","coordinates":[101.61711,2.81912]}},{"type":"Feature","properties":{"id":1493687915,"cat":"tanah","dist":1463,"risk":1.06,"to":{"kind":"water","id":971658060,"name":"Open water","at":[101.61798,2.88626]}},"geometry":{"type":"Point","coordinates":[101.63059,2.89052]}}]}