{"type":"FeatureCollection","name":"sewerage_drainage","meta":{"source":"OpenStreetMap (Overpass API)","scope":"Hulu Langat, Sepang and Kuala Langat districts","note":"Malaysia's reticulated sewer network (IWK) is not open data, so almost no sewage pipelines are mapped in OpenStreetMap. This layer is the surface drainage network that actually conveys domestic sewage, greywater and urban run-off to the Langat River, plus the few mapped sewer assets."},"features":[{"type":"Feature","properties":{"kind":"drain","district":"Hulu Langat","outfall":191},"geometry":{"type":"LineString","coordinates":[[101.87028,2.90891],[101.87035,2.90791],[101.87083,2.90731],[101.87105,2.90699],[101.87115,2.90654],[101.87123,2.9063],[101.87156,2.9054],[101.87164,2.90535],[101.87172,2.9053],[101.87183,2.90523]]}},{"type":"Feature","properties":{"kind":"drain","district":"Hulu Langat","outfall":1159},"geometry":{"type":"LineString","coordinates":[[101.75538,3.13934],[101.75274,3.13779]]}},{"type":"Feature","properties":{"kind":"ditch","district":"Kuala Langat","name":"Sungai Morib","outfall":2737},"geometry":{"type":"LineString","coordinates":[[101.47374,2.77643],[101.47352,2.77617],[101.47252,2.7745],[101.4706,2.77187],[101.46914,2.76961],[101.46378,2.76375],[101.46231,2.76176],[101.46134,2.76041],[101.46021,2.75869],[101.45806,2.75523],[101.454,2.74742],[101.45041,2.73947],[101.45022,2.73915],[101.45007,2.7388],[101.44976,2.73803],[101.44957,2.73751],[101.44941,2.73714],[101.44926,2.73684],[101.44811,2.73478]]}},{"type":"Feature","properties":{"kind":"drain","district":"Sepang","outfall":90},"geometry":{"type":"LineString","coordinates":[[101.58927,2.97128],[101.58897,2.9716],[101.58875,2.97217],[101.58877,2.97233],[101.58834,2.97335],[101.58798,2.9735],[101.58762,2.97408],[101.58742,2.97448],[101.58677,2.97635],[101.58642,2.97679],[101.58633,2.97683],[101.58605,2.97683],[101.58593,2.97684],[101.5858,2.9769],[101.58572,2.977],[101.58497,2.97885],[101.58452,2.9791]]}},{"type":"Feature","properties":{"kind":"ditch","district":"Hulu Langat","name":"Parit Utama (PU37 / Lembah Jaya Selatan)","outfall":208},"geometry":{"type":"LineString","coordinates":[[101.78874,3.13558],[101.78855,3.137],[101.78832,3.13724],[101.78791,3.13849],[101.78776,3.13927],[101.78774,3.13975],[101.78771,3.13992]]}},{"type":"Feature","properties":{"kind":"ditch","district":"Kuala Langat","outfall":0},"geometry":{"type":"LineString","coordinates":[[101.45344,2.89082],[101.4534,2.89088],[101.45279,2.89381],[101.45258,2.89458],[101.45085,2.89813],[101.44781,2.89993],[101.44773,2.89994],[101.44714,2.89992],[101.44698,2.89995]]}},{"type":"Feature","properties":{"kind":"ditch","district":"Kuala Langat","outfall":285},"geometry":{"type":"LineString","coordinates":[[101.50472,2.90596],[101.50393,2.90518],[101.50274,2.90409],[101.50147,2.90293],[101.50088,2.90238],[101.50008,2.90165],[101.49971,2.9013],[101.49958,2.90118],[101.49933,2.90096],[101.49891,2.90056],[101.49817,2.8999],[101.49768,2.89944],[101.49739,2.89915],[101.4973,2.89908],[101.49716,2.89896],[101.49563,2.89761],[101.49553,2.89749],[101.49486,2.89689],[101.49388,2.89597],[101.4932,2.89535],[101.49176,2.89403],[101.49117,2.89348],[101.49101,2.89338],[101.49054,2.8929],[101.4906,2.89283],[101.49083,2.89258],[101.49099,2.89245],[101.4911,2.89229],[101.49114,2.89218],[101.49073,2.89173],[101.49021,2.89118],[101.48978,2.89072],[101.4897,2.89051],[101.48962,2.88997],[101.48955,2.88938],[101.48946,2.88858],[101.48941,2.88803],[101.48933,2.88791]]}},{"type":"Feature","properties":{"kind":"drain","district":"Sepang","outfall":761},"geometry":{"type":"LineString","coordinates":[[101.68626,2.89851],[101.6839,2.89742],[101.68349,2.89705],[101.68295,2.89648],[101.68236,2.89565]]}},{"type":"Feature","properties":{"kind":"ditch","district":"Kuala Langat","outfall":779},"geometry":{"type":"LineString","coordinates":[[101.63319,2.75634],[101.63322,2.75079],[101.63325,2.74824],[101.63329,2.74667],[101.63325,2.74593],[101.63323,2.74573],[101.63323,2.74473],[101.63319,2.74451],[101.63313,2.74091],[101.63311,2.74055],[101.63307,2.74047],[101.63301,2.74047],[101.63293,2.74041],[101.63298,2.73991],[101.63297,2.73961],[101.63293,2.7393],[101.63287,2.73908],[101.63283,2.73881],[101.63285,2.73854],[101.63286,2.73822],[101.63295,2.7378],[101.63298,2.73745],[101.63293,2.73491],[101.63292,2.73382],[101.63296,2.73368],[101.63289,2.73015],[101.63288,2.73005],[101.6328,2.73004],[101.6328,2.73]]}},{"type":"Feature","properties":{"kind":"ditch","district":"Sepang","outfall":1871},"geometry":{"type":"LineString","coordinates":[[101.6536,2.71288],[101.65469,2.71228],[101.65529,2.71194],[101.65599,2.71153],[101.65665,2.71114],[101.657,2.71096],[101.65757,2.71062],[101.65816,2.71028],[101.65884,2.70991],[101.65951,2.70953],[101.66014,2.70918],[101.66075,2.70883],[101.66122,2.70856],[101.66179,2.70824],[101.6622,2.70801],[101.66274,2.70769],[101.66342,2.70732],[101.66404,2.70696],[101.66502,2.7064],[101.66575,2.70598]]}},{"type":"Feature","properties":{"kind":"ditch","district":"Kuala Langat","outfall":2955},"geometry":{"type":"LineString","coordinates":[[101.60452,2.75816],[101.60451,2.75792],[101.6045,2.75768],[101.60449,2.75744],[101.60448,2.75712],[101.60448,2.75709],[101.60447,2.75692],[101.60447,2.75659],[101.60447,2.75632],[101.60447,2.75611],[101.60446,2.75591]]}},{"type":"Feature","properties":{"kind":"ditch","district":"Kuala Langat","outfall":2565},"geometry":{"type":"LineString","coordinates":[[101.60836,2.75702],[101.60836,2.75696],[101.60836,2.75689],[101.60836,2.75678],[101.60835,2.75667],[101.60833,2.75623],[101.60831,2.75593],[101.60822,2.75466],[101.60817,2.75386],[101.60812,2.7529],[101.60808,2.75231],[101.60806,2.75201]]}},{"type":"Feature","properties":{"kind":"ditch","district":"Sepang","outfall":686},"geometry":{"type":"LineString","coordinates":[[101.63576,2.75938],[101.63596,2.75921],[101.63614,2.75905],[101.63641,2.75881],[101.63669,2.75858],[101.63701,2.75831],[101.63715,2.75818],[101.63717,2.75817],[101.63746,2.75791],[101.63765,2.75774],[101.63788,2.75754],[101.63801,2.75742],[101.63823,2.75723],[101.63847,2.75703],[101.63868,2.75685],[101.63879,2.75676]]}},{"type":"Feature","properties":{"kind":"ditch","district":"Kuala Langat","outfall":885},"geometry":{"type":"LineString","coordinates":[[101.62898,2.75153],[101.62943,2.75206],[101.62983,2.75255],[101.63004,2.75279],[101.63046,2.75327],[101.6305,2.75328],[101.63052,2.75332],[101.63052,2.75336],[101.63081,2.75375],[101.63088,2.75381],[101.63138,2.75437],[101.63175,2.75477],[101.63221,2.75526],[101.63263,2.75571],[101.63319,2.75634],[101.63359,2.75678],[101.63382,2.75707],[101.6341,2.75739],[101.63441,2.75777],[101.63478,2.7582],[101.6351,2.75858],[101.63538,2.75892],[101.63566,2.75926],[101.63576,2.75938],[101.63595,2.7596],[101.63621,2.75992],[101.63651,2.76028],[101.63683,2.76064],[101.63715,2.76103],[101.63745,2.76139],[101.6378,2.7618],[101.63811,2.76215],[101.63846,2.76259],[101.63874,2.76294],[101.63902,2.76328],[101.63924,2.76352]]}},{"type":"Feature","properties":{"kind":"ditch","district":"Kuala Langat","outfall":3189},"geometry":{"type":"LineString","coordinates":[[101.60257,2.75713],[101.60257,2.75704],[101.60257,2.75633],[101.60257,2.75587]]}},{"type":"Feature","properties":{"kind":"ditch","district":"Sepang","outfall":896},"geometry":{"type":"LineString","coordinates":[[101.64127,2.76335],[101.64116,2.76321],[101.64096,2.76296],[101.64079,2.76275],[101.64062,2.76253],[101.64046,2.76234],[101.64027,2.76211],[101.64004,2.76183],[101.63985,2.76158],[101.63968,2.76137],[101.6395,2.76114],[101.63934,2.76095],[101.63918,2.76076],[101.63904,2.76059],[101.63892,2.76043],[101.63877,2.76025],[101.63864,2.76008],[101.6386,2.76003],[101.63848,2.75988],[101.63838,2.75975],[101.63834,2.75971],[101.63829,2.75965],[101.63826,2.75961],[101.63823,2.75957],[101.63812,2.75942],[101.638,2.75928],[101.63791,2.75916],[101.63787,2.75911],[101.63784,2.75908],[101.63779,2.75902],[101.63776,2.75897],[101.63769,2.75887],[101.6376,2.75878],[101.63752,2.75866],[101.63737,2.75846],[101.63725,2.75831],[101.6372,2.75825],[101.63715,2.75818],[101.63708,2.7581],[101.63705,2.75807],[101.63703,2.75806],[101.637,2.75803],[101.63696,2.75797],[101.63686,2.75786],[101.63672,2.7577],[101.63663,2.7576],[101.63648,2.75744],[101.63636,2.7573],[101.6362,2.7571],[101.63602,2.75691],[101.63586,2.75673],[101.63581,2.75667]]}},{"type":"Feature","properties":{"kind":"ditch","district":"Kuala Langat","outfall":754},"geometry":{"type":"LineString","coordinates":[[101.60186,2.75715],[101.60232,2.75714],[101.60257,2.75713],[101.60289,2.75713],[101.60345,2.75712],[101.60402,2.75711],[101.60448,2.75709],[101.60459,2.75709],[101.60534,2.75708],[101.60591,2.75707],[101.6064,2.75705],[101.60651,2.75705],[101.6072,2.75704],[101.60765,2.75703],[101.60824,2.75702],[101.60836,2.75702],[101.60878,2.75701],[101.60948,2.75699],[101.61002,2.75699],[101.61071,2.75696],[101.61148,2.75696],[101.612,2.75694],[101.61259,2.75694],[101.61318,2.75693],[101.61367,2.75691],[101.6143,2.7569],[101.61486,2.75688],[101.61535,2.75688],[101.61589,2.75686],[101.61652,2.75686],[101.61712,2.75683],[101.61775,2.75682],[101.61846,2.75681],[101.61893,2.75678],[101.61948,2.75679],[101.62011,2.75676],[101.62059,2.75676],[101.62095,2.75676],[101.62145,2.75674],[101.62199,2.75672],[101.62248,2.75671],[101.62313,2.7567],[101.6239,2.75669],[101.62449,2.75667],[101.62498,2.75666],[101.62539,2.75665],[101.62578,2.75665],[101.62589,2.75666],[101.62601,2.75665],[101.62625,2.75662],[101.62642,2.75663],[101.62703,2.75661],[101.62764,2.7566],[101.62821,2.75658],[101.62872,2.75658],[101.6294,2.75656],[101.62994,2.75654],[101.63058,2.75655],[101.63223,2.75652],[101.63299,2.75651]]}},{"type":"Feature","properties":{"kind":"ditch","district":"Kuala Langat","outfall":2775},"geometry":{"type":"LineString","coordinates":[[101.6064,2.75705],[101.6064,2.75697],[101.6064,2.75682],[101.60639,2.75666],[101.60639,2.75644],[101.60638,2.75623],[101.60637,2.75604],[101.60636,2.75592]]}},{"type":"Feature","properties":{"kind":"ditch","district":"Kuala Langat","outfall":1486},"geometry":{"type":"LineString","coordinates":[[101.60051,2.77871],[101.60054,2.77833],[101.60054,2.778],[101.60055,2.77764],[101.60057,2.77728],[101.60058,2.77713],[101.60059,2.77703],[101.6006,2.77672],[101.6006,2.77639],[101.6006,2.77626],[101.60061,2.776],[101.60061,2.77584],[101.6006,2.77582],[101.60041,2.77573],[101.60001,2.77556],[101.59957,2.77538],[101.59934,2.77528],[101.59926,2.77524],[101.59879,2.77504],[101.59856,2.77495],[101.59846,2.77491]]}},{"type":"Feature","properties":{"kind":"ditch","district":"Kuala Langat","outfall":1732},"geometry":{"type":"LineString","coordinates":[[101.59841,2.77301],[101.59874,2.77306],[101.59912,2.77312],[101.59943,2.77316],[101.59953,2.77318],[101.59973,2.77321],[101.60003,2.77326],[101.60003,2.77327],[101.60002,2.77352],[101.6,2.77378],[101.59998,2.77413],[101.59995,2.77453],[101.59991,2.77496],[101.5999,2.7752],[101.60016,2.7752],[101.60046,2.77519],[101.6008,2.77518],[101.60105,2.77518],[101.60112,2.77518],[101.60141,2.77518],[101.60167,2.77518],[101.60199,2.77517],[101.60231,2.77516],[101.6027,2.77514],[101.60313,2.77513],[101.60346,2.77512],[101.60353,2.77512]]}},{"type":"Feature","properties":{"kind":"ditch","district":"Kuala Langat","outfall":2092},"geometry":{"type":"LineString","coordinates":[[101.58542,2.77783],[101.58555,2.7778],[101.58571,2.7778],[101.58589,2.77778],[101.58603,2.77776],[101.58624,2.77775],[101.58647,2.77774],[101.58667,2.77773],[101.58688,2.77771],[101.58708,2.77769],[101.58728,2.77767],[101.58758,2.77767],[101.58775,2.77764],[101.5879,2.77763],[101.5881,2.77762],[101.58828,2.7776],[101.58836,2.7776],[101.58843,2.77762],[101.58853,2.77766],[101.58864,2.7777],[101.58876,2.77774],[101.58878,2.77775],[101.5888,2.77777],[101.58892,2.77779],[101.58905,2.77782],[101.58916,2.77786],[101.58927,2.77791],[101.58943,2.77798],[101.58954,2.778],[101.58976,2.77805],[101.59003,2.77808],[101.59021,2.7781],[101.59036,2.77811],[101.59051,2.77812],[101.59058,2.77813],[101.59067,2.77815],[101.59076,2.77816],[101.59094,2.77818],[101.59113,2.7782],[101.59135,2.77822],[101.59164,2.77823],[101.59196,2.77825],[101.59212,2.77826],[101.59222,2.77827],[101.5924,2.77827],[101.59251,2.77828],[101.59257,2.77829],[101.59271,2.77829]]}},{"type":"Feature","properties":{"kind":"ditch","district":"Kuala Langat","outfall":1612},"geometry":{"type":"LineString","coordinates":[[101.60112,2.77712],[101.60111,2.77705],[101.60109,2.777],[101.60105,2.77695],[101.60099,2.7769],[101.60097,2.77685],[101.60096,2.7768],[101.60098,2.77667],[101.60099,2.77652],[101.601,2.77637],[101.60101,2.77563],[101.60102,2.77537],[101.60103,2.7753],[101.60103,2.77526],[101.60104,2.77524],[101.60105,2.77518],[101.60101,2.77514],[101.60101,2.77508],[101.60101,2.77499],[101.60101,2.77491],[101.60103,2.77468],[101.601,2.77448],[101.601,2.77439],[101.60099,2.77422],[101.60098,2.77398],[101.60097,2.77387],[101.60096,2.77371],[101.60094,2.77354],[101.60091,2.77339],[101.60089,2.77327],[101.60087,2.77316],[101.60084,2.77292],[101.60081,2.77269],[101.60077,2.7725],[101.60077,2.77236],[101.60077,2.77221],[101.60076,2.77214],[101.60079,2.77209],[101.60083,2.77205],[101.60083,2.77199],[101.60082,2.77188],[101.6008,2.77178],[101.60081,2.77173],[101.60084,2.77164],[101.60085,2.77156],[101.60088,2.77135],[101.60091,2.77122],[101.60092,2.77115],[101.60093,2.7711],[101.60094,2.77106]]}},{"type":"Feature","properties":{"kind":"ditch","district":"Kuala Langat","outfall":1025},"geometry":{"type":"LineString","coordinates":[[101.58921,2.78889],[101.5893,2.78876],[101.58949,2.78837],[101.58974,2.78791],[101.58979,2.78784],[101.58987,2.78779],[101.59035,2.78761],[101.59062,2.78752],[101.59072,2.78748],[101.59078,2.78741],[101.59085,2.7872],[101.59108,2.78643],[101.59144,2.78533],[101.59169,2.78447],[101.59177,2.78422],[101.59182,2.78407],[101.59186,2.78382],[101.59188,2.7837],[101.5919,2.78359],[101.59196,2.78349],[101.59202,2.7834],[101.59204,2.78333],[101.59206,2.78315],[101.59213,2.78275],[101.59215,2.78256],[101.59217,2.78235],[101.59223,2.78201],[101.59228,2.78169],[101.59235,2.78129],[101.59239,2.78104],[101.59244,2.78071],[101.59247,2.78055],[101.59247,2.7804],[101.59246,2.78023],[101.59245,2.78015],[101.59244,2.78002],[101.59249,2.77975],[101.59251,2.77959],[101.59256,2.77934],[101.5926,2.77909],[101.59263,2.77886],[101.59265,2.77868],[101.59268,2.77848],[101.59271,2.77834],[101.59271,2.7783],[101.59271,2.77829],[101.59272,2.77828],[101.59273,2.77823],[101.59274,2.77821],[101.59276,2.77818],[101.59278,2.77807],[101.59281,2.778],[101.59286,2.77777],[101.59289,2.77765],[101.59293,2.77749],[101.59297,2.77732],[101.59304,2.77704],[101.59309,2.77683],[101.5931,2.7767],[101.59312,2.77666],[101.59315,2.77661],[101.59317,2.77645],[101.59323,2.77625],[101.59325,2.77611],[101.59331,2.77587],[101.59335,2.77571],[101.59339,2.77554],[101.59347,2.7752],[101.59353,2.77491],[101.59359,2.7747]]}},{"type":"Feature","properties":{"kind":"ditch","district":"Kuala Langat","outfall":1957},"geometry":{"type":"LineString","coordinates":[[101.59856,2.77495],[101.59856,2.77482],[101.59857,2.77461],[101.59857,2.77436],[101.59858,2.77403],[101.59859,2.77375],[101.5986,2.77351],[101.59862,2.77322],[101.59861,2.77312]]}},{"type":"Feature","properties":{"kind":"ditch","district":"Kuala Langat","outfall":2218},"geometry":{"type":"LineString","coordinates":[[101.5966,2.77339],[101.59662,2.7731],[101.59664,2.77273],[101.59668,2.77231],[101.5967,2.77206],[101.59701,2.77208],[101.59728,2.7721],[101.59777,2.77215],[101.59817,2.77218],[101.59862,2.77223]]}},{"type":"Feature","properties":{"kind":"ditch","district":"Kuala Langat","outfall":2145},"geometry":{"type":"LineString","coordinates":[[101.59212,2.77826],[101.59213,2.7782],[101.59218,2.778],[101.59221,2.77784],[101.59225,2.77768],[101.5923,2.77749],[101.59234,2.7773],[101.59239,2.77711],[101.59243,2.77691],[101.59248,2.77672],[101.5925,2.77661]]}},{"type":"Feature","properties":{"kind":"ditch","district":"Kuala Langat","outfall":1476},"geometry":{"type":"LineString","coordinates":[[101.59735,2.7788],[101.59762,2.77883],[101.59786,2.77887],[101.59812,2.77891],[101.59838,2.77896],[101.59848,2.77898],[101.59868,2.77897],[101.5989,2.77895],[101.59906,2.77893],[101.59914,2.77892],[101.59941,2.77889],[101.59987,2.77885],[101.60017,2.77882],[101.60051,2.77881]]}},{"type":"Feature","properties":{"kind":"ditch","district":"Kuala Langat","outfall":2271},"geometry":{"type":"LineString","coordinates":[[101.58775,2.77764],[101.58775,2.77739],[101.58775,2.77702],[101.58774,2.7767],[101.58774,2.77665],[101.58789,2.77666],[101.58825,2.77666],[101.58831,2.77666],[101.58833,2.77642],[101.58837,2.77603],[101.5884,2.77586],[101.58841,2.77584],[101.58843,2.77575],[101.58846,2.77559],[101.58847,2.77554],[101.58851,2.77538],[101.58854,2.7753]]}},{"type":"Feature","properties":{"kind":"ditch","district":"Kuala Langat","outfall":1553},"geometry":{"type":"LineString","coordinates":[[101.59906,2.77893],[101.59908,2.77865],[101.59911,2.77832],[101.59912,2.77809],[101.59914,2.77783],[101.59917,2.77741],[101.59919,2.77718],[101.59921,2.77691],[101.59923,2.77662],[101.59925,2.77636],[101.59928,2.77604],[101.59931,2.77576],[101.59934,2.77541],[101.59934,2.77528],[101.59936,2.77509],[101.59938,2.77485],[101.5994,2.77458],[101.59943,2.77429],[101.59945,2.77405],[101.59948,2.77381],[101.59951,2.77348],[101.59953,2.77327],[101.59953,2.77318]]}},{"type":"Feature","properties":{"kind":"ditch","district":"Kuala Langat","outfall":2179},"geometry":{"type":"LineString","coordinates":[[101.59301,2.77454],[101.59301,2.77466],[101.59299,2.77481],[101.59297,2.77486],[101.59294,2.77498],[101.5929,2.77512],[101.59288,2.7752],[101.59287,2.77529],[101.59284,2.77541],[101.59281,2.77552],[101.59276,2.77566],[101.5927,2.77586],[101.59267,2.77602],[101.59263,2.77619],[101.59258,2.77639],[101.59255,2.77651],[101.59255,2.77655],[101.59255,2.77656],[101.59268,2.77657],[101.59287,2.77659],[101.59301,2.7766],[101.59306,2.7766],[101.59308,2.77662],[101.5931,2.77664],[101.59312,2.77666]]}},{"type":"Feature","properties":{"kind":"ditch","district":"Kuala Langat","outfall":976},"geometry":{"type":"LineString","coordinates":[[101.58597,2.78955],[101.5858,2.78905],[101.58562,2.78844],[101.58545,2.7879],[101.58528,2.78731],[101.58525,2.78718],[101.58525,2.78709],[101.58525,2.78693],[101.58526,2.78687],[101.58529,2.78683],[101.58531,2.78679],[101.58537,2.78668],[101.58548,2.78648],[101.58542,2.78562],[101.58542,2.78556],[101.58529,2.7853],[101.58502,2.78481],[101.58491,2.7846],[101.58488,2.78454],[101.58478,2.7841],[101.58467,2.78365],[101.58456,2.78316],[101.58451,2.78284],[101.58446,2.78243],[101.58439,2.78195],[101.58433,2.78151],[101.58432,2.78138],[101.58433,2.7813],[101.58435,2.78127],[101.58439,2.78121],[101.58446,2.78109],[101.58461,2.78087],[101.58464,2.78083],[101.5847,2.78075],[101.58481,2.78059],[101.58484,2.78054],[101.58485,2.78048],[101.58485,2.78044],[101.58485,2.78042],[101.5848,2.78016],[101.5847,2.77975],[101.5846,2.77934],[101.5845,2.77886],[101.58427,2.77781],[101.58421,2.77747],[101.58411,2.7771]]}},{"type":"Feature","properties":{"kind":"ditch","district":"Kuala Langat","outfall":2306},"geometry":{"type":"LineString","coordinates":[[101.58733,2.77734],[101.58729,2.77689],[101.58727,2.77665],[101.58694,2.77667],[101.58658,2.77666],[101.5863,2.77665]]}},{"type":"Feature","properties":{"kind":"ditch","district":"Kuala Langat","outfall":1547},"geometry":{"type":"LineString","coordinates":[[101.59929,2.77883],[101.5993,2.77835],[101.5993,2.7779],[101.59929,2.77766],[101.59929,2.77725],[101.59929,2.77718],[101.59925,2.77718]]}},{"type":"Feature","properties":{"kind":"ditch","district":"Kuala Langat","outfall":1995},"geometry":{"type":"LineString","coordinates":[[101.58337,2.78052],[101.58346,2.78052],[101.58367,2.78051],[101.58391,2.7805],[101.58404,2.78049],[101.58407,2.78046],[101.58414,2.78045],[101.58433,2.78044],[101.58456,2.78043],[101.58478,2.78042],[101.58485,2.78042]]}},{"type":"Feature","properties":{"kind":"ditch","district":"Kuala Langat","outfall":2072},"geometry":{"type":"LineString","coordinates":[[101.58251,2.77997],[101.58267,2.77996],[101.58288,2.77993],[101.583,2.77992],[101.58318,2.7799],[101.58346,2.77986],[101.58368,2.77984],[101.5839,2.77983],[101.58413,2.7798],[101.5844,2.77978],[101.58454,2.77976],[101.58459,2.77975],[101.5847,2.77975]]}},{"type":"Feature","properties":{"kind":"ditch","district":"Kuala Langat","outfall":3200},"geometry":{"type":"LineString","coordinates":[[101.58247,2.76986],[101.58246,2.76984],[101.58244,2.76982],[101.58234,2.76982],[101.58213,2.7698],[101.58193,2.76977],[101.58158,2.76972],[101.58149,2.76971],[101.58146,2.76969],[101.58144,2.76968],[101.58142,2.76969],[101.58138,2.76969],[101.58131,2.76967],[101.58121,2.76964],[101.58109,2.7696],[101.58081,2.76952],[101.58061,2.76947],[101.58053,2.76945],[101.58043,2.76944],[101.5803,2.76943],[101.58028,2.76945],[101.58005,2.76943],[101.57978,2.76943],[101.57947,2.76943],[101.57912,2.76944],[101.57879,2.76943],[101.5784,2.76944],[101.57825,2.76942],[101.5781,2.7694],[101.57798,2.76938],[101.57788,2.76938],[101.57775,2.76938],[101.57763,2.76938],[101.57747,2.76935],[101.57727,2.76933],[101.57687,2.76931],[101.5766,2.76928],[101.57632,2.76927],[101.57584,2.76924],[101.57539,2.7692],[101.57499,2.76917],[101.57469,2.76915],[101.57431,2.76912],[101.57396,2.7691],[101.57365,2.76907],[101.57356,2.76907],[101.57347,2.76907],[101.57347,2.76904],[101.57346,2.769],[101.57346,2.76888],[101.57347,2.76869],[101.57348,2.76846],[101.57348,2.76838],[101.57348,2.76819],[101.57348,2.76789],[101.57348,2.76786],[101.57353,2.76786],[101.57379,2.76789],[101.57412,2.76792],[101.57441,2.76796],[101.5747,2.76799],[101.57506,2.76802]]}},{"type":"Feature","properties":{"kind":"ditch","district":"Kuala Langat","outfall":1914},"geometry":{"type":"LineString","coordinates":[[101.58346,2.78129],[101.5836,2.78129],[101.58377,2.78129],[101.58395,2.78128],[101.58412,2.78128],[101.58429,2.78127],[101.58435,2.78127]]}},{"type":"Feature","properties":{"kind":"ditch","district":"Kuala Langat","outfall":931},"geometry":{"type":"LineString","coordinates":[[101.58224,2.79196],[101.58221,2.7918],[101.58223,2.79176],[101.58224,2.79135],[101.58225,2.79049],[101.58226,2.79007],[101.58227,2.78977],[101.58228,2.7895],[101.58229,2.78915],[101.58229,2.78885],[101.5823,2.78833],[101.58231,2.78792],[101.58231,2.78748],[101.58231,2.78721],[101.58231,2.78685],[101.58232,2.78635],[101.58233,2.78607],[101.58234,2.7857],[101.58234,2.78533],[101.58235,2.78465],[101.58236,2.78402],[101.58236,2.78345],[101.58237,2.78316],[101.58237,2.78258],[101.58238,2.7821],[101.58238,2.78169],[101.58239,2.78141],[101.58239,2.78107],[101.58241,2.78042],[101.58241,2.78015],[101.58242,2.77991],[101.58242,2.77966],[101.58242,2.77926],[101.58242,2.77892],[101.58243,2.77857],[101.58243,2.77827],[101.58244,2.77793],[101.58243,2.77756],[101.58244,2.77727],[101.58245,2.77664],[101.58245,2.77633],[101.58245,2.77598],[101.58246,2.77541],[101.58247,2.77511],[101.58247,2.77477],[101.58248,2.77449],[101.5825,2.77422],[101.5825,2.77396],[101.58249,2.77359],[101.58249,2.77338],[101.58247,2.77327],[101.58245,2.77316],[101.58244,2.77293],[101.58243,2.77269],[101.58242,2.77235],[101.58244,2.77217],[101.58244,2.77202],[101.58244,2.77175],[101.58244,2.7715],[101.58243,2.77114],[101.58244,2.77093],[101.58244,2.77066],[101.58245,2.77034],[101.58246,2.77007],[101.58247,2.76993],[101.58247,2.76986]]}},{"type":"Feature","properties":{"kind":"ditch","district":"Kuala Langat","outfall":1955},"geometry":{"type":"LineString","coordinates":[[101.58319,2.78089],[101.58337,2.78089],[101.58353,2.78089],[101.58363,2.78088],[101.58383,2.78087],[101.58405,2.78086],[101.58426,2.78085],[101.58455,2.78083],[101.58464,2.78083]]}},{"type":"Feature","properties":{"kind":"ditch","district":"Kuala Langat","outfall":329},"geometry":{"type":"LineString","coordinates":[[101.63119,2.7761],[101.63123,2.77579],[101.63128,2.77544],[101.63133,2.77513],[101.63138,2.77484],[101.63143,2.77454],[101.63146,2.77437],[101.63146,2.77432],[101.63146,2.77427],[101.63145,2.77423],[101.63143,2.77419],[101.6314,2.77415],[101.63136,2.77412]]}},{"type":"Feature","properties":{"kind":"ditch","district":"Kuala Langat","outfall":2202},"geometry":{"type":"LineString","coordinates":[[101.60412,2.77062],[101.60414,2.76976],[101.60415,2.76862],[101.60416,2.76776],[101.60417,2.7671],[101.60417,2.76657],[101.60416,2.76582],[101.60345,2.7657],[101.60257,2.76553],[101.602,2.76543],[101.60136,2.7653],[101.60099,2.76523],[101.60035,2.7651],[101.60001,2.76503],[101.59967,2.76497],[101.59956,2.76495],[101.59921,2.7649],[101.59878,2.76484],[101.59833,2.76477],[101.59792,2.7647],[101.59742,2.76462]]}},{"type":"Feature","properties":{"kind":"ditch","district":"Sepang","outfall":2600},"geometry":{"type":"LineString","coordinates":[[101.66031,2.77949],[101.65982,2.77864],[101.65978,2.7786],[101.6596,2.77857],[101.65954,2.77853],[101.65941,2.77829],[101.65937,2.77816]]}},{"type":"Feature","properties":{"kind":"ditch","district":"Sepang","outfall":2376},"geometry":{"type":"LineString","coordinates":[[101.65935,2.7781],[101.65936,2.77807],[101.65934,2.77803],[101.65936,2.77794],[101.65931,2.77783],[101.6593,2.77773],[101.65928,2.77767],[101.65868,2.77662],[101.65829,2.7759],[101.65804,2.77548],[101.65622,2.77229]]}},{"type":"Feature","properties":{"kind":"ditch","district":"Sepang","outfall":224},"geometry":{"type":"LineString","coordinates":[[101.63797,2.79615],[101.6398,2.79458],[101.64027,2.7942],[101.64073,2.79381],[101.64292,2.79199],[101.64373,2.79128],[101.64462,2.79055],[101.64548,2.7898],[101.64667,2.7888],[101.64702,2.78849],[101.64914,2.78672],[101.65002,2.78596],[101.65069,2.78542],[101.652,2.7843],[101.65413,2.78245],[101.65479,2.7819],[101.65483,2.78188],[101.65488,2.78188],[101.6549,2.78189],[101.65508,2.78171],[101.65571,2.78118],[101.65652,2.78047],[101.65766,2.77955],[101.65801,2.77923],[101.65935,2.7781],[101.65941,2.7781],[101.65949,2.77804],[101.65954,2.77803],[101.65959,2.77806],[101.65965,2.77803]]}},{"type":"Feature","properties":{"kind":"ditch","district":"Kuala Langat","outfall":70},"geometry":{"type":"LineString","coordinates":[[101.63105,2.79221],[101.63119,2.79199],[101.63131,2.79193],[101.63147,2.79183],[101.63155,2.79177],[101.63168,2.7916],[101.63178,2.79154],[101.63224,2.79119],[101.63244,2.79102],[101.63262,2.79086],[101.63275,2.79074],[101.63305,2.7905],[101.63338,2.79022],[101.63368,2.78996],[101.63423,2.7895],[101.63473,2.78908],[101.63504,2.7888],[101.63559,2.78832],[101.63582,2.78813],[101.6361,2.7879],[101.63634,2.78768],[101.63661,2.78747],[101.63686,2.78725],[101.63721,2.78696],[101.63744,2.78677],[101.63763,2.78662],[101.6378,2.78646],[101.63865,2.78576],[101.63957,2.78497],[101.64068,2.78403],[101.642,2.78291],[101.64319,2.78192],[101.644,2.78123],[101.64449,2.78079],[101.6452,2.78022],[101.64586,2.77968],[101.64648,2.77915],[101.64705,2.77866],[101.64776,2.77808],[101.64834,2.77759],[101.64872,2.77725],[101.64923,2.77683],[101.64951,2.77659],[101.64969,2.77641],[101.64989,2.77623],[101.65031,2.77585],[101.65059,2.7756],[101.65097,2.77526],[101.65128,2.77499],[101.65147,2.77482],[101.65177,2.77454],[101.65221,2.77417],[101.65254,2.77387],[101.65283,2.77362],[101.65312,2.77338],[101.65343,2.7731],[101.65376,2.77281],[101.65403,2.77258],[101.6543,2.77236],[101.6545,2.77216]]}},{"type":"Feature","properties":{"kind":"ditch","district":"Sepang","outfall":3136},"geometry":{"type":"LineString","coordinates":[[101.66786,2.78156],[101.66876,2.78078],[101.6688,2.7808],[101.66938,2.78029],[101.66989,2.77984],[101.66996,2.77987],[101.6705,2.78046]]}},{"type":"Feature","properties":{"kind":"ditch","district":"Sepang","outfall":3141},"geometry":{"type":"LineString","coordinates":[[101.66519,2.78818],[101.66528,2.78826],[101.66677,2.79082]]}},{"type":"Feature","properties":{"kind":"ditch","district":"Sepang","outfall":3136},"geometry":{"type":"LineString","coordinates":[[101.66715,2.78347],[101.66743,2.78323],[101.66796,2.78274],[101.66827,2.78307],[101.66855,2.78336],[101.66883,2.78313],[101.66925,2.78272],[101.6688,2.78222],[101.66915,2.7819],[101.66906,2.78178],[101.67005,2.78093],[101.6705,2.78046]]}},{"type":"Feature","properties":{"kind":"ditch","district":"Kuala Langat","outfall":555},"geometry":{"type":"LineString","coordinates":[[101.58216,2.79958],[101.5821,2.79959],[101.58186,2.79961],[101.58152,2.79963],[101.58113,2.79966],[101.58043,2.7997],[101.57991,2.79975],[101.57947,2.79977],[101.57859,2.79983],[101.57729,2.79994],[101.57649,2.79998],[101.57613,2.80001],[101.5757,2.80004],[101.57499,2.80008],[101.57424,2.80014],[101.5738,2.80018],[101.57342,2.80021],[101.5731,2.80023],[101.57294,2.80024],[101.57284,2.80024],[101.57235,2.8003],[101.57179,2.80037],[101.57132,2.80043],[101.57119,2.80044],[101.55619,2.80205],[101.55381,2.80219],[101.5444,2.80262]]}},{"type":"Feature","properties":{"kind":"ditch","district":"Kuala Langat","outfall":1300},"geometry":{"type":"LineString","coordinates":[[101.57294,2.80024],[101.57295,2.79992],[101.57296,2.79902],[101.57296,2.79789],[101.57297,2.79692],[101.57299,2.79657]]}},{"type":"Feature","properties":{"kind":"ditch","district":"Kuala Langat","outfall":300},"geometry":{"type":"LineString","coordinates":[[101.5889,2.79432],[101.58843,2.79435],[101.58805,2.79436],[101.58773,2.79436],[101.58754,2.79436],[101.58729,2.79437],[101.58709,2.79442],[101.58697,2.79445],[101.5868,2.79446],[101.5868,2.79465],[101.58678,2.79515],[101.58679,2.79557],[101.58679,2.79571]]}},{"type":"Feature","properties":{"kind":"ditch","district":"Kuala Langat","outfall":1283},"geometry":{"type":"LineString","coordinates":[[101.59442,2.78791],[101.59447,2.78762],[101.59452,2.78739],[101.59458,2.78709],[101.59466,2.78669],[101.59472,2.78636],[101.59478,2.78609],[101.59483,2.78581],[101.59489,2.78549],[101.59495,2.78524],[101.59501,2.78497],[101.59506,2.78469],[101.59511,2.78446],[101.59512,2.78441],[101.59512,2.78437]]}},{"type":"Feature","properties":{"kind":"ditch","district":"Kuala Langat","outfall":1219},"geometry":{"type":"LineString","coordinates":[[101.59431,2.78849],[101.59434,2.78833],[101.59438,2.78815],[101.5944,2.78807],[101.59442,2.78802],[101.59445,2.788],[101.59448,2.788],[101.59449,2.78802],[101.59452,2.78801],[101.59453,2.78797],[101.59454,2.78794],[101.59485,2.78798],[101.59518,2.78803],[101.59548,2.78807],[101.59578,2.78811],[101.5958,2.78812],[101.59597,2.78814],[101.59622,2.78818]]}},{"type":"Feature","properties":{"kind":"ditch","district":"Kuala Langat","outfall":296},"geometry":{"type":"LineString","coordinates":[[101.58689,2.7957],[101.58679,2.79571],[101.58663,2.79572],[101.58627,2.79574],[101.58594,2.79575],[101.58562,2.79577],[101.58527,2.79579],[101.58495,2.7958],[101.58464,2.79582],[101.58428,2.79584],[101.584,2.79585],[101.58374,2.79587],[101.58341,2.79587],[101.58304,2.79589],[101.58277,2.7959],[101.5825,2.79591],[101.58227,2.79591],[101.58218,2.79591]]}},{"type":"Feature","properties":{"kind":"ditch","district":"Kuala Langat","outfall":1075},"geometry":{"type":"LineString","coordinates":[[101.59538,2.78688],[101.59546,2.78691],[101.5956,2.78694],[101.59574,2.78698],[101.59588,2.78702],[101.59598,2.78704],[101.59606,2.78706],[101.59621,2.7871],[101.59639,2.78714],[101.59656,2.78718],[101.59671,2.78722],[101.59684,2.78725],[101.59705,2.78731],[101.59728,2.78736],[101.59758,2.78745],[101.59763,2.78746],[101.5976,2.7876],[101.59756,2.78774],[101.5975,2.78801],[101.59743,2.7883],[101.59741,2.78837],[101.59751,2.78839],[101.59762,2.78841]]}},{"type":"Feature","properties":{"kind":"ditch","district":"Kuala Langat","outfall":1558},"geometry":{"type":"LineString","coordinates":[[101.59315,2.77844],[101.5933,2.77848],[101.59359,2.77853],[101.59377,2.77856],[101.59423,2.77863],[101.59459,2.77866],[101.59492,2.77869],[101.59511,2.77868],[101.59541,2.7787],[101.59577,2.77874],[101.59603,2.77877],[101.5966,2.77885],[101.59681,2.77889],[101.59689,2.77894],[101.59698,2.77898],[101.59705,2.779],[101.59713,2.77902],[101.59727,2.77905],[101.59738,2.77906],[101.59749,2.77906],[101.59759,2.77907],[101.59773,2.7791],[101.59799,2.77912],[101.5981,2.77914],[101.59826,2.77916],[101.59842,2.77919],[101.59849,2.7792],[101.59854,2.77926]]}},{"type":"Feature","properties":{"kind":"ditch","district":"Kuala Langat","outfall":452},"geometry":{"type":"LineString","coordinates":[[101.59381,2.79076],[101.59361,2.79122],[101.59357,2.7913],[101.59355,2.79143],[101.59352,2.79164],[101.59349,2.79187],[101.59343,2.79206],[101.5934,2.79231],[101.59336,2.79257],[101.5933,2.79285],[101.59324,2.79308],[101.59323,2.7932],[101.59321,2.79326],[101.59319,2.79333],[101.59314,2.79343],[101.59311,2.79347],[101.59311,2.79353],[101.59313,2.79366],[101.59317,2.79389],[101.59322,2.7941],[101.59324,2.79422],[101.59333,2.7945],[101.59345,2.79478],[101.59352,2.79498],[101.59358,2.79519],[101.59366,2.79546],[101.5937,2.79563],[101.59373,2.79586],[101.59381,2.79619],[101.59395,2.79649],[101.59406,2.79667],[101.5942,2.79713],[101.59429,2.7973]]}},{"type":"Feature","properties":{"kind":"ditch","district":"Kuala Langat","outfall":992},"geometry":{"type":"LineString","coordinates":[[101.58768,2.78914],[101.58802,2.78909],[101.58838,2.78903],[101.58889,2.78895],[101.58921,2.78889]]}},{"type":"Feature","properties":{"kind":"ditch","district":"Kuala Langat","outfall":716},"geometry":{"type":"LineString","coordinates":[[101.59763,2.78746],[101.59765,2.78736],[101.59754,2.78718],[101.59725,2.78678],[101.59692,2.78631],[101.59664,2.78591],[101.59658,2.78581],[101.59656,2.78577],[101.59668,2.78531],[101.59678,2.78488],[101.59678,2.7848],[101.59675,2.78476],[101.5967,2.7847],[101.59666,2.78466],[101.59661,2.78464],[101.59653,2.78461],[101.59636,2.78458],[101.59604,2.78453],[101.59573,2.78448],[101.59521,2.78439],[101.59512,2.78437],[101.59477,2.78429],[101.59464,2.78462],[101.59447,2.78502],[101.59433,2.78532],[101.59431,2.78549],[101.59421,2.78596],[101.59414,2.78638],[101.59409,2.78666],[101.59405,2.7869],[101.59402,2.78711],[101.59393,2.78763],[101.59387,2.78798],[101.59381,2.78835],[101.59376,2.78867],[101.59374,2.78879],[101.5937,2.78903],[101.59365,2.78933],[101.59359,2.78968],[101.59355,2.78997],[101.5935,2.79028],[101.59344,2.79068],[101.59338,2.79111],[101.59333,2.79143],[101.59329,2.79161],[101.59329,2.79205],[101.59325,2.79247],[101.59316,2.79307]]}},{"type":"Feature","properties":{"kind":"ditch","district":"Kuala Langat","outfall":1099},"geometry":{"type":"LineString","coordinates":[[101.59741,2.78837],[101.59723,2.78833],[101.59706,2.78829],[101.59685,2.78827],[101.59666,2.78824],[101.59622,2.78818]]}},{"type":"Feature","properties":{"kind":"ditch","district":"Kuala Langat","outfall":1280},"geometry":{"type":"LineString","coordinates":[[101.5958,2.78812],[101.59588,2.78781],[101.59598,2.7874],[101.59606,2.78707],[101.59606,2.78706],[101.5961,2.78686],[101.59619,2.78645],[101.59624,2.7863]]}},{"type":"Feature","properties":{"kind":"ditch","district":"Kuala Langat","outfall":2062},"geometry":{"type":"LineString","coordinates":[[101.54315,2.90212],[101.54554,2.89929]]}},{"type":"Feature","properties":{"kind":"ditch","district":"Kuala Langat","outfall":3342},"geometry":{"type":"LineString","coordinates":[[101.5576,2.91529],[101.55677,2.91639],[101.55618,2.91703],[101.55321,2.92072],[101.55072,2.92386],[101.54886,2.92612],[101.54886,2.92617],[101.5489,2.9262]]}},{"type":"Feature","properties":{"kind":"ditch","district":"Kuala Langat","outfall":1698},"geometry":{"type":"LineString","coordinates":[[101.50726,2.94946],[101.50755,2.94946],[101.50816,2.94946],[101.50886,2.94945],[101.50945,2.94946],[101.50992,2.94946],[101.51041,2.94945],[101.51086,2.94946],[101.51143,2.94945],[101.51198,2.94945],[101.51255,2.94946],[101.51305,2.94946],[101.51355,2.94944],[101.51412,2.94944],[101.51468,2.94944]]}},{"type":"Feature","properties":{"kind":"ditch","district":"Hulu Langat","outfall":232},"geometry":{"type":"LineString","coordinates":[[101.76918,2.92456],[101.76923,2.92449],[101.7693,2.92443],[101.76947,2.92441],[101.77035,2.92433]]}},{"type":"Feature","properties":{"kind":"drain","district":"Hulu Langat","outfall":604},"geometry":{"type":"LineString","coordinates":[[101.77067,2.91974],[101.7707,2.91975],[101.77077,2.91977],[101.7708,2.91986],[101.77084,2.92052],[101.77104,2.92105],[101.77146,2.92208]]}},{"type":"Feature","properties":{"kind":"ditch","district":"Kuala Langat","outfall":4390},"geometry":{"type":"LineString","coordinates":[[101.56046,2.93262],[101.56089,2.93194],[101.56125,2.93133],[101.56159,2.93078],[101.56193,2.93022]]}},{"type":"Feature","properties":{"kind":"ditch","district":"Kuala Langat","outfall":5009},"geometry":{"type":"LineString","coordinates":[[101.56333,2.92796],[101.56374,2.92727],[101.56402,2.92682],[101.56407,2.92672],[101.56412,2.92662],[101.56416,2.92658],[101.56464,2.92619],[101.56484,2.92603]]}},{"type":"Feature","properties":{"kind":"ditch","district":"Sepang","outfall":1024},"geometry":{"type":"LineString","coordinates":[[101.68087,2.76314],[101.68095,2.76314],[101.68108,2.76314],[101.6813,2.76309],[101.68157,2.76306],[101.68167,2.76307],[101.68184,2.76303],[101.68215,2.763],[101.68227,2.763],[101.68233,2.763],[101.68242,2.76299],[101.68251,2.76297],[101.68261,2.76295],[101.68269,2.76293],[101.68277,2.76295],[101.68291,2.76303],[101.68323,2.76321],[101.68346,2.76333],[101.6838,2.76352],[101.68424,2.76379]]}},{"type":"Feature","properties":{"kind":"ditch","district":"Sepang","outfall":139},"geometry":{"type":"LineString","coordinates":[[101.68251,2.75483],[101.68284,2.75516],[101.683,2.75528],[101.68345,2.75563],[101.68363,2.75574],[101.68438,2.75608],[101.6847,2.75625],[101.68523,2.7565],[101.6854,2.75661],[101.68546,2.75669],[101.68556,2.75683],[101.6856,2.75692],[101.68564,2.757],[101.68572,2.7571],[101.68583,2.75732],[101.68596,2.75753],[101.68617,2.75786]]}},{"type":"Feature","properties":{"kind":"ditch","district":"Kuala Langat","outfall":885},"geometry":{"type":"LineString","coordinates":[[101.47835,2.91318],[101.47838,2.9128],[101.4784,2.91257],[101.47839,2.91245],[101.47836,2.91234],[101.47798,2.91174],[101.47683,2.90977],[101.4765,2.90924],[101.47642,2.90914],[101.47631,2.90906],[101.47614,2.90895],[101.47572,2.90866],[101.47523,2.90832],[101.47489,2.90806],[101.47449,2.9078],[101.47402,2.90746],[101.47346,2.90707],[101.47324,2.9069],[101.47326,2.90683],[101.47332,2.90665],[101.47341,2.90633],[101.47358,2.90576],[101.47371,2.9054],[101.47383,2.90502],[101.47426,2.90369],[101.4745,2.90287],[101.4746,2.90252],[101.47463,2.90229],[101.47467,2.90179],[101.47472,2.90098],[101.47477,2.9],[101.47483,2.89954],[101.4748,2.89931],[101.47485,2.89911],[101.47483,2.89897],[101.47486,2.89879],[101.4749,2.89869],[101.47502,2.89857],[101.47505,2.8985],[101.47504,2.89826],[101.47505,2.89819],[101.4751,2.89813],[101.4752,2.89809],[101.47568,2.89801],[101.47663,2.89782]]}},{"type":"Feature","properties":{"kind":"ditch","district":"Sepang","outfall":1060},"geometry":{"type":"LineString","coordinates":[[101.72591,2.88077],[101.72537,2.8824],[101.7254,2.88262],[101.72534,2.88284],[101.72453,2.8837],[101.72364,2.88401]]}},{"type":"Feature","properties":{"kind":"ditch","district":"Sepang","outfall":1254},"geometry":{"type":"LineString","coordinates":[[101.7258,2.88491],[101.72569,2.88481],[101.72552,2.88458],[101.72526,2.88444],[101.72498,2.88421],[101.72453,2.8837]]}},{"type":"Feature","properties":{"kind":"drain","district":"Sepang","outfall":0},"geometry":{"type":"LineString","coordinates":[[101.74742,2.93947],[101.74768,2.93926],[101.74792,2.93897],[101.74816,2.93876]]}},{"type":"Feature","properties":{"kind":"drain","district":"Sepang","outfall":0},"geometry":{"type":"LineString","coordinates":[[101.74127,2.9425],[101.74133,2.94251],[101.74139,2.94246],[101.74144,2.94241],[101.74257,2.94187],[101.74264,2.94182],[101.74274,2.94176],[101.7428,2.94175],[101.74285,2.94175],[101.74292,2.94177],[101.74298,2.94176],[101.7431,2.94171],[101.74349,2.94144],[101.74365,2.94125],[101.74397,2.94096],[101.74413,2.94078],[101.74419,2.94065],[101.74436,2.94051],[101.74445,2.9406],[101.74454,2.94064],[101.74502,2.94075],[101.74513,2.94075],[101.74524,2.94069],[101.74544,2.94045],[101.74566,2.94017],[101.74578,2.94008],[101.74608,2.93995],[101.74646,2.9398],[101.74675,2.93975],[101.74714,2.9397]]}},{"type":"Feature","properties":{"kind":"drain","district":"Sepang","covered":true,"outfall":723},"geometry":{"type":"LineString","coordinates":[[101.74099,2.94245],[101.74127,2.9425]]}},{"type":"Feature","properties":{"kind":"drain","district":"Sepang","outfall":749},"geometry":{"type":"LineString","coordinates":[[101.73962,2.94275],[101.73985,2.94267],[101.74003,2.94267],[101.74059,2.94268],[101.74072,2.94269],[101.74079,2.94265],[101.74083,2.94261],[101.74091,2.94249],[101.74099,2.94245]]}},{"type":"Feature","properties":{"kind":"drain","district":"Sepang","outfall":0},"geometry":{"type":"LineString","coordinates":[[101.59952,2.95476],[101.59794,2.95466],[101.5976,2.95465],[101.59444,2.95504],[101.59319,2.95497],[101.59097,2.95463]]}},{"type":"Feature","properties":{"kind":"drain","district":"Sepang","outfall":896},"geometry":{"type":"LineString","coordinates":[[101.59919,2.9628],[101.59887,2.9628],[101.59798,2.96278]]}},{"type":"Feature","properties":{"kind":"drain","district":"Sepang","outfall":523},"geometry":{"type":"LineString","coordinates":[[101.6291,2.92932],[101.62908,2.92944],[101.62909,2.92966],[101.62903,2.9299],[101.62899,2.93031],[101.62887,2.93044],[101.62871,2.93049]]}},{"type":"Feature","properties":{"kind":"ditch","district":"Sepang","outfall":1770},"geometry":{"type":"LineString","coordinates":[[101.62238,2.90849],[101.62241,2.90862],[101.62266,2.90999],[101.62271,2.91027],[101.62278,2.91049],[101.62334,2.9113]]}},{"type":"Feature","properties":{"kind":"ditch","district":"Sepang","outfall":1104},"geometry":{"type":"LineString","coordinates":[[101.63818,2.91628],[101.63794,2.91629],[101.63753,2.91626],[101.63702,2.91621],[101.63616,2.91614],[101.63579,2.91612],[101.63533,2.91608],[101.6348,2.91602]]}},{"type":"Feature","properties":{"kind":"ditch","district":"Sepang","outfall":1393},"geometry":{"type":"LineString","coordinates":[[101.63041,2.90928],[101.6291,2.90918],[101.629,2.90927],[101.62838,2.91101],[101.62837,2.91102],[101.62794,2.91175],[101.62766,2.91222],[101.62758,2.91233],[101.62761,2.91306],[101.6276,2.91559],[101.62759,2.91617]]}},{"type":"Feature","properties":{"kind":"ditch","district":"Sepang","outfall":1559},"geometry":{"type":"LineString","coordinates":[[101.64428,2.90798],[101.64346,2.90769],[101.64277,2.90758],[101.64209,2.90761],[101.6409,2.90767],[101.63892,2.90784],[101.63877,2.90783]]}},{"type":"Feature","properties":{"kind":"ditch","district":"Sepang","outfall":1298},"geometry":{"type":"LineString","coordinates":[[101.62361,2.92158],[101.62347,2.9216],[101.62332,2.92153],[101.6201,2.92109],[101.61995,2.9211],[101.61981,2.9212],[101.61963,2.92185],[101.61945,2.92236],[101.6191,2.92326],[101.6188,2.92413],[101.61861,2.92473],[101.61843,2.9253],[101.61841,2.92541],[101.61843,2.92553],[101.61829,2.92677]]}},{"type":"Feature","properties":{"kind":"ditch","district":"Sepang","outfall":1016},"geometry":{"type":"LineString","coordinates":[[101.62484,2.93055],[101.62441,2.93064],[101.62429,2.93064],[101.62422,2.9306],[101.62381,2.93005],[101.62354,2.92977],[101.62343,2.9297]]}},{"type":"Feature","properties":{"kind":"ditch","district":"Sepang","outfall":1733},"geometry":{"type":"LineString","coordinates":[[101.61794,2.92749],[101.61645,2.92701],[101.61578,2.92684],[101.61519,2.92657],[101.61437,2.9263],[101.61282,2.92627],[101.61249,2.92622],[101.6119,2.92583],[101.61137,2.92547],[101.61086,2.92522],[101.61075,2.92506],[101.60852,2.92442],[101.60674,2.92393],[101.60567,2.9237],[101.60529,2.92363],[101.60508,2.92361],[101.60487,2.92372],[101.60422,2.92429],[101.60388,2.92483],[101.60154,2.92933],[101.6014,2.9296],[101.60028,2.93175],[101.59914,2.9339],[101.59806,2.93599]]}},{"type":"Feature","properties":{"kind":"ditch","district":"Sepang","outfall":2706},"geometry":{"type":"LineString","coordinates":[[101.60189,2.92963],[101.6014,2.9296]]}},{"type":"Feature","properties":{"kind":"ditch","district":"Kuala Langat","outfall":1205},"geometry":{"type":"LineString","coordinates":[[101.59752,2.93721],[101.5974,2.93726],[101.59715,2.93765],[101.59704,2.93794],[101.59618,2.93947],[101.59411,2.94329],[101.59307,2.94528],[101.59307,2.94606]]}},{"type":"Feature","properties":{"kind":"drain","district":"Kuala Langat","outfall":0},"geometry":{"type":"LineString","coordinates":[[101.59097,2.95463],[101.58904,2.95614],[101.58848,2.95586],[101.58824,2.95579],[101.58767,2.95577],[101.58738,2.95583],[101.58716,2.95598],[101.58689,2.95634],[101.5832,2.96314],[101.58278,2.964],[101.582,2.96561],[101.581,2.96775],[101.58021,2.96938],[101.57922,2.9714],[101.57664,2.97415],[101.57484,2.97607],[101.5744,2.97666],[101.57419,2.97699],[101.57383,2.97731],[101.57366,2.97763]]}},{"type":"Feature","properties":{"kind":"ditch","district":"Sepang","outfall":1336},"geometry":{"type":"LineString","coordinates":[[101.74875,2.80066],[101.74882,2.80109],[101.74883,2.80126],[101.7488,2.80151],[101.74877,2.80177],[101.74876,2.80189],[101.74875,2.8021],[101.74872,2.80223],[101.74861,2.80246]]}},{"type":"Feature","properties":{"kind":"ditch","district":"Kuala Langat","covered":true,"outfall":3301},"geometry":{"type":"LineString","coordinates":[[101.57259,2.94227],[101.57247,2.94184]]}},{"type":"Feature","properties":{"kind":"ditch","district":"Kuala Langat","outfall":1692},"geometry":{"type":"LineString","coordinates":[[101.59415,2.94054],[101.59362,2.94152],[101.59316,2.94234],[101.59296,2.94266],[101.59237,2.94354],[101.59181,2.94446],[101.59117,2.94549],[101.59079,2.946],[101.58955,2.94784],[101.589,2.94869],[101.58841,2.94954],[101.58744,2.95107],[101.58665,2.95225],[101.58599,2.95321],[101.58541,2.95412],[101.58496,2.95483],[101.58478,2.95509],[101.58413,2.95602],[101.58341,2.95706],[101.58276,2.95801],[101.58217,2.95894]]}},{"type":"Feature","properties":{"kind":"ditch","district":"Sepang","outfall":1115},"geometry":{"type":"LineString","coordinates":[[101.63418,2.91598],[101.63364,2.91587],[101.63312,2.91572],[101.63273,2.91566]]}},{"type":"Feature","properties":{"kind":"ditch","district":"Sepang","covered":true,"outfall":1104},"geometry":{"type":"LineString","coordinates":[[101.6348,2.91602],[101.63418,2.91598]]}},{"type":"Feature","properties":{"kind":"ditch","district":"Sepang","outfall":1487},"geometry":{"type":"LineString","coordinates":[[101.62573,2.9152],[101.62568,2.91538],[101.62566,2.91557],[101.62587,2.91609],[101.62593,2.91653]]}},{"type":"Feature","properties":{"kind":"ditch","district":"Sepang","covered":true,"outfall":1609},"geometry":{"type":"LineString","coordinates":[[101.62601,2.91491],[101.62573,2.9152]]}},{"type":"Feature","properties":{"kind":"ditch","district":"Sepang","covered":true,"outfall":1685},"geometry":{"type":"LineString","coordinates":[[101.6258,2.91365],[101.62609,2.91401]]}},{"type":"Feature","properties":{"kind":"ditch","district":"Sepang","outfall":1613},"geometry":{"type":"LineString","coordinates":[[101.62609,2.91401],[101.62621,2.91418],[101.62623,2.91443],[101.62615,2.91474],[101.62601,2.91491]]}},{"type":"Feature","properties":{"kind":"ditch","district":"Sepang","covered":true,"outfall":1987},"geometry":{"type":"LineString","coordinates":[[101.63877,2.90783],[101.63841,2.90783]]}},{"type":"Feature","properties":{"kind":"ditch","district":"Sepang","outfall":1807},"geometry":{"type":"LineString","coordinates":[[101.63841,2.90783],[101.63755,2.9078],[101.63728,2.90784],[101.6372,2.90916],[101.63722,2.90937],[101.63726,2.90958],[101.63727,2.90967],[101.63721,2.90974],[101.63706,2.90977]]}},{"type":"Feature","properties":{"kind":"ditch","district":"Sepang","outfall":28},"geometry":{"type":"LineString","coordinates":[[101.6862,2.88374],[101.68627,2.88375],[101.6863,2.88368],[101.68617,2.88334],[101.68591,2.88297],[101.68564,2.88265],[101.68533,2.88245],[101.68518,2.88214],[101.68489,2.8819],[101.68476,2.88186],[101.68456,2.88164],[101.68441,2.88149],[101.68446,2.88128],[101.68459,2.88115],[101.68466,2.88111]]}},{"type":"Feature","properties":{"kind":"ditch","district":"Sepang","outfall":78},"geometry":{"type":"LineString","coordinates":[[101.68304,2.88273],[101.68304,2.88258],[101.68321,2.88251],[101.6834,2.88235],[101.6835,2.88224],[101.68359,2.882],[101.68374,2.88189],[101.68389,2.88176],[101.68398,2.88165],[101.6841,2.88167],[101.68418,2.8818],[101.68426,2.88186],[101.68433,2.88182],[101.68437,2.88176],[101.68437,2.88164],[101.68441,2.88149]]}},{"type":"Feature","properties":{"kind":"ditch","district":"Hulu Langat","covered":true,"outfall":292},"geometry":{"type":"LineString","coordinates":[[101.84071,2.91486],[101.84006,2.91501]]}},{"type":"Feature","properties":{"kind":"ditch","district":"Hulu Langat","outfall":0},"geometry":{"type":"LineString","coordinates":[[101.84006,2.91501],[101.84002,2.91504],[101.84008,2.91562],[101.84009,2.91601],[101.84014,2.91664],[101.84016,2.91691],[101.84017,2.91785]]}},{"type":"Feature","properties":{"kind":"drain","district":"Hulu Langat","covered":true,"outfall":514},"geometry":{"type":"LineString","coordinates":[[101.83816,2.91245],[101.8387,2.9123]]}},{"type":"Feature","properties":{"kind":"drain","district":"Hulu Langat","covered":true,"outfall":150},"geometry":{"type":"LineString","coordinates":[[101.84537,2.91975],[101.84535,2.9196]]}},{"type":"Feature","properties":{"kind":"drain","district":"Hulu Langat","covered":true,"outfall":291},"geometry":{"type":"LineString","coordinates":[[101.845,2.92102],[101.84501,2.92094],[101.84502,2.92083]]}},{"type":"Feature","properties":{"kind":"ditch","district":"Hulu Langat","outfall":0},"geometry":{"type":"LineString","coordinates":[[101.84535,2.9196],[101.84537,2.91934],[101.8454,2.91922],[101.84546,2.91903],[101.84554,2.91887],[101.84558,2.91873],[101.84564,2.91858],[101.84567,2.91845],[101.84572,2.91837],[101.84575,2.91831]]}},{"type":"Feature","properties":{"kind":"drain","district":"Kuala Langat","covered":true,"outfall":2517},"geometry":{"type":"LineString","coordinates":[[101.58086,2.94183],[101.58072,2.94216]]}},{"type":"Feature","properties":{"kind":"drain","district":"Kuala Langat","outfall":2514},"geometry":{"type":"LineString","coordinates":[[101.58072,2.94216],[101.58067,2.94228]]}},{"type":"Feature","properties":{"kind":"ditch","district":"Kuala Langat","covered":true,"outfall":4557},"geometry":{"type":"LineString","coordinates":[[101.52509,2.91275],[101.52497,2.9133]]}},{"type":"Feature","properties":{"kind":"ditch","district":"Kuala Langat","outfall":4612},"geometry":{"type":"LineString","coordinates":[[101.52497,2.9133],[101.52494,2.91344],[101.52489,2.91356],[101.52483,2.9137]]}},{"type":"Feature","properties":{"kind":"ditch","district":"Kuala Langat","covered":true,"outfall":4656},"geometry":{"type":"LineString","coordinates":[[101.52483,2.9137],[101.52479,2.91378]]}},{"type":"Feature","properties":{"kind":"ditch","district":"Kuala Langat","outfall":4665},"geometry":{"type":"LineString","coordinates":[[101.52479,2.91378],[101.52469,2.91391],[101.52448,2.91417],[101.52442,2.91464]]}},{"type":"Feature","properties":{"kind":"ditch","district":"Kuala Langat","outfall":4338},"geometry":{"type":"LineString","coordinates":[[101.52509,2.91275],[101.52511,2.91263],[101.52524,2.91246],[101.52573,2.91119],[101.52577,2.91115],[101.5258,2.91114],[101.52589,2.91115],[101.52939,2.91217],[101.52943,2.91221],[101.52944,2.9123],[101.52934,2.91306],[101.52931,2.91342],[101.52933,2.9136],[101.52939,2.91371],[101.52948,2.91376],[101.52955,2.91377]]}},{"type":"Feature","properties":{"kind":"ditch","district":"Kuala Langat","outfall":4430},"geometry":{"type":"LineString","coordinates":[[101.53023,2.91523],[101.53004,2.91508],[101.52989,2.91501],[101.52971,2.9149],[101.52945,2.91482],[101.52927,2.91482],[101.52898,2.91484],[101.52886,2.91487],[101.52882,2.9149],[101.52846,2.91578],[101.52843,2.91581],[101.52837,2.9158],[101.52709,2.91543]]}},{"type":"Feature","properties":{"kind":"drain","district":"Kuala Langat","outfall":4649},"geometry":{"type":"LineString","coordinates":[[101.52709,2.91543],[101.52669,2.9153],[101.52653,2.91526],[101.52628,2.91522],[101.52566,2.91502],[101.52556,2.91498],[101.52499,2.91483],[101.52482,2.91478],[101.52467,2.91475],[101.52448,2.91471]]}},{"type":"Feature","properties":{"kind":"ditch","district":"Kuala Langat","covered":true,"outfall":4530},"geometry":{"type":"LineString","coordinates":[[101.51955,2.91227],[101.51925,2.91266]]}},{"type":"Feature","properties":{"kind":"ditch","district":"Kuala Langat","covered":true,"outfall":4261},"geometry":{"type":"LineString","coordinates":[[101.51635,2.9121],[101.51635,2.91252]]}},{"type":"Feature","properties":{"kind":"ditch","district":"Kuala Langat","covered":true,"outfall":4354},"geometry":{"type":"LineString","coordinates":[[101.53586,2.91756],[101.53563,2.91786]]}},{"type":"Feature","properties":{"kind":"ditch","district":"Kuala Langat","covered":true,"outfall":3265},"geometry":{"type":"LineString","coordinates":[[101.50491,2.91018],[101.50491,2.90984]]}},{"type":"Feature","properties":{"kind":"ditch","district":"Kuala Langat","covered":true,"outfall":2350},"geometry":{"type":"LineString","coordinates":[[101.4972,2.90496],[101.49664,2.90497]]}},{"type":"Feature","properties":{"kind":"ditch","district":"Kuala Langat","covered":true,"outfall":2823},"geometry":{"type":"LineString","coordinates":[[101.50097,2.90782],[101.50105,2.90752]]}},{"type":"Feature","properties":{"kind":"ditch","district":"Kuala Langat","outfall":961},"geometry":{"type":"LineString","coordinates":[[101.4855,2.89608],[101.48552,2.89607]]}},{"type":"Feature","properties":{"kind":"ditch","district":"Kuala Langat","covered":true,"outfall":2900},"geometry":{"type":"LineString","coordinates":[[101.50484,2.90606],[101.50472,2.90596]]}},{"type":"Feature","properties":{"kind":"ditch","district":"Kuala Langat","outfall":2932},"geometry":{"type":"LineString","coordinates":[[101.50494,2.90625],[101.50495,2.90615]]}},{"type":"Feature","properties":{"kind":"ditch","district":"Kuala Langat","covered":true,"outfall":2940},"geometry":{"type":"LineString","coordinates":[[101.50493,2.90636],[101.50494,2.90625]]}},{"type":"Feature","properties":{"kind":"ditch","district":"Kuala Langat","outfall":2917},"geometry":{"type":"LineString","coordinates":[[101.50863,2.90954],[101.50768,2.90866],[101.50639,2.90746],[101.50495,2.90615],[101.50484,2.90606]]}},{"type":"Feature","properties":{"kind":"ditch","district":"Kuala Langat","covered":true,"outfall":695},"geometry":{"type":"LineString","coordinates":[[101.47633,2.89635],[101.47627,2.89612]]}},{"type":"Feature","properties":{"kind":"ditch","district":"Kuala Langat","covered":true,"outfall":684},"geometry":{"type":"LineString","coordinates":[[101.44597,2.88997],[101.44597,2.88976]]}},{"type":"Feature","properties":{"kind":"ditch","district":"Kuala Langat","covered":true,"outfall":0},"geometry":{"type":"LineString","coordinates":[[101.44841,2.81975],[101.44833,2.81965]]}},{"type":"Feature","properties":{"kind":"ditch","district":"Kuala Langat","outfall":14},"geometry":{"type":"LineString","coordinates":[[101.45054,2.81935],[101.45035,2.81935],[101.44982,2.81935],[101.44943,2.81935],[101.44937,2.81937],[101.44934,2.81941],[101.44929,2.81943],[101.4492,2.81947],[101.44896,2.81956],[101.44878,2.8196],[101.44856,2.81973],[101.4485,2.81976],[101.44847,2.81977],[101.44843,2.81977],[101.44841,2.81975]]}},{"type":"Feature","properties":{"kind":"ditch","district":"Kuala Langat","covered":true,"outfall":248},"geometry":{"type":"LineString","coordinates":[[101.45068,2.81934],[101.45054,2.81935]]}},{"type":"Feature","properties":{"kind":"ditch","district":"Kuala Langat","outfall":264},"geometry":{"type":"LineString","coordinates":[[101.4543,2.81932],[101.45369,2.81934],[101.45337,2.81933],[101.45279,2.81932],[101.45201,2.81933],[101.45137,2.81933],[101.45068,2.81934]]}},{"type":"Feature","properties":{"kind":"drain","district":"Kuala Langat","covered":true,"outfall":665},"geometry":{"type":"LineString","coordinates":[[101.45444,2.81933],[101.4543,2.81932]]}},{"type":"Feature","properties":{"kind":"drain","district":"Kuala Langat","outfall":680},"geometry":{"type":"LineString","coordinates":[[101.45518,2.81934],[101.45444,2.81933]]}},{"type":"Feature","properties":{"kind":"drain","district":"Kuala Langat","covered":true,"outfall":762},"geometry":{"type":"LineString","coordinates":[[101.4553,2.81934],[101.45518,2.81934]]}},{"type":"Feature","properties":{"kind":"drain","district":"Kuala Langat","outfall":776},"geometry":{"type":"LineString","coordinates":[[101.45593,2.81935],[101.4553,2.81934]]}},{"type":"Feature","properties":{"kind":"drain","district":"Kuala Langat","covered":true,"outfall":846},"geometry":{"type":"LineString","coordinates":[[101.45619,2.81936],[101.45593,2.81935]]}},{"type":"Feature","properties":{"kind":"drain","district":"Kuala Langat","outfall":875},"geometry":{"type":"LineString","coordinates":[[101.45753,2.81937],[101.4568,2.81937],[101.45619,2.81936]]}},{"type":"Feature","properties":{"kind":"drain","district":"Kuala Langat","covered":true,"outfall":1023},"geometry":{"type":"LineString","coordinates":[[101.4576,2.81937],[101.45753,2.81937]]}},{"type":"Feature","properties":{"kind":"ditch","district":"Kuala Langat","outfall":1031},"geometry":{"type":"LineString","coordinates":[[101.46039,2.81939],[101.46024,2.81937],[101.46005,2.81939],[101.45994,2.81937],[101.45961,2.81937],[101.45908,2.81938],[101.45842,2.81938],[101.45805,2.81937],[101.4576,2.81937]]}},{"type":"Feature","properties":{"kind":"ditch","district":"Kuala Langat","outfall":0},"geometry":{"type":"LineString","coordinates":[[101.43303,2.79719],[101.43252,2.79868],[101.43221,2.79951],[101.43188,2.80043],[101.43145,2.80158],[101.43109,2.80247],[101.43099,2.80284],[101.43052,2.80414],[101.43007,2.80539],[101.42982,2.8061]]}},{"type":"Feature","properties":{"kind":"ditch","district":"Kuala Langat","covered":true,"outfall":1054},"geometry":{"type":"LineString","coordinates":[[101.43307,2.79708],[101.43303,2.79719]]}},{"type":"Feature","properties":{"kind":"ditch","district":"Kuala Langat","outfall":1067},"geometry":{"type":"LineString","coordinates":[[101.43324,2.79659],[101.43307,2.79708]]}},{"type":"Feature","properties":{"kind":"ditch","district":"Kuala Langat","covered":true,"outfall":0},"geometry":{"type":"LineString","coordinates":[[101.46138,2.84242],[101.46129,2.84238]]}},{"type":"Feature","properties":{"kind":"ditch","district":"Kuala Langat","outfall":11},"geometry":{"type":"LineString","coordinates":[[101.46689,2.84502],[101.46654,2.8449],[101.46635,2.84483],[101.46602,2.84466],[101.4655,2.84442],[101.46512,2.84425],[101.46442,2.84389],[101.46314,2.84327],[101.46258,2.843],[101.4623,2.84284],[101.46205,2.84274],[101.46173,2.84257],[101.46162,2.84252],[101.46138,2.84242]]}},{"type":"Feature","properties":{"kind":"ditch","district":"Kuala Langat","outfall":707},"geometry":{"type":"LineString","coordinates":[[101.44597,2.88976],[101.44597,2.88959]]}},{"type":"Feature","properties":{"kind":"ditch","district":"Kuala Langat","covered":true,"outfall":726},"geometry":{"type":"LineString","coordinates":[[101.44597,2.88959],[101.44598,2.88952]]}},{"type":"Feature","properties":{"kind":"ditch","district":"Kuala Langat","outfall":696},"geometry":{"type":"LineString","coordinates":[[101.44598,2.88952],[101.446,2.88868],[101.44597,2.88853],[101.44579,2.88841]]}},{"type":"Feature","properties":{"kind":"ditch","district":"Kuala Langat","outfall":658},"geometry":{"type":"LineString","coordinates":[[101.44596,2.89021],[101.44596,2.89012]]}},{"type":"Feature","properties":{"kind":"ditch","district":"Kuala Langat","covered":true,"outfall":668},"geometry":{"type":"LineString","coordinates":[[101.44596,2.89012],[101.44597,2.89006]]}},{"type":"Feature","properties":{"kind":"ditch","district":"Kuala Langat","outfall":674},"geometry":{"type":"LineString","coordinates":[[101.44597,2.89006],[101.44597,2.88997]]}},{"type":"Feature","properties":{"kind":"ditch","district":"Kuala Langat","covered":true,"outfall":654},"geometry":{"type":"LineString","coordinates":[[101.44596,2.89025],[101.44596,2.89021]]}},{"type":"Feature","properties":{"kind":"ditch","district":"Kuala Langat","outfall":646},"geometry":{"type":"LineString","coordinates":[[101.44595,2.89032],[101.44596,2.89025]]}},{"type":"Feature","properties":{"kind":"ditch","district":"Kuala Langat","outfall":718},"geometry":{"type":"LineString","coordinates":[[101.43895,2.89252],[101.43896,2.89223],[101.43899,2.89165],[101.43901,2.8911],[101.43903,2.89043],[101.43903,2.88984],[101.43901,2.88947]]}},{"type":"Feature","properties":{"kind":"ditch","district":"Kuala Langat","outfall":658},"geometry":{"type":"LineString","coordinates":[[101.43228,2.88502],[101.43246,2.88537],[101.43274,2.88591],[101.43299,2.8863],[101.43324,2.88663],[101.43347,2.88689],[101.43388,2.88729],[101.43425,2.88756],[101.43466,2.88782],[101.43503,2.88803],[101.43543,2.88821],[101.43552,2.88823],[101.43588,2.88834],[101.43622,2.88844],[101.43669,2.88853],[101.43711,2.88858],[101.43755,2.88861],[101.43835,2.88868],[101.439,2.88873],[101.43905,2.88873]]}},{"type":"Feature","properties":{"kind":"ditch","district":"Kuala Langat","covered":true,"outfall":2145},"geometry":{"type":"LineString","coordinates":[[101.50342,2.94968],[101.50316,2.94968]]}},{"type":"Feature","properties":{"kind":"ditch","district":"Kuala Langat","outfall":1724},"geometry":{"type":"LineString","coordinates":[[101.50316,2.94968],[101.50233,2.94968],[101.50096,2.94968],[101.50043,2.94967],[101.49927,2.94966],[101.49804,2.94967],[101.49678,2.94968],[101.49511,2.94969],[101.49379,2.94967],[101.49214,2.94967],[101.49135,2.94967]]}},{"type":"Feature","properties":{"kind":"ditch","district":"Kuala Langat","covered":true,"outfall":849},"geometry":{"type":"LineString","coordinates":[[101.48363,2.94969],[101.48346,2.94969]]}},{"type":"Feature","properties":{"kind":"ditch","district":"Kuala Langat","outfall":0},"geometry":{"type":"LineString","coordinates":[[101.48346,2.94969],[101.48158,2.9497],[101.47981,2.9497],[101.47941,2.94969],[101.4781,2.9497],[101.47744,2.94973],[101.47605,2.94973],[101.4758,2.94973]]}},{"type":"Feature","properties":{"kind":"ditch","district":"Kuala Langat","outfall":1666},"geometry":{"type":"LineString","coordinates":[[101.51548,2.94199],[101.51542,2.94262],[101.51536,2.94336],[101.51531,2.94409],[101.51524,2.94479],[101.51515,2.94583],[101.51506,2.94687],[101.51502,2.94724],[101.51498,2.94778],[101.51486,2.94918],[101.51486,2.94943],[101.51484,2.94958],[101.51483,2.94972]]}},{"type":"Feature","properties":{"kind":"ditch","district":"Kuala Langat","outfall":2067},"geometry":{"type":"LineString","coordinates":[[101.56279,2.95758],[101.56284,2.95677],[101.56285,2.95654],[101.56283,2.95573],[101.56278,2.95494],[101.5627,2.95355],[101.56273,2.95337],[101.56265,2.95322],[101.56261,2.95301],[101.56262,2.95279],[101.56266,2.95217],[101.56269,2.95207],[101.56275,2.95202],[101.56283,2.95198],[101.56335,2.95196]]}},{"type":"Feature","properties":{"kind":"drain","district":"Sepang","outfall":328},"geometry":{"type":"LineString","coordinates":[[101.66295,2.96368],[101.66261,2.96339],[101.66244,2.96326],[101.66232,2.96314],[101.66222,2.96301],[101.66216,2.96281],[101.66199,2.96248],[101.66194,2.96218],[101.66194,2.96196],[101.6619,2.9618],[101.66183,2.96167],[101.6617,2.96161],[101.66142,2.96141],[101.66129,2.96129],[101.6612,2.96099],[101.661,2.96083],[101.66079,2.9606],[101.66069,2.96039],[101.66063,2.95977],[101.66001,2.95715],[101.66002,2.95656],[101.65966,2.95497],[101.65869,2.95389],[101.65862,2.95384]]}},{"type":"Feature","properties":{"kind":"drain","district":"Sepang","covered":true,"outfall":241},"geometry":{"type":"LineString","coordinates":[[101.65862,2.95384],[101.6579,2.95343]]}},{"type":"Feature","properties":{"kind":"drain","district":"Sepang","outfall":0},"geometry":{"type":"LineString","coordinates":[[101.6579,2.95343],[101.65761,2.95326],[101.65746,2.95314],[101.65678,2.9521],[101.6567,2.95183],[101.65656,2.95173]]}},{"type":"Feature","properties":{"kind":"drain","district":"Sepang","covered":true,"outfall":985},"geometry":{"type":"LineString","coordinates":[[101.66617,2.97551],[101.6653,2.9751]]}},{"type":"Feature","properties":{"kind":"drain","district":"Sepang","outfall":1373},"geometry":{"type":"LineString","coordinates":[[101.66568,2.97205],[101.66595,2.97122]]}},{"type":"Feature","properties":{"kind":"drain","district":"Sepang","covered":true,"outfall":1349},"geometry":{"type":"LineString","coordinates":[[101.66559,2.97227],[101.66568,2.97205]]}},{"type":"Feature","properties":{"kind":"drain","district":"Sepang","covered":true,"outfall":1113},"geometry":{"type":"LineString","coordinates":[[101.66471,2.97449],[101.66503,2.97329]]}},{"type":"Feature","properties":{"kind":"drain","district":"Sepang","outfall":1241},"geometry":{"type":"LineString","coordinates":[[101.66503,2.97329],[101.66552,2.97246],[101.66559,2.97227]]}},{"type":"Feature","properties":{"kind":"drain","district":"Sepang","outfall":832},"geometry":{"type":"LineString","coordinates":[[101.66733,2.97692],[101.66775,2.97678],[101.66787,2.9768],[101.66796,2.97693]]}},{"type":"Feature","properties":{"kind":"drain","district":"Sepang","outfall":907},"geometry":{"type":"LineString","coordinates":[[101.66702,2.97622],[101.66679,2.97587],[101.66653,2.97568],[101.66617,2.97551]]}},{"type":"Feature","properties":{"kind":"drain","district":"Sepang","outfall":1037},"geometry":{"type":"LineString","coordinates":[[101.6653,2.9751],[101.66495,2.97493],[101.66481,2.9748],[101.66473,2.97466],[101.66471,2.97449]]}},{"type":"Feature","properties":{"kind":"drain","district":"Hulu Langat","covered":true,"outfall":196},"geometry":{"type":"LineString","coordinates":[[101.77709,2.92991],[101.77675,2.93016]]}},{"type":"Feature","properties":{"kind":"drain","district":"Hulu Langat","outfall":0},"geometry":{"type":"LineString","coordinates":[[101.77675,2.93016],[101.77615,2.93066],[101.77597,2.93081],[101.77584,2.93089],[101.77579,2.9309],[101.77568,2.93102],[101.77547,2.93102],[101.77522,2.93102],[101.7751,2.93117]]}},{"type":"Feature","properties":{"kind":"drain","district":"Hulu Langat","outfall":241},"geometry":{"type":"LineString","coordinates":[[101.77792,2.92928],[101.77709,2.92991]]}},{"type":"Feature","properties":{"kind":"ditch","district":"Sepang","outfall":2903},"geometry":{"type":"LineString","coordinates":[[101.66449,2.79278],[101.66435,2.79263],[101.66417,2.79243],[101.66383,2.79204]]}},{"type":"Feature","properties":{"kind":"drain","district":"Hulu Langat","outfall":676},"geometry":{"type":"LineString","coordinates":[[101.79002,3.05599],[101.78985,3.05597],[101.7891,3.05589],[101.78711,3.05574],[101.78639,3.05567]]}},{"type":"Feature","properties":{"kind":"ditch","district":"Kuala Langat","outfall":0},"geometry":{"type":"LineString","coordinates":[[101.37013,2.8434],[101.37007,2.84307],[101.37004,2.84252],[101.37006,2.84169],[101.37006,2.84126],[101.37009,2.84102]]}},{"type":"Feature","properties":{"kind":"ditch","district":"Kuala Langat","covered":true,"outfall":104},"geometry":{"type":"LineString","coordinates":[[101.45348,2.89068],[101.45344,2.89082]]}},{"type":"Feature","properties":{"kind":"ditch","district":"Kuala Langat","outfall":106},"geometry":{"type":"LineString","coordinates":[[101.45423,2.88756],[101.45391,2.8889],[101.45366,2.88989],[101.45352,2.89053],[101.45348,2.89068]]}},{"type":"Feature","properties":{"kind":"ditch","district":"Kuala Langat","outfall":859},"geometry":{"type":"LineString","coordinates":[[101.48634,2.89592],[101.48798,2.8956],[101.48811,2.89558],[101.4882,2.89554],[101.48825,2.89547],[101.48974,2.89383],[101.49023,2.89329],[101.49031,2.89316],[101.49039,2.89308]]}},{"type":"Feature","properties":{"kind":"ditch","district":"Kuala Langat","covered":true,"outfall":852},"geometry":{"type":"LineString","coordinates":[[101.49039,2.89308],[101.49049,2.89297]]}},{"type":"Feature","properties":{"kind":"ditch","district":"Kuala Langat","outfall":847},"geometry":{"type":"LineString","coordinates":[[101.49049,2.89297],[101.49054,2.8929]]}},{"type":"Feature","properties":{"kind":"ditch","district":"Kuala Langat","covered":true,"outfall":306},"geometry":{"type":"LineString","coordinates":[[101.53008,2.83487],[101.52981,2.83449]]}},{"type":"Feature","properties":{"kind":"ditch","district":"Kuala Langat","outfall":355},"geometry":{"type":"LineString","coordinates":[[101.53178,2.8357],[101.53086,2.83485],[101.53077,2.83481],[101.53069,2.83485],[101.53033,2.83525],[101.53022,2.83503],[101.53008,2.83487]]}},{"type":"Feature","properties":{"kind":"ditch","district":"Kuala Langat","outfall":35},"geometry":{"type":"LineString","coordinates":[[101.52981,2.83449],[101.52965,2.83434],[101.52959,2.83427],[101.52941,2.83425],[101.5293,2.83403],[101.52911,2.83397],[101.52906,2.83385],[101.529,2.83377],[101.52879,2.83362],[101.52865,2.8336],[101.52848,2.83355],[101.52839,2.8334],[101.52789,2.83296]]}},{"type":"Feature","properties":{"kind":"drain","district":"Kuala Langat","outfall":152},"geometry":{"type":"LineString","coordinates":[[101.54479,2.82876],[101.54483,2.82867]]}},{"type":"Feature","properties":{"kind":"drain","district":"Kuala Langat","covered":true,"outfall":47},"geometry":{"type":"LineString","coordinates":[[101.54514,2.82798],[101.54523,2.8278]]}},{"type":"Feature","properties":{"kind":"ditch","district":"Kuala Langat","outfall":29},"geometry":{"type":"LineString","coordinates":[[101.54523,2.8278],[101.5453,2.82765]]}},{"type":"Feature","properties":{"kind":"drain","district":"Kuala Langat","outfall":69},"geometry":{"type":"LineString","coordinates":[[101.54491,2.8285],[101.54514,2.82798]]}},{"type":"Feature","properties":{"kind":"drain","district":"Kuala Langat","covered":true,"outfall":132},"geometry":{"type":"LineString","coordinates":[[101.54483,2.82867],[101.54491,2.8285]]}},{"type":"Feature","properties":{"kind":"drain","district":"Kuala Langat","outfall":622},"geometry":{"type":"LineString","coordinates":[[101.54248,2.83755],[101.54248,2.83393]]}},{"type":"Feature","properties":{"kind":"ditch","district":"Kuala Langat","outfall":94},"geometry":{"type":"LineString","coordinates":[[101.56777,2.83056],[101.565,2.82846],[101.56491,2.82835],[101.56463,2.82818],[101.56353,2.8273],[101.56339,2.82713],[101.56327,2.82686],[101.56311,2.82662],[101.56297,2.82646]]}},{"type":"Feature","properties":{"kind":"ditch","district":"Kuala Langat","covered":true,"outfall":65},"geometry":{"type":"LineString","coordinates":[[101.56297,2.82646],[101.56292,2.82617]]}},{"type":"Feature","properties":{"kind":"ditch","district":"Kuala Langat","outfall":29},"geometry":{"type":"LineString","coordinates":[[101.56292,2.82617],[101.5629,2.82597],[101.56294,2.82578]]}},{"type":"Feature","properties":{"kind":"ditch","district":"Kuala Langat","covered":true,"outfall":1401},"geometry":{"type":"LineString","coordinates":[[101.56869,2.83736],[101.56871,2.83733]]}},{"type":"Feature","properties":{"kind":"ditch","district":"Kuala Langat","outfall":685},"geometry":{"type":"LineString","coordinates":[[101.56871,2.83733],[101.56873,2.83716],[101.56872,2.83689],[101.56861,2.83597],[101.56847,2.83482],[101.56824,2.83342],[101.5682,2.83322],[101.56798,2.83172],[101.56788,2.83123],[101.56777,2.83072],[101.56777,2.83056]]}},{"type":"Feature","properties":{"kind":"ditch","district":"Kuala Langat","outfall":685},"geometry":{"type":"LineString","coordinates":[[101.57955,2.83684],[101.57734,2.83344],[101.57717,2.83311],[101.57705,2.83301],[101.57687,2.83289],[101.57662,2.83278],[101.57601,2.8327],[101.5744,2.83251],[101.5724,2.83226],[101.57122,2.83212],[101.57009,2.83205],[101.56981,2.832],[101.56958,2.8319],[101.56934,2.83169],[101.56877,2.8313],[101.56813,2.83081],[101.56777,2.83056]]}},{"type":"Feature","properties":{"kind":"ditch","district":"Sepang","outfall":0},"geometry":{"type":"LineString","coordinates":[[101.75221,2.77448],[101.75233,2.77506],[101.75202,2.7751],[101.75158,2.77522],[101.75081,2.77534],[101.75039,2.77535],[101.75015,2.77541],[101.7499,2.77541]]}},{"type":"Feature","properties":{"kind":"drain","district":"Sepang","outfall":745},"geometry":{"type":"LineString","coordinates":[[101.73799,2.80581],[101.73803,2.80441],[101.73804,2.80318],[101.73808,2.80005],[101.7381,2.79983],[101.73805,2.79933],[101.73794,2.79809],[101.73772,2.79621]]}},{"type":"Feature","properties":{"kind":"drain","district":"Sepang","covered":true,"outfall":725},"geometry":{"type":"LineString","coordinates":[[101.73772,2.79621],[101.73772,2.79603]]}},{"type":"Feature","properties":{"kind":"drain","district":"Sepang","outfall":0},"geometry":{"type":"LineString","coordinates":[[101.73772,2.79603],[101.73818,2.79325],[101.73828,2.79272],[101.73832,2.79251],[101.73835,2.79226],[101.73843,2.78946]]}},{"type":"Feature","properties":{"kind":"ditch","district":"Sepang","outfall":1038},"geometry":{"type":"LineString","coordinates":[[101.7562,2.74399],[101.75587,2.74386],[101.75573,2.7439]]}},{"type":"Feature","properties":{"kind":"ditch","district":"Sepang","covered":true,"outfall":1057},"geometry":{"type":"LineString","coordinates":[[101.75661,2.74404],[101.7562,2.74399]]}},{"type":"Feature","properties":{"kind":"ditch","district":"Sepang","outfall":1077},"geometry":{"type":"LineString","coordinates":[[101.75712,2.74416],[101.75696,2.7441],[101.75677,2.74397],[101.75672,2.74397],[101.75668,2.744],[101.75661,2.74404]]}},{"type":"Feature","properties":{"kind":"ditch","district":"Sepang","outfall":0},"geometry":{"type":"LineString","coordinates":[[101.74064,2.65475],[101.74093,2.65455],[101.74131,2.65431],[101.74158,2.65396]]}},{"type":"Feature","properties":{"kind":"ditch","district":"Kuala Langat","covered":true,"outfall":452},"geometry":{"type":"LineString","coordinates":[[101.55738,2.66376],[101.55732,2.6635]]}},{"type":"Feature","properties":{"kind":"ditch","district":"Kuala Langat","outfall":337},"geometry":{"type":"LineString","coordinates":[[101.55732,2.6635],[101.55711,2.66293],[101.55695,2.66252]]}},{"type":"Feature","properties":{"kind":"ditch","district":"Kuala Langat","covered":true,"outfall":326},"geometry":{"type":"LineString","coordinates":[[101.55695,2.66252],[101.55693,2.66242]]}},{"type":"Feature","properties":{"kind":"drain","district":"Kuala Langat","outfall":199},"geometry":{"type":"LineString","coordinates":[[101.55693,2.66242],[101.55693,2.66166],[101.5569,2.66125]]}},{"type":"Feature","properties":{"kind":"drain","district":"Kuala Langat","covered":true,"outfall":185},"geometry":{"type":"LineString","coordinates":[[101.5569,2.66125],[101.55689,2.66112]]}},{"type":"Feature","properties":{"kind":"drain","district":"Kuala Langat","outfall":19},"geometry":{"type":"LineString","coordinates":[[101.55689,2.66112],[101.55679,2.66058],[101.55664,2.66016],[101.55656,2.65996],[101.55646,2.65976],[101.55643,2.65969]]}},{"type":"Feature","properties":{"kind":"drain","district":"Kuala Langat","covered":true,"outfall":0},"geometry":{"type":"LineString","coordinates":[[101.55643,2.65969],[101.55632,2.65956]]}},{"type":"Feature","properties":{"kind":"ditch","district":"Kuala Langat","covered":true,"outfall":1256},"geometry":{"type":"LineString","coordinates":[[101.54026,2.66538],[101.54021,2.66523]]}},{"type":"Feature","properties":{"kind":"ditch","district":"Kuala Langat","outfall":1160},"geometry":{"type":"LineString","coordinates":[[101.54213,2.67054],[101.54204,2.6703],[101.54156,2.66896],[101.54124,2.66804],[101.54094,2.66723],[101.5405,2.66604],[101.54026,2.66542],[101.54026,2.66538]]}},{"type":"Feature","properties":{"kind":"ditch","district":"Kuala Langat","outfall":1263},"geometry":{"type":"LineString","coordinates":[[101.54021,2.66523],[101.5402,2.66515],[101.54015,2.66508],[101.54004,2.66479],[101.54001,2.66462],[101.53985,2.66428],[101.53975,2.66403],[101.53965,2.66391],[101.53962,2.66371],[101.53955,2.66357],[101.53939,2.66328],[101.53933,2.66304],[101.53937,2.66297],[101.53916,2.66274],[101.53899,2.66243]]}},{"type":"Feature","properties":{"kind":"ditch","district":"Kuala Langat","covered":true,"outfall":0},"geometry":{"type":"LineString","coordinates":[[101.50085,2.68422],[101.50076,2.68402]]}},{"type":"Feature","properties":{"kind":"ditch","district":"Kuala Langat","outfall":24},"geometry":{"type":"LineString","coordinates":[[101.50143,2.68518],[101.50085,2.68422]]}},{"type":"Feature","properties":{"kind":"ditch","district":"Kuala Langat","covered":true,"outfall":0},"geometry":{"type":"LineString","coordinates":[[101.48494,2.6937],[101.48472,2.69361]]}},{"type":"Feature","properties":{"kind":"ditch","district":"Kuala Langat","outfall":26},"geometry":{"type":"LineString","coordinates":[[101.48579,2.69501],[101.4854,2.69442],[101.48494,2.6937]]}},{"type":"Feature","properties":{"kind":"drain","district":"Kuala Langat","outfall":1091},"geometry":{"type":"LineString","coordinates":[[101.45456,2.81173],[101.45457,2.81202]]}},{"type":"Feature","properties":{"kind":"drain","district":"Kuala Langat","outfall":1083},"geometry":{"type":"LineString","coordinates":[[101.45482,2.81205],[101.45474,2.81228]]}},{"type":"Feature","properties":{"kind":"drain","district":"Kuala Langat","outfall":959},"geometry":{"type":"LineString","coordinates":[[101.4537,2.81282],[101.45415,2.81281]]}},{"type":"Feature","properties":{"kind":"drain","district":"Kuala Langat","outfall":682},"geometry":{"type":"LineString","coordinates":[[101.45362,2.81608],[101.45344,2.81619],[101.45341,2.81621]]}},{"type":"Feature","properties":{"kind":"drain","district":"Kuala Langat","covered":true,"outfall":655},"geometry":{"type":"LineString","coordinates":[[101.45341,2.81621],[101.4532,2.81634]]}},{"type":"Feature","properties":{"kind":"ditch","district":"Kuala Langat","outfall":368},"geometry":{"type":"LineString","coordinates":[[101.4532,2.81634],[101.45272,2.81657],[101.45231,2.81694],[101.45193,2.81774],[101.45169,2.818],[101.45153,2.81879]]}},{"type":"Feature","properties":{"kind":"drain","district":"Kuala Langat","covered":true,"outfall":364},"geometry":{"type":"LineString","coordinates":[[101.45153,2.81879],[101.45151,2.81888]]}},{"type":"Feature","properties":{"kind":"drain","district":"Kuala Langat","outfall":354},"geometry":{"type":"LineString","coordinates":[[101.45151,2.81888],[101.45147,2.8191]]}},{"type":"Feature","properties":{"kind":"drain","district":"Kuala Langat","outfall":313},"geometry":{"type":"LineString","coordinates":[[101.45109,2.8191],[101.45147,2.8191],[101.45167,2.81909],[101.45175,2.81908],[101.4518,2.81903]]}},{"type":"Feature","properties":{"kind":"ditch","district":"Kuala Langat","outfall":392},"geometry":{"type":"LineString","coordinates":[[101.4518,2.81903],[101.45198,2.81896],[101.45423,2.81896]]}},{"type":"Feature","properties":{"kind":"ditch","district":"Kuala Langat","covered":true,"outfall":660},"geometry":{"type":"LineString","coordinates":[[101.45423,2.81896],[101.45475,2.81894]]}},{"type":"Feature","properties":{"kind":"ditch","district":"Kuala Langat","outfall":718},"geometry":{"type":"LineString","coordinates":[[101.45475,2.81894],[101.45771,2.81895],[101.45782,2.81897]]}},{"type":"Feature","properties":{"kind":"drain","district":"Hulu Langat","covered":true,"outfall":1947},"geometry":{"type":"LineString","coordinates":[[101.80815,2.9966],[101.80798,2.99638]]}},{"type":"Feature","properties":{"kind":"drain","district":"Hulu Langat","outfall":1887},"geometry":{"type":"LineString","coordinates":[[101.80934,2.99804],[101.80815,2.9966]]}},{"type":"Feature","properties":{"kind":"drain","district":"Hulu Langat","covered":true,"outfall":1881},"geometry":{"type":"LineString","coordinates":[[101.80951,2.99823],[101.80934,2.99804]]}},{"type":"Feature","properties":{"kind":"drain","district":"Hulu Langat","outfall":1858},"geometry":{"type":"LineString","coordinates":[[101.81033,2.99918],[101.80951,2.99823]]}},{"type":"Feature","properties":{"kind":"drain","district":"Hulu Langat","covered":true,"outfall":1857},"geometry":{"type":"LineString","coordinates":[[101.81106,2.99988],[101.81033,2.99918]]}},{"type":"Feature","properties":{"kind":"drain","district":"Hulu Langat","outfall":1959},"geometry":{"type":"LineString","coordinates":[[101.80798,2.99638],[101.80736,2.99562],[101.80669,2.99534]]}},{"type":"Feature","properties":{"kind":"drain","district":"Sepang","outfall":1806},"geometry":{"type":"LineString","coordinates":[[101.70544,2.73661],[101.70537,2.73656],[101.70536,2.73654],[101.70536,2.73652],[101.70536,2.7365]]}},{"type":"Feature","properties":{"kind":"ditch","district":"Sepang","outfall":2497},"geometry":{"type":"LineString","coordinates":[[101.71953,2.74616],[101.71943,2.74609]]}},{"type":"Feature","properties":{"kind":"ditch","district":"Sepang","covered":true,"outfall":2446},"geometry":{"type":"LineString","coordinates":[[101.71943,2.74609],[101.71886,2.74571]]}},{"type":"Feature","properties":{"kind":"ditch","district":"Sepang","outfall":2434},"geometry":{"type":"LineString","coordinates":[[101.71886,2.74571],[101.71872,2.74561]]}},{"type":"Feature","properties":{"kind":"ditch","district":"Sepang","covered":true,"outfall":2423},"geometry":{"type":"LineString","coordinates":[[101.71872,2.74561],[101.7186,2.74553]]}},{"type":"Feature","properties":{"kind":"ditch","district":"Sepang","outfall":2354},"geometry":{"type":"LineString","coordinates":[[101.7186,2.74553],[101.71777,2.74496]]}},{"type":"Feature","properties":{"kind":"ditch","district":"Sepang","covered":true,"outfall":2307},"geometry":{"type":"LineString","coordinates":[[101.71777,2.74496],[101.71719,2.74457]]}},{"type":"Feature","properties":{"kind":"ditch","district":"Sepang","outfall":2221},"geometry":{"type":"LineString","coordinates":[[101.71719,2.74457],[101.71607,2.74381]]}},{"type":"Feature","properties":{"kind":"ditch","district":"Sepang","covered":true,"outfall":2212},"geometry":{"type":"LineString","coordinates":[[101.71607,2.74381],[101.71595,2.74373]]}},{"type":"Feature","properties":{"kind":"ditch","district":"Sepang","outfall":2168},"geometry":{"type":"LineString","coordinates":[[101.71595,2.74373],[101.71533,2.74331]]}},{"type":"Feature","properties":{"kind":"ditch","district":"Sepang","covered":true,"outfall":2129},"geometry":{"type":"LineString","coordinates":[[101.71533,2.74331],[101.71476,2.74293]]}},{"type":"Feature","properties":{"kind":"ditch","district":"Sepang","outfall":1828},"geometry":{"type":"LineString","coordinates":[[101.71476,2.74293],[101.70846,2.73865]]}},{"type":"Feature","properties":{"kind":"ditch","district":"Sepang","covered":true,"outfall":1817},"geometry":{"type":"LineString","coordinates":[[101.70846,2.73865],[101.70789,2.73827]]}},{"type":"Feature","properties":{"kind":"ditch","district":"Sepang","outfall":1804},"geometry":{"type":"LineString","coordinates":[[101.70789,2.73827],[101.70628,2.73717]]}},{"type":"Feature","properties":{"kind":"ditch","district":"Sepang","covered":true,"outfall":1804},"geometry":{"type":"LineString","coordinates":[[101.70628,2.73717],[101.70614,2.73708]]}},{"type":"Feature","properties":{"kind":"ditch","district":"Sepang","outfall":1803},"geometry":{"type":"LineString","coordinates":[[101.70614,2.73708],[101.70601,2.737]]}},{"type":"Feature","properties":{"kind":"ditch","district":"Sepang","covered":true,"outfall":1803},"geometry":{"type":"LineString","coordinates":[[101.70601,2.737],[101.70544,2.73661]]}},{"type":"Feature","properties":{"kind":"ditch","district":"Sepang","outfall":757},"geometry":{"type":"LineString","coordinates":[[101.69928,2.74408],[101.69893,2.74385],[101.69892,2.74375],[101.69894,2.74372]]}},{"type":"Feature","properties":{"kind":"ditch","district":"Sepang","covered":true,"outfall":47},"geometry":{"type":"LineString","coordinates":[[101.7211,2.71068],[101.72145,2.71019]]}},{"type":"Feature","properties":{"kind":"ditch","district":"Sepang","outfall":0},"geometry":{"type":"LineString","coordinates":[[101.72145,2.71019],[101.72158,2.70996],[101.7216,2.7099],[101.7216,2.70981],[101.72158,2.70973],[101.72155,2.70965]]}},{"type":"Feature","properties":{"kind":"ditch","district":"Sepang","outfall":860},"geometry":{"type":"LineString","coordinates":[[101.7186,2.72705],[101.71955,2.72565],[101.72117,2.72322],[101.72124,2.72312],[101.72241,2.72137],[101.72424,2.71864]]}},{"type":"Feature","properties":{"kind":"ditch","district":"Sepang","covered":true,"outfall":1945},"geometry":{"type":"LineString","coordinates":[[101.70642,2.73258],[101.7074,2.73112]]}},{"type":"Feature","properties":{"kind":"ditch","district":"Sepang","outfall":1344},"geometry":{"type":"LineString","coordinates":[[101.71117,2.7255],[101.71276,2.72312]]}},{"type":"Feature","properties":{"kind":"ditch","district":"Sepang","outfall":534},"geometry":{"type":"LineString","coordinates":[[101.71735,2.71628],[101.7187,2.71427]]}},{"type":"Feature","properties":{"kind":"ditch","district":"Sepang","covered":true,"outfall":687},"geometry":{"type":"LineString","coordinates":[[101.71694,2.71689],[101.71735,2.71628]]}},{"type":"Feature","properties":{"kind":"ditch","district":"Sepang","outfall":112},"geometry":{"type":"LineString","coordinates":[[101.71906,2.71373],[101.7211,2.71068]]}},{"type":"Feature","properties":{"kind":"ditch","district":"Sepang","covered":true,"outfall":465},"geometry":{"type":"LineString","coordinates":[[101.7187,2.71427],[101.71906,2.71373]]}},{"type":"Feature","properties":{"kind":"drain","district":"Hulu Langat","outfall":3228},"geometry":{"type":"LineString","coordinates":[[101.82394,2.97315],[101.82391,2.97305],[101.82397,2.97261],[101.82363,2.97144],[101.82274,2.97116],[101.82259,2.97084],[101.82112,2.97009],[101.82095,2.96982],[101.81925,2.96775]]}},{"type":"Feature","properties":{"kind":"ditch","district":"Hulu Langat","outfall":1217},"geometry":{"type":"LineString","coordinates":[[101.83658,2.95835],[101.83701,2.95837]]}},{"type":"Feature","properties":{"kind":"ditch","district":"Hulu Langat","covered":true,"outfall":890},"geometry":{"type":"LineString","coordinates":[[101.83946,2.95725],[101.83974,2.95699]]}},{"type":"Feature","properties":{"kind":"ditch","district":"Hulu Langat","outfall":729},"geometry":{"type":"LineString","coordinates":[[101.83974,2.95699],[101.83992,2.95683],[101.8405,2.95699],[101.84066,2.95707],[101.84133,2.95754]]}},{"type":"Feature","properties":{"kind":"ditch","district":"Hulu Langat","covered":true,"outfall":1181},"geometry":{"type":"LineString","coordinates":[[101.83701,2.95837],[101.83735,2.95838]]}},{"type":"Feature","properties":{"kind":"ditch","district":"Hulu Langat","outfall":1078},"geometry":{"type":"LineString","coordinates":[[101.83735,2.95838],[101.8377,2.95838],[101.83791,2.9583],[101.83824,2.95811]]}},{"type":"Feature","properties":{"kind":"drain","district":"Hulu Langat","covered":true,"outfall":857},"geometry":{"type":"LineString","coordinates":[[101.79352,2.93732],[101.7934,2.93719],[101.79348,2.93716],[101.79348,2.9371],[101.79323,2.9371]]}},{"type":"Feature","properties":{"kind":"drain","district":"Hulu Langat","covered":true,"outfall":856},"geometry":{"type":"LineString","coordinates":[[101.79365,2.93636],[101.79316,2.93635],[101.79314,2.93686],[101.79322,2.93688]]}},{"type":"Feature","properties":{"kind":"ditch","district":"Sepang","outfall":1163},"geometry":{"type":"LineString","coordinates":[[101.62323,2.92958],[101.62269,2.92925]]}},{"type":"Feature","properties":{"kind":"ditch","district":"Sepang","covered":true,"outfall":1144},"geometry":{"type":"LineString","coordinates":[[101.62343,2.9297],[101.62323,2.92958]]}},{"type":"Feature","properties":{"kind":"ditch","district":"Sepang","outfall":1286},"geometry":{"type":"LineString","coordinates":[[101.62202,2.92888],[101.62149,2.9287],[101.62117,2.92858],[101.62105,2.92849],[101.62081,2.92841]]}},{"type":"Feature","properties":{"kind":"ditch","district":"Sepang","covered":true,"outfall":1217},"geometry":{"type":"LineString","coordinates":[[101.62269,2.92925],[101.62202,2.92888]]}},{"type":"Feature","properties":{"kind":"ditch","district":"Sepang","covered":true,"outfall":968},"geometry":{"type":"LineString","coordinates":[[101.62522,2.93032],[101.62484,2.93055]]}},{"type":"Feature","properties":{"kind":"ditch","district":"Sepang","outfall":597},"geometry":{"type":"LineString","coordinates":[[101.62902,2.93064],[101.62892,2.93062],[101.62882,2.93057],[101.62871,2.93049],[101.62843,2.9305],[101.62614,2.93016],[101.62522,2.93032]]}},{"type":"Feature","properties":{"kind":"ditch","district":"Sepang","outfall":1724},"geometry":{"type":"LineString","coordinates":[[101.61803,2.92729],[101.61794,2.92749]]}},{"type":"Feature","properties":{"kind":"ditch","district":"Sepang","covered":true,"outfall":1698},"geometry":{"type":"LineString","coordinates":[[101.61829,2.92677],[101.61803,2.92729]]}},{"type":"Feature","properties":{"kind":"drain","district":"Sepang","outfall":620},"geometry":{"type":"LineString","coordinates":[[101.63975,2.92239],[101.64003,2.9225],[101.64025,2.92257]]}},{"type":"Feature","properties":{"kind":"drain","district":"Sepang","covered":true,"outfall":605},"geometry":{"type":"LineString","coordinates":[[101.6395,2.9223],[101.63975,2.92239]]}},{"type":"Feature","properties":{"kind":"drain","district":"Sepang","covered":true,"outfall":269},"geometry":{"type":"LineString","coordinates":[[101.63786,2.92591],[101.63786,2.92566]]}},{"type":"Feature","properties":{"kind":"drain","district":"Sepang","outfall":269},"geometry":{"type":"LineString","coordinates":[[101.63785,2.92655],[101.63786,2.92591]]}},{"type":"Feature","properties":{"kind":"drain","district":"Sepang","outfall":271},"geometry":{"type":"LineString","coordinates":[[101.63786,2.92566],[101.63789,2.9223],[101.63792,2.92212],[101.63803,2.92203],[101.63827,2.92202],[101.63884,2.9221],[101.6395,2.9223]]}},{"type":"Feature","properties":{"kind":"ditch","district":"Kuala Langat","covered":true,"outfall":1711},"geometry":{"type":"LineString","coordinates":[[101.49135,2.94967],[101.49123,2.94967]]}},{"type":"Feature","properties":{"kind":"ditch","district":"Kuala Langat","outfall":868},"geometry":{"type":"LineString","coordinates":[[101.49123,2.94967],[101.48998,2.94967],[101.48858,2.94969],[101.48685,2.94969],[101.48555,2.94969],[101.48363,2.94969]]}},{"type":"Feature","properties":{"kind":"ditch","district":"Kuala Langat","outfall":4111},"geometry":{"type":"LineString","coordinates":[[101.51609,2.92152],[101.51578,2.92077],[101.51549,2.92007],[101.51522,2.9195],[101.51482,2.91833],[101.51485,2.91823],[101.51504,2.91798],[101.51501,2.9179],[101.51459,2.91753],[101.51434,2.91725],[101.51423,2.91703],[101.51414,2.91691],[101.51375,2.91616],[101.51353,2.91563],[101.51317,2.91469],[101.51276,2.91365],[101.5127,2.91356]]}},{"type":"Feature","properties":{"kind":"ditch","district":"Kuala Langat","covered":true,"outfall":4102},"geometry":{"type":"LineString","coordinates":[[101.5127,2.91356],[101.51276,2.91341]]}},{"type":"Feature","properties":{"kind":"ditch","district":"Kuala Langat","outfall":4090},"geometry":{"type":"LineString","coordinates":[[101.51276,2.91341],[101.51277,2.91326]]}},{"type":"Feature","properties":{"kind":"ditch","district":"Kuala Langat","covered":true,"outfall":4105},"geometry":{"type":"LineString","coordinates":[[101.5129,2.91344],[101.51283,2.91338]]}},{"type":"Feature","properties":{"kind":"ditch","district":"Kuala Langat","outfall":4047},"geometry":{"type":"LineString","coordinates":[[101.51283,2.91338],[101.51277,2.91326],[101.51272,2.91309],[101.51264,2.91296],[101.51257,2.91292]]}},{"type":"Feature","properties":{"kind":"ditch","district":"Kuala Langat","covered":true,"outfall":4003},"geometry":{"type":"LineString","coordinates":[[101.51257,2.91292],[101.51227,2.91266]]}},{"type":"Feature","properties":{"kind":"ditch","district":"Kuala Langat","outfall":3939},"geometry":{"type":"LineString","coordinates":[[101.51227,2.91266],[101.51209,2.9125],[101.51197,2.91229],[101.51195,2.91218]]}},{"type":"Feature","properties":{"kind":"ditch","district":"Kuala Langat","covered":true,"outfall":3888},"geometry":{"type":"LineString","coordinates":[[101.51195,2.91218],[101.51186,2.91165]]}},{"type":"Feature","properties":{"kind":"ditch","district":"Kuala Langat","outfall":3773},"geometry":{"type":"LineString","coordinates":[[101.51186,2.91165],[101.51184,2.91152],[101.51171,2.9114],[101.51157,2.91137],[101.51128,2.91142],[101.51061,2.91134]]}},{"type":"Feature","properties":{"kind":"ditch","district":"Kuala Langat","covered":true,"outfall":3755},"geometry":{"type":"LineString","coordinates":[[101.51061,2.91134],[101.51047,2.91124]]}},{"type":"Feature","properties":{"kind":"ditch","district":"Kuala Langat","outfall":3500},"geometry":{"type":"LineString","coordinates":[[101.51047,2.91124],[101.51034,2.91107],[101.50894,2.90982],[101.5088,2.90964]]}},{"type":"Feature","properties":{"kind":"ditch","district":"Kuala Langat","covered":true,"outfall":3479},"geometry":{"type":"LineString","coordinates":[[101.5088,2.90964],[101.50863,2.90954]]}},{"type":"Feature","properties":{"kind":"ditch","district":"Kuala Langat","outfall":2949},"geometry":{"type":"LineString","coordinates":[[101.50492,2.90711],[101.50495,2.90685],[101.50493,2.90661],[101.50493,2.90636]]}},{"type":"Feature","properties":{"kind":"ditch","district":"Kuala Langat","covered":true},"geometry":{"type":"LineString","coordinates":[[101.51619,2.9217],[101.51609,2.92152]]}},{"type":"Feature","properties":{"kind":"ditch","district":"Kuala Langat"},"geometry":{"type":"LineString","coordinates":[[101.51863,2.92816],[101.51873,2.92781],[101.5188,2.92768],[101.51874,2.92753],[101.51843,2.92684],[101.51781,2.92551],[101.51744,2.92463],[101.5168,2.92313],[101.51634,2.92213],[101.51633,2.922],[101.51619,2.9217]]}},{"type":"Feature","properties":{"kind":"ditch","district":"Kuala Langat","outfall":4115},"geometry":{"type":"LineString","coordinates":[[101.51627,2.91645],[101.5162,2.91641],[101.51585,2.91612],[101.51508,2.9155],[101.51437,2.91488],[101.51306,2.91363],[101.51305,2.91357],[101.51295,2.91351],[101.5129,2.91344]]}},{"type":"Feature","properties":{"kind":"ditch","district":"Kuala Langat","covered":true,"outfall":4612},"geometry":{"type":"LineString","coordinates":[[101.51636,2.91654],[101.51627,2.91645]]}},{"type":"Feature","properties":{"kind":"ditch","district":"Kuala Langat","outfall":4626},"geometry":{"type":"LineString","coordinates":[[101.51945,2.91903],[101.51866,2.91839],[101.5181,2.91796],[101.5168,2.91689],[101.51653,2.9167],[101.51636,2.91654]]}},{"type":"Feature","properties":{"kind":"ditch","district":"Kuala Langat","covered":true,"outfall":5061},"geometry":{"type":"LineString","coordinates":[[101.51956,2.9191],[101.51945,2.91903]]}},{"type":"Feature","properties":{"kind":"ditch","district":"Kuala Langat","outfall":5074},"geometry":{"type":"LineString","coordinates":[[101.52115,2.92039],[101.51961,2.91917],[101.51956,2.9191]]}},{"type":"Feature","properties":{"kind":"ditch","district":"Kuala Langat","covered":true},"geometry":{"type":"LineString","coordinates":[[101.52124,2.92046],[101.52115,2.92039]]}},{"type":"Feature","properties":{"kind":"ditch","district":"Kuala Langat"},"geometry":{"type":"LineString","coordinates":[[101.52409,2.92275],[101.52382,2.92256],[101.52339,2.92217],[101.52262,2.92161],[101.52238,2.92138],[101.52124,2.92046]]}},{"type":"Feature","properties":{"kind":"drain","district":"Hulu Langat","outfall":1648},"geometry":{"type":"LineString","coordinates":[[101.74401,3.1444],[101.74418,3.14437],[101.74576,3.1444]]}},{"type":"Feature","properties":{"kind":"drain","district":"Hulu Langat","outfall":1130},"geometry":{"type":"LineString","coordinates":[[101.7527,3.14427],[101.75281,3.14507],[101.7529,3.14587]]}},{"type":"Feature","properties":{"kind":"drain","district":"Hulu Langat","outfall":817},"geometry":{"type":"LineString","coordinates":[[101.75278,3.14613],[101.75288,3.14683],[101.75319,3.14788],[101.75353,3.1489],[101.75365,3.14917]]}},{"type":"Feature","properties":{"kind":"drain","district":"Hulu Langat","name":"Sungai Tinang","outfall":270},"geometry":{"type":"LineString","coordinates":[[101.76881,3.15197],[101.76863,3.15163],[101.76863,3.15158],[101.76861,3.15155],[101.76859,3.15153],[101.76854,3.15149],[101.76848,3.15126],[101.76846,3.15102],[101.76846,3.15075],[101.76849,3.15044]]}},{"type":"Feature","properties":{"kind":"drain","district":"Hulu Langat","covered":true,"name":"Sungai Tinang","outfall":492},"geometry":{"type":"LineString","coordinates":[[101.77362,3.14937],[101.77344,3.14911]]}},{"type":"Feature","properties":{"kind":"drain","district":"Sepang","outfall":821},"geometry":{"type":"LineString","coordinates":[[101.59275,2.95181],[101.59282,2.95223],[101.59277,2.95241],[101.59262,2.95256],[101.59264,2.95264],[101.59278,2.95286],[101.5928,2.9532],[101.59097,2.95463]]}},{"type":"Feature","properties":{"kind":"drain","district":"Sepang","covered":true,"outfall":0},"geometry":{"type":"LineString","coordinates":[[101.58452,2.9791],[101.583,2.97977]]}},{"type":"Feature","properties":{"kind":"drain","district":"Sepang","outfall":0},"geometry":{"type":"LineString","coordinates":[[101.74822,2.93871],[101.74878,2.93826]]}},{"type":"Feature","properties":{"kind":"drain","district":"Sepang","covered":true,"outfall":80},"geometry":{"type":"LineString","coordinates":[[101.74816,2.93876],[101.74822,2.93871]]}},{"type":"Feature","properties":{"kind":"drain","district":"Hulu Langat","outfall":0},"geometry":{"type":"LineString","coordinates":[[101.75274,3.13779],[101.75062,3.13659],[101.75033,3.13647],[101.75007,3.1363],[101.74981,3.13596],[101.74895,3.13548],[101.74686,3.13423],[101.7466,3.13408],[101.7464,3.13397],[101.74622,3.13387],[101.74602,3.13374],[101.74578,3.13361],[101.74523,3.13327],[101.74496,3.13312],[101.74471,3.13297],[101.74445,3.13282],[101.74416,3.13265],[101.74391,3.1325],[101.74373,3.13239],[101.74354,3.13228],[101.74341,3.13222],[101.74327,3.13217],[101.74307,3.13215],[101.74288,3.13213],[101.74274,3.1321],[101.74261,3.13204],[101.74243,3.13193],[101.74211,3.13175],[101.74184,3.1316],[101.74159,3.13147],[101.74137,3.13135],[101.74112,3.1312],[101.74091,3.13108],[101.74067,3.13093],[101.74043,3.13076],[101.74018,3.13062],[101.73996,3.13047],[101.73977,3.13036],[101.73962,3.13027],[101.73951,3.13018],[101.73942,3.13013]]}},{"type":"Feature","properties":{"kind":"drain","district":"Hulu Langat","outfall":333},"geometry":{"type":"LineString","coordinates":[[101.76923,3.13923],[101.76931,3.14017],[101.76938,3.14084],[101.76949,3.14246]]}},{"type":"Feature","properties":{"kind":"ditch","district":"Sepang","covered":true,"outfall":1116},"geometry":{"type":"LineString","coordinates":[[101.63896,2.91632],[101.63818,2.91628]]}},{"type":"Feature","properties":{"kind":"ditch","district":"Sepang","outfall":1046},"geometry":{"type":"LineString","coordinates":[[101.64032,2.91789],[101.64026,2.9177],[101.64013,2.91743],[101.64005,2.91724],[101.64004,2.9171],[101.64001,2.91699],[101.6399,2.91691],[101.63973,2.91684],[101.63957,2.91677],[101.63945,2.9167],[101.63934,2.91657],[101.6392,2.91643],[101.63908,2.91636],[101.63896,2.91632]]}},{"type":"Feature","properties":{"kind":"drain","district":"Hulu Langat","covered":true,"outfall":1118},"geometry":{"type":"LineString","coordinates":[[101.7529,3.14587],[101.75278,3.14613]]}},{"type":"Feature","properties":{"kind":"drain","district":"Hulu Langat","covered":true,"outfall":1620},"geometry":{"type":"LineString","coordinates":[[101.74757,3.14443],[101.74766,3.14443]]}},{"type":"Feature","properties":{"kind":"ditch","district":"Sepang","outfall":1446},"geometry":{"type":"LineString","coordinates":[[101.62054,2.92838],[101.61794,2.92749]]}},{"type":"Feature","properties":{"kind":"ditch","district":"Sepang","covered":true,"outfall":1416},"geometry":{"type":"LineString","coordinates":[[101.62081,2.92841],[101.62054,2.92838]]}},{"type":"Feature","properties":{"kind":"ditch","district":"Sepang","outfall":1362},"geometry":{"type":"LineString","coordinates":[[101.62758,2.9165],[101.62758,2.91653]]}},{"type":"Feature","properties":{"kind":"ditch","district":"Sepang","covered":true,"outfall":1365},"geometry":{"type":"LineString","coordinates":[[101.62759,2.91617],[101.62758,2.9165]]}},{"type":"Feature","properties":{"kind":"ditch","district":"Sepang","outfall":0},"geometry":{"type":"LineString","coordinates":[[101.71795,2.80543],[101.71796,2.80516],[101.71796,2.80503],[101.71795,2.8049],[101.71788,2.80464],[101.71785,2.80454],[101.71771,2.80432],[101.71768,2.80429],[101.7176,2.80427],[101.71752,2.80425],[101.71656,2.80386],[101.71639,2.8038],[101.71631,2.80376],[101.71506,2.80279],[101.71499,2.80273],[101.71495,2.80268],[101.71466,2.80197],[101.71461,2.8019],[101.71402,2.80139],[101.71392,2.80134],[101.71325,2.80105],[101.71317,2.801],[101.7131,2.80098],[101.71298,2.80097],[101.71104,2.80071],[101.71059,2.80101],[101.71047,2.80103],[101.70668,2.80087],[101.70562,2.80083],[101.70423,2.80078],[101.70254,2.80071],[101.69855,2.80055],[101.69821,2.80054],[101.69344,2.80038]]}},{"type":"Feature","properties":{"kind":"ditch","district":"Kuala Langat","covered":true,"outfall":927},"geometry":{"type":"LineString","coordinates":[[101.49367,2.6884],[101.49357,2.68824]]}},{"type":"Feature","properties":{"kind":"ditch","district":"Kuala Langat","outfall":863},"geometry":{"type":"LineString","coordinates":[[101.49407,2.68795],[101.49396,2.68801],[101.49371,2.68816],[101.49361,2.68821],[101.49357,2.68824],[101.49351,2.68827]]}},{"type":"Feature","properties":{"kind":"ditch","district":"Kuala Langat","outfall":935},"geometry":{"type":"LineString","coordinates":[[101.49351,2.68827],[101.49334,2.68805],[101.49309,2.68782],[101.49296,2.68753],[101.49286,2.6874],[101.49271,2.68727],[101.49257,2.68705],[101.49235,2.68678],[101.49217,2.68657],[101.49203,2.6865],[101.4918,2.68636],[101.49166,2.68625],[101.49154,2.68617],[101.49146,2.6861],[101.49123,2.68596],[101.491,2.68582],[101.49094,2.68576]]}},{"type":"Feature","properties":{"kind":"ditch","district":"Kuala Langat","outfall":935},"geometry":{"type":"LineString","coordinates":[[101.49332,2.6884],[101.49341,2.68835],[101.49351,2.68827]]}},{"type":"Feature","properties":{"kind":"ditch","district":"Kuala Langat","outfall":931},"geometry":{"type":"LineString","coordinates":[[101.49465,2.6901],[101.49451,2.68988],[101.49424,2.68945],[101.49413,2.68926],[101.49391,2.68889],[101.49364,2.68842]]}},{"type":"Feature","properties":{"kind":"ditch","district":"Kuala Langat","covered":true,"outfall":937},"geometry":{"type":"LineString","coordinates":[[101.49352,2.6885],[101.49359,2.68845]]}},{"type":"Feature","properties":{"kind":"ditch","district":"Kuala Langat","outfall":927},"geometry":{"type":"LineString","coordinates":[[101.49359,2.68845],[101.49364,2.68842],[101.49367,2.6884]]}},{"type":"Feature","properties":{"kind":"ditch","district":"Kuala Langat","outfall":947},"geometry":{"type":"LineString","coordinates":[[101.49344,2.68854],[101.49352,2.6885]]}},{"type":"Feature","properties":{"kind":"ditch","district":"Kuala Langat","outfall":899},"geometry":{"type":"LineString","coordinates":[[101.49388,2.68826],[101.49367,2.6884]]}},{"type":"Feature","properties":{"kind":"ditch","district":"Kuala Langat","outfall":862},"geometry":{"type":"LineString","coordinates":[[101.49417,2.68809],[101.49409,2.68815],[101.49393,2.68823]]}},{"type":"Feature","properties":{"kind":"ditch","district":"Kuala Langat","covered":true,"outfall":892},"geometry":{"type":"LineString","coordinates":[[101.49393,2.68823],[101.49388,2.68826]]}},{"type":"Feature","properties":{"kind":"ditch","district":"Kuala Langat","outfall":966},"geometry":{"type":"LineString","coordinates":[[101.4931,2.68875],[101.49337,2.68858]]}},{"type":"Feature","properties":{"kind":"ditch","district":"Kuala Langat","covered":true,"outfall":957},"geometry":{"type":"LineString","coordinates":[[101.49337,2.68858],[101.49344,2.68854]]}},{"type":"Feature","properties":{"kind":"ditch","district":"Kuala Langat","outfall":960},"geometry":{"type":"LineString","coordinates":[[101.49555,2.69157],[101.49541,2.69135],[101.49499,2.69064],[101.49468,2.69014]]}},{"type":"Feature","properties":{"kind":"ditch","district":"Kuala Langat","covered":true,"outfall":959},"geometry":{"type":"LineString","coordinates":[[101.49468,2.69014],[101.49465,2.6901]]}},{"type":"Feature","properties":{"kind":"ditch","district":"Kuala Langat","outfall":0},"geometry":{"type":"LineString","coordinates":[[101.45279,2.76932],[101.45121,2.76652]]}},{"type":"Feature","properties":{"kind":"ditch","district":"Kuala Langat","outfall":18},"geometry":{"type":"LineString","coordinates":[[101.41134,2.79342],[101.41116,2.79409],[101.411,2.79468],[101.41092,2.79501]]}},{"type":"Feature","properties":{"kind":"ditch","district":"Kuala Langat","outfall":36},"geometry":{"type":"LineString","coordinates":[[101.41595,2.80309],[101.41539,2.80319],[101.41416,2.80344],[101.41363,2.80355],[101.41354,2.80357]]}},{"type":"Feature","properties":{"kind":"ditch","district":"Sepang","outfall":1133},"geometry":{"type":"LineString","coordinates":[[101.66674,2.9451],[101.66633,2.94487],[101.66604,2.94471],[101.666,2.94465],[101.66577,2.94468],[101.66542,2.94459],[101.66508,2.94453],[101.66499,2.9445]]}},{"type":"Feature","properties":{"kind":"ditch","district":"Sepang","covered":true,"outfall":1008},"geometry":{"type":"LineString","coordinates":[[101.66499,2.9445],[101.66375,2.94429]]}},{"type":"Feature","properties":{"kind":"ditch","district":"Sepang","outfall":997},"geometry":{"type":"LineString","coordinates":[[101.66375,2.94429],[101.66364,2.94426]]}},{"type":"Feature","properties":{"kind":"ditch","district":"Sepang","covered":true,"outfall":968},"geometry":{"type":"LineString","coordinates":[[101.66364,2.94426],[101.66333,2.94416]]}},{"type":"Feature","properties":{"kind":"ditch","district":"Sepang","outfall":274},"geometry":{"type":"LineString","coordinates":[[101.65239,2.94095],[101.65216,2.9409],[101.65195,2.94077],[101.65171,2.94063],[101.65148,2.94036],[101.65124,2.9401],[101.65108,2.93992],[101.65068,2.93979],[101.65055,2.93977]]}},{"type":"Feature","properties":{"kind":"ditch","district":"Sepang","covered":true,"outfall":308},"geometry":{"type":"LineString","coordinates":[[101.65055,2.93977],[101.6504,2.93979]]}},{"type":"Feature","properties":{"kind":"ditch","district":"Sepang","outfall":272},"geometry":{"type":"LineString","coordinates":[[101.6504,2.93979],[101.65025,2.93983],[101.6501,2.93987],[101.64983,2.93984]]}},{"type":"Feature","properties":{"kind":"ditch","district":"Sepang","outfall":282},"geometry":{"type":"LineString","coordinates":[[101.64624,2.94722],[101.64614,2.94727],[101.64504,2.94747],[101.64377,2.9477],[101.64334,2.94776],[101.643,2.94783],[101.6425,2.94791],[101.6424,2.94793],[101.64235,2.94798],[101.64235,2.94811],[101.64233,2.94815],[101.64222,2.94814]]}},{"type":"Feature","properties":{"kind":"ditch","district":"Sepang","covered":true,"outfall":259},"geometry":{"type":"LineString","coordinates":[[101.64222,2.94814],[101.64194,2.94812]]}},{"type":"Feature","properties":{"kind":"ditch","district":"Sepang","outfall":253},"geometry":{"type":"LineString","coordinates":[[101.64194,2.94812],[101.64186,2.94811]]}},{"type":"Feature","properties":{"kind":"drain","district":"Sepang","covered":true,"outfall":646},"geometry":{"type":"LineString","coordinates":[[101.63361,2.93466],[101.63336,2.93464]]}},{"type":"Feature","properties":{"kind":"drain","district":"Sepang","outfall":674},"geometry":{"type":"LineString","coordinates":[[101.63336,2.93464],[101.63317,2.93463],[101.63311,2.9346],[101.63307,2.93455],[101.63305,2.93448]]}},{"type":"Feature","properties":{"kind":"drain","district":"Sepang","covered":true,"outfall":695},"geometry":{"type":"LineString","coordinates":[[101.63305,2.93448],[101.63308,2.93396]]}},{"type":"Feature","properties":{"kind":"drain","district":"Sepang","outfall":497},"geometry":{"type":"LineString","coordinates":[[101.63308,2.93396],[101.63318,2.93218]]}},{"type":"Feature","properties":{"kind":"drain","district":"Sepang","covered":true,"outfall":456},"geometry":{"type":"LineString","coordinates":[[101.63318,2.93218],[101.6332,2.93181]]}},{"type":"Feature","properties":{"kind":"drain","district":"Sepang","outfall":273},"geometry":{"type":"LineString","coordinates":[[101.6332,2.93181],[101.63328,2.93023],[101.63327,2.93017]]}},{"type":"Feature","properties":{"kind":"ditch","district":"Sepang","outfall":26},"geometry":{"type":"LineString","coordinates":[[101.63975,2.94211],[101.63959,2.94197],[101.63939,2.94162],[101.63937,2.94143],[101.63938,2.9405],[101.63923,2.94015],[101.63914,2.94015],[101.63909,2.94024],[101.63894,2.94027],[101.63868,2.94025],[101.63847,2.94016],[101.63832,2.94005],[101.63817,2.93981],[101.63809,2.93955],[101.63809,2.93938],[101.63819,2.93912],[101.63826,2.93908],[101.63846,2.9391],[101.63906,2.93917],[101.63918,2.93914],[101.63939,2.939],[101.63957,2.93877],[101.63968,2.93858],[101.63975,2.93826],[101.63984,2.93788],[101.63999,2.93727],[101.64002,2.93705],[101.63999,2.93668],[101.63989,2.93646],[101.63945,2.93592],[101.63931,2.9358],[101.63908,2.93578]]}},{"type":"Feature","properties":{"kind":"ditch","district":"Sepang","covered":true,"outfall":704},"geometry":{"type":"LineString","coordinates":[[101.63982,2.94218],[101.63975,2.94211]]}},{"type":"Feature","properties":{"kind":"ditch","district":"Sepang","outfall":712},"geometry":{"type":"LineString","coordinates":[[101.63998,2.94235],[101.6399,2.94226],[101.63982,2.94218]]}},{"type":"Feature","properties":{"kind":"ditch","district":"Sepang","covered":true,"outfall":26},"geometry":{"type":"LineString","coordinates":[[101.63908,2.93578],[101.63896,2.93577]]}},{"type":"Feature","properties":{"kind":"ditch","district":"Sepang","outfall":301},"geometry":{"type":"LineString","coordinates":[[101.63689,2.93459],[101.63635,2.93469],[101.63576,2.93476],[101.63522,2.93476],[101.63438,2.9347],[101.63411,2.93466],[101.63361,2.93466]]}},{"type":"Feature","properties":{"kind":"ditch","district":"Sepang","covered":true,"outfall":2396},"geometry":{"type":"LineString","coordinates":[[101.61064,2.93088],[101.61068,2.9308]]}},{"type":"Feature","properties":{"kind":"ditch","district":"Sepang","outfall":2404},"geometry":{"type":"LineString","coordinates":[[101.61068,2.9308],[101.61055,2.93056],[101.61045,2.93042],[101.61025,2.93017],[101.61018,2.93007],[101.60998,2.92974]]}},{"type":"Feature","properties":{"kind":"ditch","district":"Sepang","outfall":2301},"geometry":{"type":"LineString","coordinates":[[101.61031,2.93181],[101.61035,2.93177],[101.61033,2.9317],[101.61048,2.93104],[101.61055,2.93096],[101.6106,2.93092],[101.61064,2.93088]]}},{"type":"Feature","properties":{"kind":"ditch","district":"Sepang","outfall":2382},"geometry":{"type":"LineString","coordinates":[[101.61213,2.92885],[101.61182,2.92886],[101.61172,2.92887],[101.61164,2.92891],[101.61146,2.92897],[101.61119,2.92905],[101.61071,2.92921],[101.61051,2.92926],[101.61033,2.92938],[101.61021,2.92949]]}},{"type":"Feature","properties":{"kind":"ditch","district":"Sepang","outfall":2198},"geometry":{"type":"LineString","coordinates":[[101.61379,2.92885],[101.61261,2.92885],[101.61244,2.92886],[101.61213,2.92885]]}},{"type":"Feature","properties":{"kind":"ditch","district":"Sepang","outfall":2314},"geometry":{"type":"LineString","coordinates":[[101.61222,2.93135],[101.61223,2.93113],[101.6123,2.93088],[101.61231,2.93068],[101.6124,2.93041],[101.61246,2.92982],[101.61249,2.92933],[101.61246,2.92929],[101.61235,2.92928],[101.61219,2.92921],[101.61211,2.92913],[101.61209,2.92908],[101.61211,2.92898],[101.61213,2.92885]]}},{"type":"Feature","properties":{"kind":"ditch","district":"Sepang","outfall":1959},"geometry":{"type":"LineString","coordinates":[[101.61647,2.93419],[101.6163,2.9341],[101.6161,2.93392],[101.61566,2.93354],[101.61481,2.93278],[101.61463,2.93263],[101.61439,2.93244],[101.61426,2.93232],[101.61414,2.93217],[101.61408,2.93202],[101.61404,2.9318],[101.61401,2.93172],[101.61336,2.93131],[101.61329,2.93128],[101.61312,2.9313],[101.61301,2.93134],[101.61278,2.93137],[101.61249,2.93134],[101.61233,2.93135],[101.61222,2.93135]]}},{"type":"Feature","properties":{"kind":"ditch","district":"Sepang","outfall":1844},"geometry":{"type":"LineString","coordinates":[[101.61783,2.93308],[101.61768,2.93297],[101.61738,2.93257],[101.61729,2.93255],[101.61711,2.93255],[101.61688,2.93252],[101.61674,2.93249],[101.61655,2.93246],[101.61638,2.93246],[101.61625,2.93248],[101.61611,2.9325],[101.61599,2.9325],[101.61551,2.93241],[101.61539,2.93239],[101.61524,2.93243],[101.6151,2.93249],[101.61482,2.93256],[101.61475,2.93255],[101.61468,2.93256],[101.61463,2.93263]]}},{"type":"Feature","properties":{"kind":"ditch","district":"Sepang","covered":true,"outfall":1837},"geometry":{"type":"LineString","coordinates":[[101.61792,2.93315],[101.61783,2.93308]]}},{"type":"Feature","properties":{"kind":"ditch","district":"Sepang","outfall":1819},"geometry":{"type":"LineString","coordinates":[[101.61818,2.93338],[101.61812,2.93331],[101.61803,2.93322],[101.61792,2.93315]]}},{"type":"Feature","properties":{"kind":"ditch","district":"Sepang","covered":true,"outfall":1818},"geometry":{"type":"LineString","coordinates":[[101.61823,2.93349],[101.61818,2.93338]]}},{"type":"Feature","properties":{"kind":"ditch","district":"Sepang","outfall":1818},"geometry":{"type":"LineString","coordinates":[[101.61728,2.9345],[101.61734,2.9344],[101.61732,2.9343],[101.61729,2.93422],[101.61723,2.93416],[101.61724,2.93413],[101.61748,2.93405],[101.61774,2.9339],[101.61822,2.93353],[101.61823,2.93349]]}},{"type":"Feature","properties":{"kind":"drain","district":"Kuala Langat","outfall":2351},"geometry":{"type":"LineString","coordinates":[[101.58242,2.94233],[101.58226,2.94228],[101.58172,2.94212],[101.58126,2.94197],[101.58086,2.94183]]}},{"type":"Feature","properties":{"kind":"ditch","district":"Sepang","covered":true,"outfall":13},"geometry":{"type":"LineString","coordinates":[[101.75239,2.693],[101.75281,2.6929]]}},{"type":"Feature","properties":{"kind":"ditch","district":"Sepang","outfall":0},"geometry":{"type":"LineString","coordinates":[[101.75281,2.6929],[101.75292,2.69287]]}},{"type":"Feature","properties":{"kind":"ditch","district":"Sepang","outfall":0},"geometry":{"type":"LineString","coordinates":[[101.75262,2.69196],[101.75273,2.69229],[101.75292,2.69287]]}},{"type":"Feature","properties":{"kind":"ditch","district":"Sepang","outfall":0},"geometry":{"type":"LineString","coordinates":[[101.75302,2.69345],[101.753,2.69321],[101.75292,2.69287]]}},{"type":"Feature","properties":{"kind":"ditch","district":"Sepang","covered":true,"outfall":894},"geometry":{"type":"LineString","coordinates":[[101.71798,2.80575],[101.71795,2.80543]]}},{"type":"Feature","properties":{"kind":"drain","district":"Sepang","outfall":874},"geometry":{"type":"LineString","coordinates":[[101.71705,2.8059],[101.71705,2.80581]]}},{"type":"Feature","properties":{"kind":"ditch","district":"Sepang","outfall":874},"geometry":{"type":"LineString","coordinates":[[101.71705,2.80581],[101.71785,2.80582],[101.71798,2.80575]]}},{"type":"Feature","properties":{"kind":"drain","district":"Sepang","outfall":847},"geometry":{"type":"LineString","coordinates":[[101.71628,2.80593],[101.71649,2.80593]]}},{"type":"Feature","properties":{"kind":"drain","district":"Sepang","covered":true,"outfall":857},"geometry":{"type":"LineString","coordinates":[[101.71649,2.80593],[101.71667,2.8059]]}},{"type":"Feature","properties":{"kind":"drain","district":"Sepang","outfall":863},"geometry":{"type":"LineString","coordinates":[[101.71667,2.8059],[101.71705,2.8059]]}},{"type":"Feature","properties":{"kind":"drain","district":"Sepang","covered":true,"outfall":829},"geometry":{"type":"LineString","coordinates":[[101.71591,2.80592],[101.71604,2.80592]]}},{"type":"Feature","properties":{"kind":"drain","district":"Sepang","outfall":835},"geometry":{"type":"LineString","coordinates":[[101.71604,2.80592],[101.71616,2.80593]]}},{"type":"Feature","properties":{"kind":"drain","district":"Sepang","covered":true,"outfall":841},"geometry":{"type":"LineString","coordinates":[[101.71616,2.80593],[101.71628,2.80593]]}},{"type":"Feature","properties":{"kind":"drain","district":"Sepang","outfall":784},"geometry":{"type":"LineString","coordinates":[[101.7146,2.8059],[101.71591,2.80592]]}},{"type":"Feature","properties":{"kind":"drain","district":"Kuala Langat","outfall":465},"geometry":{"type":"LineString","coordinates":[[101.49043,2.86614],[101.48989,2.86546],[101.48929,2.8647],[101.48894,2.86426],[101.48837,2.86355],[101.48797,2.86304],[101.48746,2.8624]]}},{"type":"Feature","properties":{"kind":"drain","district":"Kuala Langat","covered":true,"outfall":455},"geometry":{"type":"LineString","coordinates":[[101.48746,2.8624],[101.48737,2.86229]]}},{"type":"Feature","properties":{"kind":"drain","district":"Kuala Langat","outfall":405},"geometry":{"type":"LineString","coordinates":[[101.48737,2.86229],[101.48692,2.86172]]}},{"type":"Feature","properties":{"kind":"ditch","district":"Kuala Langat","outfall":193},"geometry":{"type":"LineString","coordinates":[[101.47671,2.92662],[101.4773,2.92686],[101.47774,2.92703]]}},{"type":"Feature","properties":{"kind":"ditch","district":"Kuala Langat","covered":true,"outfall":265},"geometry":{"type":"LineString","coordinates":[[101.47629,2.92644],[101.47643,2.9265]]}},{"type":"Feature","properties":{"kind":"ditch","district":"Kuala Langat","outfall":277},"geometry":{"type":"LineString","coordinates":[[101.47293,2.92359],[101.47334,2.92364],[101.47344,2.92364],[101.47504,2.92386],[101.47609,2.924],[101.47656,2.92407],[101.47679,2.92412],[101.47679,2.9242],[101.47629,2.92636],[101.47629,2.92644]]}},{"type":"Feature","properties":{"kind":"drain","district":"Kuala Langat","outfall":750},"geometry":{"type":"LineString","coordinates":[[101.4697,2.92352],[101.46992,2.92352],[101.47057,2.92352],[101.47138,2.92353],[101.4721,2.92353],[101.47287,2.92357],[101.47293,2.92359]]}},{"type":"Feature","properties":{"kind":"drain","district":"Kuala Langat","covered":true,"outfall":1025},"geometry":{"type":"LineString","coordinates":[[101.46962,2.92352],[101.4697,2.92352]]}},{"type":"Feature","properties":{"kind":"drain","district":"Kuala Langat","outfall":1033},"geometry":{"type":"LineString","coordinates":[[101.46882,2.92353],[101.46962,2.92352]]}},{"type":"Feature","properties":{"kind":"drain","district":"Kuala Langat","covered":true,"outfall":1107},"geometry":{"type":"LineString","coordinates":[[101.46868,2.92353],[101.46882,2.92353]]}},{"type":"Feature","properties":{"kind":"drain","district":"Kuala Langat","outfall":1120},"geometry":{"type":"LineString","coordinates":[[101.46834,2.92353],[101.46868,2.92353]]}},{"type":"Feature","properties":{"kind":"drain","district":"Kuala Langat","covered":true,"outfall":1153},"geometry":{"type":"LineString","coordinates":[[101.46827,2.92353],[101.46834,2.92353]]}},{"type":"Feature","properties":{"kind":"ditch","district":"Kuala Langat","outfall":1160},"geometry":{"type":"LineString","coordinates":[[101.4672,2.92353],[101.46762,2.92354],[101.46776,2.92354],[101.46827,2.92353]]}},{"type":"Feature","properties":{"kind":"ditch","district":"Kuala Langat","covered":true,"outfall":1264},"geometry":{"type":"LineString","coordinates":[[101.46713,2.92353],[101.4672,2.92353]]}},{"type":"Feature","properties":{"kind":"ditch","district":"Kuala Langat","outfall":1271},"geometry":{"type":"LineString","coordinates":[[101.46399,2.92353],[101.46437,2.92352],[101.46485,2.92352],[101.46561,2.92353],[101.46608,2.92352],[101.46642,2.92353],[101.46688,2.92353],[101.46696,2.92353],[101.46713,2.92353]]}},{"type":"Feature","properties":{"kind":"ditch","district":"Kuala Langat","outfall":1288},"geometry":{"type":"LineString","coordinates":[[101.46438,2.92116],[101.46543,2.92216],[101.46572,2.92244],[101.46618,2.92282],[101.46659,2.92318],[101.46685,2.92339],[101.46693,2.92345],[101.46697,2.92349],[101.46696,2.92353]]}},{"type":"Feature","properties":{"kind":"ditch","district":"Kuala Langat","covered":true,"outfall":1590},"geometry":{"type":"LineString","coordinates":[[101.46391,2.92353],[101.46399,2.92353]]}},{"type":"Feature","properties":{"kind":"ditch","district":"Kuala Langat","outfall":1782},"geometry":{"type":"LineString","coordinates":[[101.44789,2.9236],[101.44883,2.9236],[101.44988,2.92359],[101.45089,2.92358],[101.45134,2.92353],[101.45176,2.92353],[101.4528,2.92354],[101.45365,2.92354],[101.4546,2.92353],[101.45549,2.92353]]}},{"type":"Feature","properties":{"kind":"ditch","district":"Kuala Langat","covered":true,"outfall":1801},"geometry":{"type":"LineString","coordinates":[[101.45549,2.92353],[101.4556,2.92353]]}},{"type":"Feature","properties":{"kind":"ditch","district":"Kuala Langat","outfall":1598},"geometry":{"type":"LineString","coordinates":[[101.4556,2.92353],[101.4566,2.92352],[101.45776,2.92353],[101.45821,2.92352],[101.4588,2.92352],[101.45904,2.92353],[101.45957,2.92352],[101.45995,2.92352],[101.46009,2.92355],[101.46015,2.92355],[101.46023,2.92352],[101.46038,2.92352],[101.46143,2.92353],[101.46221,2.92354],[101.46271,2.92353],[101.46298,2.92353],[101.46391,2.92353]]}},{"type":"Feature","properties":{"kind":"ditch","district":"Kuala Langat","outfall":0},"geometry":{"type":"LineString","coordinates":[[101.4755,2.89271],[101.47547,2.89257],[101.47535,2.89231],[101.47513,2.89206],[101.47494,2.89179],[101.47474,2.89159],[101.47445,2.89132],[101.47433,2.89108],[101.47419,2.89094],[101.47357,2.89048]]}},{"type":"Feature","properties":{"kind":"ditch","district":"Kuala Langat","covered":true,"outfall":321},"geometry":{"type":"LineString","coordinates":[[101.47554,2.89292],[101.4755,2.89271]]}},{"type":"Feature","properties":{"kind":"ditch","district":"Kuala Langat","outfall":343},"geometry":{"type":"LineString","coordinates":[[101.47618,2.89572],[101.47618,2.89561],[101.47613,2.89544],[101.47599,2.8949],[101.4759,2.89456],[101.47578,2.89404],[101.47573,2.89371],[101.47568,2.89352],[101.47558,2.89307],[101.47554,2.89292]]}},{"type":"Feature","properties":{"kind":"ditch","district":"Kuala Langat","covered":true,"outfall":650},"geometry":{"type":"LineString","coordinates":[[101.47618,2.89581],[101.47618,2.89572]]}},{"type":"Feature","properties":{"kind":"ditch","district":"Kuala Langat","outfall":659},"geometry":{"type":"LineString","coordinates":[[101.47627,2.89612],[101.47621,2.8959],[101.47618,2.89581]]}},{"type":"Feature","properties":{"kind":"ditch","district":"Kuala Langat","outfall":721},"geometry":{"type":"LineString","coordinates":[[101.47663,2.89782],[101.47657,2.8976],[101.47641,2.89682],[101.47633,2.89635]]}},{"type":"Feature","properties":{"kind":"ditch","district":"Kuala Langat","outfall":885},"geometry":{"type":"LineString","coordinates":[[101.47901,2.89742],[101.47895,2.89745],[101.47886,2.89748],[101.47873,2.89743],[101.47867,2.89742],[101.47841,2.89746],[101.47797,2.89756],[101.47779,2.89759],[101.47708,2.89774],[101.47663,2.89782]]}},{"type":"Feature","properties":{"kind":"ditch","district":"Kuala Langat","outfall":960},"geometry":{"type":"LineString","coordinates":[[101.47927,2.89726],[101.47943,2.89721],[101.47962,2.89719],[101.47996,2.89719],[101.48055,2.89705],[101.48163,2.89685],[101.48255,2.89667],[101.4832,2.89652],[101.48456,2.89625],[101.48531,2.89611]]}},{"type":"Feature","properties":{"kind":"ditch","district":"Hulu Langat","outfall":92},"geometry":{"type":"LineString","coordinates":[[101.78576,2.99587],[101.78584,2.99572],[101.78584,2.99568],[101.78582,2.99563],[101.78518,2.99484]]}},{"type":"Feature","properties":{"kind":"ditch","district":"Sepang","covered":true,"outfall":1245},"geometry":{"type":"LineString","coordinates":[[101.72589,2.88497],[101.7258,2.88491]]}},{"type":"Feature","properties":{"kind":"ditch","district":"Sepang","outfall":1165},"geometry":{"type":"LineString","coordinates":[[101.7223,2.88467],[101.72152,2.88548]]}},{"type":"Feature","properties":{"kind":"ditch","district":"Sepang","covered":true,"outfall":1256},"geometry":{"type":"LineString","coordinates":[[101.72364,2.88401],[101.72247,2.88443],[101.7223,2.88467]]}},{"type":"Feature","properties":{"kind":"ditch","district":"Kuala Langat"},"geometry":{"type":"LineString","coordinates":[[101.54768,2.92756],[101.5479,2.92724],[101.54812,2.92698],[101.54833,2.92672],[101.54855,2.92647],[101.54886,2.92612]]}},{"type":"Feature","properties":{"kind":"ditch","district":"Kuala Langat","outfall":4156},"geometry":{"type":"LineString","coordinates":[[101.54901,2.92629],[101.54916,2.92641],[101.55267,2.92922],[101.55402,2.93038],[101.55501,2.93115],[101.5564,2.9323],[101.55716,2.93289],[101.55769,2.93327],[101.55926,2.93434]]}},{"type":"Feature","properties":{"kind":"ditch","district":"Kuala Langat","outfall":3756},"geometry":{"type":"LineString","coordinates":[[101.56747,2.94217],[101.56711,2.94214],[101.56668,2.94206],[101.56654,2.94202],[101.56643,2.94199],[101.56638,2.94198],[101.56624,2.94196],[101.56605,2.94191],[101.56588,2.94188]]}},{"type":"Feature","properties":{"kind":"drain","district":"Kuala Langat","covered":true,"outfall":3740},"geometry":{"type":"LineString","coordinates":[[101.55205,2.93439],[101.552,2.93431]]}},{"type":"Feature","properties":{"kind":"drain","district":"Kuala Langat","outfall":3746},"geometry":{"type":"LineString","coordinates":[[101.552,2.93431],[101.55196,2.93426],[101.55162,2.93396],[101.55071,2.93329],[101.55027,2.93298],[101.54946,2.93254],[101.54899,2.9323],[101.54844,2.93208],[101.54804,2.93193]]}},{"type":"Feature","properties":{"kind":"drain","district":"Kuala Langat","covered":true,"outfall":3829},"geometry":{"type":"LineString","coordinates":[[101.54804,2.93193],[101.54791,2.93132]]}},{"type":"Feature","properties":{"kind":"drain","district":"Kuala Langat"},"geometry":{"type":"LineString","coordinates":[[101.52837,2.92572],[101.52835,2.92557],[101.52827,2.92526],[101.52809,2.92476],[101.52809,2.92471]]}},{"type":"Feature","properties":{"kind":"drain","district":"Kuala Langat","covered":true},"geometry":{"type":"LineString","coordinates":[[101.52809,2.92471],[101.52815,2.92451]]}},{"type":"Feature","properties":{"kind":"drain","district":"Kuala Langat"},"geometry":{"type":"LineString","coordinates":[[101.52552,2.92911],[101.52457,2.92812],[101.52395,2.92748],[101.52412,2.92731],[101.52448,2.92699],[101.52498,2.92657],[101.5253,2.92625],[101.52672,2.92499]]}},{"type":"Feature","properties":{"kind":"ditch","district":"Kuala Langat"},"geometry":{"type":"LineString","coordinates":[[101.5248,2.92602],[101.52459,2.9258],[101.52424,2.92551],[101.52421,2.92547]]}},{"type":"Feature","properties":{"kind":"drain","district":"Kuala Langat","covered":true},"geometry":{"type":"LineString","coordinates":[[101.52833,2.9236],[101.52816,2.92367]]}},{"type":"Feature","properties":{"kind":"drain","district":"Kuala Langat"},"geometry":{"type":"LineString","coordinates":[[101.52816,2.92367],[101.52764,2.92416]]}},{"type":"Feature","properties":{"kind":"drain","district":"Kuala Langat","covered":true},"geometry":{"type":"LineString","coordinates":[[101.52764,2.92416],[101.52743,2.92434]]}},{"type":"Feature","properties":{"kind":"drain","district":"Kuala Langat"},"geometry":{"type":"LineString","coordinates":[[101.52743,2.92434],[101.527,2.9248]]}},{"type":"Feature","properties":{"kind":"ditch","district":"Kuala Langat","covered":true,"outfall":1347},"geometry":{"type":"LineString","coordinates":[[101.48877,2.80007],[101.48882,2.80019]]}},{"type":"Feature","properties":{"kind":"ditch","district":"Kuala Langat","outfall":1361},"geometry":{"type":"LineString","coordinates":[[101.48947,2.79973],[101.48877,2.80001],[101.48876,2.80003],[101.48877,2.80007]]}},{"type":"Feature","properties":{"kind":"ditch","district":"Kuala Langat","outfall":1360},"geometry":{"type":"LineString","coordinates":[[101.48855,2.80017],[101.48863,2.80012],[101.48877,2.80007]]}},{"type":"Feature","properties":{"kind":"ditch","district":"Kuala Langat","covered":true,"outfall":1360},"geometry":{"type":"LineString","coordinates":[[101.48842,2.80023],[101.48855,2.80017]]}},{"type":"Feature","properties":{"kind":"ditch","district":"Kuala Langat","outfall":1360},"geometry":{"type":"LineString","coordinates":[[101.48767,2.79934],[101.48834,2.80014],[101.48837,2.8002],[101.48842,2.80023]]}},{"type":"Feature","properties":{"kind":"ditch","district":"Kuala Langat","outfall":1360},"geometry":{"type":"LineString","coordinates":[[101.48762,2.80054],[101.48836,2.80024],[101.48842,2.80023]]}},{"type":"Feature","properties":{"kind":"ditch","district":"Kuala Langat","outfall":0},"geometry":{"type":"LineString","coordinates":[[101.49366,2.82288],[101.49371,2.82337],[101.49375,2.82355],[101.49385,2.82462]]}},{"type":"Feature","properties":{"kind":"ditch","district":"Kuala Langat","covered":true,"outfall":195},"geometry":{"type":"LineString","coordinates":[[101.49366,2.8228],[101.49366,2.82288]]}},{"type":"Feature","properties":{"kind":"ditch","district":"Kuala Langat","outfall":204},"geometry":{"type":"LineString","coordinates":[[101.49223,2.81903],[101.49223,2.81914],[101.49226,2.81933],[101.49232,2.81958],[101.49238,2.81973],[101.49254,2.81997],[101.49287,2.82057],[101.49292,2.82074],[101.49312,2.82118],[101.49324,2.8215],[101.4934,2.82186],[101.49356,2.82216],[101.4936,2.82235],[101.49363,2.82247],[101.49365,2.82265],[101.49366,2.8228]]}},{"type":"Feature","properties":{"kind":"ditch","district":"Kuala Langat","covered":true,"outfall":536},"geometry":{"type":"LineString","coordinates":[[101.49221,2.81894],[101.49223,2.81903]]}},{"type":"Feature","properties":{"kind":"ditch","district":"Kuala Langat","outfall":57},"geometry":{"type":"LineString","coordinates":[[101.49274,2.8114],[101.49241,2.81165],[101.4922,2.81187],[101.49206,2.81206],[101.49198,2.81223],[101.49194,2.81239],[101.49188,2.81304],[101.49185,2.81365],[101.49184,2.81431],[101.49191,2.81484],[101.49195,2.81511],[101.49196,2.81554],[101.49194,2.81578],[101.49196,2.81593],[101.49199,2.81606],[101.49206,2.81628],[101.49207,2.81644],[101.49207,2.81714],[101.49206,2.81727],[101.49201,2.81749],[101.49198,2.81764],[101.49199,2.81775],[101.49201,2.818],[101.49203,2.81828],[101.49205,2.81845],[101.49208,2.81855],[101.49221,2.81894]]}},{"type":"Feature","properties":{"kind":"ditch","district":"Kuala Langat","outfall":12},"geometry":{"type":"LineString","coordinates":[[101.49274,2.8114],[101.49314,2.81144]]}},{"type":"Feature","properties":{"kind":"ditch","district":"Kuala Langat","covered":true,"outfall":0},"geometry":{"type":"LineString","coordinates":[[101.49314,2.81144],[101.49325,2.81145]]}},{"type":"Feature","properties":{"kind":"ditch","district":"Kuala Langat","outfall":57},"geometry":{"type":"LineString","coordinates":[[101.49263,2.8109],[101.49263,2.81096],[101.49268,2.81129],[101.49274,2.8114]]}},{"type":"Feature","properties":{"kind":"drain","district":"Kuala Langat","outfall":92},"geometry":{"type":"LineString","coordinates":[[101.49011,2.80329],[101.4909,2.80518],[101.49145,2.80649],[101.49194,2.80766],[101.49226,2.80843],[101.49228,2.8085],[101.49236,2.80908],[101.49254,2.81027],[101.49263,2.8109]]}},{"type":"Feature","properties":{"kind":"ditch","district":"Kuala Langat","outfall":973},"geometry":{"type":"LineString","coordinates":[[101.48882,2.80019],[101.48885,2.80026],[101.48934,2.80143],[101.48983,2.80261],[101.49011,2.80329]]}},{"type":"Feature","properties":{"kind":"ditch","district":"Kuala Langat","outfall":2909},"geometry":{"type":"LineString","coordinates":[[101.60546,2.83612],[101.60509,2.83412]]}},{"type":"Feature","properties":{"kind":"ditch","district":"Kuala Langat","covered":true,"outfall":2865},"geometry":{"type":"LineString","coordinates":[[101.60509,2.83412],[101.60498,2.83363]]}},{"type":"Feature","properties":{"kind":"drain","district":"Kuala Langat","outfall":1269},"geometry":{"type":"LineString","coordinates":[[101.60498,2.83363],[101.60495,2.83354],[101.60489,2.83351],[101.60438,2.83322],[101.60361,2.8328],[101.60233,2.83213],[101.60078,2.83127],[101.60051,2.83115],[101.5999,2.83094],[101.59738,2.83017],[101.59625,2.82982],[101.59599,2.82975],[101.5953,2.82968],[101.59483,2.82966],[101.59364,2.8298],[101.59356,2.8298],[101.59348,2.82975],[101.59196,2.82871],[101.59139,2.82834],[101.59022,2.82764]]}},{"type":"Feature","properties":{"kind":"drain","district":"Kuala Langat","covered":true,"outfall":1251},"geometry":{"type":"LineString","coordinates":[[101.59022,2.82764],[101.59004,2.82755]]}},{"type":"Feature","properties":{"kind":"drain","district":"Kuala Langat","outfall":763},"geometry":{"type":"LineString","coordinates":[[101.59004,2.82755],[101.58993,2.82749],[101.58986,2.82742],[101.58941,2.82661],[101.58785,2.82383],[101.5878,2.82378]]}},{"type":"Feature","properties":{"kind":"drain","district":"Kuala Langat","covered":true,"outfall":746},"geometry":{"type":"LineString","coordinates":[[101.5878,2.82378],[101.58768,2.82367]]}},{"type":"Feature","properties":{"kind":"ditch","district":"Kuala Langat","outfall":543},"geometry":{"type":"LineString","coordinates":[[101.58768,2.82367],[101.58732,2.82342],[101.58711,2.82324],[101.58701,2.82312],[101.58688,2.82291],[101.58652,2.82221]]}},{"type":"Feature","properties":{"kind":"ditch","district":"Kuala Langat","covered":true,"outfall":525},"geometry":{"type":"LineString","coordinates":[[101.58652,2.82221],[101.58645,2.82206]]}},{"type":"Feature","properties":{"kind":"ditch","district":"Kuala Langat","outfall":326},"geometry":{"type":"LineString","coordinates":[[101.58645,2.82206],[101.5856,2.82048]]}},{"type":"Feature","properties":{"kind":"ditch","district":"Kuala Langat","covered":true,"outfall":315},"geometry":{"type":"LineString","coordinates":[[101.5856,2.82048],[101.58555,2.8204]]}},{"type":"Feature","properties":{"kind":"ditch","district":"Kuala Langat","outfall":0},"geometry":{"type":"LineString","coordinates":[[101.58555,2.8204],[101.58445,2.81836],[101.58416,2.81773]]}},{"type":"Feature","properties":{"kind":"ditch","district":"Sepang","outfall":116},"geometry":{"type":"LineString","coordinates":[[101.69316,2.85899],[101.69297,2.85877],[101.69285,2.85869],[101.69282,2.85867]]}},{"type":"Feature","properties":{"kind":"ditch","district":"Sepang","covered":true,"outfall":159},"geometry":{"type":"LineString","coordinates":[[101.69352,2.8594],[101.69316,2.85899]]}},{"type":"Feature","properties":{"kind":"ditch","district":"Sepang","outfall":213},"geometry":{"type":"LineString","coordinates":[[101.69594,2.86356],[101.69587,2.86312],[101.6958,2.8628],[101.6956,2.86238],[101.6948,2.8611],[101.69438,2.86043],[101.69419,2.86016],[101.69404,2.85996],[101.69382,2.85972],[101.69352,2.8594]]}},{"type":"Feature","properties":{"kind":"ditch","district":"Sepang","outfall":0},"geometry":{"type":"LineString","coordinates":[[101.69411,2.85792],[101.69392,2.85797],[101.69384,2.85798],[101.69375,2.85797],[101.69369,2.858],[101.69362,2.85807],[101.69352,2.85827],[101.69344,2.85839],[101.69334,2.85847],[101.6932,2.85854],[101.69301,2.85864],[101.69292,2.85867],[101.69286,2.85867],[101.69282,2.85867],[101.69274,2.85864],[101.69259,2.85864],[101.69242,2.85866],[101.69231,2.85867],[101.69217,2.85865],[101.69205,2.85865],[101.69192,2.85861],[101.69178,2.8586]]}},{"type":"Feature","properties":{"kind":"ditch","district":"Sepang","covered":true,"outfall":190},"geometry":{"type":"LineString","coordinates":[[101.69422,2.85869],[101.69349,2.85869]]}},{"type":"Feature","properties":{"kind":"ditch","district":"Sepang","outfall":119},"geometry":{"type":"LineString","coordinates":[[101.69349,2.85869],[101.69327,2.85869],[101.69297,2.8587],[101.69285,2.85869]]}},{"type":"Feature","properties":{"kind":"ditch","district":"Sepang","outfall":271},"geometry":{"type":"LineString","coordinates":[[101.6949,2.85869],[101.69422,2.85869]]}},{"type":"Feature","properties":{"kind":"ditch","district":"Sepang","covered":true,"outfall":347},"geometry":{"type":"LineString","coordinates":[[101.69498,2.85869],[101.6949,2.85869]]}},{"type":"Feature","properties":{"kind":"ditch","district":"Sepang","outfall":356},"geometry":{"type":"LineString","coordinates":[[101.69814,2.85872],[101.69718,2.85871],[101.6956,2.85871],[101.69498,2.85869]]}},{"type":"Feature","properties":{"kind":"ditch","district":"Sepang","covered":true,"outfall":270},"geometry":{"type":"LineString","coordinates":[[101.69471,2.85767],[101.69411,2.85792]]}},{"type":"Feature","properties":{"kind":"ditch","district":"Sepang","outfall":342},"geometry":{"type":"LineString","coordinates":[[101.69988,2.8558],[101.69967,2.85597],[101.69943,2.85612],[101.69927,2.85618],[101.69911,2.85621],[101.69898,2.85625],[101.69859,2.85648],[101.69831,2.8567],[101.69818,2.85676],[101.69791,2.85687],[101.69765,2.85692],[101.69744,2.85695],[101.69727,2.85697],[101.69685,2.85694],[101.69635,2.85694],[101.69581,2.85693],[101.69574,2.85694],[101.69567,2.85696],[101.69559,2.85701],[101.69548,2.85708],[101.69528,2.85715],[101.69506,2.85725],[101.69502,2.8573],[101.69497,2.85747],[101.69491,2.85758],[101.69485,2.85764],[101.69479,2.85767],[101.69476,2.85768],[101.69471,2.85767]]}},{"type":"Feature","properties":{"kind":"ditch","district":"Sepang","covered":true,"outfall":953},"geometry":{"type":"LineString","coordinates":[[101.69997,2.85573],[101.69988,2.8558]]}},{"type":"Feature","properties":{"kind":"ditch","district":"Sepang","outfall":965},"geometry":{"type":"LineString","coordinates":[[101.70136,2.85331],[101.70125,2.85361],[101.70104,2.85399],[101.70089,2.85434],[101.70064,2.85477],[101.7004,2.85513],[101.70028,2.85532],[101.70012,2.85557],[101.69997,2.85573]]}},{"type":"Feature","properties":{"kind":"ditch","district":"Sepang","outfall":656},"geometry":{"type":"LineString","coordinates":[[101.69989,2.85697],[101.69876,2.85696],[101.69854,2.85696],[101.69829,2.85695],[101.69802,2.85695],[101.69787,2.85697],[101.69772,2.85702],[101.69762,2.85703],[101.69751,2.85701],[101.69744,2.85695]]}},{"type":"Feature","properties":{"kind":"ditch","district":"Sepang","covered":true,"outfall":920},"geometry":{"type":"LineString","coordinates":[[101.69998,2.85698],[101.69989,2.85697]]}},{"type":"Feature","properties":{"kind":"ditch","district":"Sepang","outfall":929},"geometry":{"type":"LineString","coordinates":[[101.70218,2.85706],[101.70188,2.85703],[101.70148,2.85701],[101.69998,2.85698]]}},{"type":"Feature","properties":{"kind":"ditch","district":"Sepang","outfall":21},"geometry":{"type":"LineString","coordinates":[[101.68751,2.8632],[101.68681,2.86064],[101.68651,2.8596],[101.68608,2.85805]]}},{"type":"Feature","properties":{"kind":"ditch","district":"Sepang","covered":true,"outfall":0},"geometry":{"type":"LineString","coordinates":[[101.68608,2.85805],[101.686,2.85786]]}},{"type":"Feature","properties":{"kind":"ditch","district":"Sepang","outfall":426},"geometry":{"type":"LineString","coordinates":[[101.68997,2.86476],[101.68952,2.86475],[101.68913,2.86473],[101.68869,2.86471],[101.68835,2.86468],[101.68819,2.86466]]}},{"type":"Feature","properties":{"kind":"ditch","district":"Sepang","covered":true,"outfall":405},"geometry":{"type":"LineString","coordinates":[[101.68819,2.86466],[101.68799,2.86465]]}},{"type":"Feature","properties":{"kind":"ditch","district":"Sepang","outfall":386},"geometry":{"type":"LineString","coordinates":[[101.68799,2.86465],[101.6878,2.86465]]}},{"type":"Feature","properties":{"kind":"ditch","district":"Sepang","covered":true,"outfall":340},"geometry":{"type":"LineString","coordinates":[[101.6878,2.86465],[101.68734,2.86463]]}},{"type":"Feature","properties":{"kind":"ditch","district":"Sepang","outfall":303},"geometry":{"type":"LineString","coordinates":[[101.68734,2.86463],[101.68721,2.8646],[101.687,2.86461]]}},{"type":"Feature","properties":{"kind":"ditch","district":"Sepang","covered":true,"outfall":286},"geometry":{"type":"LineString","coordinates":[[101.687,2.86461],[101.68685,2.8646]]}},{"type":"Feature","properties":{"kind":"ditch","district":"Sepang","outfall":34},"geometry":{"type":"LineString","coordinates":[[101.68685,2.8646],[101.68649,2.86459],[101.68575,2.86453],[101.68459,2.86446]]}},{"type":"Feature","properties":{"kind":"ditch","district":"Kuala Langat","covered":true},"geometry":{"type":"LineString","coordinates":[[101.54762,2.92763],[101.54768,2.92756]]}},{"type":"Feature","properties":{"kind":"ditch","district":"Kuala Langat"},"geometry":{"type":"LineString","coordinates":[[101.5468,2.92872],[101.54708,2.92834],[101.54758,2.92768],[101.54762,2.92763]]}},{"type":"Feature","properties":{"kind":"ditch","district":"Kuala Langat","covered":true,"outfall":961},"geometry":{"type":"LineString","coordinates":[[101.48552,2.89607],[101.48614,2.89595]]}},{"type":"Feature","properties":{"kind":"ditch","district":"Kuala Langat","outfall":966},"geometry":{"type":"LineString","coordinates":[[101.48614,2.89595],[101.48618,2.89595]]}},{"type":"Feature","properties":{"kind":"drain","district":"Hulu Langat","name":"Parit Utama Reko","outfall":0},"geometry":{"type":"LineString","coordinates":[[101.78656,2.97785],[101.78626,2.97786],[101.78613,2.97786],[101.78595,2.97791],[101.78569,2.9779],[101.78549,2.97786],[101.78538,2.97783],[101.7851,2.97792],[101.78491,2.97795],[101.78463,2.97802]]}},{"type":"Feature","properties":{"kind":"drain","district":"Sepang","outfall":1653},"geometry":{"type":"LineString","coordinates":[[101.72512,2.8385],[101.72509,2.83767]]}},{"type":"Feature","properties":{"kind":"drain","district":"Sepang","outfall":1605},"geometry":{"type":"LineString","coordinates":[[101.72215,2.83998],[101.72517,2.83993]]}},{"type":"Feature","properties":{"kind":"drain","district":"Sepang","outfall":1605},"geometry":{"type":"LineString","coordinates":[[101.72517,2.83993],[101.72513,2.83911],[101.72512,2.83869]]}},{"type":"Feature","properties":{"kind":"drain","district":"Sepang","outfall":1694},"geometry":{"type":"LineString","coordinates":[[101.72509,2.83746],[101.72502,2.83571]]}},{"type":"Feature","properties":{"kind":"drain","district":"Sepang","outfall":1693},"geometry":{"type":"LineString","coordinates":[[101.72501,2.83545],[101.725,2.83517]]}},{"type":"Feature","properties":{"kind":"drain","district":"Sepang","outfall":1694},"geometry":{"type":"LineString","coordinates":[[101.72499,2.83513],[101.72499,2.83511],[101.72488,2.83497],[101.72316,2.83506],[101.72301,2.83527],[101.7229,2.83535],[101.72215,2.83534],[101.72199,2.83546]]}},{"type":"Feature","properties":{"kind":"drain","district":"Hulu Langat","covered":true,"outfall":1711},"geometry":{"type":"LineString","coordinates":[[101.73956,3.14561],[101.73968,3.1455]]}},{"type":"Feature","properties":{"kind":"drain","district":"Hulu Langat","outfall":1654},"geometry":{"type":"LineString","coordinates":[[101.73968,3.1455],[101.73979,3.14541],[101.73991,3.14536],[101.74055,3.14522],[101.74063,3.14517],[101.74351,3.14451]]}},{"type":"Feature","properties":{"kind":"drain","district":"Hulu Langat","name":"Parit Utama Reko","outfall":557},"geometry":{"type":"LineString","coordinates":[[101.7978,2.97841],[101.7973,2.9784],[101.79716,2.9784],[101.79703,2.97842],[101.7969,2.97843],[101.79604,2.9784],[101.79534,2.97834],[101.79502,2.9783],[101.79464,2.97825],[101.79368,2.97824],[101.79107,2.97844],[101.79078,2.97846],[101.79054,2.97855]]}},{"type":"Feature","properties":{"kind":"drain","district":"Hulu Langat","outfall":149},"geometry":{"type":"LineString","coordinates":[[101.77318,2.96928],[101.7733,2.9688]]}},{"type":"Feature","properties":{"kind":"drain","district":"Hulu Langat","covered":true,"outfall":198},"geometry":{"type":"LineString","coordinates":[[101.7731,2.96951],[101.77318,2.96928]]}},{"type":"Feature","properties":{"kind":"drain","district":"Hulu Langat","outfall":109},"geometry":{"type":"LineString","coordinates":[[101.77334,2.96864],[101.77337,2.96841]]}},{"type":"Feature","properties":{"kind":"drain","district":"Hulu Langat","covered":true,"outfall":133},"geometry":{"type":"LineString","coordinates":[[101.7733,2.9688],[101.77334,2.96864]]}},{"type":"Feature","properties":{"kind":"drain","district":"Hulu Langat","outfall":22},"geometry":{"type":"LineString","coordinates":[[101.77355,2.96802],[101.77353,2.96756]]}},{"type":"Feature","properties":{"kind":"drain","district":"Hulu Langat","covered":true,"outfall":72},"geometry":{"type":"LineString","coordinates":[[101.77337,2.96841],[101.77355,2.96802]]}},{"type":"Feature","properties":{"kind":"drain","district":"Hulu Langat","outfall":221},"geometry":{"type":"LineString","coordinates":[[101.77265,2.97134],[101.77254,2.97124],[101.7731,2.96951]]}},{"type":"Feature","properties":{"kind":"ditch","district":"Kuala Langat","outfall":1669},"geometry":{"type":"LineString","coordinates":[[101.52396,2.94968],[101.5226,2.94977],[101.52211,2.94978],[101.52066,2.94976],[101.51975,2.94976],[101.5193,2.94975],[101.51865,2.94973],[101.51773,2.94973],[101.51763,2.94973],[101.51671,2.94972],[101.51497,2.94974],[101.51483,2.94972],[101.51479,2.94971],[101.51465,2.94971],[101.51456,2.9497],[101.51412,2.94968],[101.51342,2.94969],[101.51225,2.94971],[101.51155,2.94971],[101.51107,2.94971],[101.51088,2.94969],[101.51052,2.94967],[101.50877,2.94971],[101.50811,2.9497],[101.50808,2.9497],[101.50712,2.94969],[101.50574,2.9497],[101.50525,2.94969]]}},{"type":"Feature","properties":{"kind":"drain","district":"Sepang","outfall":0},"geometry":{"type":"LineString","coordinates":[[101.71562,2.87411],[101.71567,2.87416],[101.71587,2.87432],[101.71604,2.87428],[101.71628,2.87435],[101.71651,2.87452],[101.71694,2.87474],[101.71737,2.87472],[101.71781,2.87468],[101.71849,2.87457],[101.71867,2.87459],[101.71894,2.8746],[101.71926,2.87465],[101.71952,2.87466],[101.72077,2.87497],[101.7211,2.87505],[101.72123,2.87508],[101.72134,2.87507]]}},{"type":"Feature","properties":{"kind":"drain","district":"Sepang","outfall":167},"geometry":{"type":"LineString","coordinates":[[101.72686,2.86919],[101.72559,2.87007],[101.72416,2.87118],[101.7223,2.87261],[101.72171,2.87307],[101.72127,2.8734],[101.72092,2.87363],[101.72074,2.87371],[101.72116,2.87469],[101.72126,2.87497],[101.72134,2.87507],[101.72138,2.87512],[101.72149,2.87513],[101.72192,2.87505],[101.72207,2.87502],[101.72215,2.8749],[101.72229,2.87424],[101.72241,2.87386],[101.72255,2.87378],[101.72309,2.87335],[101.72329,2.87319],[101.72427,2.87304],[101.72458,2.873],[101.72474,2.87291],[101.72493,2.87275],[101.72552,2.87207],[101.72569,2.87182],[101.72591,2.87165],[101.72638,2.87131],[101.72751,2.87044],[101.72785,2.87022],[101.72856,2.87015],[101.72866,2.87021],[101.72888,2.8706],[101.72918,2.87075]]}},{"type":"Feature","properties":{"kind":"ditch","district":"Sepang","outfall":35},"geometry":{"type":"LineString","coordinates":[[101.71511,2.87415],[101.71526,2.87402],[101.71536,2.87393],[101.71555,2.8738],[101.71564,2.87375],[101.71572,2.87367],[101.71604,2.87347],[101.7164,2.87322],[101.71648,2.8732],[101.71654,2.87314],[101.71672,2.87313],[101.71677,2.87308],[101.71679,2.87297],[101.71681,2.87275],[101.71684,2.8726],[101.71679,2.87239],[101.7166,2.87221],[101.71653,2.87213],[101.71653,2.87204],[101.71664,2.87193],[101.71689,2.87172],[101.71711,2.87161],[101.71749,2.87125],[101.7177,2.87094],[101.71798,2.87078],[101.71815,2.87059],[101.71827,2.87043],[101.71845,2.87034]]}},{"type":"Feature","properties":{"kind":"ditch","district":"Sepang","outfall":2070},"geometry":{"type":"LineString","coordinates":[[101.66841,2.77012],[101.66835,2.77004],[101.66818,2.76981],[101.66802,2.76959],[101.66785,2.76937],[101.6677,2.76917],[101.66752,2.76894],[101.66736,2.76873],[101.6672,2.76851],[101.66703,2.76828],[101.66686,2.76806],[101.66669,2.76784],[101.66653,2.76762],[101.66637,2.76741],[101.6662,2.76718],[101.66604,2.76697],[101.66586,2.76674],[101.6657,2.76652],[101.66553,2.7663],[101.66537,2.76608],[101.66521,2.76586],[101.66504,2.76564],[101.66487,2.76543],[101.6647,2.7652],[101.66454,2.76498],[101.66438,2.76476],[101.66421,2.76455],[101.66404,2.76433],[101.66378,2.76398]]}},{"type":"Feature","properties":{"kind":"ditch","district":"Sepang","outfall":1981},"geometry":{"type":"LineString","coordinates":[[101.66215,2.76594],[101.66271,2.76546],[101.66329,2.76496],[101.66404,2.76433],[101.66465,2.76382]]}},{"type":"Feature","properties":{"kind":"ditch","district":"Sepang","outfall":1979},"geometry":{"type":"LineString","coordinates":[[101.66233,2.76615],[101.66288,2.76568],[101.66347,2.76518],[101.66421,2.76455],[101.66483,2.76404]]}},{"type":"Feature","properties":{"kind":"ditch","district":"Sepang","outfall":1978},"geometry":{"type":"LineString","coordinates":[[101.66248,2.76638],[101.66305,2.76589],[101.66364,2.76538],[101.66438,2.76476],[101.665,2.76424]]}},{"type":"Feature","properties":{"kind":"ditch","district":"Sepang","outfall":1980},"geometry":{"type":"LineString","coordinates":[[101.66268,2.76658],[101.66322,2.76611],[101.6638,2.76561],[101.66454,2.76498],[101.66515,2.76446]]}},{"type":"Feature","properties":{"kind":"ditch","district":"Sepang","outfall":1979},"geometry":{"type":"LineString","coordinates":[[101.66284,2.76681],[101.66338,2.76633],[101.66396,2.76582],[101.6647,2.7652],[101.66533,2.76467]]}},{"type":"Feature","properties":{"kind":"ditch","district":"Sepang","outfall":1980},"geometry":{"type":"LineString","coordinates":[[101.663,2.76702],[101.66355,2.76655],[101.66414,2.76606],[101.66487,2.76543],[101.6655,2.76489]]}},{"type":"Feature","properties":{"kind":"ditch","district":"Sepang","outfall":1979},"geometry":{"type":"LineString","coordinates":[[101.66316,2.76724],[101.66372,2.76677],[101.66429,2.76628],[101.66504,2.76564],[101.66568,2.76508]]}},{"type":"Feature","properties":{"kind":"ditch","district":"Sepang","outfall":1981},"geometry":{"type":"LineString","coordinates":[[101.66331,2.76746],[101.66388,2.76699],[101.66445,2.76651],[101.66521,2.76586],[101.66586,2.76531]]}},{"type":"Feature","properties":{"kind":"ditch","district":"Sepang","outfall":1984},"geometry":{"type":"LineString","coordinates":[[101.66351,2.76767],[101.66405,2.76721],[101.66463,2.76673],[101.66537,2.76608],[101.66602,2.76552]]}},{"type":"Feature","properties":{"kind":"ditch","district":"Sepang","outfall":1990},"geometry":{"type":"LineString","coordinates":[[101.66365,2.76791],[101.66422,2.76742],[101.66478,2.76694],[101.66553,2.7663],[101.66617,2.76576]]}},{"type":"Feature","properties":{"kind":"ditch","district":"Sepang","outfall":1994},"geometry":{"type":"LineString","coordinates":[[101.6638,2.76814],[101.66439,2.76765],[101.66493,2.76718],[101.6657,2.76652],[101.66634,2.76598]]}},{"type":"Feature","properties":{"kind":"ditch","district":"Sepang","outfall":1997},"geometry":{"type":"LineString","coordinates":[[101.66396,2.76836],[101.66455,2.76786],[101.66512,2.76738],[101.66586,2.76674],[101.6665,2.76619]]}},{"type":"Feature","properties":{"kind":"ditch","district":"Sepang","outfall":1999},"geometry":{"type":"LineString","coordinates":[[101.66411,2.76859],[101.66472,2.76808],[101.66529,2.76762],[101.66604,2.76697],[101.66669,2.7664]]}},{"type":"Feature","properties":{"kind":"ditch","district":"Sepang","outfall":2006},"geometry":{"type":"LineString","coordinates":[[101.66432,2.76878],[101.66489,2.7683],[101.66544,2.76783],[101.6662,2.76718],[101.66684,2.76663]]}},{"type":"Feature","properties":{"kind":"ditch","district":"Sepang","outfall":2007},"geometry":{"type":"LineString","coordinates":[[101.66443,2.76905],[101.66505,2.76851],[101.66561,2.76804],[101.66637,2.76741],[101.66705,2.76684]]}},{"type":"Feature","properties":{"kind":"ditch","district":"Sepang","outfall":2010},"geometry":{"type":"LineString","coordinates":[[101.6646,2.76927],[101.66522,2.76873],[101.6658,2.76825],[101.66653,2.76762],[101.66722,2.76702]]}},{"type":"Feature","properties":{"kind":"ditch","district":"Sepang","outfall":2017},"geometry":{"type":"LineString","coordinates":[[101.66476,2.76947],[101.66539,2.76895],[101.66596,2.76847],[101.66669,2.76784],[101.66738,2.76725]]}},{"type":"Feature","properties":{"kind":"ditch","district":"Sepang","outfall":2020},"geometry":{"type":"LineString","coordinates":[[101.66491,2.76971],[101.66555,2.76917],[101.66612,2.76869],[101.66686,2.76806],[101.66757,2.76745]]}},{"type":"Feature","properties":{"kind":"ditch","district":"Sepang","outfall":2027},"geometry":{"type":"LineString","coordinates":[[101.66506,2.76992],[101.66572,2.76938],[101.6663,2.76891],[101.66703,2.76828],[101.66773,2.76767]]}},{"type":"Feature","properties":{"kind":"ditch","district":"Sepang","outfall":2035},"geometry":{"type":"LineString","coordinates":[[101.66527,2.77014],[101.66589,2.76961],[101.66644,2.76914],[101.6672,2.76851],[101.66791,2.76791]]}},{"type":"Feature","properties":{"kind":"ditch","district":"Sepang","outfall":2042},"geometry":{"type":"LineString","coordinates":[[101.66543,2.77035],[101.66606,2.76982],[101.66661,2.76936],[101.66736,2.76873],[101.66808,2.76813]]}},{"type":"Feature","properties":{"kind":"ditch","district":"Sepang","outfall":2049},"geometry":{"type":"LineString","coordinates":[[101.66558,2.77058],[101.66622,2.77004],[101.66678,2.76957],[101.66752,2.76894],[101.66823,2.76833]]}},{"type":"Feature","properties":{"kind":"ditch","district":"Sepang","outfall":2061},"geometry":{"type":"LineString","coordinates":[[101.66574,2.77081],[101.66639,2.77026],[101.66695,2.76979],[101.6677,2.76917],[101.66841,2.7686]]}},{"type":"Feature","properties":{"kind":"ditch","district":"Sepang","outfall":2065},"geometry":{"type":"LineString","coordinates":[[101.66587,2.77105],[101.66655,2.77047],[101.66712,2.76999],[101.66785,2.76937],[101.66857,2.76876]]}},{"type":"Feature","properties":{"kind":"ditch","district":"Sepang","outfall":2073},"geometry":{"type":"LineString","coordinates":[[101.66603,2.77128],[101.66672,2.77069],[101.66728,2.77022],[101.66802,2.76959],[101.66874,2.76897]]}},{"type":"Feature","properties":{"kind":"ditch","district":"Sepang","outfall":2085},"geometry":{"type":"LineString","coordinates":[[101.66617,2.77152],[101.66689,2.77091],[101.66744,2.77045],[101.66818,2.76981],[101.66889,2.7692]]}},{"type":"Feature","properties":{"kind":"ditch","district":"Sepang","outfall":2101},"geometry":{"type":"LineString","coordinates":[[101.66632,2.77175],[101.66706,2.77113],[101.66761,2.77067],[101.66835,2.77004],[101.66902,2.76946]]}},{"type":"Feature","properties":{"kind":"ditch","district":"Sepang","outfall":2263},"geometry":{"type":"LineString","coordinates":[[101.66717,2.77128],[101.66706,2.77113],[101.66689,2.77091],[101.66672,2.77069],[101.66655,2.77047],[101.66639,2.77026],[101.66622,2.77004],[101.66606,2.76982],[101.66589,2.76961],[101.66572,2.76938],[101.66555,2.76917],[101.66539,2.76895],[101.66522,2.76873],[101.66505,2.76851],[101.66489,2.7683],[101.66472,2.76808],[101.66455,2.76786],[101.66439,2.76765],[101.66422,2.76742],[101.66405,2.76721],[101.66388,2.76699],[101.66372,2.76677],[101.66355,2.76655],[101.66338,2.76633],[101.66322,2.76611],[101.66305,2.76589],[101.66288,2.76568],[101.66271,2.76546],[101.66246,2.76513]]}},{"type":"Feature","properties":{"kind":"ditch","district":"Sepang","outfall":2200},"geometry":{"type":"LineString","coordinates":[[101.66635,2.772],[101.66623,2.77183],[101.66608,2.77161],[101.66592,2.77138],[101.66575,2.77115],[101.66559,2.77092],[101.66544,2.77071],[101.66528,2.77049],[101.66512,2.77025],[101.66497,2.77004],[101.66481,2.76981],[101.66465,2.76959],[101.6645,2.76937],[101.66434,2.76914],[101.66417,2.76891],[101.66402,2.76869],[101.66387,2.76848],[101.66386,2.76846],[101.6637,2.76824],[101.66354,2.76802],[101.66338,2.76779],[101.66321,2.76755],[101.66306,2.76734],[101.66297,2.76721],[101.66289,2.76711],[101.66272,2.7669],[101.66255,2.76669],[101.66238,2.76647],[101.66219,2.76626],[101.66201,2.76607],[101.66172,2.76577],[101.66098,2.76644],[101.6602,2.76717],[101.6601,2.76727],[101.65938,2.76792],[101.65811,2.76905],[101.65693,2.77008],[101.65583,2.77102],[101.65556,2.77127],[101.6545,2.77216]]}},{"type":"Feature","properties":{"kind":"ditch","district":"Sepang","outfall":2482},"geometry":{"type":"LineString","coordinates":[[101.66556,2.77269],[101.66554,2.77263],[101.66545,2.7725],[101.66528,2.77228],[101.66512,2.77206],[101.66495,2.77183],[101.66479,2.77161],[101.66463,2.77139],[101.66447,2.77117],[101.6643,2.77095],[101.66414,2.77073],[101.66398,2.77051],[101.66382,2.77029],[101.66366,2.77007],[101.66349,2.76985],[101.66333,2.76963],[101.66317,2.76941],[101.663,2.76918],[101.66284,2.76896],[101.66268,2.76874],[101.66251,2.76852],[101.66235,2.76829],[101.66219,2.76808],[101.66202,2.76785],[101.66186,2.76763],[101.6617,2.76741],[101.66153,2.76719],[101.66137,2.76696],[101.66121,2.76675],[101.66098,2.76644]]}},{"type":"Feature","properties":{"kind":"ditch","district":"Sepang","outfall":2344},"geometry":{"type":"LineString","coordinates":[[101.6584,2.76913],[101.65956,2.76814],[101.66034,2.76748],[101.66041,2.76742],[101.66121,2.76675],[101.66201,2.76607],[101.66215,2.76594]]}},{"type":"Feature","properties":{"kind":"ditch","district":"Sepang","outfall":2343},"geometry":{"type":"LineString","coordinates":[[101.66233,2.76615],[101.66219,2.76626],[101.66137,2.76696],[101.66058,2.76763],[101.6605,2.7677],[101.65973,2.76836],[101.65858,2.76933]]}},{"type":"Feature","properties":{"kind":"ditch","district":"Sepang","outfall":2345},"geometry":{"type":"LineString","coordinates":[[101.65875,2.76955],[101.6599,2.76858],[101.66067,2.76793],[101.66079,2.76782],[101.66153,2.76719],[101.66238,2.76647],[101.66248,2.76638]]}},{"type":"Feature","properties":{"kind":"ditch","district":"Sepang","outfall":2342},"geometry":{"type":"LineString","coordinates":[[101.66268,2.76658],[101.66255,2.76669],[101.6617,2.76741],[101.6609,2.76809],[101.66082,2.76816],[101.66007,2.7688],[101.65891,2.76978]]}},{"type":"Feature","properties":{"kind":"ditch","district":"Sepang","outfall":2344},"geometry":{"type":"LineString","coordinates":[[101.65906,2.77],[101.66023,2.76901],[101.66098,2.76838],[101.66107,2.76831],[101.66186,2.76763],[101.66272,2.7669],[101.66284,2.76681]]}},{"type":"Feature","properties":{"kind":"ditch","district":"Sepang","outfall":2346},"geometry":{"type":"LineString","coordinates":[[101.663,2.76702],[101.66289,2.76711],[101.66202,2.76785],[101.66123,2.76853],[101.66115,2.76859],[101.6604,2.76923],[101.65923,2.77021]]}},{"type":"Feature","properties":{"kind":"ditch","district":"Sepang","outfall":2348},"geometry":{"type":"LineString","coordinates":[[101.6594,2.77044],[101.66057,2.76944],[101.66131,2.76881],[101.6614,2.76874],[101.66219,2.76808],[101.66306,2.76734],[101.66316,2.76724]]}},{"type":"Feature","properties":{"kind":"ditch","district":"Sepang","outfall":2352},"geometry":{"type":"LineString","coordinates":[[101.66331,2.76746],[101.66321,2.76755],[101.66235,2.76829],[101.66158,2.76895],[101.66148,2.76903],[101.66074,2.76966],[101.65955,2.77066]]}},{"type":"Feature","properties":{"kind":"ditch","district":"Sepang","outfall":2352},"geometry":{"type":"LineString","coordinates":[[101.65974,2.77087],[101.66091,2.76988],[101.66166,2.76924],[101.66177,2.76915],[101.66251,2.76852],[101.66338,2.76779],[101.66351,2.76767]]}},{"type":"Feature","properties":{"kind":"ditch","district":"Sepang","outfall":2358},"geometry":{"type":"LineString","coordinates":[[101.66365,2.76791],[101.66354,2.76802],[101.66268,2.76874],[101.6619,2.7694],[101.66182,2.76946],[101.66108,2.77009],[101.65992,2.77107]]}},{"type":"Feature","properties":{"kind":"ditch","district":"Sepang","outfall":2364},"geometry":{"type":"LineString","coordinates":[[101.66007,2.77131],[101.66125,2.77031],[101.66199,2.76967],[101.66208,2.7696],[101.66284,2.76896],[101.6637,2.76824],[101.6638,2.76814]]}},{"type":"Feature","properties":{"kind":"ditch","district":"Sepang","outfall":2368},"geometry":{"type":"LineString","coordinates":[[101.66396,2.76836],[101.66386,2.76846],[101.663,2.76918],[101.66223,2.76983],[101.66216,2.7699],[101.66142,2.77053],[101.66025,2.77152]]}},{"type":"Feature","properties":{"kind":"ditch","district":"Sepang","outfall":2374},"geometry":{"type":"LineString","coordinates":[[101.66043,2.77172],[101.66158,2.77074],[101.66231,2.77012],[101.66239,2.77006],[101.66317,2.76941],[101.66402,2.76869],[101.66411,2.76859]]}},{"type":"Feature","properties":{"kind":"ditch","district":"Sepang","outfall":2373},"geometry":{"type":"LineString","coordinates":[[101.66432,2.76878],[101.66417,2.76891],[101.66333,2.76963],[101.66257,2.77027],[101.66247,2.77033],[101.66175,2.77095],[101.66062,2.77192]]}},{"type":"Feature","properties":{"kind":"ditch","district":"Sepang","outfall":2386},"geometry":{"type":"LineString","coordinates":[[101.66081,2.77213],[101.66192,2.77117],[101.66263,2.77056],[101.66272,2.77049],[101.66349,2.76985],[101.66434,2.76914],[101.66443,2.76905]]}},{"type":"Feature","properties":{"kind":"ditch","district":"Sepang","outfall":2391},"geometry":{"type":"LineString","coordinates":[[101.6646,2.76927],[101.6645,2.76937],[101.66366,2.77007],[101.66289,2.77071],[101.66279,2.77078],[101.66209,2.77139],[101.66099,2.77233]]}},{"type":"Feature","properties":{"kind":"ditch","district":"Sepang","outfall":2395},"geometry":{"type":"LineString","coordinates":[[101.66117,2.77253],[101.66226,2.7716],[101.66298,2.77099],[101.66305,2.77092],[101.66382,2.77029],[101.66465,2.76959],[101.66476,2.76947]]}},{"type":"Feature","properties":{"kind":"ditch","district":"Sepang","outfall":2404},"geometry":{"type":"LineString","coordinates":[[101.66491,2.76971],[101.66481,2.76981],[101.66398,2.77051],[101.66323,2.77114],[101.66314,2.77121],[101.66243,2.77182],[101.66137,2.77272]]}},{"type":"Feature","properties":{"kind":"ditch","district":"Sepang","outfall":2410},"geometry":{"type":"LineString","coordinates":[[101.66155,2.77293],[101.6626,2.77204],[101.66331,2.77143],[101.66414,2.77073],[101.66497,2.77004],[101.66506,2.76992]]}},{"type":"Feature","properties":{"kind":"ditch","district":"Sepang","outfall":2413},"geometry":{"type":"LineString","coordinates":[[101.66527,2.77014],[101.66512,2.77025],[101.6643,2.77095],[101.66346,2.77166],[101.66276,2.77225],[101.66174,2.77313]]}},{"type":"Feature","properties":{"kind":"ditch","district":"Sepang","outfall":2420},"geometry":{"type":"LineString","coordinates":[[101.66192,2.77333],[101.66293,2.77247],[101.66362,2.77188],[101.66447,2.77117],[101.66528,2.77049],[101.66543,2.77035]]}},{"type":"Feature","properties":{"kind":"ditch","district":"Sepang","outfall":2429},"geometry":{"type":"LineString","coordinates":[[101.66214,2.77349],[101.6631,2.77268],[101.6638,2.77209],[101.66463,2.77139],[101.66544,2.77071],[101.66558,2.77058]]}},{"type":"Feature","properties":{"kind":"ditch","district":"Sepang","outfall":2437},"geometry":{"type":"LineString","coordinates":[[101.66229,2.77373],[101.66327,2.7729],[101.66396,2.77231],[101.66479,2.77161],[101.66559,2.77092],[101.66574,2.77081]]}},{"type":"Feature","properties":{"kind":"ditch","district":"Sepang","outfall":2449},"geometry":{"type":"LineString","coordinates":[[101.66248,2.77394],[101.66344,2.77312],[101.66413,2.77254],[101.66495,2.77183],[101.66575,2.77115],[101.66587,2.77105]]}},{"type":"Feature","properties":{"kind":"ditch","district":"Sepang","outfall":2459},"geometry":{"type":"LineString","coordinates":[[101.66266,2.77414],[101.66361,2.77334],[101.66429,2.77276],[101.66512,2.77206],[101.66592,2.77138],[101.66603,2.77128]]}},{"type":"Feature","properties":{"kind":"ditch","district":"Sepang","outfall":2471},"geometry":{"type":"LineString","coordinates":[[101.66285,2.77436],[101.66378,2.77356],[101.66445,2.77298],[101.66528,2.77228],[101.66608,2.77161],[101.66617,2.77152]]}},{"type":"Feature","properties":{"kind":"ditch","district":"Sepang","outfall":2481},"geometry":{"type":"LineString","coordinates":[[101.66302,2.77457],[101.66395,2.77377],[101.66461,2.77321],[101.66469,2.77314],[101.66545,2.7725],[101.66623,2.77183],[101.66632,2.77175]]}},{"type":"Feature","properties":{"kind":"ditch","district":"Sepang","outfall":2723},"geometry":{"type":"LineString","coordinates":[[101.66409,2.77395],[101.66395,2.77377],[101.66378,2.77356],[101.66361,2.77334],[101.66344,2.77312],[101.66327,2.7729],[101.6631,2.77268],[101.66293,2.77247],[101.66276,2.77225],[101.6626,2.77204],[101.66243,2.77182],[101.66226,2.7716],[101.66209,2.77139],[101.66192,2.77117],[101.66175,2.77095],[101.66158,2.77074],[101.66142,2.77053],[101.66125,2.77031],[101.66108,2.77009],[101.66091,2.76988],[101.66074,2.76966],[101.66057,2.76944],[101.6604,2.76923],[101.66023,2.76901],[101.66007,2.7688],[101.6599,2.76858],[101.65973,2.76836],[101.65956,2.76814],[101.65938,2.76792]]}},{"type":"Feature","properties":{"kind":"ditch","district":"Sepang","covered":true,"outfall":1259},"geometry":{"type":"LineString","coordinates":[[101.62411,2.92146],[101.62361,2.92158]]}},{"type":"Feature","properties":{"kind":"ditch","district":"Sepang","outfall":1262},"geometry":{"type":"LineString","coordinates":[[101.62506,2.91897],[101.62495,2.91914],[101.62487,2.91927],[101.62458,2.92075]]}},{"type":"Feature","properties":{"kind":"ditch","district":"Sepang","covered":true,"outfall":278},"geometry":{"type":"LineString","coordinates":[[101.63712,2.93459],[101.63689,2.93459]]}},{"type":"Feature","properties":{"kind":"ditch","district":"Sepang","outfall":39},"geometry":{"type":"LineString","coordinates":[[101.63896,2.93577],[101.63886,2.93574],[101.63724,2.93463],[101.63712,2.93459]]}},{"type":"Feature","properties":{"kind":"ditch","district":"Kuala Langat","outfall":2139},"geometry":{"type":"LineString","coordinates":[[101.50342,2.94975],[101.50342,2.94968]]}},{"type":"Feature","properties":{"kind":"ditch","district":"Kuala Langat","covered":true,"outfall":2128},"geometry":{"type":"LineString","coordinates":[[101.50343,2.94987],[101.50342,2.94975]]}},{"type":"Feature","properties":{"kind":"ditch","district":"Sepang","covered":true,"outfall":1790},"geometry":{"type":"LineString","coordinates":[[101.63706,2.90977],[101.63655,2.90988]]}},{"type":"Feature","properties":{"kind":"ditch","district":"Kuala Langat","covered":true,"outfall":975},"geometry":{"type":"LineString","coordinates":[[101.47901,2.89742],[101.47927,2.89726]]}},{"type":"Feature","properties":{"kind":"ditch","district":"Kuala Langat","covered":true,"outfall":242},"geometry":{"type":"LineString","coordinates":[[101.47663,2.92658],[101.47671,2.92662]]}},{"type":"Feature","properties":{"kind":"ditch","district":"Kuala Langat","outfall":249},"geometry":{"type":"LineString","coordinates":[[101.47643,2.9265],[101.47663,2.92658]]}},{"type":"Feature","properties":{"kind":"ditch","district":"Kuala Langat","covered":true},"geometry":{"type":"LineString","coordinates":[[101.5489,2.9262],[101.54901,2.92629]]}},{"type":"Feature","properties":{"kind":"ditch","district":"Hulu Langat","outfall":925},"geometry":{"type":"LineString","coordinates":[[101.83845,2.95799],[101.83895,2.95766],[101.83946,2.95725]]}},{"type":"Feature","properties":{"kind":"ditch","district":"Hulu Langat","covered":true,"outfall":1052},"geometry":{"type":"LineString","coordinates":[[101.83824,2.95811],[101.83845,2.95799]]}},{"type":"Feature","properties":{"kind":"ditch","district":"Kuala Langat","covered":true,"outfall":409},"geometry":{"type":"LineString","coordinates":[[101.49352,2.88308],[101.49332,2.88293]]}},{"type":"Feature","properties":{"kind":"pipeline","district":"Kuala Langat","substance":"water","outfall":423},"geometry":{"type":"LineString","coordinates":[[101.49358,2.88306],[101.49349,2.88319]]}},{"type":"Feature","properties":{"kind":"pipeline","district":"Kuala Langat","substance":"water","outfall":399},"geometry":{"type":"LineString","coordinates":[[101.49323,2.88297],[101.49332,2.88286]]}},{"type":"Feature","properties":{"kind":"ditch","district":"Kuala Langat","outfall":364},"geometry":{"type":"LineString","coordinates":[[101.49332,2.88293],[101.49319,2.88283],[101.49282,2.88252]]}},{"type":"Feature","properties":{"kind":"ditch","district":"Kuala Langat","outfall":428},"geometry":{"type":"LineString","coordinates":[[101.49358,2.88314],[101.49352,2.88308]]}},{"type":"Feature","properties":{"kind":"pipeline","district":"Kuala Langat","substance":"water","outfall":424},"geometry":{"type":"LineString","coordinates":[[101.4936,2.88307],[101.4935,2.88319]]}},{"type":"Feature","properties":{"kind":"pipeline","district":"Kuala Langat","substance":"water","outfall":400},"geometry":{"type":"LineString","coordinates":[[101.49324,2.88298],[101.49334,2.88287]]}},{"type":"Feature","properties":{"kind":"ditch","district":"Kuala Langat","outfall":1831},"geometry":{"type":"LineString","coordinates":[[101.55279,2.95872],[101.55304,2.95824]]}},{"type":"Feature","properties":{"kind":"ditch","district":"Kuala Langat","covered":true,"outfall":1786},"geometry":{"type":"LineString","coordinates":[[101.55254,2.95919],[101.55279,2.95872]]}},{"type":"Feature","properties":{"kind":"ditch","district":"Sepang","covered":true,"outfall":1728},"geometry":{"type":"LineString","coordinates":[[101.62229,2.90812],[101.62238,2.90849]]}},{"type":"Feature","properties":{"kind":"ditch","district":"Sepang","covered":true,"outfall":2069},"geometry":{"type":"LineString","coordinates":[[101.62334,2.9113],[101.62357,2.91161]]}},{"type":"Feature","properties":{"kind":"ditch","district":"Sepang","outfall":1736},"geometry":{"type":"LineString","coordinates":[[101.62357,2.91161],[101.62441,2.91267],[101.62506,2.91342],[101.62523,2.91352],[101.62559,2.91353],[101.6258,2.91365]]}},{"type":"Feature","properties":{"kind":"ditch","district":"Sepang","outfall":63},"geometry":{"type":"LineString","coordinates":[[101.63909,2.95142],[101.63907,2.95137]]}},{"type":"Feature","properties":{"kind":"ditch","district":"Sepang","covered":true,"outfall":68},"geometry":{"type":"LineString","coordinates":[[101.6391,2.9515],[101.63909,2.95142]]}},{"type":"Feature","properties":{"kind":"ditch","district":"Sepang","outfall":76},"geometry":{"type":"LineString","coordinates":[[101.6391,2.95423],[101.63911,2.95388],[101.63909,2.95354],[101.63911,2.95295],[101.6391,2.9526],[101.6391,2.95208],[101.6391,2.95174],[101.6391,2.95157],[101.6391,2.9515]]}},{"type":"Feature","properties":{"kind":"ditch","district":"Sepang","outfall":0},"geometry":{"type":"LineString","coordinates":[[101.63971,2.95029],[101.6396,2.95026],[101.63949,2.95023]]}},{"type":"Feature","properties":{"kind":"ditch","district":"Sepang","covered":true,"outfall":21},"geometry":{"type":"LineString","coordinates":[[101.63984,2.95032],[101.63971,2.95029]]}},{"type":"Feature","properties":{"kind":"ditch","district":"Sepang","outfall":33},"geometry":{"type":"LineString","coordinates":[[101.63924,2.95201],[101.63923,2.95186],[101.63921,2.95173],[101.63922,2.95144],[101.63922,2.95139],[101.6392,2.95137],[101.63907,2.95137],[101.63896,2.95136],[101.63894,2.95135],[101.63893,2.95133],[101.63894,2.95131],[101.63899,2.95128],[101.63911,2.95122],[101.63944,2.95091],[101.63968,2.95067],[101.6398,2.95053],[101.63984,2.9505],[101.63991,2.95046],[101.63992,2.95044],[101.63992,2.95039],[101.6399,2.95035],[101.63984,2.95032]]}},{"type":"Feature","properties":{"kind":"ditch","district":"Sepang","outfall":907},"geometry":{"type":"LineString","coordinates":[[101.62825,2.97026],[101.62879,2.97003],[101.62884,2.97001],[101.62889,2.97003]]}},{"type":"Feature","properties":{"kind":"drain","district":"Sepang","outfall":0},"geometry":{"type":"LineString","coordinates":[[101.64917,2.97742],[101.64875,2.97753],[101.64773,2.97772],[101.64651,2.97799],[101.64581,2.97819]]}},{"type":"Feature","properties":{"kind":"ditch","district":"Sepang","outfall":0},"geometry":{"type":"LineString","coordinates":[[101.65034,2.97824],[101.65023,2.97826],[101.65002,2.97827],[101.64986,2.97831],[101.64981,2.97829],[101.64851,2.97869],[101.64815,2.97882],[101.64797,2.97885],[101.64785,2.97889],[101.64779,2.9789],[101.64772,2.97893],[101.64763,2.97894],[101.64756,2.97899],[101.6475,2.979],[101.64745,2.97903],[101.6469,2.97919]]}},{"type":"Feature","properties":{"kind":"ditch","district":"Sepang","outfall":0},"geometry":{"type":"LineString","coordinates":[[101.64991,2.97722],[101.6499,2.97731],[101.64985,2.97736],[101.64934,2.9779],[101.64896,2.97826],[101.64879,2.97834],[101.64852,2.97838],[101.64815,2.9785],[101.64772,2.97863],[101.64737,2.97869],[101.64713,2.9787],[101.64689,2.97866],[101.64674,2.97871],[101.64649,2.97878],[101.64637,2.97881],[101.64632,2.97884]]}},{"type":"Feature","properties":{"kind":"ditch","district":"Sepang","outfall":0},"geometry":{"type":"LineString","coordinates":[[101.62933,2.95995],[101.62964,2.95984],[101.6299,2.95983],[101.63006,2.95975],[101.63013,2.95973],[101.63028,2.95972],[101.63043,2.95968],[101.63063,2.95957],[101.63072,2.95953],[101.63079,2.95947],[101.63086,2.95939]]}},{"type":"Feature","properties":{"kind":"ditch","district":"Sepang","outfall":249},"geometry":{"type":"LineString","coordinates":[[101.61655,2.95563],[101.61662,2.95529],[101.61665,2.95506],[101.61668,2.95466],[101.61667,2.95448],[101.61668,2.95418],[101.61674,2.95406]]}},{"type":"Feature","properties":{"kind":"ditch","district":"Sepang","covered":true,"outfall":423},"geometry":{"type":"LineString","coordinates":[[101.61651,2.95592],[101.61655,2.95563]]}},{"type":"Feature","properties":{"kind":"ditch","district":"Sepang","outfall":455},"geometry":{"type":"LineString","coordinates":[[101.61617,2.95725],[101.61617,2.95708],[101.61617,2.95695],[101.61619,2.95668],[101.61622,2.95662],[101.61631,2.95656],[101.61633,2.95654],[101.61637,2.95649],[101.61651,2.95592]]}},{"type":"Feature","properties":{"kind":"drain","district":"Sepang","outfall":249},"geometry":{"type":"LineString","coordinates":[[101.61674,2.95406],[101.61675,2.95368],[101.61675,2.95282],[101.61675,2.95242],[101.61676,2.95199],[101.61676,2.95182],[101.61676,2.95167],[101.61668,2.94837]]}},{"type":"Feature","properties":{"kind":"ditch","district":"Sepang","outfall":0},"geometry":{"type":"LineString","coordinates":[[101.70232,2.78564],[101.7022,2.78559]]}},{"type":"Feature","properties":{"kind":"ditch","district":"Sepang","covered":true,"outfall":14},"geometry":{"type":"LineString","coordinates":[[101.70243,2.78567],[101.70232,2.78564]]}},{"type":"Feature","properties":{"kind":"drain","district":"Kuala Langat","covered":true},"geometry":{"type":"LineString","coordinates":[[101.5466,2.92977],[101.54652,2.92959]]}},{"type":"Feature","properties":{"kind":"drain","district":"Kuala Langat"},"geometry":{"type":"LineString","coordinates":[[101.54652,2.92959],[101.54629,2.92939],[101.54629,2.92934],[101.54633,2.92916]]}},{"type":"Feature","properties":{"kind":"drain","district":"Kuala Langat","covered":true},"geometry":{"type":"LineString","coordinates":[[101.54604,2.92921],[101.54625,2.92917]]}},{"type":"Feature","properties":{"kind":"ditch","district":"Kuala Langat","covered":true},"geometry":{"type":"LineString","coordinates":[[101.54647,2.92906],[101.5468,2.92872]]}},{"type":"Feature","properties":{"kind":"ditch","district":"Kuala Langat"},"geometry":{"type":"LineString","coordinates":[[101.54625,2.92917],[101.54633,2.92916],[101.54638,2.92916],[101.54647,2.92906]]}},{"type":"Feature","properties":{"kind":"ditch","district":"Kuala Langat","outfall":152},"geometry":{"type":"LineString","coordinates":[[101.55712,2.88539],[101.55719,2.8853],[101.55725,2.88526]]}},{"type":"Feature","properties":{"kind":"ditch","district":"Kuala Langat","outfall":152},"geometry":{"type":"LineString","coordinates":[[101.55749,2.88543],[101.55732,2.8853],[101.55729,2.88526],[101.55725,2.88526]]}},{"type":"Feature","properties":{"kind":"ditch","district":"Kuala Langat","covered":true,"outfall":134},"geometry":{"type":"LineString","coordinates":[[101.55725,2.88526],[101.55725,2.8851]]}},{"type":"Feature","properties":{"kind":"ditch","district":"Kuala Langat","outfall":0},"geometry":{"type":"LineString","coordinates":[[101.55725,2.8851],[101.55725,2.88466],[101.55725,2.88412],[101.55726,2.88389]]}},{"type":"Feature","properties":{"kind":"ditch","district":"Hulu Langat","outfall":418},"geometry":{"type":"LineString","coordinates":[[101.80307,3.01043],[101.80301,3.01041],[101.80291,3.01042],[101.80284,3.01041],[101.80281,3.01037],[101.80281,3.01033],[101.80282,3.01026]]}},{"type":"Feature","properties":{"kind":"drain","district":"Hulu Langat","outfall":231},"geometry":{"type":"LineString","coordinates":[[101.80233,3.00957],[101.80145,3.00925],[101.80138,3.00931],[101.80117,3.00943],[101.80059,3.00974],[101.8005,3.0098],[101.80044,3.00997]]}},{"type":"Feature","properties":{"kind":"drain","district":"Hulu Langat","covered":true,"outfall":415},"geometry":{"type":"LineString","coordinates":[[101.80245,3.00977],[101.8024,3.00967],[101.80233,3.00957]]}},{"type":"Feature","properties":{"kind":"ditch","district":"Hulu Langat","outfall":415},"geometry":{"type":"LineString","coordinates":[[101.80298,3.01025],[101.80282,3.01026],[101.80279,3.01026],[101.80268,3.01024],[101.8026,3.01016],[101.80257,3.01008],[101.80258,3.01001],[101.80256,3.00996],[101.80249,3.00985],[101.80245,3.00977]]}},{"type":"Feature","properties":{"kind":"drain","district":"Kuala Langat","outfall":1711},"geometry":{"type":"LineString","coordinates":[[101.58329,2.95173],[101.58361,2.95195],[101.58431,2.95241]]}},{"type":"Feature","properties":{"kind":"drain","district":"Kuala Langat","covered":true,"outfall":1681},"geometry":{"type":"LineString","coordinates":[[101.58431,2.95241],[101.58456,2.95259]]}},{"type":"Feature","properties":{"kind":"ditch","district":"Kuala Langat","outfall":1570},"geometry":{"type":"LineString","coordinates":[[101.58527,2.95402],[101.58541,2.95412]]}},{"type":"Feature","properties":{"kind":"ditch","district":"Kuala Langat","covered":true,"outfall":1586},"geometry":{"type":"LineString","coordinates":[[101.58507,2.95388],[101.58527,2.95402]]}},{"type":"Feature","properties":{"kind":"ditch","district":"Sepang","covered":true,"outfall":1685},"geometry":{"type":"LineString","coordinates":[[101.71352,2.75372],[101.71282,2.75325]]}},{"type":"Feature","properties":{"kind":"ditch","district":"Sepang","outfall":723},"geometry":{"type":"LineString","coordinates":[[101.71346,2.72207],[101.71694,2.71689]]}},{"type":"Feature","properties":{"kind":"ditch","district":"Sepang","covered":true,"outfall":1221},"geometry":{"type":"LineString","coordinates":[[101.71276,2.72312],[101.71346,2.72207]]}},{"type":"Feature","properties":{"kind":"ditch","district":"Sepang","covered":true,"outfall":1632},"geometry":{"type":"LineString","coordinates":[[101.7105,2.7265],[101.71117,2.7255]]}},{"type":"Feature","properties":{"kind":"ditch","district":"Sepang","outfall":1674},"geometry":{"type":"LineString","coordinates":[[101.7074,2.73112],[101.70894,2.72884],[101.7105,2.7265]]}},{"type":"Feature","properties":{"kind":"ditch","district":"Sepang","outfall":1175},"geometry":{"type":"LineString","coordinates":[[101.70096,2.7407],[101.70416,2.73594]]}},{"type":"Feature","properties":{"kind":"ditch","district":"Sepang","covered":true,"outfall":1094},"geometry":{"type":"LineString","coordinates":[[101.70055,2.74132],[101.70096,2.7407]]}},{"type":"Feature","properties":{"kind":"ditch","district":"Sepang","outfall":861},"geometry":{"type":"LineString","coordinates":[[101.69935,2.74311],[101.70055,2.74132]]}},{"type":"Feature","properties":{"kind":"ditch","district":"Sepang","covered":true,"outfall":782},"geometry":{"type":"LineString","coordinates":[[101.69894,2.74372],[101.69935,2.74311]]}},{"type":"Feature","properties":{"kind":"ditch","district":"Sepang","covered":true,"outfall":741},"geometry":{"type":"LineString","coordinates":[[101.69986,2.74447],[101.69928,2.74408]]}},{"type":"Feature","properties":{"kind":"ditch","district":"Sepang","outfall":737},"geometry":{"type":"LineString","coordinates":[[101.70006,2.74461],[101.69986,2.74447]]}},{"type":"Feature","properties":{"kind":"ditch","district":"Sepang","covered":true,"outfall":731},"geometry":{"type":"LineString","coordinates":[[101.7007,2.74504],[101.70006,2.74461]]}},{"type":"Feature","properties":{"kind":"ditch","district":"Sepang","outfall":731},"geometry":{"type":"LineString","coordinates":[[101.70191,2.74587],[101.7007,2.74504]]}},{"type":"Feature","properties":{"kind":"ditch","district":"Sepang","covered":true,"outfall":744},"geometry":{"type":"LineString","coordinates":[[101.70249,2.74626],[101.70191,2.74587]]}},{"type":"Feature","properties":{"kind":"ditch","district":"Sepang","outfall":763},"geometry":{"type":"LineString","coordinates":[[101.7064,2.74891],[101.70249,2.74626]]}},{"type":"Feature","properties":{"kind":"ditch","district":"Sepang","covered":true,"outfall":1016},"geometry":{"type":"LineString","coordinates":[[101.70699,2.74929],[101.7064,2.74891]]}},{"type":"Feature","properties":{"kind":"ditch","district":"Sepang","outfall":1068},"geometry":{"type":"LineString","coordinates":[[101.70794,2.74994],[101.70699,2.74929]]}},{"type":"Feature","properties":{"kind":"ditch","district":"Sepang","covered":true,"outfall":1157},"geometry":{"type":"LineString","coordinates":[[101.70851,2.75033],[101.70794,2.74994]]}},{"type":"Feature","properties":{"kind":"ditch","district":"Sepang","outfall":1213},"geometry":{"type":"LineString","coordinates":[[101.7094,2.75093],[101.70851,2.75033]]}},{"type":"Feature","properties":{"kind":"ditch","district":"Sepang","covered":true,"outfall":1304},"geometry":{"type":"LineString","coordinates":[[101.70998,2.75132],[101.7094,2.75093]]}},{"type":"Feature","properties":{"kind":"ditch","district":"Sepang","outfall":1365},"geometry":{"type":"LineString","coordinates":[[101.71183,2.75258],[101.70998,2.75132]]}},{"type":"Feature","properties":{"kind":"ditch","district":"Sepang","covered":true,"outfall":1570},"geometry":{"type":"LineString","coordinates":[[101.7124,2.75296],[101.71183,2.75258]]}},{"type":"Feature","properties":{"kind":"ditch","district":"Sepang","outfall":1636},"geometry":{"type":"LineString","coordinates":[[101.71282,2.75325],[101.7124,2.75296]]}},{"type":"Feature","properties":{"kind":"ditch","district":"Sepang","outfall":1767},"geometry":{"type":"LineString","coordinates":[[101.71404,2.75407],[101.71352,2.75372]]}},{"type":"Feature","properties":{"kind":"ditch","district":"Sepang","outfall":1975},"geometry":{"type":"LineString","coordinates":[[101.70502,2.73465],[101.70642,2.73258]]}},{"type":"Feature","properties":{"kind":"ditch","district":"Sepang","covered":true,"outfall":1804},"geometry":{"type":"LineString","coordinates":[[101.70416,2.73594],[101.70502,2.73465]]}},{"type":"Feature","properties":{"kind":"ditch","district":"Sepang","covered":true,"outfall":196},"geometry":{"type":"LineString","coordinates":[[101.69887,2.71717],[101.69877,2.71708]]}},{"type":"Feature","properties":{"kind":"ditch","district":"Sepang","outfall":0},"geometry":{"type":"LineString","coordinates":[[101.69297,2.72524],[101.69298,2.72518],[101.69302,2.7251],[101.69303,2.72506],[101.69303,2.725],[101.69309,2.72476],[101.69314,2.72462],[101.69315,2.72446],[101.69311,2.72416],[101.69301,2.72354],[101.69298,2.72334],[101.693,2.72313],[101.69307,2.72277],[101.69314,2.72264],[101.69342,2.72219],[101.69359,2.72196],[101.69368,2.72178],[101.69371,2.72168],[101.69375,2.72162],[101.69391,2.72141],[101.69398,2.72129],[101.69403,2.72118],[101.69404,2.72114],[101.69403,2.72108],[101.69404,2.72104],[101.69407,2.721],[101.69414,2.72096],[101.69421,2.72092],[101.6944,2.72072],[101.69453,2.72049],[101.69476,2.72016],[101.69556,2.71898],[101.69615,2.71809],[101.69686,2.71702],[101.69702,2.71676],[101.6974,2.7162],[101.69741,2.71616],[101.69742,2.71606],[101.69741,2.71595],[101.69743,2.71589],[101.69753,2.71584],[101.69759,2.71579],[101.69759,2.71576],[101.6976,2.71573]]}},{"type":"Feature","properties":{"kind":"ditch","district":"Sepang","outfall":0},"geometry":{"type":"LineString","coordinates":[[101.69833,2.70462],[101.69837,2.70455],[101.69838,2.70452],[101.69838,2.70448],[101.69838,2.70445],[101.69837,2.70441],[101.69834,2.70436]]}},{"type":"Feature","properties":{"kind":"ditch","district":"Sepang","covered":true,"outfall":24},"geometry":{"type":"LineString","coordinates":[[101.69825,2.70473],[101.69833,2.70462]]}},{"type":"Feature","properties":{"kind":"ditch","district":"Sepang","outfall":40},"geometry":{"type":"LineString","coordinates":[[101.69806,2.70503],[101.69825,2.70473]]}},{"type":"Feature","properties":{"kind":"drain","district":"Hulu Langat","outfall":1626},"geometry":{"type":"LineString","coordinates":[[101.74587,3.1444],[101.74757,3.14443]]}},{"type":"Feature","properties":{"kind":"drain","district":"Hulu Langat","covered":true,"outfall":1670},"geometry":{"type":"LineString","coordinates":[[101.74576,3.1444],[101.74587,3.1444]]}},{"type":"Feature","properties":{"kind":"ditch","district":"Sepang","outfall":216},"geometry":{"type":"LineString","coordinates":[[101.70543,2.70984],[101.70537,2.70984],[101.70532,2.70984],[101.70513,2.70982],[101.70491,2.70978],[101.70471,2.70968],[101.70458,2.7096],[101.70447,2.70947],[101.70437,2.70932],[101.70431,2.70919],[101.70417,2.70866],[101.70399,2.70805],[101.70397,2.70791],[101.70397,2.70781],[101.70401,2.70772],[101.70421,2.70736],[101.70424,2.7073],[101.70426,2.70725],[101.70426,2.70716],[101.70422,2.70699],[101.70412,2.70666],[101.70401,2.70621],[101.70394,2.70604],[101.70386,2.70589],[101.70372,2.70572],[101.70342,2.70551],[101.70304,2.70527],[101.70278,2.7051],[101.70233,2.7048],[101.70197,2.70456],[101.70179,2.70447],[101.70164,2.70437],[101.70149,2.70426],[101.7013,2.70407],[101.70112,2.70392],[101.70091,2.70378]]}},{"type":"Feature","properties":{"kind":"ditch","district":"Sepang","covered":true,"outfall":214},"geometry":{"type":"LineString","coordinates":[[101.70091,2.70378],[101.70035,2.70342]]}},{"type":"Feature","properties":{"kind":"ditch","district":"Sepang","outfall":171},"geometry":{"type":"LineString","coordinates":[[101.70035,2.70342],[101.69999,2.70321],[101.69979,2.70309],[101.69944,2.70285],[101.6993,2.70275],[101.69912,2.70263],[101.69891,2.70248],[101.69868,2.70236],[101.69837,2.70216],[101.69815,2.702],[101.69772,2.70169],[101.69758,2.70157],[101.69752,2.70154],[101.6972,2.70134],[101.69684,2.70112],[101.69648,2.70094],[101.69627,2.70086],[101.69609,2.70083],[101.6958,2.70081],[101.69492,2.70082],[101.69422,2.70082],[101.69307,2.7008],[101.69268,2.70081],[101.69184,2.7008],[101.69136,2.70081],[101.69079,2.70081],[101.69045,2.70082],[101.6898,2.7008],[101.68885,2.70082],[101.68789,2.70079],[101.68704,2.70081],[101.68622,2.7008],[101.685,2.70081],[101.68423,2.7008],[101.68329,2.7008],[101.68215,2.70078]]}},{"type":"Feature","properties":{"kind":"ditch","district":"Sepang","covered":true,"outfall":1926},"geometry":{"type":"LineString","coordinates":[[101.63064,2.9093],[101.63041,2.90928]]}},{"type":"Feature","properties":{"kind":"ditch","district":"Sepang","outfall":1904},"geometry":{"type":"LineString","coordinates":[[101.63121,2.90935],[101.63064,2.9093]]}},{"type":"Feature","properties":{"kind":"ditch","district":"Sepang","outfall":0},"geometry":{"type":"LineString","coordinates":[[101.74728,2.92704],[101.7477,2.9269],[101.74804,2.92707],[101.74818,2.92718],[101.74854,2.92739],[101.7487,2.92738],[101.74891,2.92741],[101.74907,2.92744],[101.74925,2.92751],[101.74942,2.92759],[101.7496,2.92765],[101.75091,2.92766],[101.75154,2.92766],[101.75188,2.92767],[101.75213,2.92771],[101.75242,2.92774],[101.75278,2.92765],[101.75293,2.92764],[101.75318,2.92768],[101.75337,2.92779],[101.75359,2.92783],[101.75387,2.92788],[101.75414,2.92785],[101.75439,2.92784],[101.75461,2.92774],[101.75474,2.9277],[101.75506,2.92771],[101.75537,2.92772],[101.75567,2.92768],[101.75579,2.92763],[101.75589,2.9275],[101.75603,2.92743],[101.75614,2.92744],[101.75625,2.92758],[101.7564,2.92766]]}},{"type":"Feature","properties":{"kind":"drain","district":"Hulu Langat","covered":true,"outfall":1648},"geometry":{"type":"LineString","coordinates":[[101.74351,3.14451],[101.74401,3.1444]]}},{"type":"Feature","properties":{"kind":"drain","district":"Kuala Langat","covered":true,"outfall":467},"geometry":{"type":"LineString","coordinates":[[101.54249,2.83146],[101.54269,2.83105],[101.54302,2.83086]]}},{"type":"Feature","properties":{"kind":"drain","district":"Kuala Langat","outfall":409},"geometry":{"type":"LineString","coordinates":[[101.54302,2.83086],[101.54349,2.83086],[101.54367,2.83067]]}},{"type":"Feature","properties":{"kind":"drain","district":"Sepang","outfall":1086},"geometry":{"type":"LineString","coordinates":[[101.73716,2.96867],[101.73468,2.96858]]}},{"type":"Feature","properties":{"kind":"drain","district":"Hulu Langat","outfall":25},"geometry":{"type":"LineString","coordinates":[[101.74871,2.98741],[101.74878,2.98748],[101.74899,2.98762],[101.74917,2.98774],[101.74942,2.9878],[101.74958,2.98782],[101.74982,2.98781],[101.74998,2.98784],[101.75006,2.98792],[101.75013,2.98812],[101.75055,2.98978],[101.75061,2.98988],[101.75094,2.99038],[101.75098,2.99044]]}},{"type":"Feature","properties":{"kind":"drain","district":"Hulu Langat","outfall":413},"geometry":{"type":"LineString","coordinates":[[101.74675,2.98532],[101.74694,2.98543],[101.74714,2.9855],[101.74731,2.98551],[101.74745,2.98559],[101.74761,2.98573],[101.74772,2.98587],[101.74778,2.98604],[101.74784,2.9864],[101.74798,2.98682],[101.74809,2.98698],[101.7482,2.98702],[101.7483,2.98704],[101.7484,2.98706],[101.74848,2.98717],[101.7486,2.9873],[101.74864,2.98733]]}},{"type":"Feature","properties":{"kind":"drain","district":"Hulu Langat","covered":true,"outfall":405},"geometry":{"type":"LineString","coordinates":[[101.74864,2.98733],[101.74871,2.98741]]}},{"type":"Feature","properties":{"kind":"drain","district":"Hulu Langat","outfall":0},"geometry":{"type":"LineString","coordinates":[[101.75104,2.99054],[101.75111,2.99066]]}},{"type":"Feature","properties":{"kind":"drain","district":"Hulu Langat","covered":true,"outfall":14},"geometry":{"type":"LineString","coordinates":[[101.75098,2.99044],[101.75104,2.99054]]}},{"type":"Feature","properties":{"kind":"drain","district":"Kuala Langat","outfall":555},"geometry":{"type":"LineString","coordinates":[[101.54248,2.83352],[101.54249,2.83146]]}},{"type":"Feature","properties":{"kind":"drain","district":"Kuala Langat","covered":true,"outfall":749},"geometry":{"type":"LineString","coordinates":[[101.54248,2.83393],[101.54248,2.83352]]}},{"type":"Feature","properties":{"kind":"drain","district":"Sepang","outfall":175},"geometry":{"type":"LineString","coordinates":[[101.74991,2.75739],[101.74986,2.75709],[101.74981,2.75654],[101.74979,2.75644],[101.74975,2.75637],[101.74965,2.75633]]}},{"type":"Feature","properties":{"kind":"drain","district":"Sepang","outfall":2932},"geometry":{"type":"LineString","coordinates":[[101.72251,2.73835],[101.7212,2.73746]]}},{"type":"Feature","properties":{"kind":"drain","district":"Sepang","outfall":2872},"geometry":{"type":"LineString","coordinates":[[101.72086,2.73723],[101.72032,2.73687]]}},{"type":"Feature","properties":{"kind":"drain","district":"Sepang","covered":true,"outfall":2908},"geometry":{"type":"LineString","coordinates":[[101.7212,2.73746],[101.72086,2.73723]]}},{"type":"Feature","properties":{"kind":"drain","district":"Sepang","outfall":2810},"geometry":{"type":"LineString","coordinates":[[101.72003,2.73667],[101.71938,2.73622]]}},{"type":"Feature","properties":{"kind":"drain","district":"Sepang","covered":true,"outfall":2853},"geometry":{"type":"LineString","coordinates":[[101.72032,2.73687],[101.72003,2.73667]]}},{"type":"Feature","properties":{"kind":"drain","district":"Sepang","outfall":2801},"geometry":{"type":"LineString","coordinates":[[101.71925,2.73613],[101.71922,2.73612]]}},{"type":"Feature","properties":{"kind":"drain","district":"Sepang","covered":true,"outfall":2802},"geometry":{"type":"LineString","coordinates":[[101.71938,2.73622],[101.71925,2.73613]]}},{"type":"Feature","properties":{"kind":"drain","district":"Sepang","covered":true,"outfall":2793},"geometry":{"type":"LineString","coordinates":[[101.71922,2.73612],[101.7191,2.73603]]}},{"type":"Feature","properties":{"kind":"drain","district":"Sepang","outfall":2732},"geometry":{"type":"LineString","coordinates":[[101.7191,2.73603],[101.71804,2.73531]]}},{"type":"Feature","properties":{"kind":"drain","district":"Sepang","outfall":1932},"geometry":{"type":"LineString","coordinates":[[101.71529,2.74214],[101.71301,2.74059],[101.71017,2.73867],[101.70952,2.73823],[101.70899,2.73787]]}},{"type":"Feature","properties":{"kind":"drain","district":"Sepang","outfall":1944},"geometry":{"type":"LineString","coordinates":[[101.70987,2.7377],[101.70952,2.73823]]}},{"type":"Feature","properties":{"kind":"drain","district":"Sepang","outfall":1962},"geometry":{"type":"LineString","coordinates":[[101.71052,2.73814],[101.71017,2.73867]]}},{"type":"Feature","properties":{"kind":"drain","district":"Sepang","outfall":2084},"geometry":{"type":"LineString","coordinates":[[101.71325,2.74016],[101.71326,2.74018],[101.71326,2.74021],[101.71326,2.74023],[101.71324,2.74026],[101.71301,2.74059]]}},{"type":"Feature","properties":{"kind":"drain","district":"Sepang","outfall":1908},"geometry":{"type":"LineString","coordinates":[[101.70841,2.73748],[101.70679,2.73639]]}},{"type":"Feature","properties":{"kind":"drain","district":"Sepang","outfall":1941},"geometry":{"type":"LineString","coordinates":[[101.70884,2.73292],[101.7118,2.72853]]}},{"type":"Feature","properties":{"kind":"drain","district":"Sepang","covered":true,"outfall":1908},"geometry":{"type":"LineString","coordinates":[[101.70679,2.73639],[101.70667,2.73631]]}},{"type":"Feature","properties":{"kind":"drain","district":"Sepang","covered":true,"outfall":1921},"geometry":{"type":"LineString","coordinates":[[101.70899,2.73787],[101.70841,2.73748]]}},{"type":"Feature","properties":{"kind":"drain","district":"Sepang","outfall":1899},"geometry":{"type":"LineString","coordinates":[[101.70579,2.73585],[101.70643,2.7349]]}},{"type":"Feature","properties":{"kind":"drain","district":"Sepang","covered":true,"outfall":2512},"geometry":{"type":"LineString","coordinates":[[101.72024,2.7468],[101.71986,2.74737]]}},{"type":"Feature","properties":{"kind":"drain","district":"Sepang","outfall":2643},"geometry":{"type":"LineString","coordinates":[[101.7211,2.74551],[101.72077,2.74601]]}},{"type":"Feature","properties":{"kind":"drain","district":"Sepang","covered":true,"outfall":2588},"geometry":{"type":"LineString","coordinates":[[101.72077,2.74601],[101.72039,2.74658]]}},{"type":"Feature","properties":{"kind":"drain","district":"Sepang","outfall":2566},"geometry":{"type":"LineString","coordinates":[[101.72039,2.74658],[101.72024,2.7468]]}},{"type":"Feature","properties":{"kind":"drain","district":"Sepang","outfall":2578},"geometry":{"type":"LineString","coordinates":[[101.72006,2.74538],[101.71998,2.74532]]}},{"type":"Feature","properties":{"kind":"drain","district":"Sepang","covered":true,"outfall":2527},"geometry":{"type":"LineString","coordinates":[[101.71998,2.74532],[101.71939,2.74492]]}},{"type":"Feature","properties":{"kind":"drain","district":"Sepang","outfall":2515},"geometry":{"type":"LineString","coordinates":[[101.71939,2.74492],[101.71925,2.74483]]}},{"type":"Feature","properties":{"kind":"drain","district":"Sepang","covered":true,"outfall":2505},"geometry":{"type":"LineString","coordinates":[[101.71925,2.74483],[101.71913,2.74475]]}},{"type":"Feature","properties":{"kind":"drain","district":"Sepang","outfall":2436},"geometry":{"type":"LineString","coordinates":[[101.71913,2.74475],[101.71829,2.74418]]}},{"type":"Feature","properties":{"kind":"drain","district":"Sepang","covered":true,"outfall":2392},"geometry":{"type":"LineString","coordinates":[[101.71829,2.74418],[101.71772,2.74379]]}},{"type":"Feature","properties":{"kind":"drain","district":"Sepang","outfall":2309},"geometry":{"type":"LineString","coordinates":[[101.71772,2.74379],[101.71661,2.74304],[101.7166,2.74303]]}},{"type":"Feature","properties":{"kind":"drain","district":"Sepang","covered":true,"outfall":2301},"geometry":{"type":"LineString","coordinates":[[101.7166,2.74303],[101.71648,2.74295]]}},{"type":"Feature","properties":{"kind":"drain","district":"Sepang","outfall":2259},"geometry":{"type":"LineString","coordinates":[[101.71648,2.74295],[101.71586,2.74253]]}},{"type":"Feature","properties":{"kind":"drain","district":"Sepang","covered":true,"outfall":2221},"geometry":{"type":"LineString","coordinates":[[101.71586,2.74253],[101.71529,2.74214]]}},{"type":"Feature","properties":{"kind":"drain","district":"Sepang","outfall":2310},"geometry":{"type":"LineString","coordinates":[[101.7167,2.74291],[101.71661,2.74304]]}},{"type":"Feature","properties":{"kind":"drain","district":"Sepang","outfall":1369},"geometry":{"type":"LineString","coordinates":[[101.7081,2.73242],[101.71187,2.72678],[101.71228,2.72618],[101.71414,2.72341]]}},{"type":"Feature","properties":{"kind":"drain","district":"Sepang","covered":true,"outfall":2026},"geometry":{"type":"LineString","coordinates":[[101.70643,2.7349],[101.70682,2.73432]]}},{"type":"Feature","properties":{"kind":"drain","district":"Sepang","covered":true,"outfall":1821},"geometry":{"type":"LineString","coordinates":[[101.7054,2.73643],[101.70579,2.73585]]}},{"type":"Feature","properties":{"kind":"drain","district":"Sepang","covered":true,"outfall":1397},"geometry":{"type":"LineString","coordinates":[[101.70328,2.7396],[101.70369,2.73899],[101.70487,2.73722]]}},{"type":"Feature","properties":{"kind":"drain","district":"Sepang","outfall":1908},"geometry":{"type":"LineString","coordinates":[[101.70667,2.73631],[101.70664,2.73628],[101.70663,2.73623],[101.7071,2.73553]]}},{"type":"Feature","properties":{"kind":"drain","district":"Sepang","covered":true,"outfall":2192},"geometry":{"type":"LineString","coordinates":[[101.70844,2.73353],[101.70884,2.73292]]}},{"type":"Feature","properties":{"kind":"drain","district":"Sepang","outfall":2104},"geometry":{"type":"LineString","coordinates":[[101.70759,2.7348],[101.70844,2.73353]]}},{"type":"Feature","properties":{"kind":"drain","district":"Sepang","covered":true,"outfall":2006},"geometry":{"type":"LineString","coordinates":[[101.7071,2.73553],[101.70759,2.7348]]}},{"type":"Feature","properties":{"kind":"drain","district":"Sepang","outfall":873},"geometry":{"type":"LineString","coordinates":[[101.71529,2.7233],[101.71536,2.7232],[101.71562,2.72281],[101.71609,2.72212],[101.71655,2.72144],[101.71697,2.7208],[101.71877,2.71813]]}},{"type":"Feature","properties":{"kind":"drain","district":"Sepang","covered":true,"outfall":1882},"geometry":{"type":"LineString","coordinates":[[101.7118,2.72853],[101.7122,2.72792]]}},{"type":"Feature","properties":{"kind":"drain","district":"Sepang","covered":true,"outfall":1736},"geometry":{"type":"LineString","coordinates":[[101.71245,2.72755],[101.71303,2.72668]]}},{"type":"Feature","properties":{"kind":"drain","district":"Sepang","outfall":1838},"geometry":{"type":"LineString","coordinates":[[101.7122,2.72792],[101.71245,2.72755]]}},{"type":"Feature","properties":{"kind":"drain","district":"Sepang","outfall":2104},"geometry":{"type":"LineString","coordinates":[[101.70682,2.73432],[101.70769,2.73302]]}},{"type":"Feature","properties":{"kind":"drain","district":"Sepang","covered":true,"outfall":2108},"geometry":{"type":"LineString","coordinates":[[101.70769,2.73302],[101.7081,2.73242]]}},{"type":"Feature","properties":{"kind":"drain","district":"Sepang","outfall":93},"geometry":{"type":"LineString","coordinates":[[101.72018,2.71439],[101.72181,2.71196],[101.72188,2.71184]]}},{"type":"Feature","properties":{"kind":"drain","district":"Sepang","covered":true,"outfall":434},"geometry":{"type":"LineString","coordinates":[[101.71973,2.71506],[101.72018,2.71439]]}},{"type":"Feature","properties":{"kind":"drain","district":"Sepang","outfall":524},"geometry":{"type":"LineString","coordinates":[[101.71842,2.71702],[101.71973,2.71506]]}},{"type":"Feature","properties":{"kind":"drain","district":"Sepang","covered":true,"outfall":786},"geometry":{"type":"LineString","coordinates":[[101.71801,2.71762],[101.71842,2.71702]]}},{"type":"Feature","properties":{"kind":"drain","district":"Sepang","outfall":853},"geometry":{"type":"LineString","coordinates":[[101.71454,2.7228],[101.71801,2.71762]]}},{"type":"Feature","properties":{"kind":"drain","district":"Sepang","covered":true,"outfall":1303},"geometry":{"type":"LineString","coordinates":[[101.71414,2.72341],[101.71454,2.7228]]}},{"type":"Feature","properties":{"kind":"drain","district":"Sepang","outfall":179},"geometry":{"type":"LineString","coordinates":[[101.72093,2.7149],[101.72232,2.71282],[101.72234,2.71276]]}},{"type":"Feature","properties":{"kind":"drain","district":"Sepang","covered":true,"outfall":446},"geometry":{"type":"LineString","coordinates":[[101.72049,2.71556],[101.72093,2.7149]]}},{"type":"Feature","properties":{"kind":"drain","district":"Sepang","outfall":533},"geometry":{"type":"LineString","coordinates":[[101.71917,2.71752],[101.72049,2.71556]]}},{"type":"Feature","properties":{"kind":"drain","district":"Sepang","covered":true,"outfall":792},"geometry":{"type":"LineString","coordinates":[[101.71877,2.71813],[101.71917,2.71752]]}},{"type":"Feature","properties":{"kind":"drain","district":"Sepang","outfall":1429},"geometry":{"type":"LineString","coordinates":[[101.71303,2.72668],[101.71489,2.72391]]}},{"type":"Feature","properties":{"kind":"drain","district":"Sepang","covered":true,"outfall":1365},"geometry":{"type":"LineString","coordinates":[[101.71489,2.72391],[101.71529,2.7233]]}},{"type":"Feature","properties":{"kind":"drain","district":"Sepang","outfall":1153},"geometry":{"type":"LineString","coordinates":[[101.7177,2.72129],[101.71721,2.72095]]}},{"type":"Feature","properties":{"kind":"drain","district":"Sepang","covered":true,"outfall":1131},"geometry":{"type":"LineString","coordinates":[[101.71721,2.72095],[101.717,2.72081]]}},{"type":"Feature","properties":{"kind":"drain","district":"Sepang","outfall":1129},"geometry":{"type":"LineString","coordinates":[[101.717,2.72081],[101.71697,2.7208]]}},{"type":"Feature","properties":{"kind":"drain","district":"Sepang","outfall":1211},"geometry":{"type":"LineString","coordinates":[[101.71728,2.72193],[101.71681,2.72161]]}},{"type":"Feature","properties":{"kind":"drain","district":"Sepang","covered":true,"outfall":1187},"geometry":{"type":"LineString","coordinates":[[101.71681,2.72161],[101.71657,2.72145]]}},{"type":"Feature","properties":{"kind":"drain","district":"Sepang","outfall":1185},"geometry":{"type":"LineString","coordinates":[[101.71657,2.72145],[101.71655,2.72144]]}},{"type":"Feature","properties":{"kind":"drain","district":"Sepang","outfall":1271},"geometry":{"type":"LineString","coordinates":[[101.71683,2.7226],[101.71634,2.72228]]}},{"type":"Feature","properties":{"kind":"drain","district":"Sepang","outfall":1248},"geometry":{"type":"LineString","coordinates":[[101.71611,2.72213],[101.71609,2.72212]]}},{"type":"Feature","properties":{"kind":"drain","district":"Sepang","covered":true,"outfall":1250},"geometry":{"type":"LineString","coordinates":[[101.71634,2.72228],[101.71611,2.72213]]}},{"type":"Feature","properties":{"kind":"drain","district":"Sepang","outfall":1338},"geometry":{"type":"LineString","coordinates":[[101.7164,2.72334],[101.71587,2.72298]]}},{"type":"Feature","properties":{"kind":"drain","district":"Sepang","outfall":1315},"geometry":{"type":"LineString","coordinates":[[101.71565,2.72283],[101.71562,2.72281]]}},{"type":"Feature","properties":{"kind":"drain","district":"Sepang","covered":true,"outfall":1318},"geometry":{"type":"LineString","coordinates":[[101.71587,2.72298],[101.71565,2.72283]]}},{"type":"Feature","properties":{"kind":"drain","district":"Sepang","outfall":1377},"geometry":{"type":"LineString","coordinates":[[101.71615,2.72373],[101.71562,2.72337]]}},{"type":"Feature","properties":{"kind":"drain","district":"Sepang","outfall":1355},"geometry":{"type":"LineString","coordinates":[[101.71539,2.72322],[101.71536,2.7232]]}},{"type":"Feature","properties":{"kind":"drain","district":"Sepang","covered":true,"outfall":1357},"geometry":{"type":"LineString","coordinates":[[101.71562,2.72337],[101.71539,2.72322]]}},{"type":"Feature","properties":{"kind":"ditch","district":"Sepang","covered":true,"outfall":0},"geometry":{"type":"LineString","coordinates":[[101.72193,2.71176],[101.72235,2.71115]]}},{"type":"Feature","properties":{"kind":"ditch","district":"Sepang","outfall":82},"geometry":{"type":"LineString","coordinates":[[101.7224,2.71287],[101.72234,2.71276],[101.7219,2.71197],[101.72188,2.71191],[101.72188,2.71184],[101.72193,2.71176]]}},{"type":"Feature","properties":{"kind":"ditch","district":"Sepang","covered":true,"outfall":192},"geometry":{"type":"LineString","coordinates":[[101.7225,2.71306],[101.7224,2.71287]]}},{"type":"Feature","properties":{"kind":"ditch","district":"Sepang","outfall":213},"geometry":{"type":"LineString","coordinates":[[101.72407,2.71606],[101.72401,2.71595],[101.7225,2.71306]]}},{"type":"Feature","properties":{"kind":"ditch","district":"Sepang","covered":true,"outfall":579},"geometry":{"type":"LineString","coordinates":[[101.72424,2.7164],[101.72407,2.71606]]}},{"type":"Feature","properties":{"kind":"drain","district":"Sepang","outfall":565},"geometry":{"type":"LineString","coordinates":[[101.72306,2.71771],[101.72316,2.71763],[101.72325,2.71754],[101.72334,2.71743],[101.72346,2.71725],[101.72363,2.71701],[101.72383,2.71671],[101.72396,2.71649],[101.72399,2.7164],[101.72401,2.71635],[101.72401,2.71632],[101.72401,2.71628],[101.72399,2.71623],[101.72392,2.71607],[101.72392,2.71605],[101.72392,2.71602],[101.72394,2.716],[101.72401,2.71595]]}},{"type":"Feature","properties":{"kind":"ditch","district":"Sepang","outfall":621},"geometry":{"type":"LineString","coordinates":[[101.7244,2.7184],[101.72487,2.71771],[101.72488,2.71767],[101.72488,2.71763],[101.72487,2.71759],[101.72424,2.7164]]}},{"type":"Feature","properties":{"kind":"ditch","district":"Sepang","covered":true,"outfall":839},"geometry":{"type":"LineString","coordinates":[[101.72424,2.71864],[101.7244,2.7184]]}},{"type":"Feature","properties":{"kind":"ditch","district":"Sepang","outfall":1852},"geometry":{"type":"LineString","coordinates":[[101.71819,2.73291],[101.71642,2.73171],[101.71641,2.73165],[101.71796,2.72934],[101.71894,2.72789],[101.71892,2.72782],[101.71838,2.72745],[101.71837,2.72739],[101.71842,2.72732]]}},{"type":"Feature","properties":{"kind":"ditch","district":"Sepang","covered":true,"outfall":1818},"geometry":{"type":"LineString","coordinates":[[101.71842,2.72732],[101.7186,2.72705]]}},{"type":"Feature","properties":{"kind":"drain","district":"Sepang","covered":true,"outfall":1715},"geometry":{"type":"LineString","coordinates":[[101.70487,2.73722],[101.70526,2.73664]]}},{"type":"Feature","properties":{"kind":"drain","district":"Sepang","outfall":1793},"geometry":{"type":"LineString","coordinates":[[101.70526,2.73664],[101.70536,2.7365],[101.7054,2.73643]]}},{"type":"Feature","properties":{"kind":"drain","district":"Sepang","covered":true,"outfall":1071},"geometry":{"type":"LineString","coordinates":[[101.70163,2.74204],[101.70205,2.74143],[101.70328,2.7396]]}},{"type":"Feature","properties":{"kind":"drain","district":"Sepang","outfall":843},"geometry":{"type":"LineString","coordinates":[[101.70048,2.74375],[101.70163,2.74204]]}},{"type":"Feature","properties":{"kind":"ditch","district":"Sepang","outfall":0},"geometry":{"type":"LineString","coordinates":[[101.69875,2.78891],[101.69877,2.78903],[101.69877,2.78915],[101.69874,2.78931],[101.69859,2.78993]]}},{"type":"Feature","properties":{"kind":"ditch","district":"Sepang","outfall":165},"geometry":{"type":"LineString","coordinates":[[101.69844,2.78824],[101.69853,2.78844]]}},{"type":"Feature","properties":{"kind":"ditch","district":"Sepang","covered":true,"outfall":109},"geometry":{"type":"LineString","coordinates":[[101.69853,2.78844],[101.69875,2.78891]]}},{"type":"Feature","properties":{"kind":"drain","district":"Sepang","outfall":519},"geometry":{"type":"LineString","coordinates":[[101.69893,2.78079],[101.69784,2.7824],[101.69726,2.78473],[101.69744,2.78484]]}},{"type":"Feature","properties":{"kind":"drain","district":"Sepang","outfall":471},"geometry":{"type":"LineString","coordinates":[[101.70872,2.76621],[101.70705,2.7687],[101.70643,2.76963],[101.70293,2.77483]]}},{"type":"Feature","properties":{"kind":"drain","district":"Sepang","covered":true,"outfall":439},"geometry":{"type":"LineString","coordinates":[[101.70118,2.77746],[101.70079,2.77803]]}},{"type":"Feature","properties":{"kind":"drain","district":"Sepang","outfall":450},"geometry":{"type":"LineString","coordinates":[[101.70079,2.77803],[101.69943,2.78006],[101.69924,2.78033],[101.69904,2.78062]]}},{"type":"Feature","properties":{"kind":"drain","district":"Sepang","covered":true,"outfall":538},"geometry":{"type":"LineString","coordinates":[[101.69904,2.78062],[101.69893,2.78079]]}},{"type":"Feature","properties":{"kind":"drain","district":"Sepang","outfall":439},"geometry":{"type":"LineString","coordinates":[[101.69757,2.78494],[101.69804,2.78526]]}},{"type":"Feature","properties":{"kind":"drain","district":"Sepang","covered":true,"outfall":501},"geometry":{"type":"LineString","coordinates":[[101.69744,2.78484],[101.69757,2.78494]]}},{"type":"Feature","properties":{"kind":"drain","district":"Sepang","outfall":530},"geometry":{"type":"LineString","coordinates":[[101.70978,2.76241],[101.70773,2.76546],[101.70184,2.77424],[101.69825,2.77959],[101.69826,2.77963],[101.69923,2.78028],[101.69924,2.78033]]}},{"type":"Feature","properties":{"kind":"drain","district":"Sepang","outfall":661},"geometry":{"type":"LineString","coordinates":[[101.7106,2.75968],[101.69791,2.77863],[101.69824,2.77961],[101.69826,2.77963]]}},{"type":"Feature","properties":{"kind":"drain","district":"Sepang","covered":true,"outfall":241},"geometry":{"type":"LineString","coordinates":[[101.70456,2.77622],[101.70251,2.77926],[101.69949,2.78004]]}},{"type":"Feature","properties":{"kind":"drain","district":"Sepang","outfall":517},"geometry":{"type":"LineString","coordinates":[[101.69949,2.78004],[101.69943,2.78006]]}},{"type":"Feature","properties":{"kind":"drain","district":"Sepang","outfall":439},"geometry":{"type":"LineString","coordinates":[[101.70255,2.77541],[101.70118,2.77746]]}},{"type":"Feature","properties":{"kind":"drain","district":"Sepang","covered":true,"outfall":448},"geometry":{"type":"LineString","coordinates":[[101.70293,2.77483],[101.70255,2.77541]]}},{"type":"Feature","properties":{"kind":"drain","district":"Sepang","outfall":1299},"geometry":{"type":"LineString","coordinates":[[101.71247,2.76062],[101.70936,2.76526]]}},{"type":"Feature","properties":{"kind":"drain","district":"Sepang","covered":true,"outfall":1201},"geometry":{"type":"LineString","coordinates":[[101.70936,2.76526],[101.70872,2.76621]]}},{"type":"Feature","properties":{"kind":"drain","district":"Sepang","outfall":1784},"geometry":{"type":"LineString","coordinates":[[101.71353,2.75682],[101.71233,2.75861]]}},{"type":"Feature","properties":{"kind":"drain","district":"Sepang","covered":true,"outfall":1773},"geometry":{"type":"LineString","coordinates":[[101.71233,2.75861],[101.71194,2.75919]]}},{"type":"Feature","properties":{"kind":"drain","district":"Sepang","outfall":1766},"geometry":{"type":"LineString","coordinates":[[101.71194,2.75919],[101.71156,2.75976]]}},{"type":"Feature","properties":{"kind":"drain","district":"Sepang","covered":true,"outfall":1764},"geometry":{"type":"LineString","coordinates":[[101.71156,2.75976],[101.71145,2.75992]]}},{"type":"Feature","properties":{"kind":"drain","district":"Sepang","outfall":1761},"geometry":{"type":"LineString","coordinates":[[101.71145,2.75992],[101.71095,2.76067]]}},{"type":"Feature","properties":{"kind":"drain","district":"Sepang","covered":true,"outfall":1609},"geometry":{"type":"LineString","coordinates":[[101.71095,2.76067],[101.70978,2.76241]]}},{"type":"Feature","properties":{"kind":"drain","district":"Sepang","outfall":2080},"geometry":{"type":"LineString","coordinates":[[101.71924,2.75053],[101.71616,2.75513]]}},{"type":"Feature","properties":{"kind":"drain","district":"Sepang","covered":true,"outfall":1796},"geometry":{"type":"LineString","coordinates":[[101.71364,2.75888],[101.71247,2.76062]]}},{"type":"Feature","properties":{"kind":"drain","district":"Sepang","outfall":1980},"geometry":{"type":"LineString","coordinates":[[101.71662,2.75221],[101.71541,2.75402]]}},{"type":"Feature","properties":{"kind":"drain","district":"Sepang","covered":true,"outfall":1903},"geometry":{"type":"LineString","coordinates":[[101.71488,2.7548],[101.71449,2.75538]]}},{"type":"Feature","properties":{"kind":"drain","district":"Sepang","outfall":1863},"geometry":{"type":"LineString","coordinates":[[101.71449,2.75538],[101.71392,2.75624]]}},{"type":"Feature","properties":{"kind":"drain","district":"Sepang","covered":true,"outfall":1839},"geometry":{"type":"LineString","coordinates":[[101.71392,2.75624],[101.71353,2.75682]]}},{"type":"Feature","properties":{"kind":"drain","district":"Sepang","outfall":2145},"geometry":{"type":"LineString","coordinates":[[101.71826,2.74976],[101.71701,2.75163]]}},{"type":"Feature","properties":{"kind":"drain","district":"Sepang","covered":true,"outfall":2102},"geometry":{"type":"LineString","coordinates":[[101.71701,2.75163],[101.71662,2.75221]]}},{"type":"Feature","properties":{"kind":"drain","district":"Sepang","covered":true,"outfall":1945},"geometry":{"type":"LineString","coordinates":[[101.71541,2.75402],[101.71502,2.75459]]}},{"type":"Feature","properties":{"kind":"drain","district":"Sepang","outfall":1934},"geometry":{"type":"LineString","coordinates":[[101.71502,2.75459],[101.71488,2.7548]]}},{"type":"Feature","properties":{"kind":"drain","district":"Sepang","outfall":2347},"geometry":{"type":"LineString","coordinates":[[101.71986,2.74737],[101.71864,2.74919]]}},{"type":"Feature","properties":{"kind":"drain","district":"Sepang","covered":true,"outfall":2297},"geometry":{"type":"LineString","coordinates":[[101.71864,2.74919],[101.71826,2.74976]]}},{"type":"Feature","properties":{"kind":"drain","district":"Sepang","outfall":2452},"geometry":{"type":"LineString","coordinates":[[101.72083,2.74815],[101.71967,2.74988]]}},{"type":"Feature","properties":{"kind":"drain","district":"Sepang","covered":true,"outfall":2398},"geometry":{"type":"LineString","coordinates":[[101.71967,2.74988],[101.71924,2.75053]]}},{"type":"Feature","properties":{"kind":"drain","district":"Sepang","outfall":1930},"geometry":{"type":"LineString","coordinates":[[101.71524,2.7565],[101.71364,2.75888]]}},{"type":"Feature","properties":{"kind":"drain","district":"Sepang","covered":true,"outfall":2012},"geometry":{"type":"LineString","coordinates":[[101.71616,2.75513],[101.71524,2.7565]]}},{"type":"Feature","properties":{"kind":"drain","district":"Sepang","outfall":2960},"geometry":{"type":"LineString","coordinates":[[101.72701,2.74032],[101.72357,2.74548]]}},{"type":"Feature","properties":{"kind":"drain","district":"Sepang","covered":true,"outfall":2604},"geometry":{"type":"LineString","coordinates":[[101.72133,2.7474],[101.72083,2.74815]]}},{"type":"Feature","properties":{"kind":"drain","district":"Sepang","outfall":2672},"geometry":{"type":"LineString","coordinates":[[101.72142,2.74727],[101.72133,2.7474]]}},{"type":"Feature","properties":{"kind":"drain","district":"Sepang","covered":true,"outfall":2685},"geometry":{"type":"LineString","coordinates":[[101.7218,2.7467],[101.72142,2.74727]]}},{"type":"Feature","properties":{"kind":"drain","district":"Sepang","outfall":2738},"geometry":{"type":"LineString","coordinates":[[101.72227,2.74636],[101.72189,2.74657],[101.7218,2.7467]]}},{"type":"Feature","properties":{"kind":"drain","district":"Sepang","covered":true,"outfall":2797},"geometry":{"type":"LineString","coordinates":[[101.72251,2.74621],[101.72227,2.74636]]}},{"type":"Feature","properties":{"kind":"drain","district":"Sepang","outfall":2827},"geometry":{"type":"LineString","coordinates":[[101.72352,2.74555],[101.72349,2.74561],[101.72251,2.74621]]}},{"type":"Feature","properties":{"kind":"drain","district":"Sepang","covered":true,"outfall":2953},"geometry":{"type":"LineString","coordinates":[[101.72357,2.74548],[101.72352,2.74555]]}},{"type":"Feature","properties":{"kind":"drain","district":"Sepang","outfall":2583},"geometry":{"type":"LineString","coordinates":[[101.7241,2.74593],[101.72407,2.74596],[101.72405,2.74601],[101.72404,2.74607],[101.72366,2.74844],[101.72361,2.74861],[101.72341,2.74904],[101.7233,2.74926],[101.72319,2.74946],[101.72305,2.74965],[101.72221,2.75052],[101.72123,2.75206],[101.72095,2.75222]]}},{"type":"Feature","properties":{"kind":"drain","district":"Sepang","outfall":734},"geometry":{"type":"LineString","coordinates":[[101.72074,2.75235],[101.72046,2.75251],[101.70842,2.77047]]}},{"type":"Feature","properties":{"kind":"drain","district":"Sepang","covered":true,"outfall":2560},"geometry":{"type":"LineString","coordinates":[[101.72095,2.75222],[101.72074,2.75235]]}},{"type":"Feature","properties":{"kind":"drain","district":"Sepang","outfall":241},"geometry":{"type":"LineString","coordinates":[[101.70835,2.77058],[101.70456,2.77622]]}},{"type":"Feature","properties":{"kind":"drain","district":"Sepang","covered":true,"outfall":722},"geometry":{"type":"LineString","coordinates":[[101.70842,2.77047],[101.70835,2.77058]]}},{"type":"Feature","properties":{"kind":"drain","district":"Sepang","outfall":2947},"geometry":{"type":"LineString","coordinates":[[101.72627,2.74268],[101.72414,2.74586]]}},{"type":"Feature","properties":{"kind":"drain","district":"Sepang","covered":true,"outfall":3006},"geometry":{"type":"LineString","coordinates":[[101.72414,2.74586],[101.7241,2.74593]]}},{"type":"Feature","properties":{"kind":"drain","district":"Sepang","outfall":120},"geometry":{"type":"LineString","coordinates":[[101.69031,2.74711],[101.69029,2.74714],[101.69109,2.74768],[101.69192,2.74824],[101.6919,2.74827]]}},{"type":"Feature","properties":{"kind":"drain","district":"Sepang","outfall":358},"geometry":{"type":"LineString","coordinates":[[101.69116,2.74582],[101.69087,2.74626]]}},{"type":"Feature","properties":{"kind":"drain","district":"Sepang","covered":true,"outfall":282},"geometry":{"type":"LineString","coordinates":[[101.69087,2.74626],[101.69062,2.74663],[101.69039,2.74699],[101.69031,2.74711]]}},{"type":"Feature","properties":{"kind":"drain","district":"Sepang","covered":true,"outfall":203},"geometry":{"type":"LineString","coordinates":[[101.69167,2.74681],[101.69111,2.74764]]}},{"type":"Feature","properties":{"kind":"drain","district":"Sepang","outfall":285},"geometry":{"type":"LineString","coordinates":[[101.69287,2.74501],[101.69243,2.74568],[101.69259,2.74579],[101.69234,2.74616],[101.69217,2.74606],[101.69167,2.74681]]}},{"type":"Feature","properties":{"kind":"drain","district":"Sepang","outfall":199},"geometry":{"type":"LineString","coordinates":[[101.69111,2.74764],[101.69109,2.74768]]}},{"type":"Feature","properties":{"kind":"drain","district":"Sepang","outfall":219},"geometry":{"type":"LineString","coordinates":[[101.69357,2.74573],[101.6925,2.74736]]}},{"type":"Feature","properties":{"kind":"drain","district":"Sepang","outfall":123},"geometry":{"type":"LineString","coordinates":[[101.69194,2.74821],[101.69192,2.74824]]}},{"type":"Feature","properties":{"kind":"drain","district":"Sepang","covered":true,"outfall":126},"geometry":{"type":"LineString","coordinates":[[101.69224,2.74775],[101.69194,2.74821]]}},{"type":"Feature","properties":{"kind":"drain","district":"Sepang","outfall":0},"geometry":{"type":"LineString","coordinates":[[101.69177,2.74846],[101.69107,2.74953]]}},{"type":"Feature","properties":{"kind":"drain","district":"Sepang","covered":true,"outfall":101},"geometry":{"type":"LineString","coordinates":[[101.6919,2.74827],[101.69177,2.74846]]}},{"type":"Feature","properties":{"kind":"drain","district":"Sepang","covered":true,"outfall":178},"geometry":{"type":"LineString","coordinates":[[101.6925,2.74736],[101.69225,2.74773]]}},{"type":"Feature","properties":{"kind":"drain","district":"Sepang","outfall":176},"geometry":{"type":"LineString","coordinates":[[101.69225,2.74773],[101.69225,2.74774],[101.69224,2.74775]]}},{"type":"Feature","properties":{"kind":"drain","district":"Sepang","outfall":177},"geometry":{"type":"LineString","coordinates":[[101.69207,2.74762],[101.69225,2.74774]]}},{"type":"Feature","properties":{"kind":"drain","district":"Sepang","outfall":163},"geometry":{"type":"LineString","coordinates":[[101.69244,2.74787],[101.69225,2.74774]]}},{"type":"Feature","properties":{"kind":"drain","district":"Sepang","outfall":134},"geometry":{"type":"LineString","coordinates":[[101.69635,2.74328],[101.69633,2.7433],[101.69632,2.74331],[101.69629,2.74334],[101.69618,2.74342],[101.69613,2.74347],[101.69609,2.74352],[101.6939,2.74681],[101.69385,2.74688],[101.69373,2.747],[101.69368,2.74705],[101.69364,2.7471],[101.69293,2.74816]]}},{"type":"Feature","properties":{"kind":"drain","district":"Sepang","outfall":0},"geometry":{"type":"LineString","coordinates":[[101.69256,2.74872],[101.69249,2.7488],[101.69241,2.74893],[101.69216,2.74933]]}},{"type":"Feature","properties":{"kind":"drain","district":"Sepang","covered":true,"outfall":69},"geometry":{"type":"LineString","coordinates":[[101.69293,2.74816],[101.69256,2.74872]]}},{"type":"Feature","properties":{"kind":"drain","district":"Sepang","outfall":325},"geometry":{"type":"LineString","coordinates":[[101.69046,2.74652],[101.69062,2.74663]]}},{"type":"Feature","properties":{"kind":"drain","district":"Sepang","outfall":268},"geometry":{"type":"LineString","coordinates":[[101.6912,2.74703],[101.69062,2.74663]]}},{"type":"Feature","properties":{"kind":"drain","district":"Sepang","outfall":234},"geometry":{"type":"LineString","coordinates":[[101.69097,2.74738],[101.69039,2.74699]]}},{"type":"Feature","properties":{"kind":"drain","district":"Sepang","outfall":293},"geometry":{"type":"LineString","coordinates":[[101.68731,2.74439],[101.6882,2.745],[101.68833,2.74559],[101.69039,2.74699]]}},{"type":"Feature","properties":{"kind":"drain","district":"Sepang","outfall":419},"geometry":{"type":"LineString","coordinates":[[101.69206,2.74447],[101.69203,2.74452],[101.6913,2.74561],[101.69128,2.74564]]}},{"type":"Feature","properties":{"kind":"drain","district":"Sepang","covered":true,"outfall":402},"geometry":{"type":"LineString","coordinates":[[101.69128,2.74564],[101.69116,2.74582]]}},{"type":"Feature","properties":{"kind":"drain","district":"Sepang","outfall":495},"geometry":{"type":"LineString","coordinates":[[101.69257,2.74489],[101.69203,2.74452]]}},{"type":"Feature","properties":{"kind":"drain","district":"Sepang","outfall":422},"geometry":{"type":"LineString","coordinates":[[101.69263,2.7449],[101.69189,2.746],[101.6913,2.74561]]}},{"type":"Feature","properties":{"kind":"drain","district":"Sepang","covered":true,"outfall":891},"geometry":{"type":"LineString","coordinates":[[101.69664,2.74117],[101.69614,2.74192]]}},{"type":"Feature","properties":{"kind":"drain","district":"Sepang","outfall":503},"geometry":{"type":"LineString","coordinates":[[101.69418,2.74483],[101.69412,2.74492],[101.69406,2.745]]}},{"type":"Feature","properties":{"kind":"drain","district":"Sepang","covered":true,"outfall":412},"geometry":{"type":"LineString","coordinates":[[101.69406,2.745],[101.69357,2.74573]]}},{"type":"Feature","properties":{"kind":"drain","district":"Sepang","outfall":513},"geometry":{"type":"LineString","coordinates":[[101.69395,2.74481],[101.69412,2.74492]]}},{"type":"Feature","properties":{"kind":"drain","district":"Sepang","outfall":503},"geometry":{"type":"LineString","coordinates":[[101.69432,2.74505],[101.69412,2.74492]]}},{"type":"Feature","properties":{"kind":"drain","district":"Sepang","covered":true,"outfall":524},"geometry":{"type":"LineString","coordinates":[[101.69467,2.7441],[101.69418,2.74483]]}},{"type":"Feature","properties":{"kind":"drain","district":"Sepang","outfall":986},"geometry":{"type":"LineString","coordinates":[[101.69776,2.73949],[101.69664,2.74117]]}},{"type":"Feature","properties":{"kind":"drain","district":"Sepang","outfall":615},"geometry":{"type":"LineString","coordinates":[[101.69563,2.74268],[101.69467,2.7441]]}},{"type":"Feature","properties":{"kind":"drain","district":"Sepang","covered":true,"outfall":795},"geometry":{"type":"LineString","coordinates":[[101.69613,2.74193],[101.69563,2.74268]]}},{"type":"Feature","properties":{"kind":"drain","district":"Sepang","outfall":890},"geometry":{"type":"LineString","coordinates":[[101.69614,2.74192],[101.69614,2.74193],[101.69613,2.74193]]}},{"type":"Feature","properties":{"kind":"drain","district":"Sepang","outfall":890},"geometry":{"type":"LineString","coordinates":[[101.69602,2.74185],[101.69614,2.74193]]}},{"type":"Feature","properties":{"kind":"drain","district":"Sepang","outfall":884},"geometry":{"type":"LineString","coordinates":[[101.69629,2.74203],[101.69614,2.74193]]}},{"type":"Feature","properties":{"kind":"drain","district":"Sepang","outfall":1018},"geometry":{"type":"LineString","coordinates":[[101.69846,2.74012],[101.6981,2.74057],[101.69802,2.74067],[101.69772,2.74111],[101.69769,2.74117]]}},{"type":"Feature","properties":{"kind":"drain","district":"Sepang","covered":true,"outfall":857},"geometry":{"type":"LineString","coordinates":[[101.69769,2.74117],[101.69746,2.74162],[101.69691,2.74244]]}},{"type":"Feature","properties":{"kind":"drain","district":"Sepang","outfall":855},"geometry":{"type":"LineString","coordinates":[[101.69691,2.74244],[101.69691,2.74245],[101.6969,2.74245]]}},{"type":"Feature","properties":{"kind":"drain","district":"Sepang","covered":true,"outfall":750},"geometry":{"type":"LineString","coordinates":[[101.6969,2.74245],[101.69635,2.74328]]}},{"type":"Feature","properties":{"kind":"drain","district":"Sepang","outfall":845},"geometry":{"type":"LineString","coordinates":[[101.69722,2.74265],[101.69691,2.74245]]}},{"type":"Feature","properties":{"kind":"drain","district":"Sepang","outfall":1330},"geometry":{"type":"LineString","coordinates":[[101.70021,2.73839],[101.69986,2.73891],[101.69975,2.73884]]}},{"type":"Feature","properties":{"kind":"drain","district":"Sepang","outfall":1250},"geometry":{"type":"LineString","coordinates":[[101.69979,2.73879],[101.69975,2.73884],[101.69932,2.73948]]}},{"type":"Feature","properties":{"kind":"drain","district":"Sepang","covered":true,"outfall":1156},"geometry":{"type":"LineString","coordinates":[[101.69932,2.73948],[101.69846,2.74012]]}},{"type":"Feature","properties":{"kind":"drain","district":"Sepang","outfall":1292},"geometry":{"type":"LineString","coordinates":[[101.69886,2.73784],[101.69826,2.73876]]}},{"type":"Feature","properties":{"kind":"drain","district":"Sepang","covered":true,"outfall":1198},"geometry":{"type":"LineString","coordinates":[[101.69826,2.73876],[101.69776,2.73949]]}},{"type":"Feature","properties":{"kind":"drain","district":"Sepang","outfall":1025},"geometry":{"type":"LineString","coordinates":[[101.69804,2.73729],[101.69583,2.7406]]}},{"type":"Feature","properties":{"kind":"drain","district":"Sepang","covered":true,"outfall":483},"geometry":{"type":"LineString","coordinates":[[101.69337,2.74426],[101.69311,2.74465],[101.69287,2.74501]]}},{"type":"Feature","properties":{"kind":"drain","district":"Sepang","outfall":571},"geometry":{"type":"LineString","coordinates":[[101.69481,2.74212],[101.69337,2.74426]]}},{"type":"Feature","properties":{"kind":"drain","district":"Sepang","covered":true,"outfall":833},"geometry":{"type":"LineString","coordinates":[[101.69529,2.74139],[101.69481,2.74212]]}},{"type":"Feature","properties":{"kind":"drain","district":"Sepang","outfall":925},"geometry":{"type":"LineString","coordinates":[[101.69533,2.74133],[101.69529,2.74139]]}},{"type":"Feature","properties":{"kind":"drain","district":"Sepang","covered":true,"outfall":932},"geometry":{"type":"LineString","coordinates":[[101.69583,2.7406],[101.69533,2.74133]]}},{"type":"Feature","properties":{"kind":"drain","district":"Sepang","outfall":520},"geometry":{"type":"LineString","coordinates":[[101.69319,2.7447],[101.69311,2.74465]]}},{"type":"Feature","properties":{"kind":"drain","district":"Sepang","outfall":1063},"geometry":{"type":"LineString","coordinates":[[101.69725,2.73674],[101.69515,2.73987],[101.69508,2.73998],[101.69502,2.74006]]}},{"type":"Feature","properties":{"kind":"drain","district":"Sepang","covered":true,"outfall":876},"geometry":{"type":"LineString","coordinates":[[101.69502,2.74006],[101.69451,2.74082],[101.694,2.74158]]}},{"type":"Feature","properties":{"kind":"drain","district":"Sepang","outfall":779},"geometry":{"type":"LineString","coordinates":[[101.694,2.74158],[101.69398,2.7416],[101.69347,2.74239]]}},{"type":"Feature","properties":{"kind":"drain","district":"Sepang","covered":true,"outfall":756},"geometry":{"type":"LineString","coordinates":[[101.69347,2.74239],[101.69333,2.74259]]}},{"type":"Feature","properties":{"kind":"drain","district":"Sepang","outfall":622},"geometry":{"type":"LineString","coordinates":[[101.69333,2.74259],[101.69333,2.7426],[101.6926,2.74369],[101.69256,2.74374]]}},{"type":"Feature","properties":{"kind":"drain","district":"Sepang","covered":true,"outfall":582},"geometry":{"type":"LineString","coordinates":[[101.69256,2.74374],[101.69232,2.7441]]}},{"type":"Feature","properties":{"kind":"drain","district":"Sepang","covered":true,"outfall":541},"geometry":{"type":"LineString","coordinates":[[101.69231,2.74411],[101.69206,2.74447]]}},{"type":"Feature","properties":{"kind":"drain","district":"Sepang","outfall":581},"geometry":{"type":"LineString","coordinates":[[101.69232,2.7441],[101.69231,2.74411],[101.69231,2.74411]]}},{"type":"Feature","properties":{"kind":"drain","district":"Sepang","outfall":581},"geometry":{"type":"LineString","coordinates":[[101.69199,2.74389],[101.69231,2.74411]]}},{"type":"Feature","properties":{"kind":"drain","district":"Sepang","outfall":540},"geometry":{"type":"LineString","coordinates":[[101.6929,2.7445],[101.69231,2.74411]]}},{"type":"Feature","properties":{"kind":"drain","district":"Sepang","outfall":589},"geometry":{"type":"LineString","coordinates":[[101.69317,2.74408],[101.6926,2.74369]]}},{"type":"Feature","properties":{"kind":"drain","district":"Sepang","outfall":719},"geometry":{"type":"LineString","coordinates":[[101.6939,2.74299],[101.69333,2.7426]]}},{"type":"Feature","properties":{"kind":"drain","district":"Sepang","outfall":841},"geometry":{"type":"LineString","coordinates":[[101.69456,2.742],[101.69398,2.7416]]}},{"type":"Feature","properties":{"kind":"drain","district":"Sepang","outfall":938},"geometry":{"type":"LineString","coordinates":[[101.69509,2.74122],[101.69451,2.74082]]}},{"type":"Feature","properties":{"kind":"drain","district":"Sepang","outfall":970},"geometry":{"type":"LineString","coordinates":[[101.69415,2.74058],[101.69448,2.7408]]}},{"type":"Feature","properties":{"kind":"drain","district":"Sepang","covered":true,"outfall":969},"geometry":{"type":"LineString","coordinates":[[101.69448,2.7408],[101.69451,2.74082]]}},{"type":"Feature","properties":{"kind":"drain","district":"Sepang","outfall":1059},"geometry":{"type":"LineString","coordinates":[[101.6957,2.74025],[101.69515,2.73987]]}},{"type":"Feature","properties":{"kind":"drain","district":"Sepang","outfall":1073},"geometry":{"type":"LineString","coordinates":[[101.69164,2.73765],[101.69508,2.73998]]}},{"type":"Feature","properties":{"kind":"drain","district":"Sepang","outfall":1316},"geometry":{"type":"LineString","coordinates":[[101.69041,2.73681],[101.69147,2.73753]]}},{"type":"Feature","properties":{"kind":"drain","district":"Sepang","covered":true,"outfall":1302},"geometry":{"type":"LineString","coordinates":[[101.69147,2.73753],[101.69164,2.73765]]}},{"type":"Feature","properties":{"kind":"drain","district":"Sepang","outfall":789},"geometry":{"type":"LineString","coordinates":[[101.69035,2.73677],[101.68564,2.73358]]}},{"type":"Feature","properties":{"kind":"drain","district":"Sepang","outfall":1457},"geometry":{"type":"LineString","coordinates":[[101.69779,2.7371],[101.69725,2.73674]]}},{"type":"Feature","properties":{"kind":"drain","district":"Sepang","outfall":1481},"geometry":{"type":"LineString","coordinates":[[101.69411,2.73462],[101.69725,2.73674]]}},{"type":"Feature","properties":{"kind":"drain","district":"Sepang","outfall":1023},"geometry":{"type":"LineString","coordinates":[[101.69146,2.73875],[101.69359,2.7402]]}},{"type":"Feature","properties":{"kind":"drain","district":"Sepang","covered":true,"outfall":988},"geometry":{"type":"LineString","coordinates":[[101.69359,2.7402],[101.69415,2.74058]]}},{"type":"Feature","properties":{"kind":"drain","district":"Sepang","outfall":1227},"geometry":{"type":"LineString","coordinates":[[101.68999,2.73776],[101.6909,2.73838]]}},{"type":"Feature","properties":{"kind":"drain","district":"Sepang","covered":true,"outfall":1180},"geometry":{"type":"LineString","coordinates":[[101.6909,2.73838],[101.69146,2.73875]]}},{"type":"Feature","properties":{"kind":"drain","district":"Sepang","outfall":920},"geometry":{"type":"LineString","coordinates":[[101.68819,2.73654],[101.68604,2.73508]]}},{"type":"Feature","properties":{"kind":"drain","district":"Sepang","covered":true,"outfall":784},"geometry":{"type":"LineString","coordinates":[[101.68512,2.73445],[101.68506,2.73441],[101.68503,2.73438]]}},{"type":"Feature","properties":{"kind":"drain","district":"Sepang","outfall":796},"geometry":{"type":"LineString","coordinates":[[101.6854,2.73464],[101.68512,2.73445]]}},{"type":"Feature","properties":{"kind":"drain","district":"Sepang","covered":true,"outfall":834},"geometry":{"type":"LineString","coordinates":[[101.68604,2.73508],[101.6854,2.73464]]}},{"type":"Feature","properties":{"kind":"drain","district":"Sepang","outfall":1296},"geometry":{"type":"LineString","coordinates":[[101.68997,2.73775],[101.68884,2.73697]]}},{"type":"Feature","properties":{"kind":"drain","district":"Sepang","covered":true,"outfall":1210},"geometry":{"type":"LineString","coordinates":[[101.68884,2.73697],[101.68819,2.73654]]}},{"type":"Feature","properties":{"kind":"drain","district":"Sepang","outfall":711},"geometry":{"type":"LineString","coordinates":[[101.68448,2.73402],[101.68503,2.73438]]}},{"type":"Feature","properties":{"kind":"drain","district":"Sepang","outfall":713},"geometry":{"type":"LineString","coordinates":[[101.68507,2.73319],[101.68564,2.73358]]}},{"type":"Feature","properties":{"kind":"drain","district":"Sepang","covered":true,"outfall":683},"geometry":{"type":"LineString","coordinates":[[101.68146,2.73808],[101.68102,2.73874]]}},{"type":"Feature","properties":{"kind":"drain","district":"Sepang","outfall":58},"geometry":{"type":"LineString","coordinates":[[101.67991,2.74041],[101.67914,2.74157],[101.67911,2.74158],[101.67907,2.74159],[101.67904,2.74159],[101.67899,2.74159],[101.67895,2.74158],[101.67831,2.74115],[101.67825,2.74112],[101.67816,2.74112],[101.67808,2.74112],[101.67803,2.74113],[101.67796,2.74115],[101.67789,2.74118],[101.67783,2.74121],[101.67778,2.74126],[101.67774,2.74131],[101.67669,2.7429],[101.67666,2.74292],[101.67663,2.74294],[101.67655,2.74296]]}},{"type":"Feature","properties":{"kind":"drain","district":"Sepang","covered":true,"outfall":503},"geometry":{"type":"LineString","coordinates":[[101.67999,2.74029],[101.67991,2.74041]]}},{"type":"Feature","properties":{"kind":"drain","district":"Sepang","outfall":519},"geometry":{"type":"LineString","coordinates":[[101.68017,2.74002],[101.67999,2.74029]]}},{"type":"Feature","properties":{"kind":"drain","district":"Sepang","covered":true,"outfall":555},"geometry":{"type":"LineString","coordinates":[[101.68061,2.73936],[101.68017,2.74002]]}},{"type":"Feature","properties":{"kind":"drain","district":"Sepang","outfall":644},"geometry":{"type":"LineString","coordinates":[[101.68102,2.73874],[101.68061,2.73936]]}},{"type":"Feature","properties":{"kind":"drain","district":"Sepang","outfall":682},"geometry":{"type":"LineString","coordinates":[[101.68646,2.73065],[101.68475,2.73317]]}},{"type":"Feature","properties":{"kind":"drain","district":"Sepang","outfall":573},"geometry":{"type":"LineString","coordinates":[[101.68094,2.73709],[101.67963,2.73906]]}},{"type":"Feature","properties":{"kind":"drain","district":"Sepang","outfall":334},"geometry":{"type":"LineString","coordinates":[[101.67906,2.73992],[101.67825,2.74112]]}},{"type":"Feature","properties":{"kind":"drain","district":"Sepang","covered":true,"outfall":495},"geometry":{"type":"LineString","coordinates":[[101.67916,2.73977],[101.67906,2.73992]]}},{"type":"Feature","properties":{"kind":"drain","district":"Sepang","outfall":515},"geometry":{"type":"LineString","coordinates":[[101.67924,2.73964],[101.67916,2.73977]]}},{"type":"Feature","properties":{"kind":"drain","district":"Sepang","covered":true,"outfall":532},"geometry":{"type":"LineString","coordinates":[[101.67963,2.73906],[101.67924,2.73964]]}},{"type":"Feature","properties":{"kind":"drain","district":"Sepang","outfall":443},"geometry":{"type":"LineString","coordinates":[[101.67998,2.73643],[101.67866,2.7384]]}},{"type":"Feature","properties":{"kind":"drain","district":"Sepang","outfall":0},"geometry":{"type":"LineString","coordinates":[[101.67658,2.7415],[101.67567,2.74285],[101.67564,2.74287],[101.6756,2.74288],[101.67555,2.74288],[101.67549,2.74287]]}},{"type":"Feature","properties":{"kind":"drain","district":"Sepang","covered":true,"outfall":194},"geometry":{"type":"LineString","coordinates":[[101.67667,2.74136],[101.67658,2.7415]]}},{"type":"Feature","properties":{"kind":"drain","district":"Sepang","outfall":212},"geometry":{"type":"LineString","coordinates":[[101.67827,2.73898],[101.67667,2.74136]]}},{"type":"Feature","properties":{"kind":"drain","district":"Sepang","covered":true,"outfall":443},"geometry":{"type":"LineString","coordinates":[[101.67866,2.7384],[101.67827,2.73898]]}},{"type":"Feature","properties":{"kind":"drain","district":"Sepang","outfall":166},"geometry":{"type":"LineString","coordinates":[[101.67785,2.73513],[101.67461,2.73997]]}},{"type":"Feature","properties":{"kind":"drain","district":"Sepang","outfall":0},"geometry":{"type":"LineString","coordinates":[[101.67442,2.74025],[101.67359,2.74149],[101.67357,2.7415],[101.67354,2.74151],[101.67352,2.74151],[101.67343,2.74149]]}},{"type":"Feature","properties":{"kind":"drain","district":"Sepang","covered":true,"outfall":166},"geometry":{"type":"LineString","coordinates":[[101.67461,2.73997],[101.67442,2.74025]]}},{"type":"Feature","properties":{"kind":"drain","district":"Sepang","outfall":317},"geometry":{"type":"LineString","coordinates":[[101.68059,2.74291],[101.68003,2.74252]]}},{"type":"Feature","properties":{"kind":"drain","district":"Sepang","outfall":317},"geometry":{"type":"LineString","coordinates":[[101.67983,2.74238],[101.67978,2.74235]]}},{"type":"Feature","properties":{"kind":"drain","district":"Sepang","covered":true,"outfall":317},"geometry":{"type":"LineString","coordinates":[[101.68003,2.74252],[101.67983,2.74238]]}},{"type":"Feature","properties":{"kind":"drain","district":"Sepang","outfall":282},"geometry":{"type":"LineString","coordinates":[[101.68055,2.74115],[101.68003,2.74194],[101.67986,2.74221],[101.67978,2.74235],[101.67957,2.74259]]}},{"type":"Feature","properties":{"kind":"drain","district":"Sepang","outfall":0},"geometry":{"type":"LineString","coordinates":[[101.67957,2.74259],[101.67947,2.74272],[101.67933,2.74285],[101.67924,2.74289],[101.67915,2.74292],[101.67905,2.74294],[101.67884,2.74296],[101.67655,2.74296],[101.67577,2.74297],[101.67572,2.74296],[101.67566,2.74295],[101.67559,2.74293]]}},{"type":"Feature","properties":{"kind":"drain","district":"Sepang","covered":true,"outfall":476},"geometry":{"type":"LineString","coordinates":[[101.6808,2.74076],[101.68055,2.74115]]}},{"type":"Feature","properties":{"kind":"drain","district":"Sepang","covered":true,"outfall":530},"geometry":{"type":"LineString","coordinates":[[101.68117,2.74022],[101.68081,2.74074]]}},{"type":"Feature","properties":{"kind":"drain","district":"Sepang","outfall":527},"geometry":{"type":"LineString","coordinates":[[101.68081,2.74074],[101.6808,2.74076]]}},{"type":"Feature","properties":{"kind":"drain","district":"Sepang","outfall":600},"geometry":{"type":"LineString","coordinates":[[101.68059,2.73982],[101.68114,2.7402]]}},{"type":"Feature","properties":{"kind":"drain","district":"Sepang","outfall":600},"geometry":{"type":"LineString","coordinates":[[101.68202,2.7408],[101.68119,2.74023]]}},{"type":"Feature","properties":{"kind":"drain","district":"Sepang","covered":true,"outfall":600},"geometry":{"type":"LineString","coordinates":[[101.68119,2.74023],[101.68117,2.74022]]}},{"type":"Feature","properties":{"kind":"drain","district":"Sepang","covered":true,"outfall":600},"geometry":{"type":"LineString","coordinates":[[101.68114,2.7402],[101.68117,2.74022]]}},{"type":"Feature","properties":{"kind":"drain","district":"Sepang","outfall":793},"geometry":{"type":"LineString","coordinates":[[101.68317,2.7379],[101.68291,2.73772]]}},{"type":"Feature","properties":{"kind":"drain","district":"Sepang","covered":true,"outfall":789},"geometry":{"type":"LineString","coordinates":[[101.68291,2.73772],[101.68288,2.7377]]}},{"type":"Feature","properties":{"kind":"drain","district":"Sepang","outfall":710},"geometry":{"type":"LineString","coordinates":[[101.68229,2.7373],[101.68284,2.73768]]}},{"type":"Feature","properties":{"kind":"drain","district":"Sepang","covered":true,"outfall":784},"geometry":{"type":"LineString","coordinates":[[101.68284,2.73768],[101.68288,2.7377]]}},{"type":"Feature","properties":{"kind":"drain","district":"Sepang","covered":true,"outfall":682},"geometry":{"type":"LineString","coordinates":[[101.68232,2.73682],[101.68185,2.73751]]}},{"type":"Feature","properties":{"kind":"drain","district":"Sepang","outfall":683},"geometry":{"type":"LineString","coordinates":[[101.68185,2.73751],[101.68175,2.73766],[101.68146,2.73808]]}},{"type":"Feature","properties":{"kind":"drain","district":"Sepang","outfall":682},"geometry":{"type":"LineString","coordinates":[[101.6838,2.73459],[101.68232,2.73682]]}},{"type":"Feature","properties":{"kind":"drain","district":"Sepang","covered":true,"outfall":684},"geometry":{"type":"LineString","coordinates":[[101.68423,2.73396],[101.6838,2.73459]]}},{"type":"Feature","properties":{"kind":"drain","district":"Sepang","outfall":684},"geometry":{"type":"LineString","coordinates":[[101.68434,2.73381],[101.68423,2.73396]]}},{"type":"Feature","properties":{"kind":"drain","district":"Sepang","covered":true,"outfall":682},"geometry":{"type":"LineString","coordinates":[[101.68475,2.73317],[101.68434,2.73381]]}},{"type":"Feature","properties":{"kind":"drain","district":"Sepang","covered":true,"outfall":692},"geometry":{"type":"LineString","coordinates":[[101.68559,2.73364],[101.68506,2.73441],[101.68288,2.7377],[101.68266,2.738],[101.68208,2.73762],[101.68186,2.73764]]}},{"type":"Feature","properties":{"kind":"drain","district":"Sepang","outfall":683},"geometry":{"type":"LineString","coordinates":[[101.68186,2.73764],[101.68175,2.73766]]}},{"type":"Feature","properties":{"kind":"drain","district":"Sepang","outfall":789},"geometry":{"type":"LineString","coordinates":[[101.68573,2.73345],[101.68564,2.73358],[101.68559,2.73364]]}},{"type":"Feature","properties":{"kind":"drain","district":"Sepang","outfall":443},"geometry":{"type":"LineString","coordinates":[[101.68344,2.73127],[101.68142,2.73429]]}},{"type":"Feature","properties":{"kind":"drain","district":"Sepang","covered":true,"outfall":443},"geometry":{"type":"LineString","coordinates":[[101.68142,2.73429],[101.68099,2.73492]]}},{"type":"Feature","properties":{"kind":"drain","district":"Sepang","outfall":442},"geometry":{"type":"LineString","coordinates":[[101.68099,2.73492],[101.6804,2.7358]]}},{"type":"Feature","properties":{"kind":"drain","district":"Sepang","covered":true,"outfall":442},"geometry":{"type":"LineString","coordinates":[[101.6804,2.7358],[101.67998,2.73643]]}},{"type":"Feature","properties":{"kind":"drain","district":"Sepang","outfall":572},"geometry":{"type":"LineString","coordinates":[[101.68198,2.73555],[101.68137,2.73646]]}},{"type":"Feature","properties":{"kind":"drain","district":"Sepang","covered":true,"outfall":572},"geometry":{"type":"LineString","coordinates":[[101.68137,2.73646],[101.68094,2.73709]]}},{"type":"Feature","properties":{"kind":"drain","district":"Sepang","covered":true,"outfall":574},"geometry":{"type":"LineString","coordinates":[[101.68341,2.73341],[101.68299,2.73404],[101.6824,2.73493]]}},{"type":"Feature","properties":{"kind":"drain","district":"Sepang","covered":true,"outfall":573},"geometry":{"type":"LineString","coordinates":[[101.6824,2.73493],[101.68198,2.73555]]}},{"type":"Feature","properties":{"kind":"drain","district":"Sepang","outfall":573},"geometry":{"type":"LineString","coordinates":[[101.68513,2.73085],[101.68394,2.73263]]}},{"type":"Feature","properties":{"kind":"drain","district":"Sepang","outfall":573},"geometry":{"type":"LineString","coordinates":[[101.6856,2.73015],[101.68555,2.73023]]}},{"type":"Feature","properties":{"kind":"drain","district":"Sepang","covered":true,"outfall":573},"geometry":{"type":"LineString","coordinates":[[101.68555,2.73023],[101.68513,2.73085]]}},{"type":"Feature","properties":{"kind":"drain","district":"Sepang","covered":true,"outfall":574},"geometry":{"type":"LineString","coordinates":[[101.68394,2.73263],[101.68352,2.73325]]}},{"type":"Feature","properties":{"kind":"drain","district":"Sepang","outfall":574},"geometry":{"type":"LineString","coordinates":[[101.68352,2.73325],[101.68341,2.73341]]}},{"type":"Feature","properties":{"kind":"drain","district":"Sepang","outfall":441},"geometry":{"type":"LineString","coordinates":[[101.68494,2.72901],[101.68435,2.7299]]}},{"type":"Feature","properties":{"kind":"drain","district":"Sepang","covered":true,"outfall":443},"geometry":{"type":"LineString","coordinates":[[101.68435,2.7299],[101.68344,2.73127]]}},{"type":"Feature","properties":{"kind":"drain","district":"Sepang","outfall":165},"geometry":{"type":"LineString","coordinates":[[101.6832,2.72783],[101.67853,2.7348],[101.67801,2.73489],[101.6779,2.73504]]}},{"type":"Feature","properties":{"kind":"drain","district":"Sepang","covered":true,"outfall":165},"geometry":{"type":"LineString","coordinates":[[101.6779,2.73504],[101.67785,2.73513]]}},{"type":"Feature","properties":{"kind":"drain","district":"Sepang","outfall":572},"geometry":{"type":"LineString","coordinates":[[101.68743,2.72741],[101.69001,2.72359]]}},{"type":"Feature","properties":{"kind":"drain","district":"Sepang","outfall":0},"geometry":{"type":"LineString","coordinates":[[101.70093,2.7073],[101.70097,2.70725],[101.701,2.7072],[101.70104,2.70718],[101.70108,2.70715],[101.70111,2.70713],[101.70114,2.7071],[101.70116,2.70706],[101.70117,2.70702]]}},{"type":"Feature","properties":{"kind":"drain","district":"Sepang","covered":true,"outfall":26},"geometry":{"type":"LineString","coordinates":[[101.7008,2.70749],[101.70093,2.7073]]}},{"type":"Feature","properties":{"kind":"drain","district":"Sepang","outfall":40},"geometry":{"type":"LineString","coordinates":[[101.69963,2.70924],[101.7008,2.70749]]}},{"type":"Feature","properties":{"kind":"drain","district":"Sepang","covered":true,"outfall":167},"geometry":{"type":"LineString","coordinates":[[101.69955,2.70936],[101.69963,2.70924]]}},{"type":"Feature","properties":{"kind":"drain","district":"Sepang","outfall":176},"geometry":{"type":"LineString","coordinates":[[101.69388,2.71782],[101.69955,2.70936]]}},{"type":"Feature","properties":{"kind":"drain","district":"Sepang","covered":true,"outfall":475},"geometry":{"type":"LineString","coordinates":[[101.69346,2.71845],[101.69388,2.71782]]}},{"type":"Feature","properties":{"kind":"drain","district":"Sepang","outfall":551},"geometry":{"type":"LineString","coordinates":[[101.69162,2.72119],[101.69346,2.71845]]}},{"type":"Feature","properties":{"kind":"drain","district":"Sepang","covered":true,"outfall":574},"geometry":{"type":"LineString","coordinates":[[101.6912,2.72182],[101.69162,2.72119]]}},{"type":"Feature","properties":{"kind":"drain","district":"Sepang","outfall":574},"geometry":{"type":"LineString","coordinates":[[101.69012,2.72343],[101.6912,2.72182]]}},{"type":"Feature","properties":{"kind":"drain","district":"Sepang","covered":true,"outfall":573},"geometry":{"type":"LineString","coordinates":[[101.69001,2.72359],[101.69012,2.72343]]}},{"type":"Feature","properties":{"kind":"drain","district":"Sepang","outfall":572},"geometry":{"type":"LineString","coordinates":[[101.68623,2.72921],[101.68701,2.72804]]}},{"type":"Feature","properties":{"kind":"drain","district":"Sepang","covered":true,"outfall":572},"geometry":{"type":"LineString","coordinates":[[101.68701,2.72804],[101.68743,2.72741]]}},{"type":"Feature","properties":{"kind":"drain","district":"Sepang","outfall":573},"geometry":{"type":"LineString","coordinates":[[101.68561,2.73014],[101.68565,2.73007]]}},{"type":"Feature","properties":{"kind":"drain","district":"Sepang","covered":true,"outfall":572},"geometry":{"type":"LineString","coordinates":[[101.68565,2.73007],[101.68623,2.72921]]}},{"type":"Feature","properties":{"kind":"drain","district":"Sepang","outfall":685},"geometry":{"type":"LineString","coordinates":[[101.68708,2.72976],[101.69082,2.7242]]}},{"type":"Feature","properties":{"kind":"drain","district":"Sepang","covered":true,"outfall":686},"geometry":{"type":"LineString","coordinates":[[101.69082,2.7242],[101.69103,2.72389]]}},{"type":"Feature","properties":{"kind":"drain","district":"Sepang","outfall":106},"geometry":{"type":"LineString","coordinates":[[101.69103,2.72389],[101.69247,2.72174],[101.69469,2.71842],[101.69754,2.71418],[101.70039,2.70993]]}},{"type":"Feature","properties":{"kind":"drain","district":"Sepang","outfall":46},"geometry":{"type":"LineString","coordinates":[[101.70047,2.7098],[101.70075,2.70939]]}},{"type":"Feature","properties":{"kind":"drain","district":"Sepang","outfall":0},"geometry":{"type":"LineString","coordinates":[[101.70084,2.70925],[101.70108,2.70889],[101.7011,2.70884],[101.70112,2.70879],[101.70113,2.70871]]}},{"type":"Feature","properties":{"kind":"drain","district":"Sepang","covered":true,"outfall":32},"geometry":{"type":"LineString","coordinates":[[101.70075,2.70939],[101.70084,2.70925]]}},{"type":"Feature","properties":{"kind":"drain","district":"Sepang","covered":true,"outfall":91},"geometry":{"type":"LineString","coordinates":[[101.70039,2.70993],[101.70047,2.7098]]}},{"type":"Feature","properties":{"kind":"drain","district":"Sepang","covered":true,"outfall":442},"geometry":{"type":"LineString","coordinates":[[101.68571,2.72789],[101.68662,2.72653]]}},{"type":"Feature","properties":{"kind":"drain","district":"Sepang","outfall":442},"geometry":{"type":"LineString","coordinates":[[101.68505,2.72886],[101.68571,2.72789]]}},{"type":"Feature","properties":{"kind":"drain","district":"Sepang","outfall":442},"geometry":{"type":"LineString","coordinates":[[101.68662,2.72653],[101.68904,2.72294]]}},{"type":"Feature","properties":{"kind":"drain","district":"Sepang","covered":true,"outfall":443},"geometry":{"type":"LineString","coordinates":[[101.68904,2.72294],[101.68915,2.72277]]}},{"type":"Feature","properties":{"kind":"drain","district":"Sepang","outfall":443},"geometry":{"type":"LineString","coordinates":[[101.68915,2.72277],[101.69004,2.72144]]}},{"type":"Feature","properties":{"kind":"drain","district":"Sepang","covered":true,"outfall":443},"geometry":{"type":"LineString","coordinates":[[101.69004,2.72144],[101.69066,2.72053]]}},{"type":"Feature","properties":{"kind":"drain","district":"Sepang","outfall":444},"geometry":{"type":"LineString","coordinates":[[101.69066,2.72053],[101.69073,2.72042],[101.6923,2.71808]]}},{"type":"Feature","properties":{"kind":"drain","district":"Sepang","covered":true,"outfall":444},"geometry":{"type":"LineString","coordinates":[[101.6923,2.71808],[101.69292,2.71715]]}},{"type":"Feature","properties":{"kind":"drain","district":"Sepang","outfall":391},"geometry":{"type":"LineString","coordinates":[[101.69002,2.72063],[101.69006,2.72059],[101.69009,2.72057],[101.69073,2.72042]]}},{"type":"Feature","properties":{"kind":"drain","district":"Sepang","outfall":432},"geometry":{"type":"LineString","coordinates":[[101.69292,2.71715],[101.69298,2.71706],[101.69517,2.71379],[101.69743,2.71042]]}},{"type":"Feature","properties":{"kind":"drain","district":"Sepang","covered":true,"outfall":369},"geometry":{"type":"LineString","coordinates":[[101.69743,2.71042],[101.69786,2.70978]]}},{"type":"Feature","properties":{"kind":"drain","district":"Sepang","outfall":393},"geometry":{"type":"LineString","coordinates":[[101.69225,2.71733],[101.69233,2.71721],[101.69298,2.71706]]}},{"type":"Feature","properties":{"kind":"drain","district":"Sepang","covered":true,"outfall":300},"geometry":{"type":"LineString","coordinates":[[101.69804,2.70952],[101.69842,2.70894]]}},{"type":"Feature","properties":{"kind":"drain","district":"Sepang","outfall":345},"geometry":{"type":"LineString","coordinates":[[101.69786,2.70978],[101.69804,2.70952]]}},{"type":"Feature","properties":{"kind":"drain","district":"Sepang","outfall":100},"geometry":{"type":"LineString","coordinates":[[101.69842,2.70894],[101.70001,2.70657]]}},{"type":"Feature","properties":{"kind":"drain","district":"Sepang","covered":true,"outfall":76},"geometry":{"type":"LineString","coordinates":[[101.70001,2.70657],[101.70013,2.7064]]}},{"type":"Feature","properties":{"kind":"drain","district":"Sepang","outfall":40},"geometry":{"type":"LineString","coordinates":[[101.70013,2.7064],[101.70031,2.70613]]}},{"type":"Feature","properties":{"kind":"drain","district":"Sepang","outfall":0},"geometry":{"type":"LineString","coordinates":[[101.70038,2.70602],[101.70043,2.70596],[101.70045,2.70592],[101.70046,2.70589],[101.70046,2.70586],[101.70045,2.70582],[101.70044,2.70579],[101.70041,2.70576]]}},{"type":"Feature","properties":{"kind":"drain","district":"Sepang","covered":true,"outfall":26},"geometry":{"type":"LineString","coordinates":[[101.70031,2.70613],[101.70038,2.70602]]}},{"type":"Feature","properties":{"kind":"drain","district":"Sepang","outfall":167},"geometry":{"type":"LineString","coordinates":[[101.68331,2.72766],[101.68661,2.72275],[101.69141,2.7156],[101.69467,2.71074],[101.69457,2.71023],[101.69467,2.71008]]}},{"type":"Feature","properties":{"kind":"drain","district":"Sepang","covered":true,"outfall":167},"geometry":{"type":"LineString","coordinates":[[101.69467,2.71008],[101.69473,2.70999]]}},{"type":"Feature","properties":{"kind":"drain","district":"Sepang","outfall":96},"geometry":{"type":"LineString","coordinates":[[101.69473,2.70999],[101.69797,2.70515]]}},{"type":"Feature","properties":{"kind":"drain","district":"Sepang","covered":true,"outfall":79},"geometry":{"type":"LineString","coordinates":[[101.69797,2.70515],[101.69806,2.70503]]}},{"type":"Feature","properties":{"kind":"drain","district":"Hulu Langat","name":"Parit Utama Reko","outfall":215},"geometry":{"type":"LineString","coordinates":[[101.78967,2.97772],[101.78825,2.97776],[101.78781,2.97778],[101.78742,2.9778],[101.78728,2.97782],[101.78656,2.97785]]}},{"type":"Feature","properties":{"kind":"drain","district":"Hulu Langat","covered":true,"name":"Parit Utama Reko","outfall":531},"geometry":{"type":"LineString","coordinates":[[101.78988,2.97772],[101.78967,2.97772]]}},{"type":"Feature","properties":{"kind":"drain","district":"Hulu Langat","name":"Parit Utama Reko","outfall":541},"geometry":{"type":"LineString","coordinates":[[101.79038,2.97856],[101.79031,2.97852],[101.79027,2.97846],[101.79024,2.97834],[101.79023,2.97826],[101.79026,2.97813],[101.79029,2.97798],[101.79031,2.97788],[101.79028,2.9778],[101.79022,2.97774],[101.79017,2.97771],[101.78988,2.97772]]}},{"type":"Feature","properties":{"kind":"drain","district":"Hulu Langat","covered":true,"name":"Parit Utama Reko","outfall":541},"geometry":{"type":"LineString","coordinates":[[101.79054,2.97855],[101.79038,2.97856]]}},{"type":"Feature","properties":{"kind":"drain","district":"Hulu Langat","outfall":472},"geometry":{"type":"LineString","coordinates":[[101.7809,2.92651],[101.7806,2.9267],[101.78053,2.92678],[101.78047,2.92687],[101.78038,2.92702],[101.78036,2.92709],[101.78035,2.92718],[101.78032,2.92727],[101.78027,2.92733],[101.78016,2.92739],[101.78013,2.92744],[101.78011,2.92762],[101.78008,2.9277],[101.78002,2.9278],[101.77991,2.92786],[101.77974,2.9279],[101.77974,2.92836],[101.77967,2.92836],[101.77962,2.92843],[101.77943,2.92843],[101.7794,2.92845],[101.7794,2.9287],[101.77904,2.92871]]}},{"type":"Feature","properties":{"kind":"drain","district":"Hulu Langat","outfall":387},"geometry":{"type":"LineString","coordinates":[[101.77835,2.92865],[101.77838,2.92869],[101.77834,2.92893],[101.77818,2.92905]]}},{"type":"Feature","properties":{"kind":"drain","district":"Hulu Langat","covered":true,"outfall":350},"geometry":{"type":"LineString","coordinates":[[101.77818,2.92905],[101.77814,2.92909],[101.77792,2.92928]]}},{"type":"Feature","properties":{"kind":"drain","district":"Hulu Langat","outfall":408},"geometry":{"type":"LineString","coordinates":[[101.77857,2.92884],[101.77841,2.92888],[101.77834,2.92893]]}},{"type":"Feature","properties":{"kind":"drain","district":"Hulu Langat","covered":true,"outfall":431},"geometry":{"type":"LineString","coordinates":[[101.77904,2.92871],[101.77857,2.92884]]}},{"type":"Feature","properties":{"kind":"drain","district":"Hulu Langat","outfall":981},"geometry":{"type":"LineString","coordinates":[[101.78171,2.92238],[101.7817,2.92264],[101.78179,2.9228],[101.78192,2.92301],[101.78195,2.92352],[101.78196,2.92398],[101.78196,2.92407],[101.78199,2.92425],[101.78204,2.92435],[101.78205,2.92441],[101.78205,2.92487],[101.78198,2.92517]]}},{"type":"Feature","properties":{"kind":"drain","district":"Hulu Langat","covered":true,"outfall":964},"geometry":{"type":"LineString","coordinates":[[101.78198,2.92517],[101.78194,2.92533]]}},{"type":"Feature","properties":{"kind":"drain","district":"Hulu Langat","covered":true,"outfall":635},"geometry":{"type":"LineString","coordinates":[[101.87028,2.90908],[101.87028,2.90891]]}},{"type":"Feature","properties":{"kind":"drain","district":"Hulu Langat","outfall":652},"geometry":{"type":"LineString","coordinates":[[101.87027,2.90956],[101.87028,2.90908]]}},{"type":"Feature","properties":{"kind":"ditch","district":"Hulu Langat","outfall":1066},"geometry":{"type":"LineString","coordinates":[[101.80371,2.98575],[101.80281,2.98645],[101.80021,2.98785],[101.80053,2.98865],[101.7991,2.98998],[101.79805,2.99056],[101.7976,2.99047],[101.7968,2.99088]]}},{"type":"Feature","properties":{"kind":"drain","district":"Sepang","outfall":1235},"geometry":{"type":"LineString","coordinates":[[101.73718,2.81513],[101.73724,2.81492],[101.73731,2.81467],[101.73749,2.81412],[101.73751,2.81403],[101.73754,2.81396],[101.7377,2.81376],[101.73813,2.81308]]}},{"type":"Feature","properties":{"kind":"drain","district":"Sepang","covered":true,"outfall":1583},"geometry":{"type":"LineString","coordinates":[[101.73937,2.81121],[101.73947,2.81102]]}},{"type":"Feature","properties":{"kind":"drain","district":"Sepang","outfall":1426},"geometry":{"type":"LineString","coordinates":[[101.73826,2.81291],[101.73842,2.81268],[101.73881,2.81209],[101.7392,2.8115],[101.73937,2.81121]]}},{"type":"Feature","properties":{"kind":"drain","district":"Sepang","covered":true,"outfall":1412},"geometry":{"type":"LineString","coordinates":[[101.73813,2.81308],[101.73826,2.81291]]}},{"type":"Feature","properties":{"kind":"drain","district":"Sepang","outfall":1602},"geometry":{"type":"LineString","coordinates":[[101.73947,2.81102],[101.73953,2.81084],[101.73969,2.81007],[101.73974,2.80988],[101.73974,2.80973],[101.73961,2.80872],[101.73958,2.80857],[101.73955,2.80847],[101.73938,2.80817],[101.73924,2.80792],[101.73916,2.80778],[101.73901,2.8075],[101.73889,2.80726],[101.73875,2.807],[101.73869,2.80688],[101.73864,2.80682],[101.7386,2.80678],[101.73853,2.80676],[101.73845,2.80675],[101.73832,2.80679],[101.73824,2.80681],[101.73819,2.80681],[101.73812,2.80679],[101.73806,2.80676],[101.73803,2.80671],[101.73799,2.80668],[101.738,2.80629],[101.738,2.80617]]}},{"type":"Feature","properties":{"kind":"drain","district":"Sepang","covered":true,"outfall":1798},"geometry":{"type":"LineString","coordinates":[[101.738,2.80617],[101.73799,2.80581]]}},{"type":"Feature","properties":{"kind":"drain","district":"Sepang","outfall":1115},"geometry":{"type":"LineString","coordinates":[[101.73582,2.81717],[101.73612,2.81673],[101.73654,2.81619],[101.73698,2.8155],[101.73712,2.81528]]}},{"type":"Feature","properties":{"kind":"drain","district":"Sepang","covered":true,"outfall":1222},"geometry":{"type":"LineString","coordinates":[[101.73712,2.81528],[101.73718,2.81513]]}},{"type":"Feature","properties":{"kind":"drain","district":"Hulu Langat","covered":true,"outfall":3228},"geometry":{"type":"LineString","coordinates":[[101.824,2.97341],[101.82394,2.97315]]}},{"type":"Feature","properties":{"kind":"drain","district":"Hulu Langat","outfall":3237},"geometry":{"type":"LineString","coordinates":[[101.82604,2.9777],[101.82557,2.9779],[101.82504,2.97782],[101.82494,2.97771],[101.82497,2.97726],[101.82454,2.97578],[101.82412,2.97407],[101.824,2.97341]]}},{"type":"Feature","properties":{"kind":"drain","district":"Hulu Langat","covered":true,"outfall":894},"geometry":{"type":"LineString","coordinates":[[101.78194,2.92533],[101.78185,2.92575],[101.78183,2.92578],[101.78179,2.92579],[101.7815,2.92579]]}},{"type":"Feature","properties":{"kind":"drain","district":"Hulu Langat","outfall":854},"geometry":{"type":"LineString","coordinates":[[101.7815,2.92579],[101.78141,2.92579],[101.78136,2.9258],[101.78133,2.92583],[101.78132,2.92589],[101.78132,2.9261]]}},{"type":"Feature","properties":{"kind":"drain","district":"Hulu Langat","covered":true,"outfall":790},"geometry":{"type":"LineString","coordinates":[[101.78132,2.9261],[101.7809,2.92651]]}},{"type":"Feature","properties":{"kind":"ditch","district":"Kuala Langat","outfall":0},"geometry":{"type":"LineString","coordinates":[[101.39407,2.90517],[101.38899,2.90814],[101.3889,2.90818],[101.3888,2.90828],[101.38872,2.90847],[101.38855,2.90872],[101.38833,2.90892],[101.38809,2.90905],[101.38788,2.90932],[101.38762,2.90955],[101.38744,2.90967],[101.38724,2.90977],[101.38604,2.91066],[101.38414,2.91187]]}},{"type":"Feature","properties":{"kind":"ditch","district":"Kuala Langat","outfall":828},"geometry":{"type":"LineString","coordinates":[[101.39381,2.91613],[101.39385,2.908]]}},{"type":"Feature","properties":{"kind":"ditch","district":"Kuala Langat","outfall":535},"geometry":{"type":"LineString","coordinates":[[101.4205,2.92299],[101.42072,2.92277],[101.42074,2.92263],[101.42064,2.9192],[101.42061,2.9178],[101.42057,2.9167],[101.42055,2.91662],[101.42051,2.91658],[101.42033,2.91655],[101.42023,2.9165],[101.42016,2.9164],[101.42015,2.91632],[101.41939,2.91633]]}},{"type":"Feature","properties":{"kind":"ditch","district":"Kuala Langat","outfall":627},"geometry":{"type":"LineString","coordinates":[[101.392,2.90903],[101.39195,2.91613]]}},{"type":"Feature","properties":{"kind":"ditch","district":"Kuala Langat","outfall":428},"geometry":{"type":"LineString","coordinates":[[101.38825,2.91114],[101.3882,2.91548],[101.38825,2.91581],[101.38832,2.91592],[101.3884,2.91598],[101.39003,2.91596]]}},{"type":"Feature","properties":{"kind":"ditch","district":"Kuala Langat","outfall":294},"geometry":{"type":"LineString","coordinates":[[101.38703,2.91175],[101.38713,2.91176],[101.38727,2.91171],[101.38737,2.91163],[101.38816,2.91119]]}},{"type":"Feature","properties":{"kind":"drain","district":"Hulu Langat","name":"Sungai Kongsi Lapan","outfall":0},"geometry":{"type":"LineString","coordinates":[[101.75978,3.16072],[101.75978,3.16064],[101.75927,3.1604],[101.75902,3.15975],[101.75883,3.15962],[101.75825,3.15947],[101.75762,3.15847],[101.75755,3.15836],[101.75702,3.15752],[101.75693,3.15748],[101.75631,3.1575],[101.75582,3.15749],[101.75559,3.15749],[101.75543,3.15748]]}},{"type":"Feature","properties":{"kind":"drain","district":"Hulu Langat","covered":true,"name":"Sungai Kongsi Lapan","outfall":601},"geometry":{"type":"LineString","coordinates":[[101.75968,3.16096],[101.75978,3.16072]]}},{"type":"Feature","properties":{"kind":"drain","district":"Hulu Langat","covered":true,"name":"Sungai Tinang","outfall":409},"geometry":{"type":"LineString","coordinates":[[101.76909,3.15194],[101.76881,3.15197]]}},{"type":"Feature","properties":{"kind":"drain","district":"Hulu Langat","name":"Sungai Tinang","outfall":429},"geometry":{"type":"LineString","coordinates":[[101.77344,3.14911],[101.7734,3.14905],[101.76913,3.15192],[101.76909,3.15194]]}},{"type":"Feature","properties":{"kind":"drain","district":"Hulu Langat","name":"Sungai Tinang","outfall":61},"geometry":{"type":"LineString","coordinates":[[101.76841,3.15021],[101.76741,3.14936],[101.76724,3.14901]]}},{"type":"Feature","properties":{"kind":"drain","district":"Hulu Langat","covered":true,"name":"Sungai Tinang","outfall":247},"geometry":{"type":"LineString","coordinates":[[101.76849,3.15044],[101.76841,3.15021]]}},{"type":"Feature","properties":{"kind":"drain","district":"Hulu Langat","name":"Sungai Tinang","outfall":0},"geometry":{"type":"LineString","coordinates":[[101.76719,3.14889],[101.76683,3.14864]]}},{"type":"Feature","properties":{"kind":"drain","district":"Hulu Langat","covered":true,"name":"Sungai Tinang","outfall":48},"geometry":{"type":"LineString","coordinates":[[101.76724,3.14901],[101.76719,3.14889]]}},{"type":"Feature","properties":{"kind":"drain","district":"Hulu Langat","outfall":1244},"geometry":{"type":"LineString","coordinates":[[101.78178,2.92201],[101.78172,2.92215]]}},{"type":"Feature","properties":{"kind":"drain","district":"Hulu Langat","covered":true,"outfall":1223},"geometry":{"type":"LineString","coordinates":[[101.78172,2.92215],[101.78171,2.92238]]}},{"type":"Feature","properties":{"kind":"drain","district":"Sepang","covered":true,"name":"Sungai Air Hitam","outfall":0},"geometry":{"type":"LineString","coordinates":[[101.60471,2.98051],[101.60454,2.97998]]}},{"type":"Feature","properties":{"kind":"ditch","district":"Hulu Langat","outfall":343},"geometry":{"type":"LineString","coordinates":[[101.7911,2.9701],[101.79055,2.9701]]}},{"type":"Feature","properties":{"kind":"ditch","district":"Hulu Langat","covered":true,"outfall":402},"geometry":{"type":"LineString","coordinates":[[101.7913,2.9701],[101.7911,2.9701]]}},{"type":"Feature","properties":{"kind":"ditch","district":"Hulu Langat","outfall":423},"geometry":{"type":"LineString","coordinates":[[101.79315,2.9701],[101.7913,2.9701]]}},{"type":"Feature","properties":{"kind":"ditch","district":"Hulu Langat","covered":true,"outfall":625},"geometry":{"type":"LineString","coordinates":[[101.79334,2.9701],[101.79315,2.9701]]}},{"type":"Feature","properties":{"kind":"ditch","district":"Hulu Langat","outfall":646},"geometry":{"type":"LineString","coordinates":[[101.79468,2.9701],[101.79334,2.9701]]}},{"type":"Feature","properties":{"kind":"ditch","district":"Hulu Langat","covered":true,"outfall":794},"geometry":{"type":"LineString","coordinates":[[101.79479,2.9701],[101.79468,2.9701]]}},{"type":"Feature","properties":{"kind":"ditch","district":"Hulu Langat","outfall":806},"geometry":{"type":"LineString","coordinates":[[101.79688,2.9701],[101.79479,2.9701]]}},{"type":"Feature","properties":{"kind":"ditch","district":"Hulu Langat","covered":true,"outfall":1037},"geometry":{"type":"LineString","coordinates":[[101.79701,2.9701],[101.79688,2.9701]]}},{"type":"Feature","properties":{"kind":"ditch","district":"Hulu Langat","outfall":1052},"geometry":{"type":"LineString","coordinates":[[101.79721,2.97009],[101.79701,2.9701]]}},{"type":"Feature","properties":{"kind":"drain","district":"Hulu Langat","outfall":0},"geometry":{"type":"LineString","coordinates":[[101.77859,2.99914],[101.77851,2.99906],[101.77849,2.99905],[101.77778,2.99778]]}},{"type":"Feature","properties":{"kind":"drain","district":"Hulu Langat","outfall":318},"geometry":{"type":"LineString","coordinates":[[101.78035,3.00118],[101.78041,3.00058],[101.78041,3.00053],[101.7804,3.00049],[101.78038,3.00047],[101.77978,3.00008],[101.77973,3.00005],[101.77972,3.00004]]}},{"type":"Feature","properties":{"kind":"drain","district":"Hulu Langat","covered":true,"outfall":158},"geometry":{"type":"LineString","coordinates":[[101.77972,3.00004],[101.77859,2.99914]]}},{"type":"Feature","properties":{"kind":"drain","district":"Hulu Langat","outfall":146},"geometry":{"type":"LineString","coordinates":[[101.78183,2.99678],[101.78172,2.99689],[101.78171,2.9969],[101.78169,2.99689],[101.7808,2.99629],[101.78074,2.99626],[101.78069,2.99624],[101.78066,2.99623],[101.78064,2.99623],[101.78062,2.99622],[101.78056,2.99622],[101.78052,2.99623],[101.78046,2.99624],[101.78043,2.99625],[101.78038,2.99627],[101.78032,2.99631],[101.78028,2.99634],[101.78025,2.99638],[101.78022,2.99642],[101.77851,2.99906]]}},{"type":"Feature","properties":{"kind":"drain","district":"Hulu Langat","outfall":248},"geometry":{"type":"LineString","coordinates":[[101.78231,3.00135],[101.78183,3.00126],[101.78161,3.00122],[101.78144,3.0012],[101.78133,3.00118],[101.78123,3.00113],[101.78113,3.00108],[101.78103,3.001],[101.78095,3.0009],[101.78091,3.00083],[101.78088,3.00074],[101.78088,3.00065],[101.78089,3.00056],[101.78093,3.00046],[101.78096,3.00034],[101.78097,3.00027],[101.78097,3.00019],[101.78094,3.0001],[101.78093,3.00005],[101.78093,3.0],[101.78094,2.99996],[101.78231,2.99789],[101.78235,2.99781],[101.78238,2.99771],[101.78239,2.99763],[101.78239,2.99756],[101.78237,2.99748],[101.78233,2.99738],[101.78229,2.99731],[101.78223,2.99726],[101.78217,2.99721],[101.782,2.99711],[101.78198,2.99709],[101.78198,2.99707],[101.78198,2.99705],[101.78205,2.99697],[101.78207,2.99694],[101.78207,2.99692],[101.78206,2.99689],[101.78205,2.99688],[101.78202,2.99686]]}},{"type":"Feature","properties":{"kind":"drain","district":"Hulu Langat","outfall":222},"geometry":{"type":"LineString","coordinates":[[101.78192,2.99679],[101.78172,2.99666]]}},{"type":"Feature","properties":{"kind":"drain","district":"Hulu Langat","covered":true,"outfall":239},"geometry":{"type":"LineString","coordinates":[[101.78202,2.99686],[101.78192,2.99679]]}},{"type":"Feature","properties":{"kind":"drain","district":"Hulu Langat","outfall":173},"geometry":{"type":"LineString","coordinates":[[101.78172,2.99666],[101.78114,2.99633]]}},{"type":"Feature","properties":{"kind":"drain","district":"Hulu Langat","outfall":130},"geometry":{"type":"LineString","coordinates":[[101.78114,2.99633],[101.78109,2.9963],[101.78103,2.99628],[101.78097,2.99626],[101.78075,2.9962],[101.78071,2.9962],[101.78068,2.9962],[101.78066,2.99621],[101.78064,2.99623]]}},{"type":"Feature","properties":{"kind":"drain","district":"Hulu Langat","outfall":400},"geometry":{"type":"LineString","coordinates":[[101.78281,3.00167],[101.78247,3.00154],[101.78233,3.0015],[101.78223,3.00148],[101.78211,3.00147],[101.78169,3.00147],[101.78144,3.00145],[101.78125,3.00144],[101.7811,3.0014],[101.78099,3.00136],[101.7809,3.00131],[101.78083,3.00125],[101.78074,3.00116],[101.78068,3.00108],[101.78063,3.00099],[101.78058,3.0009],[101.78056,3.00081],[101.78055,3.00072],[101.78054,3.00063],[101.78054,3.00056],[101.78052,3.0005],[101.78049,3.00044],[101.78046,3.00041]]}},{"type":"Feature","properties":{"kind":"drain","district":"Hulu Langat","outfall":326},"geometry":{"type":"LineString","coordinates":[[101.78041,3.00037],[101.78007,3.00014],[101.78004,3.00011],[101.78,3.00007],[101.77997,3.00004],[101.77995,3.00002],[101.77991,3.00002],[101.77989,3.00002],[101.77987,3.00002],[101.77978,3.00008]]}},{"type":"Feature","properties":{"kind":"drain","district":"Hulu Langat","covered":true,"outfall":403},"geometry":{"type":"LineString","coordinates":[[101.78046,3.00041],[101.78041,3.00037]]}},{"type":"Feature","properties":{"kind":"drain","district":"Hulu Langat","outfall":406},"geometry":{"type":"LineString","coordinates":[[101.7805,3.00033],[101.78038,3.00047]]}},{"type":"Feature","properties":{"kind":"drain","district":"Hulu Langat","outfall":146},"geometry":{"type":"LineString","coordinates":[[101.77661,3.00263],[101.77651,3.00259],[101.77646,3.00258],[101.77643,3.00256],[101.77641,3.00253],[101.7764,3.00251],[101.77639,3.00248],[101.77638,3.00245],[101.77639,3.00242],[101.7764,3.0024],[101.77705,3.00133],[101.77748,3.0007],[101.77792,3.00001],[101.77845,2.99922],[101.77847,2.99913],[101.77851,2.99906]]}},{"type":"Feature","properties":{"kind":"drain","district":"Hulu Langat","covered":true,"outfall":211},"geometry":{"type":"LineString","coordinates":[[101.77666,3.00264],[101.77661,3.00263]]}},{"type":"Feature","properties":{"kind":"drain","district":"Hulu Langat","outfall":222},"geometry":{"type":"LineString","coordinates":[[101.77672,3.00266],[101.7769,3.00271],[101.77696,3.00274],[101.77709,3.00279],[101.77717,3.00282],[101.77721,3.00283],[101.77725,3.00283],[101.7773,3.00281],[101.77735,3.00279],[101.77825,3.00232],[101.77829,3.00229],[101.77832,3.00225],[101.77836,3.00219],[101.77838,3.00215],[101.77838,3.0021],[101.77838,3.00207],[101.77836,3.00202],[101.77823,3.00172],[101.77823,3.00168],[101.77823,3.00165],[101.77825,3.00162],[101.77872,3.00106],[101.77897,3.00077],[101.77917,3.00056],[101.77972,3.00012],[101.77973,3.00011],[101.77973,3.00009],[101.77974,3.00007],[101.77973,3.00005]]}},{"type":"Feature","properties":{"kind":"drain","district":"Hulu Langat","covered":true,"outfall":217},"geometry":{"type":"LineString","coordinates":[[101.77667,3.00264],[101.77672,3.00266]]}},{"type":"Feature","properties":{"kind":"ditch","district":"Hulu Langat","covered":true,"outfall":303},"geometry":{"type":"LineString","coordinates":[[101.77517,3.00778],[101.77506,3.00767]]}},{"type":"Feature","properties":{"kind":"ditch","district":"Hulu Langat","outfall":317},"geometry":{"type":"LineString","coordinates":[[101.77615,3.00812],[101.77592,3.00801],[101.77517,3.00778]]}},{"type":"Feature","properties":{"kind":"ditch","district":"Hulu Langat","covered":true,"outfall":432},"geometry":{"type":"LineString","coordinates":[[101.77625,3.00816],[101.77615,3.00812]]}},{"type":"Feature","properties":{"kind":"ditch","district":"Hulu Langat","outfall":435},"geometry":{"type":"LineString","coordinates":[[101.77576,3.00922],[101.77586,3.00906],[101.77601,3.00875],[101.77627,3.00817],[101.77625,3.00816]]}},{"type":"Feature","properties":{"kind":"ditch","district":"Hulu Langat","outfall":11},"geometry":{"type":"LineString","coordinates":[[101.77396,3.00666],[101.77364,3.00655],[101.77257,3.00635]]}},{"type":"Feature","properties":{"kind":"ditch","district":"Hulu Langat","covered":true,"outfall":168},"geometry":{"type":"LineString","coordinates":[[101.77408,3.0067],[101.77396,3.00666]]}},{"type":"Feature","properties":{"kind":"ditch","district":"Hulu Langat","outfall":182},"geometry":{"type":"LineString","coordinates":[[101.77506,3.00767],[101.77439,3.00743],[101.77422,3.0068],[101.77419,3.00676],[101.77415,3.00672],[101.77408,3.0067]]}},{"type":"Feature","properties":{"kind":"drain","district":"Hulu Langat","outfall":223},"geometry":{"type":"LineString","coordinates":[[101.77977,2.96434],[101.77978,2.96319]]}},{"type":"Feature","properties":{"kind":"drain","district":"Hulu Langat","outfall":217},"geometry":{"type":"LineString","coordinates":[[101.78159,2.96436],[101.78082,2.96438],[101.77997,2.9644],[101.77992,2.9644]]}},{"type":"Feature","properties":{"kind":"drain","district":"Hulu Langat","covered":true,"outfall":217},"geometry":{"type":"LineString","coordinates":[[101.77992,2.9644],[101.77976,2.9644]]}},{"type":"Feature","properties":{"kind":"drain","district":"Hulu Langat","outfall":223},"geometry":{"type":"LineString","coordinates":[[101.77974,2.95666],[101.77993,2.95664],[101.78161,2.95663]]}},{"type":"Feature","properties":{"kind":"drain","district":"Hulu Langat","outfall":442},"geometry":{"type":"LineString","coordinates":[[101.77663,2.95687],[101.77764,2.95688],[101.77963,2.95667]]}},{"type":"Feature","properties":{"kind":"drain","district":"Hulu Langat","covered":true,"outfall":430},"geometry":{"type":"LineString","coordinates":[[101.77963,2.95667],[101.77974,2.95666]]}},{"type":"Feature","properties":{"kind":"drain","district":"Hulu Langat","outfall":0},"geometry":{"type":"LineString","coordinates":[[101.78184,2.95662],[101.78362,2.95661]]}},{"type":"Feature","properties":{"kind":"drain","district":"Hulu Langat","covered":true,"outfall":213},"geometry":{"type":"LineString","coordinates":[[101.78161,2.95663],[101.7817,2.95662]]}},{"type":"Feature","properties":{"kind":"drain","district":"Hulu Langat","covered":true,"outfall":197},"geometry":{"type":"LineString","coordinates":[[101.78174,2.95662],[101.78184,2.95662]]}},{"type":"Feature","properties":{"kind":"drain","district":"Hulu Langat","outfall":208},"geometry":{"type":"LineString","coordinates":[[101.7817,2.95662],[101.78174,2.95662]]}},{"type":"Feature","properties":{"kind":"drain","district":"Hulu Langat","covered":true,"outfall":217},"geometry":{"type":"LineString","coordinates":[[101.77976,2.9644],[101.77977,2.96434]]}},{"type":"Feature","properties":{"kind":"drain","district":"Hulu Langat","outfall":171},"geometry":{"type":"LineString","coordinates":[[101.78183,2.95284],[101.78355,2.95282]]}},{"type":"Feature","properties":{"kind":"drain","district":"Hulu Langat","outfall":375},"geometry":{"type":"LineString","coordinates":[[101.77772,2.95282],[101.77773,2.95282],[101.77868,2.95313],[101.77951,2.95289],[101.78165,2.95285]]}},{"type":"Feature","properties":{"kind":"drain","district":"Hulu Langat","covered":true,"outfall":356},"geometry":{"type":"LineString","coordinates":[[101.78165,2.95285],[101.78183,2.95284]]}},{"type":"Feature","properties":{"kind":"drain","district":"Hulu Langat","outfall":0},"geometry":{"type":"LineString","coordinates":[[101.78374,2.95281],[101.78436,2.9528],[101.78525,2.95276]]}},{"type":"Feature","properties":{"kind":"drain","district":"Hulu Langat","covered":true,"outfall":151},"geometry":{"type":"LineString","coordinates":[[101.78355,2.95282],[101.78374,2.95281]]}},{"type":"Feature","properties":{"kind":"drain","district":"Hulu Langat","outfall":871},"geometry":{"type":"LineString","coordinates":[[101.77582,2.95307],[101.77629,2.95302]]}},{"type":"Feature","properties":{"kind":"drain","district":"Hulu Langat","outfall":757},"geometry":{"type":"LineString","coordinates":[[101.77643,2.95309],[101.77646,2.95311],[101.77734,2.95313],[101.77735,2.9531]]}},{"type":"Feature","properties":{"kind":"drain","district":"Hulu Langat","covered":true,"outfall":732},"geometry":{"type":"LineString","coordinates":[[101.77755,2.9528],[101.77772,2.95282]]}},{"type":"Feature","properties":{"kind":"drain","district":"Hulu Langat","outfall":750},"geometry":{"type":"LineString","coordinates":[[101.77736,2.95296],[101.77749,2.9528],[101.77755,2.9528]]}},{"type":"Feature","properties":{"kind":"drain","district":"Hulu Langat","covered":true,"outfall":757},"geometry":{"type":"LineString","coordinates":[[101.77735,2.9531],[101.77736,2.95296]]}},{"type":"Feature","properties":{"kind":"drain","district":"Hulu Langat","covered":true,"outfall":854},"geometry":{"type":"LineString","coordinates":[[101.77635,2.95306],[101.77643,2.95309]]}},{"type":"Feature","properties":{"kind":"drain","district":"Hulu Langat","outfall":863},"geometry":{"type":"LineString","coordinates":[[101.77629,2.95302],[101.77635,2.95306]]}},{"type":"Feature","properties":{"kind":"pipeline","district":"Hulu Langat","substance":"water","outfall":241},"geometry":{"type":"LineString","coordinates":[[101.76357,2.96346],[101.7636,2.96347]]}},{"type":"Feature","properties":{"kind":"drain","district":"Sepang","outfall":107},"geometry":{"type":"LineString","coordinates":[[101.73465,2.79226],[101.7346,2.79211],[101.73401,2.7916],[101.73036,2.78966]]}},{"type":"Feature","properties":{"kind":"drain","district":"Sepang","outfall":0},"geometry":{"type":"LineString","coordinates":[[101.73027,2.7896],[101.72915,2.789],[101.72895,2.78807],[101.7289,2.78788],[101.72889,2.78772],[101.72887,2.78762]]}},{"type":"Feature","properties":{"kind":"drain","district":"Sepang","covered":true,"outfall":106},"geometry":{"type":"LineString","coordinates":[[101.73036,2.78966],[101.73027,2.7896]]}},{"type":"Feature","properties":{"kind":"drain","district":"Sepang","outfall":295},"geometry":{"type":"LineString","coordinates":[[101.73606,2.79594],[101.73583,2.79534],[101.7358,2.79517],[101.73469,2.79236]]}},{"type":"Feature","properties":{"kind":"drain","district":"Sepang","covered":true,"outfall":284},"geometry":{"type":"LineString","coordinates":[[101.73469,2.79236],[101.73465,2.79226]]}},{"type":"Feature","properties":{"kind":"ditch","district":"Hulu Langat","outfall":0},"geometry":{"type":"LineString","coordinates":[[101.75042,3.04733],[101.74878,3.04717],[101.74836,3.04714],[101.74629,3.04713],[101.74557,3.04699],[101.7454,3.04689],[101.74518,3.04681]]}},{"type":"Feature","properties":{"kind":"ditch","district":"Kuala Langat","outfall":2062},"geometry":{"type":"LineString","coordinates":[[101.50465,2.94968],[101.50405,2.94968],[101.50342,2.94968]]}},{"type":"Feature","properties":{"kind":"ditch","district":"Kuala Langat","covered":true,"outfall":2023},"geometry":{"type":"LineString","coordinates":[[101.50525,2.94969],[101.50465,2.94968]]}},{"type":"Feature","properties":{"kind":"ditch","district":"Kuala Langat","outfall":705},"geometry":{"type":"LineString","coordinates":[[101.37905,2.89786],[101.37909,2.89787],[101.37914,2.89786]]}},{"type":"Feature","properties":{"kind":"ditch","district":"Kuala Langat","covered":true,"outfall":703},"geometry":{"type":"LineString","coordinates":[[101.37898,2.89786],[101.37905,2.89786]]}},{"type":"Feature","properties":{"kind":"ditch","district":"Kuala Langat","outfall":650},"geometry":{"type":"LineString","coordinates":[[101.37676,2.89787],[101.37898,2.89786]]}},{"type":"Feature","properties":{"kind":"ditch","district":"Kuala Langat","covered":true,"outfall":649},"geometry":{"type":"LineString","coordinates":[[101.3767,2.89787],[101.37676,2.89787]]}},{"type":"Feature","properties":{"kind":"ditch","district":"Kuala Langat","outfall":624},"geometry":{"type":"LineString","coordinates":[[101.37449,2.89786],[101.3767,2.89787]]}},{"type":"Feature","properties":{"kind":"ditch","district":"Kuala Langat","covered":true,"outfall":622},"geometry":{"type":"LineString","coordinates":[[101.37444,2.89787],[101.37449,2.89786]]}},{"type":"Feature","properties":{"kind":"ditch","district":"Kuala Langat","outfall":622},"geometry":{"type":"LineString","coordinates":[[101.37222,2.89786],[101.37444,2.89787]]}},{"type":"Feature","properties":{"kind":"ditch","district":"Kuala Langat","covered":true,"outfall":623},"geometry":{"type":"LineString","coordinates":[[101.37216,2.89786],[101.37222,2.89786]]}},{"type":"Feature","properties":{"kind":"ditch","district":"Kuala Langat","outfall":624},"geometry":{"type":"LineString","coordinates":[[101.36995,2.89785],[101.37,2.89785],[101.37216,2.89786]]}},{"type":"Feature","properties":{"kind":"ditch","district":"Kuala Langat","covered":true,"outfall":659},"geometry":{"type":"LineString","coordinates":[[101.3699,2.89785],[101.36995,2.89785]]}},{"type":"Feature","properties":{"kind":"ditch","district":"Kuala Langat","outfall":660},"geometry":{"type":"LineString","coordinates":[[101.36823,2.89785],[101.3699,2.89785]]}},{"type":"Feature","properties":{"kind":"ditch","district":"Kuala Langat","covered":true,"outfall":719},"geometry":{"type":"LineString","coordinates":[[101.36817,2.89785],[101.36823,2.89785]]}},{"type":"Feature","properties":{"kind":"ditch","district":"Kuala Langat","outfall":721},"geometry":{"type":"LineString","coordinates":[[101.36635,2.89785],[101.36817,2.89785]]}},{"type":"Feature","properties":{"kind":"ditch","district":"Kuala Langat","covered":true,"outfall":804},"geometry":{"type":"LineString","coordinates":[[101.36629,2.89785],[101.36635,2.89785]]}},{"type":"Feature","properties":{"kind":"ditch","district":"Kuala Langat","outfall":807},"geometry":{"type":"LineString","coordinates":[[101.3638,2.89784],[101.36629,2.89785]]}},{"type":"Feature","properties":{"kind":"ditch","district":"Kuala Langat","covered":true,"outfall":925},"geometry":{"type":"LineString","coordinates":[[101.36373,2.89784],[101.3638,2.89784]]}},{"type":"Feature","properties":{"kind":"ditch","district":"Kuala Langat","outfall":928},"geometry":{"type":"LineString","coordinates":[[101.36107,2.89627],[101.36124,2.89637],[101.36131,2.89644],[101.36137,2.89651],[101.36144,2.89656],[101.36148,2.89663],[101.36152,2.89668],[101.36159,2.89672],[101.36164,2.89674],[101.36172,2.89682],[101.36179,2.89689],[101.36193,2.89699],[101.36216,2.89708],[101.36222,2.89709],[101.36228,2.89709],[101.36235,2.89708],[101.36251,2.89707],[101.36276,2.89704],[101.3629,2.89708],[101.36297,2.89717],[101.36303,2.89729],[101.36322,2.89744],[101.36366,2.89784],[101.36373,2.89784]]}},{"type":"Feature","properties":{"kind":"ditch","district":"Kuala Langat","outfall":703},"geometry":{"type":"LineString","coordinates":[[101.37912,2.88893],[101.37909,2.89787],[101.3791,2.89789]]}},{"type":"Feature","properties":{"kind":"ditch","district":"Kuala Langat","covered":true,"outfall":1678},"geometry":{"type":"LineString","coordinates":[[101.37913,2.88881],[101.37912,2.88893]]}},{"type":"Feature","properties":{"kind":"ditch","district":"Kuala Langat","outfall":1691},"geometry":{"type":"LineString","coordinates":[[101.37917,2.87971],[101.37913,2.88879],[101.37913,2.88881]]}},{"type":"Feature","properties":{"kind":"ditch","district":"Kuala Langat","outfall":1060},"geometry":{"type":"LineString","coordinates":[[101.36277,2.89068],[101.36276,2.89704]]}},{"type":"Feature","properties":{"kind":"ditch","district":"Kuala Langat","covered":true,"outfall":1695},"geometry":{"type":"LineString","coordinates":[[101.36277,2.89049],[101.36277,2.89068]]}},{"type":"Feature","properties":{"kind":"ditch","district":"Kuala Langat","outfall":1715},"geometry":{"type":"LineString","coordinates":[[101.3628,2.88886],[101.36277,2.89049]]}},{"type":"Feature","properties":{"kind":"ditch","district":"Kuala Langat","covered":true,"outfall":1879},"geometry":{"type":"LineString","coordinates":[[101.3628,2.88878],[101.3628,2.88886]]}},{"type":"Feature","properties":{"kind":"ditch","district":"Kuala Langat","outfall":1887},"geometry":{"type":"LineString","coordinates":[[101.36281,2.88329],[101.3628,2.88878]]}},{"type":"Feature","properties":{"kind":"ditch","district":"Kuala Langat","covered":true,"outfall":2446},"geometry":{"type":"LineString","coordinates":[[101.36281,2.8832],[101.36281,2.88329]]}},{"type":"Feature","properties":{"kind":"ditch","district":"Kuala Langat","outfall":2455},"geometry":{"type":"LineString","coordinates":[[101.36284,2.87951],[101.36281,2.8832]]}},{"type":"Feature","properties":{"kind":"ditch","district":"Kuala Langat","outfall":328},"geometry":{"type":"LineString","coordinates":[[101.37,2.898],[101.37,2.89835],[101.37032,2.90081]]}},{"type":"Feature","properties":{"kind":"ditch","district":"Kuala Langat","covered":true,"outfall":641},"geometry":{"type":"LineString","coordinates":[[101.37,2.89788],[101.37,2.898]]}},{"type":"Feature","properties":{"kind":"ditch","district":"Kuala Langat","outfall":655},"geometry":{"type":"LineString","coordinates":[[101.37004,2.88888],[101.37,2.89785],[101.37,2.89788]]}},{"type":"Feature","properties":{"kind":"ditch","district":"Kuala Langat","covered":true,"outfall":1646},"geometry":{"type":"LineString","coordinates":[[101.37004,2.88879],[101.37004,2.88888]]}},{"type":"Feature","properties":{"kind":"ditch","district":"Kuala Langat","outfall":1656},"geometry":{"type":"LineString","coordinates":[[101.37006,2.8809],[101.37004,2.88879]]}},{"type":"Feature","properties":{"kind":"ditch","district":"Kuala Langat","covered":true,"outfall":2526},"geometry":{"type":"LineString","coordinates":[[101.37006,2.88071],[101.37006,2.8809]]}},{"type":"Feature","properties":{"kind":"ditch","district":"Kuala Langat","outfall":2658},"geometry":{"type":"LineString","coordinates":[[101.37226,2.87951],[101.37008,2.87948]]}},{"type":"Feature","properties":{"kind":"ditch","district":"Kuala Langat","outfall":2547},"geometry":{"type":"LineString","coordinates":[[101.37018,2.87168],[101.37017,2.87184],[101.37012,2.87197],[101.3701,2.87218],[101.37008,2.87948],[101.37006,2.88071]]}},{"type":"Feature","properties":{"kind":"ditch","district":"Kuala Langat","covered":true,"outfall":2530},"geometry":{"type":"LineString","coordinates":[[101.36094,2.88318],[101.36094,2.88328]]}},{"type":"Feature","properties":{"kind":"ditch","district":"Kuala Langat","outfall":2540},"geometry":{"type":"LineString","coordinates":[[101.36094,2.87726],[101.36094,2.88318]]}},{"type":"Feature","properties":{"kind":"ditch","district":"Kuala Langat","outfall":737},"geometry":{"type":"LineString","coordinates":[[101.36093,2.8979],[101.36093,2.90152]]}},{"type":"Feature","properties":{"kind":"ditch","district":"Kuala Langat","covered":true,"outfall":1080},"geometry":{"type":"LineString","coordinates":[[101.36093,2.89781],[101.36093,2.8979]]}},{"type":"Feature","properties":{"kind":"ditch","district":"Kuala Langat","outfall":453},"geometry":{"type":"LineString","coordinates":[[101.36093,2.90163],[101.36093,2.90483]]}},{"type":"Feature","properties":{"kind":"ditch","district":"Kuala Langat","covered":true,"outfall":727},"geometry":{"type":"LineString","coordinates":[[101.36093,2.90152],[101.36093,2.90163]]}},{"type":"Feature","properties":{"kind":"ditch","district":"Kuala Langat","outfall":1089},"geometry":{"type":"LineString","coordinates":[[101.36094,2.88328],[101.36094,2.88712],[101.36093,2.89781]]}},{"type":"Feature","properties":{"kind":"ditch","district":"Kuala Langat","outfall":2335},"geometry":{"type":"LineString","coordinates":[[101.34998,2.8907],[101.34997,2.89202],[101.34993,2.89217],[101.34977,2.89232],[101.34947,2.89251],[101.34928,2.89253]]}},{"type":"Feature","properties":{"kind":"ditch","district":"Kuala Langat","covered":true,"outfall":304},"geometry":{"type":"LineString","coordinates":[[101.41644,2.88008],[101.41649,2.88008]]}},{"type":"Feature","properties":{"kind":"ditch","district":"Kuala Langat","outfall":310},"geometry":{"type":"LineString","coordinates":[[101.41641,2.88008],[101.41644,2.88008]]}},{"type":"Feature","properties":{"kind":"ditch","district":"Kuala Langat","covered":true,"outfall":313},"geometry":{"type":"LineString","coordinates":[[101.41626,2.88008],[101.41641,2.88008]]}},{"type":"Feature","properties":{"kind":"ditch","district":"Kuala Langat","outfall":329},"geometry":{"type":"LineString","coordinates":[[101.40718,2.88003],[101.41626,2.88008]]}},{"type":"Feature","properties":{"kind":"ditch","district":"Kuala Langat","outfall":1150},"geometry":{"type":"LineString","coordinates":[[101.39998,2.88893],[101.40153,2.88893]]}},{"type":"Feature","properties":{"kind":"ditch","district":"Kuala Langat","covered":true,"outfall":1313},"geometry":{"type":"LineString","coordinates":[[101.39991,2.88893],[101.39998,2.88893]]}},{"type":"Feature","properties":{"kind":"ditch","district":"Kuala Langat","outfall":1320},"geometry":{"type":"LineString","coordinates":[[101.39974,2.88893],[101.39991,2.88893]]}},{"type":"Feature","properties":{"kind":"ditch","district":"Kuala Langat","covered":true,"outfall":1338},"geometry":{"type":"LineString","coordinates":[[101.39968,2.88892],[101.39974,2.88893]]}},{"type":"Feature","properties":{"kind":"ditch","district":"Kuala Langat","outfall":1345},"geometry":{"type":"LineString","coordinates":[[101.39792,2.88892],[101.39968,2.88892]]}},{"type":"Feature","properties":{"kind":"ditch","district":"Kuala Langat","covered":true,"outfall":1533},"geometry":{"type":"LineString","coordinates":[[101.39774,2.88892],[101.39792,2.88892]]}},{"type":"Feature","properties":{"kind":"ditch","district":"Kuala Langat","outfall":1552},"geometry":{"type":"LineString","coordinates":[[101.39758,2.88892],[101.39773,2.88892],[101.39774,2.88892]]}},{"type":"Feature","properties":{"kind":"ditch","district":"Kuala Langat","covered":true,"outfall":1569},"geometry":{"type":"LineString","coordinates":[[101.39754,2.88891],[101.39758,2.88892]]}},{"type":"Feature","properties":{"kind":"ditch","district":"Kuala Langat","outfall":1574},"geometry":{"type":"LineString","coordinates":[[101.39618,2.8889],[101.39754,2.88891]]}},{"type":"Feature","properties":{"kind":"ditch","district":"Kuala Langat","covered":true,"outfall":1720},"geometry":{"type":"LineString","coordinates":[[101.39613,2.8889],[101.39618,2.8889]]}},{"type":"Feature","properties":{"kind":"ditch","district":"Kuala Langat","outfall":1726},"geometry":{"type":"LineString","coordinates":[[101.39546,2.8889],[101.39613,2.8889]]}},{"type":"Feature","properties":{"kind":"ditch","district":"Kuala Langat","covered":true,"outfall":1798},"geometry":{"type":"LineString","coordinates":[[101.39536,2.8889],[101.39546,2.8889]]}},{"type":"Feature","properties":{"kind":"ditch","district":"Kuala Langat","outfall":1809},"geometry":{"type":"LineString","coordinates":[[101.39439,2.8889],[101.39536,2.8889]]}},{"type":"Feature","properties":{"kind":"ditch","district":"Kuala Langat","covered":true,"outfall":1914},"geometry":{"type":"LineString","coordinates":[[101.39433,2.8889],[101.39439,2.8889]]}},{"type":"Feature","properties":{"kind":"ditch","district":"Kuala Langat","outfall":1921},"geometry":{"type":"LineString","coordinates":[[101.39322,2.88889],[101.39433,2.8889]]}},{"type":"Feature","properties":{"kind":"ditch","district":"Kuala Langat","covered":true,"outfall":2042},"geometry":{"type":"LineString","coordinates":[[101.39314,2.88889],[101.39322,2.88889]]}},{"type":"Feature","properties":{"kind":"ditch","district":"Kuala Langat","outfall":2051},"geometry":{"type":"LineString","coordinates":[[101.3926,2.88889],[101.39314,2.88889]]}},{"type":"Feature","properties":{"kind":"ditch","district":"Kuala Langat","covered":true,"outfall":2109},"geometry":{"type":"LineString","coordinates":[[101.39255,2.88889],[101.3926,2.88889]]}},{"type":"Feature","properties":{"kind":"ditch","district":"Kuala Langat","outfall":2115},"geometry":{"type":"LineString","coordinates":[[101.39083,2.88888],[101.39255,2.88889]]}},{"type":"Feature","properties":{"kind":"ditch","district":"Kuala Langat","covered":true,"outfall":2215},"geometry":{"type":"LineString","coordinates":[[101.39067,2.88887],[101.39083,2.88888]]}},{"type":"Feature","properties":{"kind":"ditch","district":"Kuala Langat","outfall":2112},"geometry":{"type":"LineString","coordinates":[[101.38905,2.88886],[101.39067,2.88887]]}},{"type":"Feature","properties":{"kind":"ditch","district":"Kuala Langat","covered":true,"outfall":2108},"geometry":{"type":"LineString","coordinates":[[101.38898,2.88886],[101.38905,2.88886]]}},{"type":"Feature","properties":{"kind":"ditch","district":"Kuala Langat","outfall":2059},"geometry":{"type":"LineString","coordinates":[[101.3882,2.88886],[101.38822,2.88886],[101.38898,2.88886]]}},{"type":"Feature","properties":{"kind":"ditch","district":"Kuala Langat","covered":true,"outfall":2055},"geometry":{"type":"LineString","coordinates":[[101.38812,2.88885],[101.3882,2.88886]]}},{"type":"Feature","properties":{"kind":"ditch","district":"Kuala Langat","outfall":1950},"geometry":{"type":"LineString","coordinates":[[101.38635,2.88884],[101.38812,2.88885]]}},{"type":"Feature","properties":{"kind":"ditch","district":"Kuala Langat","covered":true,"outfall":1947},"geometry":{"type":"LineString","coordinates":[[101.38629,2.88884],[101.38635,2.88884]]}},{"type":"Feature","properties":{"kind":"ditch","district":"Kuala Langat","outfall":1916},"geometry":{"type":"LineString","coordinates":[[101.38571,2.88884],[101.38629,2.88884]]}},{"type":"Feature","properties":{"kind":"ditch","district":"Kuala Langat","covered":true,"outfall":1912},"geometry":{"type":"LineString","coordinates":[[101.38564,2.88884],[101.38571,2.88884]]}},{"type":"Feature","properties":{"kind":"ditch","district":"Kuala Langat","outfall":1861},"geometry":{"type":"LineString","coordinates":[[101.38458,2.88883],[101.38564,2.88884]]}},{"type":"Feature","properties":{"kind":"ditch","district":"Kuala Langat","covered":true,"outfall":1858},"geometry":{"type":"LineString","coordinates":[[101.38452,2.88883],[101.38458,2.88883]]}},{"type":"Feature","properties":{"kind":"ditch","district":"Kuala Langat","outfall":1820},"geometry":{"type":"LineString","coordinates":[[101.38365,2.88883],[101.38452,2.88883]]}},{"type":"Feature","properties":{"kind":"ditch","district":"Kuala Langat","covered":true,"outfall":1818},"geometry":{"type":"LineString","coordinates":[[101.38358,2.88882],[101.38365,2.88883]]}},{"type":"Feature","properties":{"kind":"ditch","district":"Kuala Langat","outfall":1788},"geometry":{"type":"LineString","coordinates":[[101.3828,2.88882],[101.38358,2.88882]]}},{"type":"Feature","properties":{"kind":"ditch","district":"Kuala Langat","covered":true,"outfall":1786},"geometry":{"type":"LineString","coordinates":[[101.38274,2.88882],[101.3828,2.88882]]}},{"type":"Feature","properties":{"kind":"ditch","district":"Kuala Langat","outfall":1749},"geometry":{"type":"LineString","coordinates":[[101.38154,2.88881],[101.38274,2.88882]]}},{"type":"Feature","properties":{"kind":"ditch","district":"Kuala Langat","covered":true,"outfall":1748},"geometry":{"type":"LineString","coordinates":[[101.38148,2.88881],[101.38154,2.88881]]}},{"type":"Feature","properties":{"kind":"ditch","district":"Kuala Langat","outfall":1735},"geometry":{"type":"LineString","coordinates":[[101.38101,2.88881],[101.38148,2.88881]]}},{"type":"Feature","properties":{"kind":"ditch","district":"Kuala Langat","covered":true,"outfall":1734},"geometry":{"type":"LineString","coordinates":[[101.38095,2.88881],[101.38101,2.88881]]}},{"type":"Feature","properties":{"kind":"ditch","district":"Kuala Langat","outfall":1695},"geometry":{"type":"LineString","coordinates":[[101.37922,2.88879],[101.38095,2.88881]]}},{"type":"Feature","properties":{"kind":"ditch","district":"Kuala Langat","covered":true,"outfall":1694},"geometry":{"type":"LineString","coordinates":[[101.37917,2.88879],[101.37922,2.88879]]}},{"type":"Feature","properties":{"kind":"ditch","district":"Kuala Langat","outfall":1061},"geometry":{"type":"LineString","coordinates":[[101.4016,2.88893],[101.40239,2.88893]]}},{"type":"Feature","properties":{"kind":"ditch","district":"Kuala Langat","covered":true,"outfall":1143},"geometry":{"type":"LineString","coordinates":[[101.40153,2.88893],[101.4016,2.88893]]}},{"type":"Feature","properties":{"kind":"ditch","district":"Kuala Langat","covered":true,"outfall":1054},"geometry":{"type":"LineString","coordinates":[[101.40239,2.88893],[101.40246,2.88893]]}},{"type":"Feature","properties":{"kind":"ditch","district":"Kuala Langat","outfall":961},"geometry":{"type":"LineString","coordinates":[[101.40246,2.88893],[101.40338,2.88893]]}},{"type":"Feature","properties":{"kind":"ditch","district":"Kuala Langat","outfall":829},"geometry":{"type":"LineString","coordinates":[[101.40345,2.88894],[101.4047,2.88895]]}},{"type":"Feature","properties":{"kind":"ditch","district":"Kuala Langat","covered":true,"outfall":953},"geometry":{"type":"LineString","coordinates":[[101.40338,2.88893],[101.40345,2.88894]]}},{"type":"Feature","properties":{"kind":"ditch","district":"Kuala Langat","outfall":784},"geometry":{"type":"LineString","coordinates":[[101.40476,2.88895],[101.40516,2.88895]]}},{"type":"Feature","properties":{"kind":"ditch","district":"Kuala Langat","covered":true,"outfall":823},"geometry":{"type":"LineString","coordinates":[[101.4047,2.88895],[101.40476,2.88895]]}},{"type":"Feature","properties":{"kind":"ditch","district":"Kuala Langat","outfall":612},"geometry":{"type":"LineString","coordinates":[[101.40523,2.88895],[101.40692,2.88896]]}},{"type":"Feature","properties":{"kind":"ditch","district":"Kuala Langat","covered":true,"outfall":777},"geometry":{"type":"LineString","coordinates":[[101.40516,2.88895],[101.40523,2.88895]]}},{"type":"Feature","properties":{"kind":"ditch","district":"Kuala Langat","outfall":310},"geometry":{"type":"LineString","coordinates":[[101.40716,2.88896],[101.41021,2.88897]]}},{"type":"Feature","properties":{"kind":"ditch","district":"Kuala Langat","covered":true,"outfall":588},"geometry":{"type":"LineString","coordinates":[[101.40692,2.88896],[101.40716,2.88896]]}},{"type":"Feature","properties":{"kind":"ditch","district":"Kuala Langat","covered":true,"outfall":305},"geometry":{"type":"LineString","coordinates":[[101.41021,2.88897],[101.41029,2.88896]]}},{"type":"Feature","properties":{"kind":"ditch","district":"Kuala Langat","outfall":1693},"geometry":{"type":"LineString","coordinates":[[101.37913,2.88879],[101.37917,2.88879]]}},{"type":"Feature","properties":{"kind":"ditch","district":"Kuala Langat","outfall":1391},"geometry":{"type":"LineString","coordinates":[[101.40816,2.8719],[101.40813,2.87183]]}},{"type":"Feature","properties":{"kind":"ditch","district":"Kuala Langat","covered":true,"outfall":1388},"geometry":{"type":"LineString","coordinates":[[101.40816,2.87196],[101.40816,2.8719]]}},{"type":"Feature","properties":{"kind":"ditch","district":"Kuala Langat","outfall":1388},"geometry":{"type":"LineString","coordinates":[[101.40716,2.87245],[101.4081,2.87248],[101.40814,2.87246],[101.40816,2.8724],[101.40816,2.87196]]}},{"type":"Feature","properties":{"kind":"ditch","district":"Kuala Langat","outfall":966},"geometry":{"type":"LineString","coordinates":[[101.41227,2.87223],[101.41227,2.87208]]}},{"type":"Feature","properties":{"kind":"ditch","district":"Kuala Langat","covered":true,"outfall":955},"geometry":{"type":"LineString","coordinates":[[101.41226,2.87244],[101.41227,2.87223]]}},{"type":"Feature","properties":{"kind":"ditch","district":"Kuala Langat","outfall":951},"geometry":{"type":"LineString","coordinates":[[101.41226,2.87252],[101.41226,2.87244]]}},{"type":"Feature","properties":{"kind":"ditch","district":"Kuala Langat","covered":true,"outfall":946},"geometry":{"type":"LineString","coordinates":[[101.41226,2.87262],[101.41226,2.87252]]}},{"type":"Feature","properties":{"kind":"ditch","district":"Kuala Langat","outfall":855},"geometry":{"type":"LineString","coordinates":[[101.41227,2.87452],[101.41226,2.87262]]}},{"type":"Feature","properties":{"kind":"ditch","district":"Kuala Langat","outfall":796},"geometry":{"type":"LineString","coordinates":[[101.41408,2.87229],[101.41408,2.87211]]}},{"type":"Feature","properties":{"kind":"ditch","district":"Kuala Langat","covered":true,"outfall":783},"geometry":{"type":"LineString","coordinates":[[101.41407,2.8725],[101.41408,2.87229]]}},{"type":"Feature","properties":{"kind":"ditch","district":"Kuala Langat","outfall":776},"geometry":{"type":"LineString","coordinates":[[101.41408,2.87259],[101.41407,2.8725]]}},{"type":"Feature","properties":{"kind":"ditch","district":"Kuala Langat","covered":true,"outfall":772},"geometry":{"type":"LineString","coordinates":[[101.41408,2.87266],[101.41408,2.87259]]}},{"type":"Feature","properties":{"kind":"ditch","district":"Kuala Langat","outfall":673},"geometry":{"type":"LineString","coordinates":[[101.41407,2.8745],[101.41408,2.87266]]}},{"type":"Feature","properties":{"kind":"ditch","district":"Kuala Langat","covered":true,"outfall":670},"geometry":{"type":"LineString","coordinates":[[101.41407,2.87458],[101.41407,2.8745]]}},{"type":"Feature","properties":{"kind":"ditch","district":"Kuala Langat","outfall":587},"geometry":{"type":"LineString","coordinates":[[101.41407,2.87647],[101.41407,2.87458]]}},{"type":"Feature","properties":{"kind":"ditch","district":"Kuala Langat","outfall":916},"geometry":{"type":"LineString","coordinates":[[101.43556,2.88438],[101.43558,2.88236]]}},{"type":"Feature","properties":{"kind":"ditch","district":"Kuala Langat","covered":true,"outfall":979},"geometry":{"type":"LineString","coordinates":[[101.43556,2.88444],[101.43556,2.88438]]}},{"type":"Feature","properties":{"kind":"ditch","district":"Kuala Langat","outfall":766},"geometry":{"type":"LineString","coordinates":[[101.43552,2.88815],[101.43556,2.88444]]}},{"type":"Feature","properties":{"kind":"ditch","district":"Kuala Langat","covered":true,"outfall":759},"geometry":{"type":"LineString","coordinates":[[101.43552,2.88823],[101.43552,2.88815]]}},{"type":"Feature","properties":{"kind":"ditch","district":"Kuala Langat","outfall":742},"geometry":{"type":"LineString","coordinates":[[101.43551,2.88844],[101.43552,2.88823]]}},{"type":"Feature","properties":{"kind":"ditch","district":"Kuala Langat","covered":true,"outfall":723},"geometry":{"type":"LineString","coordinates":[[101.43551,2.88869],[101.43551,2.88844]]}},{"type":"Feature","properties":{"kind":"ditch","district":"Kuala Langat","outfall":716},"geometry":{"type":"LineString","coordinates":[[101.4355,2.88877],[101.43551,2.88869]]}},{"type":"Feature","properties":{"kind":"ditch","district":"Kuala Langat","covered":true,"outfall":710},"geometry":{"type":"LineString","coordinates":[[101.4355,2.88885],[101.4355,2.88877]]}},{"type":"Feature","properties":{"kind":"ditch","district":"Kuala Langat","outfall":518},"geometry":{"type":"LineString","coordinates":[[101.43544,2.89225],[101.4355,2.88885]]}},{"type":"Feature","properties":{"kind":"ditch","district":"Kuala Langat","covered":true,"outfall":193},"geometry":{"type":"LineString","coordinates":[[101.43582,2.86739],[101.43582,2.86735]]}},{"type":"Feature","properties":{"kind":"ditch","district":"Kuala Langat","outfall":197},"geometry":{"type":"LineString","coordinates":[[101.43571,2.87479],[101.43582,2.86739]]}},{"type":"Feature","properties":{"kind":"ditch","district":"Kuala Langat","outfall":1008},"geometry":{"type":"LineString","coordinates":[[101.43902,2.88939],[101.43903,2.88922],[101.43903,2.88903],[101.43905,2.88873]]}},{"type":"Feature","properties":{"kind":"ditch","district":"Kuala Langat","covered":true,"outfall":1003},"geometry":{"type":"LineString","coordinates":[[101.43901,2.88947],[101.43902,2.88939]]}},{"type":"Feature","properties":{"kind":"ditch","district":"Kuala Langat","outfall":1047},"geometry":{"type":"LineString","coordinates":[[101.43905,2.88865],[101.43905,2.88853]]}},{"type":"Feature","properties":{"kind":"ditch","district":"Kuala Langat","covered":true,"outfall":1043},"geometry":{"type":"LineString","coordinates":[[101.43905,2.88873],[101.43905,2.88865]]}},{"type":"Feature","properties":{"kind":"ditch","district":"Kuala Langat","outfall":208},"geometry":{"type":"LineString","coordinates":[[101.44273,2.886],[101.44289,2.88589],[101.4434,2.88564],[101.44488,2.8848],[101.44523,2.88464],[101.44606,2.88416],[101.44652,2.8839]]}},{"type":"Feature","properties":{"kind":"ditch","district":"Kuala Langat","covered":true,"outfall":199},"geometry":{"type":"LineString","coordinates":[[101.44652,2.8839],[101.4466,2.88386]]}},{"type":"Feature","properties":{"kind":"ditch","district":"Kuala Langat","covered":true,"outfall":363},"geometry":{"type":"LineString","coordinates":[[101.40876,2.89805],[101.40888,2.89805]]}},{"type":"Feature","properties":{"kind":"ditch","district":"Kuala Langat","outfall":374},"geometry":{"type":"LineString","coordinates":[[101.40694,2.89805],[101.40876,2.89805]]}},{"type":"Feature","properties":{"kind":"ditch","district":"Kuala Langat","covered":true,"outfall":549},"geometry":{"type":"LineString","coordinates":[[101.40685,2.89805],[101.40694,2.89805]]}},{"type":"Feature","properties":{"kind":"ditch","district":"Kuala Langat","outfall":558},"geometry":{"type":"LineString","coordinates":[[101.4052,2.89805],[101.40685,2.89805]]}},{"type":"Feature","properties":{"kind":"ditch","district":"Kuala Langat","covered":true,"outfall":729},"geometry":{"type":"LineString","coordinates":[[101.40513,2.89805],[101.4052,2.89805]]}},{"type":"Feature","properties":{"kind":"ditch","district":"Kuala Langat","outfall":737},"geometry":{"type":"LineString","coordinates":[[101.40413,2.89804],[101.40513,2.89805]]}},{"type":"Feature","properties":{"kind":"ditch","district":"Kuala Langat","covered":true,"outfall":843},"geometry":{"type":"LineString","coordinates":[[101.40404,2.89805],[101.40413,2.89804]]}},{"type":"Feature","properties":{"kind":"ditch","district":"Kuala Langat","outfall":853},"geometry":{"type":"LineString","coordinates":[[101.40344,2.89805],[101.40404,2.89805]]}},{"type":"Feature","properties":{"kind":"ditch","district":"Kuala Langat","covered":true,"outfall":917},"geometry":{"type":"LineString","coordinates":[[101.40336,2.89804],[101.40344,2.89805]]}},{"type":"Feature","properties":{"kind":"ditch","district":"Kuala Langat","outfall":925},"geometry":{"type":"LineString","coordinates":[[101.40151,2.89804],[101.40336,2.89804]]}},{"type":"Feature","properties":{"kind":"ditch","district":"Kuala Langat","covered":true,"outfall":1126},"geometry":{"type":"LineString","coordinates":[[101.40144,2.89804],[101.40151,2.89804]]}},{"type":"Feature","properties":{"kind":"ditch","district":"Kuala Langat","outfall":1134},"geometry":{"type":"LineString","coordinates":[[101.39783,2.89801],[101.40144,2.89804]]}},{"type":"Feature","properties":{"kind":"ditch","district":"Kuala Langat","covered":true,"outfall":1528},"geometry":{"type":"LineString","coordinates":[[101.39774,2.89801],[101.39783,2.89801]]}},{"type":"Feature","properties":{"kind":"ditch","district":"Kuala Langat","outfall":1538},"geometry":{"type":"LineString","coordinates":[[101.3976,2.89801],[101.39772,2.89801],[101.39774,2.89801]]}},{"type":"Feature","properties":{"kind":"ditch","district":"Kuala Langat","outfall":209},"geometry":{"type":"LineString","coordinates":[[101.41048,2.89792],[101.41004,2.89793],[101.40996,2.89794],[101.4099,2.89799],[101.40987,2.89807],[101.40987,2.89816]]}},{"type":"Feature","properties":{"kind":"ditch","district":"Kuala Langat","covered":true,"outfall":203},"geometry":{"type":"LineString","coordinates":[[101.41055,2.89793],[101.41048,2.89792]]}},{"type":"Feature","properties":{"kind":"ditch","district":"Kuala Langat","outfall":169},"geometry":{"type":"LineString","coordinates":[[101.41095,2.89797],[101.41076,2.89801],[101.41061,2.89801],[101.41058,2.89799],[101.41055,2.89793]]}},{"type":"Feature","properties":{"kind":"ditch","district":"Kuala Langat","outfall":269},"geometry":{"type":"LineString","coordinates":[[101.40888,2.89805],[101.40912,2.8981],[101.4093,2.89815],[101.40987,2.89816],[101.41,2.89818]]}},{"type":"Feature","properties":{"kind":"ditch","district":"Kuala Langat","outfall":253},"geometry":{"type":"LineString","coordinates":[[101.41006,2.89818],[101.41013,2.89818],[101.4102,2.89821]]}},{"type":"Feature","properties":{"kind":"ditch","district":"Kuala Langat","covered":true,"outfall":264},"geometry":{"type":"LineString","coordinates":[[101.41,2.89818],[101.41006,2.89818]]}},{"type":"Feature","properties":{"kind":"ditch","district":"Kuala Langat","outfall":1327},"geometry":{"type":"LineString","coordinates":[[101.3958,2.90416],[101.39413,2.90514]]}},{"type":"Feature","properties":{"kind":"ditch","district":"Kuala Langat","covered":true,"outfall":1542},"geometry":{"type":"LineString","coordinates":[[101.39588,2.90412],[101.3958,2.90416]]}},{"type":"Feature","properties":{"kind":"ditch","district":"Kuala Langat","outfall":1556},"geometry":{"type":"LineString","coordinates":[[101.39593,2.89812],[101.39591,2.9041]]}},{"type":"Feature","properties":{"kind":"ditch","district":"Kuala Langat","covered":true,"outfall":1320},"geometry":{"type":"LineString","coordinates":[[101.39413,2.90514],[101.39407,2.90517]]}},{"type":"Feature","properties":{"kind":"ditch","district":"Kuala Langat","outfall":1552},"geometry":{"type":"LineString","coordinates":[[101.39773,2.90304],[101.39591,2.9041],[101.39588,2.90412]]}},{"type":"Feature","properties":{"kind":"ditch","district":"Kuala Langat","outfall":318},"geometry":{"type":"LineString","coordinates":[[101.3791,2.89798],[101.37909,2.89808],[101.37677,2.90092]]}},{"type":"Feature","properties":{"kind":"ditch","district":"Kuala Langat","covered":true,"outfall":693},"geometry":{"type":"LineString","coordinates":[[101.3791,2.89789],[101.3791,2.89798]]}},{"type":"Feature","properties":{"kind":"ditch","district":"Kuala Langat","outfall":1261},"geometry":{"type":"LineString","coordinates":[[101.38813,2.89792],[101.38816,2.89792]]}},{"type":"Feature","properties":{"kind":"ditch","district":"Kuala Langat","covered":true,"outfall":1255},"geometry":{"type":"LineString","coordinates":[[101.38805,2.89792],[101.38813,2.89792]]}},{"type":"Feature","properties":{"kind":"ditch","district":"Kuala Langat","outfall":1129},"geometry":{"type":"LineString","coordinates":[[101.38629,2.8979],[101.38805,2.89792]]}},{"type":"Feature","properties":{"kind":"ditch","district":"Kuala Langat","covered":true,"outfall":1124},"geometry":{"type":"LineString","coordinates":[[101.38623,2.8979],[101.38629,2.8979]]}},{"type":"Feature","properties":{"kind":"ditch","district":"Kuala Langat","outfall":1085},"geometry":{"type":"LineString","coordinates":[[101.38568,2.8979],[101.38623,2.8979]]}},{"type":"Feature","properties":{"kind":"ditch","district":"Kuala Langat","covered":true,"outfall":1080},"geometry":{"type":"LineString","coordinates":[[101.38561,2.8979],[101.38568,2.8979]]}},{"type":"Feature","properties":{"kind":"ditch","district":"Kuala Langat","outfall":1000},"geometry":{"type":"LineString","coordinates":[[101.3845,2.89789],[101.38561,2.8979]]}},{"type":"Feature","properties":{"kind":"ditch","district":"Kuala Langat","covered":true,"outfall":996},"geometry":{"type":"LineString","coordinates":[[101.38445,2.8979],[101.3845,2.89789]]}},{"type":"Feature","properties":{"kind":"ditch","district":"Kuala Langat","outfall":936},"geometry":{"type":"LineString","coordinates":[[101.38353,2.89789],[101.38445,2.8979]]}},{"type":"Feature","properties":{"kind":"ditch","district":"Kuala Langat","covered":true,"outfall":932},"geometry":{"type":"LineString","coordinates":[[101.38346,2.89789],[101.38353,2.89789]]}},{"type":"Feature","properties":{"kind":"ditch","district":"Kuala Langat","outfall":886},"geometry":{"type":"LineString","coordinates":[[101.38272,2.89788],[101.38346,2.89789]]}},{"type":"Feature","properties":{"kind":"ditch","district":"Kuala Langat","covered":true,"outfall":882},"geometry":{"type":"LineString","coordinates":[[101.38265,2.89788],[101.38272,2.89788]]}},{"type":"Feature","properties":{"kind":"ditch","district":"Kuala Langat","outfall":798},"geometry":{"type":"LineString","coordinates":[[101.38128,2.89787],[101.38265,2.89788]]}},{"type":"Feature","properties":{"kind":"ditch","district":"Kuala Langat","covered":true,"outfall":795},"geometry":{"type":"LineString","coordinates":[[101.38123,2.89787],[101.38128,2.89787]]}},{"type":"Feature","properties":{"kind":"ditch","district":"Kuala Langat","outfall":779},"geometry":{"type":"LineString","coordinates":[[101.38094,2.89787],[101.38123,2.89787]]}},{"type":"Feature","properties":{"kind":"ditch","district":"Kuala Langat","covered":true,"outfall":776},"geometry":{"type":"LineString","coordinates":[[101.38088,2.89787],[101.38094,2.89787]]}},{"type":"Feature","properties":{"kind":"ditch","district":"Kuala Langat","outfall":709},"geometry":{"type":"LineString","coordinates":[[101.37922,2.89786],[101.38088,2.89787]]}},{"type":"Feature","properties":{"kind":"ditch","district":"Kuala Langat","covered":true,"outfall":707},"geometry":{"type":"LineString","coordinates":[[101.37914,2.89786],[101.37922,2.89786]]}},{"type":"Feature","properties":{"kind":"ditch","district":"Kuala Langat","outfall":2060},"geometry":{"type":"LineString","coordinates":[[101.38836,2.87993],[101.38822,2.88886]]}},{"type":"Feature","properties":{"kind":"ditch","district":"Kuala Langat","covered":true,"outfall":2905},"geometry":{"type":"LineString","coordinates":[[101.38836,2.87988],[101.38836,2.87993]]}},{"type":"Feature","properties":{"kind":"ditch","district":"Kuala Langat","outfall":2907},"geometry":{"type":"LineString","coordinates":[[101.38836,2.8798],[101.38836,2.87988]]}},{"type":"Feature","properties":{"kind":"ditch","district":"Kuala Langat","outfall":1263},"geometry":{"type":"LineString","coordinates":[[101.38821,2.88899],[101.38816,2.89792]]}},{"type":"Feature","properties":{"kind":"ditch","district":"Kuala Langat","outfall":546},"geometry":{"type":"LineString","coordinates":[[101.41672,2.95197],[101.41373,2.95198]]}},{"type":"Feature","properties":{"kind":"ditch","district":"Kuala Langat","covered":true,"outfall":542},"geometry":{"type":"LineString","coordinates":[[101.41677,2.95197],[101.41672,2.95197]]}},{"type":"Feature","properties":{"kind":"ditch","district":"Kuala Langat","outfall":169},"geometry":{"type":"LineString","coordinates":[[101.4053,2.94104],[101.40657,2.94102]]}},{"type":"Feature","properties":{"kind":"ditch","district":"Kuala Langat","covered":true,"outfall":251},"geometry":{"type":"LineString","coordinates":[[101.40522,2.94104],[101.4053,2.94104]]}},{"type":"Feature","properties":{"kind":"ditch","district":"Kuala Langat","outfall":256},"geometry":{"type":"LineString","coordinates":[[101.40316,2.94105],[101.40522,2.94104]]}},{"type":"Feature","properties":{"kind":"ditch","district":"Kuala Langat","covered":true,"outfall":417},"geometry":{"type":"LineString","coordinates":[[101.4031,2.94105],[101.40316,2.94105]]}},{"type":"Feature","properties":{"kind":"ditch","district":"Kuala Langat","outfall":423},"geometry":{"type":"LineString","coordinates":[[101.40136,2.94105],[101.4031,2.94105]]}},{"type":"Feature","properties":{"kind":"ditch","district":"Kuala Langat","covered":true,"outfall":594},"geometry":{"type":"LineString","coordinates":[[101.4013,2.94106],[101.40136,2.94105]]}},{"type":"Feature","properties":{"kind":"ditch","district":"Kuala Langat","outfall":600},"geometry":{"type":"LineString","coordinates":[[101.39955,2.94105],[101.4013,2.94106]]}},{"type":"Feature","properties":{"kind":"ditch","district":"Kuala Langat","covered":true,"outfall":730},"geometry":{"type":"LineString","coordinates":[[101.39949,2.94105],[101.39955,2.94105]]}},{"type":"Feature","properties":{"kind":"ditch","district":"Kuala Langat","outfall":651},"geometry":{"type":"LineString","coordinates":[[101.39785,2.94105],[101.39949,2.94105]]}},{"type":"Feature","properties":{"kind":"ditch","district":"Kuala Langat","covered":true,"outfall":805},"geometry":{"type":"LineString","coordinates":[[101.39775,2.93538],[101.39775,2.93548]]}},{"type":"Feature","properties":{"kind":"ditch","district":"Kuala Langat","outfall":806},"geometry":{"type":"LineString","coordinates":[[101.39774,2.93203],[101.39775,2.93538]]}},{"type":"Feature","properties":{"kind":"ditch","district":"Kuala Langat","outfall":805},"geometry":{"type":"LineString","coordinates":[[101.39775,2.93548],[101.39774,2.93923]]}},{"type":"Feature","properties":{"kind":"ditch","district":"Kuala Langat","covered":true,"outfall":820},"geometry":{"type":"LineString","coordinates":[[101.39774,2.93923],[101.39774,2.93931]]}},{"type":"Feature","properties":{"kind":"ditch","district":"Kuala Langat","outfall":614},"geometry":{"type":"LineString","coordinates":[[101.39774,2.93931],[101.39775,2.94106],[101.39777,2.94138]]}},{"type":"Feature","properties":{"kind":"ditch","district":"Kuala Langat","covered":true,"outfall":295},"geometry":{"type":"LineString","coordinates":[[101.40675,2.95197],[101.40671,2.95197]]}},{"type":"Feature","properties":{"kind":"ditch","district":"Kuala Langat","outfall":298},"geometry":{"type":"LineString","coordinates":[[101.40949,2.95198],[101.40675,2.95197]]}},{"type":"Feature","properties":{"kind":"ditch","district":"Kuala Langat","covered":true,"outfall":557},"geometry":{"type":"LineString","coordinates":[[101.40954,2.95197],[101.40949,2.95198]]}},{"type":"Feature","properties":{"kind":"ditch","district":"Kuala Langat","outfall":562},"geometry":{"type":"LineString","coordinates":[[101.41363,2.95198],[101.40954,2.95197]]}},{"type":"Feature","properties":{"kind":"ditch","district":"Kuala Langat","covered":true,"outfall":837},"geometry":{"type":"LineString","coordinates":[[101.41373,2.95198],[101.41363,2.95198]]}},{"type":"Feature","properties":{"kind":"ditch","district":"Kuala Langat","outfall":155},"geometry":{"type":"LineString","coordinates":[[101.42038,2.95114],[101.42038,2.95185],[101.42041,2.9519],[101.4204,2.95195],[101.42034,2.95197],[101.41677,2.95197]]}},{"type":"Feature","properties":{"kind":"ditch","district":"Kuala Langat","outfall":668},"geometry":{"type":"LineString","coordinates":[[101.39378,2.9228],[101.39381,2.91627]]}},{"type":"Feature","properties":{"kind":"ditch","district":"Kuala Langat","covered":true,"outfall":445},"geometry":{"type":"LineString","coordinates":[[101.39033,2.91625],[101.39028,2.91625]]}},{"type":"Feature","properties":{"kind":"ditch","district":"Kuala Langat","outfall":450},"geometry":{"type":"LineString","coordinates":[[101.39187,2.91626],[101.39033,2.91625]]}},{"type":"Feature","properties":{"kind":"ditch","district":"Kuala Langat","outfall":256},"geometry":{"type":"LineString","coordinates":[[101.39188,2.92274],[101.3905,2.92271],[101.38998,2.92268]]}},{"type":"Feature","properties":{"kind":"ditch","district":"Kuala Langat","covered":true,"outfall":462},"geometry":{"type":"LineString","coordinates":[[101.39196,2.92274],[101.39188,2.92274]]}},{"type":"Feature","properties":{"kind":"ditch","district":"Kuala Langat","outfall":470},"geometry":{"type":"LineString","coordinates":[[101.39368,2.9228],[101.39196,2.92274]]}},{"type":"Feature","properties":{"kind":"ditch","district":"Kuala Langat","covered":true,"outfall":657},"geometry":{"type":"LineString","coordinates":[[101.39377,2.9228],[101.39368,2.9228]]}},{"type":"Feature","properties":{"kind":"ditch","district":"Kuala Langat","outfall":667},"geometry":{"type":"LineString","coordinates":[[101.39567,2.92284],[101.39378,2.9228],[101.39377,2.9228]]}},{"type":"Feature","properties":{"kind":"ditch","district":"Kuala Langat","covered":true,"outfall":876},"geometry":{"type":"LineString","coordinates":[[101.39574,2.92284],[101.39567,2.92284]]}},{"type":"Feature","properties":{"kind":"ditch","district":"Kuala Langat","outfall":884},"geometry":{"type":"LineString","coordinates":[[101.39775,2.92285],[101.39574,2.92284]]}},{"type":"Feature","properties":{"kind":"ditch","district":"Kuala Langat","covered":true,"outfall":1106},"geometry":{"type":"LineString","coordinates":[[101.39783,2.92285],[101.39775,2.92285]]}},{"type":"Feature","properties":{"kind":"ditch","district":"Kuala Langat","outfall":1115},"geometry":{"type":"LineString","coordinates":[[101.39871,2.92287],[101.39783,2.92285]]}},{"type":"Feature","properties":{"kind":"ditch","district":"Kuala Langat","covered":true,"outfall":1212},"geometry":{"type":"LineString","coordinates":[[101.39877,2.92287],[101.39871,2.92287]]}},{"type":"Feature","properties":{"kind":"ditch","district":"Kuala Langat","outfall":1217},"geometry":{"type":"LineString","coordinates":[[101.40049,2.92287],[101.39877,2.92287]]}},{"type":"Feature","properties":{"kind":"ditch","district":"Kuala Langat","covered":true,"outfall":1214},"geometry":{"type":"LineString","coordinates":[[101.40055,2.92287],[101.40049,2.92287]]}},{"type":"Feature","properties":{"kind":"ditch","district":"Kuala Langat","outfall":1115},"geometry":{"type":"LineString","coordinates":[[101.40227,2.92288],[101.40055,2.92287]]}},{"type":"Feature","properties":{"kind":"ditch","district":"Kuala Langat","covered":true,"outfall":1110},"geometry":{"type":"LineString","coordinates":[[101.40234,2.92289],[101.40227,2.92288]]}},{"type":"Feature","properties":{"kind":"ditch","district":"Kuala Langat","outfall":1065},"geometry":{"type":"LineString","coordinates":[[101.40313,2.9229],[101.40234,2.92289]]}},{"type":"Feature","properties":{"kind":"ditch","district":"Kuala Langat","covered":true,"outfall":1060},"geometry":{"type":"LineString","coordinates":[[101.40322,2.9229],[101.40313,2.9229]]}},{"type":"Feature","properties":{"kind":"ditch","district":"Kuala Langat","outfall":1012},"geometry":{"type":"LineString","coordinates":[[101.40406,2.92291],[101.40322,2.9229]]}},{"type":"Feature","properties":{"kind":"ditch","district":"Kuala Langat","covered":true,"outfall":1009},"geometry":{"type":"LineString","coordinates":[[101.40412,2.92291],[101.40406,2.92291]]}},{"type":"Feature","properties":{"kind":"ditch","district":"Kuala Langat","outfall":992},"geometry":{"type":"LineString","coordinates":[[101.40444,2.92291],[101.40412,2.92291]]}},{"type":"Feature","properties":{"kind":"ditch","district":"Kuala Langat","covered":true,"outfall":988},"geometry":{"type":"LineString","coordinates":[[101.40453,2.92291],[101.40444,2.92291]]}},{"type":"Feature","properties":{"kind":"ditch","district":"Kuala Langat","outfall":909},"geometry":{"type":"LineString","coordinates":[[101.40656,2.92293],[101.40453,2.92291]]}},{"type":"Feature","properties":{"kind":"ditch","district":"Kuala Langat","covered":true,"outfall":906},"geometry":{"type":"LineString","coordinates":[[101.40663,2.92293],[101.40656,2.92293]]}},{"type":"Feature","properties":{"kind":"ditch","district":"Kuala Langat","outfall":897},"geometry":{"type":"LineString","coordinates":[[101.40692,2.92293],[101.40663,2.92293]]}},{"type":"Feature","properties":{"kind":"ditch","district":"Kuala Langat","covered":true,"outfall":895},"geometry":{"type":"LineString","coordinates":[[101.40697,2.92293],[101.40692,2.92293]]}},{"type":"Feature","properties":{"kind":"ditch","district":"Kuala Langat","outfall":879},"geometry":{"type":"LineString","coordinates":[[101.40747,2.92293],[101.40697,2.92293]]}},{"type":"Feature","properties":{"kind":"ditch","district":"Kuala Langat","covered":true,"outfall":878},"geometry":{"type":"LineString","coordinates":[[101.40752,2.92293],[101.40747,2.92293]]}},{"type":"Feature","properties":{"kind":"ditch","district":"Kuala Langat","outfall":860},"geometry":{"type":"LineString","coordinates":[[101.40803,2.92294],[101.40752,2.92293]]}},{"type":"Feature","properties":{"kind":"ditch","district":"Kuala Langat","covered":true,"outfall":859},"geometry":{"type":"LineString","coordinates":[[101.40808,2.92294],[101.40803,2.92294]]}},{"type":"Feature","properties":{"kind":"ditch","district":"Kuala Langat","outfall":851},"geometry":{"type":"LineString","coordinates":[[101.40833,2.92294],[101.40808,2.92294]]}},{"type":"Feature","properties":{"kind":"ditch","district":"Kuala Langat","covered":true,"outfall":849},"geometry":{"type":"LineString","coordinates":[[101.40839,2.92294],[101.40833,2.92294]]}},{"type":"Feature","properties":{"kind":"ditch","district":"Kuala Langat","outfall":844},"geometry":{"type":"LineString","coordinates":[[101.40853,2.92295],[101.40839,2.92294]]}},{"type":"Feature","properties":{"kind":"ditch","district":"Kuala Langat","covered":true,"outfall":843},"geometry":{"type":"LineString","coordinates":[[101.40859,2.92294],[101.40853,2.92295]]}},{"type":"Feature","properties":{"kind":"ditch","district":"Kuala Langat","outfall":829},"geometry":{"type":"LineString","coordinates":[[101.40912,2.92295],[101.40859,2.92294]]}},{"type":"Feature","properties":{"kind":"ditch","district":"Kuala Langat","covered":true,"outfall":828},"geometry":{"type":"LineString","coordinates":[[101.40917,2.92295],[101.40912,2.92295]]}},{"type":"Feature","properties":{"kind":"ditch","district":"Kuala Langat","outfall":820},"geometry":{"type":"LineString","coordinates":[[101.40967,2.92295],[101.40917,2.92295]]}},{"type":"Feature","properties":{"kind":"ditch","district":"Kuala Langat","covered":true,"outfall":819},"geometry":{"type":"LineString","coordinates":[[101.40972,2.92295],[101.40967,2.92295]]}},{"type":"Feature","properties":{"kind":"ditch","district":"Kuala Langat","outfall":816},"geometry":{"type":"LineString","coordinates":[[101.41011,2.92295],[101.40972,2.92295]]}},{"type":"Feature","properties":{"kind":"ditch","district":"Kuala Langat","covered":true,"outfall":815},"geometry":{"type":"LineString","coordinates":[[101.41026,2.92295],[101.41011,2.92295]]}},{"type":"Feature","properties":{"kind":"ditch","district":"Kuala Langat","outfall":814},"geometry":{"type":"LineString","coordinates":[[101.41075,2.92296],[101.41026,2.92295]]}},{"type":"Feature","properties":{"kind":"ditch","district":"Kuala Langat","covered":true,"outfall":814},"geometry":{"type":"LineString","coordinates":[[101.4108,2.92296],[101.41075,2.92296]]}},{"type":"Feature","properties":{"kind":"ditch","district":"Kuala Langat","outfall":814},"geometry":{"type":"LineString","coordinates":[[101.4113,2.92295],[101.4108,2.92296]]}},{"type":"Feature","properties":{"kind":"ditch","district":"Kuala Langat","covered":true,"outfall":820},"geometry":{"type":"LineString","coordinates":[[101.41135,2.92295],[101.4113,2.92295]]}},{"type":"Feature","properties":{"kind":"ditch","district":"Kuala Langat","outfall":820},"geometry":{"type":"LineString","coordinates":[[101.41189,2.92296],[101.41135,2.92295]]}},{"type":"Feature","properties":{"kind":"ditch","district":"Kuala Langat","covered":true,"outfall":825},"geometry":{"type":"LineString","coordinates":[[101.41196,2.92296],[101.41189,2.92296]]}},{"type":"Feature","properties":{"kind":"ditch","district":"Kuala Langat","outfall":825},"geometry":{"type":"LineString","coordinates":[[101.41241,2.92296],[101.41196,2.92296]]}},{"type":"Feature","properties":{"kind":"ditch","district":"Kuala Langat","covered":true,"outfall":830},"geometry":{"type":"LineString","coordinates":[[101.41246,2.92296],[101.41241,2.92296]]}},{"type":"Feature","properties":{"kind":"ditch","district":"Kuala Langat","outfall":831},"geometry":{"type":"LineString","coordinates":[[101.41297,2.92296],[101.41246,2.92296]]}},{"type":"Feature","properties":{"kind":"ditch","district":"Kuala Langat","covered":true,"outfall":836},"geometry":{"type":"LineString","coordinates":[[101.41302,2.92296],[101.41297,2.92296]]}},{"type":"Feature","properties":{"kind":"ditch","district":"Kuala Langat","outfall":836},"geometry":{"type":"LineString","coordinates":[[101.41352,2.92296],[101.41302,2.92296]]}},{"type":"Feature","properties":{"kind":"ditch","district":"Kuala Langat","covered":true,"outfall":842},"geometry":{"type":"LineString","coordinates":[[101.41356,2.92295],[101.41352,2.92296]]}},{"type":"Feature","properties":{"kind":"ditch","district":"Kuala Langat","outfall":843},"geometry":{"type":"LineString","coordinates":[[101.41368,2.92296],[101.41356,2.92295]]}},{"type":"Feature","properties":{"kind":"ditch","district":"Kuala Langat","covered":true,"outfall":843},"geometry":{"type":"LineString","coordinates":[[101.41374,2.92296],[101.41368,2.92296]]}},{"type":"Feature","properties":{"kind":"ditch","district":"Kuala Langat","outfall":844},"geometry":{"type":"LineString","coordinates":[[101.41406,2.92296],[101.41374,2.92296]]}},{"type":"Feature","properties":{"kind":"ditch","district":"Kuala Langat","covered":true,"outfall":847},"geometry":{"type":"LineString","coordinates":[[101.41411,2.92296],[101.41406,2.92296]]}},{"type":"Feature","properties":{"kind":"ditch","district":"Kuala Langat","outfall":848},"geometry":{"type":"LineString","coordinates":[[101.4146,2.92296],[101.41411,2.92296]]}},{"type":"Feature","properties":{"kind":"ditch","district":"Kuala Langat","covered":true,"outfall":853},"geometry":{"type":"LineString","coordinates":[[101.41466,2.92296],[101.4146,2.92296]]}},{"type":"Feature","properties":{"kind":"ditch","district":"Kuala Langat","outfall":854},"geometry":{"type":"LineString","coordinates":[[101.41563,2.92296],[101.41466,2.92296]]}},{"type":"Feature","properties":{"kind":"ditch","district":"Kuala Langat","covered":true,"outfall":864},"geometry":{"type":"LineString","coordinates":[[101.41571,2.92296],[101.41563,2.92296]]}},{"type":"Feature","properties":{"kind":"ditch","district":"Kuala Langat","outfall":864},"geometry":{"type":"LineString","coordinates":[[101.41749,2.92296],[101.41571,2.92296]]}},{"type":"Feature","properties":{"kind":"ditch","district":"Kuala Langat","covered":true,"outfall":895},"geometry":{"type":"LineString","coordinates":[[101.41756,2.92296],[101.41749,2.92296]]}},{"type":"Feature","properties":{"kind":"ditch","district":"Kuala Langat","outfall":896},"geometry":{"type":"LineString","coordinates":[[101.41921,2.92297],[101.41756,2.92296]]}},{"type":"Feature","properties":{"kind":"ditch","district":"Kuala Langat","covered":true,"outfall":905},"geometry":{"type":"LineString","coordinates":[[101.41929,2.92297],[101.41921,2.92297]]}},{"type":"Feature","properties":{"kind":"ditch","district":"Kuala Langat","outfall":786},"geometry":{"type":"LineString","coordinates":[[101.4205,2.92299],[101.42042,2.92297],[101.41929,2.92297]]}},{"type":"Feature","properties":{"kind":"ditch","district":"Kuala Langat","covered":true,"outfall":825},"geometry":{"type":"LineString","coordinates":[[101.39381,2.91624],[101.39381,2.91613]]}},{"type":"Feature","properties":{"kind":"ditch","district":"Kuala Langat","outfall":824},"geometry":{"type":"LineString","coordinates":[[101.39381,2.91627],[101.39381,2.91624]]}},{"type":"Feature","properties":{"kind":"ditch","district":"Kuala Langat","outfall":623},"geometry":{"type":"LineString","coordinates":[[101.39195,2.91623],[101.39195,2.91626]]}},{"type":"Feature","properties":{"kind":"ditch","district":"Kuala Langat","covered":true,"outfall":624},"geometry":{"type":"LineString","coordinates":[[101.39195,2.91613],[101.39195,2.91623]]}},{"type":"Feature","properties":{"kind":"ditch","district":"Kuala Langat","covered":true,"outfall":615},"geometry":{"type":"LineString","coordinates":[[101.39194,2.91626],[101.39187,2.91626]]}},{"type":"Feature","properties":{"kind":"ditch","district":"Kuala Langat","outfall":622},"geometry":{"type":"LineString","coordinates":[[101.39372,2.91627],[101.39195,2.91626],[101.39194,2.91626]]}},{"type":"Feature","properties":{"kind":"ditch","district":"Kuala Langat","covered":true,"outfall":815},"geometry":{"type":"LineString","coordinates":[[101.39378,2.91627],[101.39372,2.91627]]}},{"type":"Feature","properties":{"kind":"ditch","district":"Kuala Langat","outfall":821},"geometry":{"type":"LineString","coordinates":[[101.39572,2.91628],[101.39381,2.91627],[101.39378,2.91627]]}},{"type":"Feature","properties":{"kind":"ditch","district":"Kuala Langat","covered":true,"outfall":1031},"geometry":{"type":"LineString","coordinates":[[101.39579,2.91628],[101.39572,2.91628]]}},{"type":"Feature","properties":{"kind":"ditch","district":"Kuala Langat","outfall":1039},"geometry":{"type":"LineString","coordinates":[[101.39768,2.91629],[101.39579,2.91628]]}},{"type":"Feature","properties":{"kind":"ditch","district":"Kuala Langat","covered":true,"outfall":1243},"geometry":{"type":"LineString","coordinates":[[101.39782,2.91629],[101.39768,2.91629]]}},{"type":"Feature","properties":{"kind":"ditch","district":"Kuala Langat","outfall":1258},"geometry":{"type":"LineString","coordinates":[[101.3987,2.9163],[101.39782,2.91629]]}},{"type":"Feature","properties":{"kind":"ditch","district":"Kuala Langat","covered":true,"outfall":1353},"geometry":{"type":"LineString","coordinates":[[101.39877,2.9163],[101.3987,2.9163]]}},{"type":"Feature","properties":{"kind":"ditch","district":"Kuala Langat","outfall":1361},"geometry":{"type":"LineString","coordinates":[[101.40048,2.91632],[101.39877,2.9163]]}},{"type":"Feature","properties":{"kind":"ditch","district":"Kuala Langat","covered":true,"outfall":1546},"geometry":{"type":"LineString","coordinates":[[101.40055,2.91632],[101.40048,2.91632]]}},{"type":"Feature","properties":{"kind":"ditch","district":"Kuala Langat","outfall":1553},"geometry":{"type":"LineString","coordinates":[[101.40226,2.91634],[101.40055,2.91632]]}},{"type":"Feature","properties":{"kind":"ditch","district":"Kuala Langat","covered":true,"outfall":1738},"geometry":{"type":"LineString","coordinates":[[101.40233,2.91634],[101.40226,2.91634]]}},{"type":"Feature","properties":{"kind":"ditch","district":"Kuala Langat","outfall":1688},"geometry":{"type":"LineString","coordinates":[[101.40405,2.91637],[101.40233,2.91634]]}},{"type":"Feature","properties":{"kind":"ditch","district":"Kuala Langat","covered":true,"outfall":1686},"geometry":{"type":"LineString","coordinates":[[101.40413,2.91637],[101.40405,2.91637]]}},{"type":"Feature","properties":{"kind":"ditch","district":"Kuala Langat","outfall":1673},"geometry":{"type":"LineString","coordinates":[[101.40449,2.91638],[101.40413,2.91637]]}},{"type":"Feature","properties":{"kind":"ditch","district":"Kuala Langat","covered":true,"outfall":1671},"geometry":{"type":"LineString","coordinates":[[101.40456,2.91638],[101.40449,2.91638]]}},{"type":"Feature","properties":{"kind":"ditch","district":"Kuala Langat","outfall":1601},"geometry":{"type":"LineString","coordinates":[[101.40664,2.91641],[101.40456,2.91638]]}},{"type":"Feature","properties":{"kind":"ditch","district":"Kuala Langat","covered":true,"outfall":1600},"geometry":{"type":"LineString","coordinates":[[101.4067,2.91641],[101.40664,2.91641]]}},{"type":"Feature","properties":{"kind":"ditch","district":"Kuala Langat","outfall":1470},"geometry":{"type":"LineString","coordinates":[[101.40841,2.91642],[101.4067,2.91641]]}},{"type":"Feature","properties":{"kind":"ditch","district":"Kuala Langat","covered":true,"outfall":1463},"geometry":{"type":"LineString","coordinates":[[101.40848,2.91642],[101.40841,2.91642]]}},{"type":"Feature","properties":{"kind":"ditch","district":"Kuala Langat","outfall":1327},"geometry":{"type":"LineString","coordinates":[[101.40988,2.91642],[101.40848,2.91642]]}},{"type":"Feature","properties":{"kind":"ditch","district":"Kuala Langat","covered":true,"outfall":1323},"geometry":{"type":"LineString","coordinates":[[101.40993,2.91642],[101.40988,2.91642]]}},{"type":"Feature","properties":{"kind":"ditch","district":"Kuala Langat","outfall":1298},"geometry":{"type":"LineString","coordinates":[[101.41019,2.91642],[101.40993,2.91642]]}},{"type":"Feature","properties":{"kind":"ditch","district":"Kuala Langat","covered":true,"outfall":1291},"geometry":{"type":"LineString","coordinates":[[101.41026,2.91642],[101.41019,2.91642]]}},{"type":"Feature","properties":{"kind":"ditch","district":"Kuala Langat","outfall":1126},"geometry":{"type":"LineString","coordinates":[[101.41198,2.91642],[101.41026,2.91642]]}},{"type":"Feature","properties":{"kind":"ditch","district":"Kuala Langat","covered":true,"outfall":1119},"geometry":{"type":"LineString","coordinates":[[101.41205,2.91642],[101.41198,2.91642]]}},{"type":"Feature","properties":{"kind":"ditch","district":"Kuala Langat","outfall":957},"geometry":{"type":"LineString","coordinates":[[101.41376,2.9164],[101.41205,2.91642]]}},{"type":"Feature","properties":{"kind":"ditch","district":"Kuala Langat","covered":true,"outfall":950},"geometry":{"type":"LineString","coordinates":[[101.41383,2.9164],[101.41376,2.9164]]}},{"type":"Feature","properties":{"kind":"ditch","district":"Kuala Langat","outfall":788},"geometry":{"type":"LineString","coordinates":[[101.4157,2.91638],[101.41383,2.9164]]}},{"type":"Feature","properties":{"kind":"ditch","district":"Kuala Langat","covered":true,"outfall":783},"geometry":{"type":"LineString","coordinates":[[101.41577,2.91638],[101.4157,2.91638]]}},{"type":"Feature","properties":{"kind":"ditch","district":"Kuala Langat","outfall":654},"geometry":{"type":"LineString","coordinates":[[101.41755,2.91636],[101.41577,2.91638]]}},{"type":"Feature","properties":{"kind":"ditch","district":"Kuala Langat","covered":true,"outfall":649},"geometry":{"type":"LineString","coordinates":[[101.41762,2.91636],[101.41755,2.91636]]}},{"type":"Feature","properties":{"kind":"ditch","district":"Kuala Langat","outfall":539},"geometry":{"type":"LineString","coordinates":[[101.41932,2.91633],[101.41762,2.91636]]}},{"type":"Feature","properties":{"kind":"ditch","district":"Kuala Langat","outfall":0},"geometry":{"type":"LineString","coordinates":[[101.39028,2.91625],[101.38806,2.91623],[101.3862,2.91663]]}},{"type":"Feature","properties":{"kind":"ditch","district":"Kuala Langat","covered":true,"outfall":535},"geometry":{"type":"LineString","coordinates":[[101.41939,2.91633],[101.41932,2.91633]]}},{"type":"Feature","properties":{"kind":"ditch","district":"Kuala Langat","outfall":434},"geometry":{"type":"LineString","coordinates":[[101.39008,2.91596],[101.39011,2.91596],[101.39013,2.91008]]}},{"type":"Feature","properties":{"kind":"ditch","district":"Kuala Langat","covered":true,"outfall":428},"geometry":{"type":"LineString","coordinates":[[101.39003,2.91596],[101.39008,2.91596]]}},{"type":"Feature","properties":{"kind":"ditch","district":"Kuala Langat","outfall":1483},"geometry":{"type":"LineString","coordinates":[[101.39772,2.89364],[101.39773,2.89629]]}},{"type":"Feature","properties":{"kind":"ditch","district":"Kuala Langat","covered":true,"outfall":1483},"geometry":{"type":"LineString","coordinates":[[101.39772,2.89357],[101.39772,2.89364]]}},{"type":"Feature","properties":{"kind":"ditch","district":"Kuala Langat","outfall":1484},"geometry":{"type":"LineString","coordinates":[[101.39772,2.89091],[101.39772,2.89357]]}},{"type":"Feature","properties":{"kind":"ditch","district":"Kuala Langat","covered":true,"outfall":1511},"geometry":{"type":"LineString","coordinates":[[101.39772,2.89084],[101.39772,2.89091]]}},{"type":"Feature","properties":{"kind":"ditch","district":"Kuala Langat","covered":true,"outfall":1537},"geometry":{"type":"LineString","coordinates":[[101.39772,2.89787],[101.39772,2.89798]]}},{"type":"Feature","properties":{"kind":"ditch","district":"Kuala Langat","outfall":1539},"geometry":{"type":"LineString","coordinates":[[101.39772,2.89798],[101.39772,2.89801]]}},{"type":"Feature","properties":{"kind":"ditch","district":"Kuala Langat","outfall":1506},"geometry":{"type":"LineString","coordinates":[[101.39773,2.89636],[101.39772,2.89787]]}},{"type":"Feature","properties":{"kind":"ditch","district":"Kuala Langat","covered":true,"outfall":1505},"geometry":{"type":"LineString","coordinates":[[101.39773,2.89629],[101.39773,2.89636]]}},{"type":"Feature","properties":{"kind":"ditch","district":"Kuala Langat","outfall":1512},"geometry":{"type":"LineString","coordinates":[[101.39773,2.88966],[101.39772,2.89084]]}},{"type":"Feature","properties":{"kind":"ditch","district":"Kuala Langat","covered":true,"outfall":1534},"geometry":{"type":"LineString","coordinates":[[101.39773,2.88959],[101.39773,2.88966]]}},{"type":"Feature","properties":{"kind":"ditch","district":"Kuala Langat","outfall":1535},"geometry":{"type":"LineString","coordinates":[[101.39773,2.88902],[101.39773,2.88959]]}},{"type":"Feature","properties":{"kind":"ditch","district":"Kuala Langat","covered":true,"outfall":1550},"geometry":{"type":"LineString","coordinates":[[101.39773,2.88895],[101.39773,2.88902]]}},{"type":"Feature","properties":{"kind":"ditch","district":"Kuala Langat","outfall":1552},"geometry":{"type":"LineString","coordinates":[[101.39773,2.88892],[101.39773,2.88895]]}},{"type":"Feature","properties":{"kind":"ditch","district":"Kuala Langat","outfall":443},"geometry":{"type":"LineString","coordinates":[[101.38822,2.91115],[101.38825,2.91114],[101.39004,2.91013]]}},{"type":"Feature","properties":{"kind":"ditch","district":"Kuala Langat","covered":true,"outfall":435},"geometry":{"type":"LineString","coordinates":[[101.38816,2.91119],[101.38822,2.91115]]}},{"type":"Feature","properties":{"kind":"ditch","district":"Kuala Langat","outfall":682},"geometry":{"type":"LineString","coordinates":[[101.3901,2.9101],[101.39013,2.91008],[101.39193,2.90907]]}},{"type":"Feature","properties":{"kind":"ditch","district":"Kuala Langat","covered":true,"outfall":674},"geometry":{"type":"LineString","coordinates":[[101.39004,2.91013],[101.3901,2.9101]]}},{"type":"Feature","properties":{"kind":"ditch","district":"Kuala Langat","outfall":921},"geometry":{"type":"LineString","coordinates":[[101.39198,2.90904],[101.392,2.90903],[101.3927,2.90864]]}},{"type":"Feature","properties":{"kind":"ditch","district":"Kuala Langat","covered":true,"outfall":915},"geometry":{"type":"LineString","coordinates":[[101.39193,2.90907],[101.39198,2.90904]]}},{"type":"Feature","properties":{"kind":"ditch","district":"Kuala Langat","outfall":1019},"geometry":{"type":"LineString","coordinates":[[101.39275,2.90861],[101.39374,2.90805]]}},{"type":"Feature","properties":{"kind":"ditch","district":"Kuala Langat","covered":true,"outfall":1013},"geometry":{"type":"LineString","coordinates":[[101.3927,2.90864],[101.39275,2.90861]]}},{"type":"Feature","properties":{"kind":"ditch","district":"Kuala Langat","outfall":1156},"geometry":{"type":"LineString","coordinates":[[101.39382,2.90801],[101.39385,2.908],[101.39526,2.9072],[101.39533,2.90718],[101.39578,2.90718]]}},{"type":"Feature","properties":{"kind":"ditch","district":"Kuala Langat","covered":true,"outfall":1146},"geometry":{"type":"LineString","coordinates":[[101.39374,2.90805],[101.39382,2.90801]]}},{"type":"Feature","properties":{"kind":"ditch","district":"Kuala Langat","outfall":1400},"geometry":{"type":"LineString","coordinates":[[101.39586,2.90718],[101.39775,2.9072]]}},{"type":"Feature","properties":{"kind":"ditch","district":"Kuala Langat","covered":true,"outfall":1392},"geometry":{"type":"LineString","coordinates":[[101.39578,2.90718],[101.39586,2.90718]]}},{"type":"Feature","properties":{"kind":"ditch","district":"Kuala Langat","outfall":1596},"geometry":{"type":"LineString","coordinates":[[101.39783,2.9072],[101.39957,2.90722]]}},{"type":"Feature","properties":{"kind":"ditch","district":"Kuala Langat","covered":true,"outfall":1588},"geometry":{"type":"LineString","coordinates":[[101.39775,2.9072],[101.39783,2.9072]]}},{"type":"Feature","properties":{"kind":"ditch","district":"Kuala Langat","outfall":1550},"geometry":{"type":"LineString","coordinates":[[101.39965,2.90722],[101.40228,2.90724]]}},{"type":"Feature","properties":{"kind":"ditch","district":"Kuala Langat","covered":true,"outfall":1768},"geometry":{"type":"LineString","coordinates":[[101.39957,2.90722],[101.39965,2.90722]]}},{"type":"Feature","properties":{"kind":"ditch","district":"Kuala Langat","outfall":1346},"geometry":{"type":"LineString","coordinates":[[101.40235,2.90724],[101.40457,2.90726]]}},{"type":"Feature","properties":{"kind":"ditch","district":"Kuala Langat","covered":true,"outfall":1544},"geometry":{"type":"LineString","coordinates":[[101.40228,2.90724],[101.40235,2.90724]]}},{"type":"Feature","properties":{"kind":"ditch","district":"Kuala Langat","outfall":1153},"geometry":{"type":"LineString","coordinates":[[101.40465,2.90726],[101.40676,2.90729]]}},{"type":"Feature","properties":{"kind":"ditch","district":"Kuala Langat","covered":true,"outfall":1339},"geometry":{"type":"LineString","coordinates":[[101.40457,2.90726],[101.40465,2.90726]]}},{"type":"Feature","properties":{"kind":"ditch","district":"Kuala Langat","outfall":1000},"geometry":{"type":"LineString","coordinates":[[101.40684,2.90729],[101.4085,2.9073]]}},{"type":"Feature","properties":{"kind":"ditch","district":"Kuala Langat","covered":true,"outfall":1146},"geometry":{"type":"LineString","coordinates":[[101.40676,2.90729],[101.40684,2.90729]]}},{"type":"Feature","properties":{"kind":"ditch","district":"Kuala Langat","outfall":841},"geometry":{"type":"LineString","coordinates":[[101.40857,2.9073],[101.41028,2.90732]]}},{"type":"Feature","properties":{"kind":"ditch","district":"Kuala Langat","covered":true,"outfall":993},"geometry":{"type":"LineString","coordinates":[[101.4085,2.9073],[101.40857,2.9073]]}},{"type":"Feature","properties":{"kind":"ditch","district":"Kuala Langat","outfall":677},"geometry":{"type":"LineString","coordinates":[[101.41036,2.90732],[101.41207,2.90734]]}},{"type":"Feature","properties":{"kind":"ditch","district":"Kuala Langat","covered":true,"outfall":834},"geometry":{"type":"LineString","coordinates":[[101.41028,2.90732],[101.41036,2.90732]]}},{"type":"Feature","properties":{"kind":"ditch","district":"Kuala Langat","outfall":514},"geometry":{"type":"LineString","coordinates":[[101.41214,2.90734],[101.41384,2.90735]]}},{"type":"Feature","properties":{"kind":"ditch","district":"Kuala Langat","covered":true,"outfall":671},"geometry":{"type":"LineString","coordinates":[[101.41207,2.90734],[101.41214,2.90734]]}},{"type":"Feature","properties":{"kind":"ditch","district":"Kuala Langat","outfall":307},"geometry":{"type":"LineString","coordinates":[[101.41392,2.90735],[101.41571,2.90735],[101.41617,2.9075]]}},{"type":"Feature","properties":{"kind":"ditch","district":"Kuala Langat","covered":true,"outfall":506},"geometry":{"type":"LineString","coordinates":[[101.41384,2.90735],[101.41392,2.90735]]}},{"type":"Feature","properties":{"kind":"ditch","district":"Kuala Langat","covered":true,"outfall":297},"geometry":{"type":"LineString","coordinates":[[101.41617,2.9075],[101.41628,2.90755]]}},{"type":"Feature","properties":{"kind":"ditch","district":"Kuala Langat","outfall":3846},"geometry":{"type":"LineString","coordinates":[[101.33902,2.88333],[101.33904,2.88464],[101.339,2.88472],[101.33873,2.88503],[101.33859,2.88512],[101.33846,2.88513],[101.33751,2.88512],[101.33737,2.88515],[101.33721,2.88522]]}},{"type":"Feature","properties":{"kind":"ditch","district":"Kuala Langat","outfall":3440},"geometry":{"type":"LineString","coordinates":[[101.33549,2.88333],[101.33714,2.88502],[101.33719,2.88511],[101.33721,2.88522],[101.33719,2.89055],[101.33721,2.89087]]}},{"type":"Feature","properties":{"kind":"ditch","district":"Kuala Langat","covered":true},"geometry":{"type":"LineString","coordinates":[[101.31896,2.88317],[101.31896,2.88326]]}},{"type":"Feature","properties":{"kind":"ditch","district":"Kuala Langat"},"geometry":{"type":"LineString","coordinates":[[101.31895,2.87594],[101.31896,2.88317]]}},{"type":"Feature","properties":{"kind":"ditch","district":"Kuala Langat","covered":true},"geometry":{"type":"LineString","coordinates":[[101.31895,2.87585],[101.31895,2.87594]]}},{"type":"Feature","properties":{"kind":"ditch","district":"Kuala Langat"},"geometry":{"type":"LineString","coordinates":[[101.31897,2.86862],[101.31895,2.87585]]}},{"type":"Feature","properties":{"kind":"ditch","district":"Kuala Langat"},"geometry":{"type":"LineString","coordinates":[[101.31896,2.88326],[101.31896,2.8869]]}},{"type":"Feature","properties":{"kind":"ditch","district":"Kuala Langat","covered":true},"geometry":{"type":"LineString","coordinates":[[101.31896,2.8869],[101.31897,2.88699]]}},{"type":"Feature","properties":{"kind":"ditch","district":"Kuala Langat"},"geometry":{"type":"LineString","coordinates":[[101.31897,2.88699],[101.31898,2.89057]]}},{"type":"Feature","properties":{"kind":"ditch","district":"Kuala Langat","covered":true},"geometry":{"type":"LineString","coordinates":[[101.31898,2.89057],[101.31898,2.89064]]}},{"type":"Feature","properties":{"kind":"ditch","district":"Kuala Langat"},"geometry":{"type":"LineString","coordinates":[[101.31898,2.89064],[101.31898,2.89234],[101.31801,2.89409],[101.3179,2.89419],[101.31767,2.89427],[101.31734,2.8944]]}},{"type":"Feature","properties":{"kind":"ditch","district":"Kuala Langat"},"geometry":{"type":"LineString","coordinates":[[101.31139,2.88335],[101.31138,2.8839],[101.31135,2.88401],[101.3113,2.88412],[101.30873,2.88598]]}},{"type":"Feature","properties":{"kind":"ditch","district":"Kuala Langat","outfall":1053},"geometry":{"type":"LineString","coordinates":[[101.41226,2.87087],[101.41226,2.86965]]}},{"type":"Feature","properties":{"kind":"ditch","district":"Kuala Langat","covered":true,"outfall":1049},"geometry":{"type":"LineString","coordinates":[[101.41226,2.87093],[101.41226,2.87087]]}},{"type":"Feature","properties":{"kind":"ditch","district":"Kuala Langat","outfall":979},"geometry":{"type":"LineString","coordinates":[[101.41227,2.87202],[101.41226,2.87093]]}},{"type":"Feature","properties":{"kind":"ditch","district":"Kuala Langat","covered":true,"outfall":975},"geometry":{"type":"LineString","coordinates":[[101.41227,2.87208],[101.41227,2.87202]]}},{"type":"Feature","properties":{"kind":"ditch","district":"Kuala Langat","outfall":488},"geometry":{"type":"LineString","coordinates":[[101.41817,2.87192],[101.41816,2.86912]]}},{"type":"Feature","properties":{"kind":"ditch","district":"Kuala Langat","outfall":756},"geometry":{"type":"LineString","coordinates":[[101.41822,2.86907],[101.41852,2.86878],[101.41861,2.86873],[101.41868,2.86872],[101.41872,2.86872],[101.41877,2.86874]]}},{"type":"Feature","properties":{"kind":"ditch","district":"Kuala Langat","covered":true,"outfall":764},"geometry":{"type":"LineString","coordinates":[[101.41817,2.86911],[101.41822,2.86907]]}},{"type":"Feature","properties":{"kind":"ditch","district":"Kuala Langat","covered":true,"outfall":749},"geometry":{"type":"LineString","coordinates":[[101.41702,2.86982],[101.41707,2.86983]]}},{"type":"Feature","properties":{"kind":"ditch","district":"Kuala Langat","outfall":753},"geometry":{"type":"LineString","coordinates":[[101.41602,2.86943],[101.41615,2.8695],[101.41685,2.86977],[101.41702,2.86982]]}},{"type":"Feature","properties":{"kind":"ditch","district":"Kuala Langat","outfall":749},"geometry":{"type":"LineString","coordinates":[[101.41707,2.86983],[101.41726,2.86982],[101.41737,2.8698],[101.41751,2.86974],[101.41767,2.86961],[101.41816,2.86912],[101.41817,2.86911]]}},{"type":"Feature","properties":{"kind":"ditch","district":"Kuala Langat","covered":true,"outfall":853},"geometry":{"type":"LineString","coordinates":[[101.41597,2.86939],[101.41602,2.86943]]}},{"type":"Feature","properties":{"kind":"ditch","district":"Kuala Langat","outfall":860},"geometry":{"type":"LineString","coordinates":[[101.4152,2.8689],[101.41522,2.86897],[101.41526,2.86902],[101.41533,2.86903],[101.41564,2.86906],[101.41574,2.86908],[101.4158,2.86914],[101.41597,2.86939]]}},{"type":"Feature","properties":{"kind":"ditch","district":"Kuala Langat","covered":true,"outfall":956},"geometry":{"type":"LineString","coordinates":[[101.41518,2.86883],[101.4152,2.8689]]}},{"type":"Feature","properties":{"kind":"ditch","district":"Kuala Langat","outfall":964},"geometry":{"type":"LineString","coordinates":[[101.41517,2.86877],[101.41518,2.86883]]}},{"type":"Feature","properties":{"kind":"ditch","district":"Kuala Langat","outfall":898},"geometry":{"type":"LineString","coordinates":[[101.41408,2.87086],[101.41409,2.86921],[101.4141,2.86917],[101.41415,2.86911],[101.41433,2.86895],[101.41438,2.86892],[101.41517,2.86877],[101.41537,2.86873]]}},{"type":"Feature","properties":{"kind":"ditch","district":"Kuala Langat","covered":true,"outfall":894},"geometry":{"type":"LineString","coordinates":[[101.41408,2.87091],[101.41408,2.87086]]}},{"type":"Feature","properties":{"kind":"ditch","district":"Kuala Langat","outfall":812},"geometry":{"type":"LineString","coordinates":[[101.41408,2.87206],[101.41408,2.87091]]}},{"type":"Feature","properties":{"kind":"ditch","district":"Kuala Langat","covered":true,"outfall":809},"geometry":{"type":"LineString","coordinates":[[101.41408,2.87211],[101.41408,2.87206]]}},{"type":"Feature","properties":{"kind":"ditch","district":"Kuala Langat","outfall":343},"geometry":{"type":"LineString","coordinates":[[101.37019,2.85745],[101.37022,2.8557],[101.3702,2.85396],[101.37012,2.85045],[101.37013,2.84977],[101.37009,2.84904],[101.37006,2.84837],[101.37009,2.84827],[101.37012,2.84809],[101.3701,2.84778],[101.3701,2.84618],[101.3701,2.84491]]}},{"type":"Feature","properties":{"kind":"ditch","district":"Kuala Langat","covered":true,"outfall":1400},"geometry":{"type":"LineString","coordinates":[[101.37019,2.85752],[101.37019,2.85745]]}},{"type":"Feature","properties":{"kind":"ditch","district":"Kuala Langat","outfall":1408},"geometry":{"type":"LineString","coordinates":[[101.37014,2.85913],[101.37019,2.85755],[101.37019,2.85752]]}},{"type":"Feature","properties":{"kind":"ditch","district":"Kuala Langat","covered":true,"outfall":329},"geometry":{"type":"LineString","coordinates":[[101.3701,2.84491],[101.3701,2.84471]]}},{"type":"Feature","properties":{"kind":"ditch","district":"Kuala Langat","outfall":266},"geometry":{"type":"LineString","coordinates":[[101.3701,2.84471],[101.37011,2.8437],[101.37014,2.8436]]}},{"type":"Feature","properties":{"kind":"ditch","district":"Kuala Langat","covered":true,"outfall":261},"geometry":{"type":"LineString","coordinates":[[101.37014,2.8436],[101.37013,2.8434]]}},{"type":"Feature","properties":{"kind":"ditch","district":"Kuala Langat","covered":true,"outfall":2100},"geometry":{"type":"LineString","coordinates":[[101.38844,2.85753],[101.38854,2.85752]]}},{"type":"Feature","properties":{"kind":"ditch","district":"Kuala Langat","outfall":1468},"geometry":{"type":"LineString","coordinates":[[101.37921,2.85753],[101.38844,2.85753]]}},{"type":"Feature","properties":{"kind":"ditch","district":"Kuala Langat","covered":true,"outfall":1465},"geometry":{"type":"LineString","coordinates":[[101.37913,2.85754],[101.37921,2.85753]]}},{"type":"Feature","properties":{"kind":"ditch","district":"Kuala Langat","outfall":1411},"geometry":{"type":"LineString","coordinates":[[101.37019,2.85755],[101.37913,2.85754]]}},{"type":"Feature","properties":{"kind":"ditch","district":"Kuala Langat","covered":true,"outfall":480},"geometry":{"type":"LineString","coordinates":[[101.41769,2.85748],[101.41782,2.85746]]}},{"type":"Feature","properties":{"kind":"ditch","district":"Kuala Langat","outfall":494},"geometry":{"type":"LineString","coordinates":[[101.41744,2.85747],[101.41769,2.85748]]}},{"type":"Feature","properties":{"kind":"ditch","district":"Kuala Langat","covered":true,"outfall":522},"geometry":{"type":"LineString","coordinates":[[101.41729,2.85747],[101.41744,2.85747]]}},{"type":"Feature","properties":{"kind":"ditch","district":"Kuala Langat","outfall":539},"geometry":{"type":"LineString","coordinates":[[101.40866,2.85748],[101.41729,2.85747]]}},{"type":"Feature","properties":{"kind":"ditch","district":"Kuala Langat","covered":true,"outfall":1344},"geometry":{"type":"LineString","coordinates":[[101.40841,2.85749],[101.40866,2.85748]]}},{"type":"Feature","properties":{"kind":"ditch","district":"Kuala Langat","outfall":1359},"geometry":{"type":"LineString","coordinates":[[101.40709,2.85749],[101.40841,2.85749]]}},{"type":"Feature","properties":{"kind":"ditch","district":"Kuala Langat","covered":true,"outfall":1439},"geometry":{"type":"LineString","coordinates":[[101.40702,2.85749],[101.40709,2.85749]]}},{"type":"Feature","properties":{"kind":"ditch","district":"Kuala Langat","outfall":1444},"geometry":{"type":"LineString","coordinates":[[101.39778,2.85751],[101.40702,2.85749]]}},{"type":"Feature","properties":{"kind":"ditch","district":"Kuala Langat","covered":true,"outfall":2197},"geometry":{"type":"LineString","coordinates":[[101.39772,2.85751],[101.39778,2.85751]]}},{"type":"Feature","properties":{"kind":"ditch","district":"Kuala Langat","outfall":2203},"geometry":{"type":"LineString","coordinates":[[101.39304,2.85752],[101.39772,2.85751]]}},{"type":"Feature","properties":{"kind":"ditch","district":"Kuala Langat","covered":true,"outfall":2505},"geometry":{"type":"LineString","coordinates":[[101.39295,2.85752],[101.39304,2.85752]]}},{"type":"Feature","properties":{"kind":"ditch","district":"Kuala Langat","outfall":2406},"geometry":{"type":"LineString","coordinates":[[101.39189,2.85752],[101.39295,2.85752]]}},{"type":"Feature","properties":{"kind":"ditch","district":"Kuala Langat","covered":true,"outfall":2400},"geometry":{"type":"LineString","coordinates":[[101.39182,2.85752],[101.39189,2.85752]]}},{"type":"Feature","properties":{"kind":"ditch","district":"Kuala Langat","outfall":2252},"geometry":{"type":"LineString","coordinates":[[101.39019,2.85752],[101.39182,2.85752]]}},{"type":"Feature","properties":{"kind":"ditch","district":"Kuala Langat","covered":true,"outfall":2246},"geometry":{"type":"LineString","coordinates":[[101.39012,2.85752],[101.39019,2.85752]]}},{"type":"Feature","properties":{"kind":"ditch","district":"Kuala Langat","outfall":2108},"geometry":{"type":"LineString","coordinates":[[101.38854,2.85752],[101.39012,2.85752]]}},{"type":"Feature","properties":{"kind":"ditch","district":"Kuala Langat","covered":true,"outfall":678},"geometry":{"type":"LineString","coordinates":[[101.36407,2.84511],[101.36413,2.84503]]}},{"type":"Feature","properties":{"kind":"ditch","district":"Kuala Langat","outfall":689},"geometry":{"type":"LineString","coordinates":[[101.36106,2.84812],[101.36407,2.84511]]}},{"type":"Feature","properties":{"kind":"ditch","district":"Kuala Langat","outfall":452},"geometry":{"type":"LineString","coordinates":[[101.36413,2.84503],[101.36425,2.8449],[101.36422,2.8426]]}},{"type":"Feature","properties":{"kind":"ditch","district":"Hulu Langat","outfall":1345},"geometry":{"type":"LineString","coordinates":[[101.76455,3.11416],[101.76527,3.11246]]}},{"type":"Feature","properties":{"kind":"ditch","district":"Hulu Langat","covered":true,"outfall":1335},"geometry":{"type":"LineString","coordinates":[[101.76527,3.11246],[101.7653,3.11237]]}},{"type":"Feature","properties":{"kind":"ditch","district":"Hulu Langat","outfall":1117},"geometry":{"type":"LineString","coordinates":[[101.7653,3.11237],[101.76541,3.11211],[101.76545,3.11193],[101.76567,3.11035]]}},{"type":"Feature","properties":{"kind":"ditch","district":"Hulu Langat","outfall":1092},"geometry":{"type":"LineString","coordinates":[[101.76558,3.11027],[101.7651,3.1102]]}},{"type":"Feature","properties":{"kind":"ditch","district":"Hulu Langat","covered":true,"outfall":1107},"geometry":{"type":"LineString","coordinates":[[101.76567,3.11035],[101.76558,3.11027]]}},{"type":"Feature","properties":{"kind":"ditch","district":"Kuala Langat","outfall":1664},"geometry":{"type":"LineString","coordinates":[[101.51865,2.94958],[101.51865,2.94973]]}},{"type":"Feature","properties":{"kind":"ditch","district":"Hulu Langat","covered":true,"outfall":904},"geometry":{"type":"LineString","coordinates":[[101.77829,3.12723],[101.77792,3.12757]]}},{"type":"Feature","properties":{"kind":"ditch","district":"Hulu Langat","outfall":952},"geometry":{"type":"LineString","coordinates":[[101.78019,3.12617],[101.77986,3.12628],[101.77967,3.12639],[101.77893,3.12684],[101.77829,3.12723]]}},{"type":"Feature","properties":{"kind":"drain","district":"Hulu Langat","outfall":55},"geometry":{"type":"LineString","coordinates":[[101.75289,3.15606],[101.75385,3.15816]]}},{"type":"Feature","properties":{"kind":"ditch","district":"Kuala Langat","outfall":0},"geometry":{"type":"LineString","coordinates":[[101.58721,2.79931],[101.58597,2.79936],[101.58444,2.79948],[101.58393,2.79945],[101.58358,2.79946],[101.58247,2.79954],[101.58216,2.79958],[101.58216,2.79939],[101.58216,2.79897],[101.58216,2.7986],[101.58217,2.79804],[101.58218,2.79766],[101.58218,2.79737],[101.58218,2.79688],[101.58218,2.79637],[101.58218,2.79592],[101.58218,2.79591],[101.58218,2.79557],[101.58218,2.79524],[101.58219,2.79486],[101.5822,2.79439],[101.58221,2.79368],[101.58221,2.79322],[101.58223,2.79269],[101.58224,2.79217],[101.58223,2.79207],[101.58224,2.79204]]}},{"type":"Feature","properties":{"kind":"ditch","district":"Kuala Langat","covered":true,"outfall":924},"geometry":{"type":"LineString","coordinates":[[101.58224,2.79204],[101.58224,2.79196]]}},{"type":"Feature","properties":{"kind":"ditch","district":"Hulu Langat","outfall":0},"geometry":{"type":"LineString","coordinates":[[101.78006,2.89589],[101.77998,2.89585],[101.77867,2.89543],[101.77723,2.89498]]}},{"type":"Feature","properties":{"kind":"ditch","district":"Hulu Langat","covered":true,"outfall":263},"geometry":{"type":"LineString","coordinates":[[101.78013,2.89598],[101.78006,2.89589]]}},{"type":"Feature","properties":{"kind":"ditch","district":"Hulu Langat","outfall":275},"geometry":{"type":"LineString","coordinates":[[101.78826,2.90486],[101.78816,2.90477],[101.78813,2.90473],[101.7881,2.90464],[101.788,2.90456],[101.7879,2.90452],[101.78779,2.90446],[101.78772,2.90438],[101.78769,2.90423],[101.78765,2.90415],[101.78756,2.90405],[101.78752,2.90394],[101.78746,2.90389],[101.78743,2.90382],[101.7874,2.90367],[101.78736,2.90358],[101.7873,2.90354],[101.78717,2.90349],[101.78713,2.90345],[101.78711,2.9034],[101.78706,2.90334],[101.78702,2.90326],[101.78699,2.90316],[101.78688,2.90298],[101.78677,2.90287],[101.78675,2.90279],[101.78674,2.90269],[101.78669,2.90262],[101.7866,2.90244],[101.78646,2.90221],[101.78632,2.90201],[101.78607,2.90164],[101.78569,2.90114],[101.78565,2.90104],[101.78555,2.90088],[101.78549,2.90083],[101.78536,2.90078],[101.78511,2.90073],[101.78506,2.9007],[101.78497,2.90061],[101.7849,2.90057],[101.78482,2.90055],[101.7847,2.90058],[101.78461,2.9006],[101.78455,2.90059],[101.78448,2.90055],[101.78443,2.90047],[101.78437,2.90034],[101.78429,2.90006],[101.78426,2.89997],[101.78415,2.89983],[101.78394,2.8995],[101.78382,2.89933],[101.78364,2.89914],[101.78341,2.89892],[101.78312,2.89868],[101.78279,2.89845],[101.7826,2.89828],[101.78159,2.89742],[101.7811,2.89699],[101.78079,2.89667],[101.78013,2.89598]]}},{"type":"Feature","properties":{"kind":"ditch","district":"Hulu Langat","covered":true,"outfall":1149},"geometry":{"type":"LineString","coordinates":[[101.78875,2.9053],[101.78826,2.90486]]}},{"type":"Feature","properties":{"kind":"ditch","district":"Hulu Langat","outfall":1177},"geometry":{"type":"LineString","coordinates":[[101.79714,2.91518],[101.79698,2.91507],[101.79686,2.9146],[101.79652,2.91366],[101.79613,2.91239],[101.79534,2.90969],[101.79515,2.90906],[101.79443,2.90782],[101.79397,2.90745],[101.79388,2.90742],[101.79335,2.90698],[101.79218,2.90655],[101.79195,2.90648],[101.7908,2.90628],[101.78898,2.90593],[101.78893,2.9059],[101.78886,2.90546],[101.78875,2.9053]]}},{"type":"Feature","properties":{"kind":"ditch","district":"Kuala Langat"},"geometry":{"type":"LineString","coordinates":[[101.6328,2.72989],[101.63281,2.72987],[101.633,2.7298],[101.63297,2.72946],[101.63295,2.72932],[101.63294,2.72906],[101.63293,2.72896],[101.6329,2.72888],[101.63278,2.72872],[101.63263,2.7286],[101.63248,2.72853],[101.63229,2.72845],[101.63212,2.72839],[101.63203,2.72837],[101.63194,2.72835],[101.63179,2.72833],[101.63163,2.72831],[101.63138,2.72828],[101.63101,2.72824],[101.63076,2.72823],[101.63047,2.72821],[101.63013,2.72819],[101.62978,2.72817],[101.62938,2.72814],[101.629,2.72812],[101.62859,2.72808],[101.62827,2.72805],[101.62785,2.72802],[101.62751,2.728],[101.62701,2.72798],[101.62668,2.72797],[101.62646,2.72794],[101.62614,2.72794],[101.6256,2.72794],[101.62517,2.72794],[101.62459,2.72795],[101.62415,2.72795],[101.62388,2.72798],[101.62339,2.72805],[101.62312,2.72806],[101.62282,2.7281],[101.62015,2.728],[101.61939,2.72803],[101.61821,2.72796],[101.617,2.72787],[101.61647,2.72785],[101.61413,2.72768],[101.613,2.72762]]}},{"type":"Feature","properties":{"kind":"ditch","district":"Kuala Langat","covered":true,"outfall":3667},"geometry":{"type":"LineString","coordinates":[[101.6328,2.73],[101.6328,2.72989]]}},{"type":"Feature","properties":{"kind":"ditch","district":"Hulu Langat","covered":true,"outfall":642},"geometry":{"type":"LineString","coordinates":[[101.77728,3.07905],[101.77784,3.07852],[101.7778,3.07769]]}},{"type":"Feature","properties":{"kind":"ditch","district":"Hulu Langat","name":"Parit Utama (PU52 / Lembah Maju)","outfall":817},"geometry":{"type":"LineString","coordinates":[[101.75633,3.11951],[101.75622,3.11958],[101.75432,3.11953]]}},{"type":"Feature","properties":{"kind":"ditch","district":"Hulu Langat","outfall":865},"geometry":{"type":"LineString","coordinates":[[101.76507,3.11926],[101.76495,3.12041],[101.76478,3.12052]]}},{"type":"Feature","properties":{"kind":"ditch","district":"Hulu Langat","covered":true,"outfall":832},"geometry":{"type":"LineString","coordinates":[[101.76478,3.12052],[101.76449,3.12069]]}},{"type":"Feature","properties":{"kind":"ditch","district":"Hulu Langat","covered":true,"outfall":1002},"geometry":{"type":"LineString","coordinates":[[101.76509,3.11916],[101.76507,3.11926]]}},{"type":"Feature","properties":{"kind":"ditch","district":"Hulu Langat","outfall":1013},"geometry":{"type":"LineString","coordinates":[[101.76596,3.11776],[101.76516,3.11881],[101.76511,3.11891],[101.76509,3.11916]]}},{"type":"Feature","properties":{"kind":"ditch","district":"Hulu Langat","outfall":1213},"geometry":{"type":"LineString","coordinates":[[101.76717,3.11663],[101.76689,3.11669],[101.7668,3.11673],[101.76609,3.11766]]}},{"type":"Feature","properties":{"kind":"ditch","district":"Hulu Langat","covered":true,"outfall":1196},"geometry":{"type":"LineString","coordinates":[[101.76609,3.11766],[101.76596,3.11776]]}},{"type":"Feature","properties":{"kind":"drain","district":"Kuala Langat","covered":true,"outfall":1079},"geometry":{"type":"LineString","coordinates":[[101.45474,2.81228],[101.4547,2.81229]]}},{"type":"Feature","properties":{"kind":"drain","district":"Kuala Langat","outfall":1072},"geometry":{"type":"LineString","coordinates":[[101.4547,2.81229],[101.45461,2.81229]]}},{"type":"Feature","properties":{"kind":"drain","district":"Kuala Langat","covered":true,"outfall":1083},"geometry":{"type":"LineString","coordinates":[[101.45457,2.81202],[101.45456,2.81211]]}},{"type":"Feature","properties":{"kind":"drain","district":"Kuala Langat","outfall":1076},"geometry":{"type":"LineString","coordinates":[[101.45456,2.81211],[101.45455,2.81218]]}},{"type":"Feature","properties":{"kind":"drain","district":"Hulu Langat","outfall":431},"geometry":{"type":"LineString","coordinates":[[101.77014,3.15337],[101.76913,3.15192]]}},{"type":"Feature","properties":{"kind":"ditch","district":"Hulu Langat","outfall":1285},"geometry":{"type":"LineString","coordinates":[[101.79926,3.06519],[101.79918,3.06524],[101.79912,3.06524],[101.7985,3.06447],[101.7984,3.06442],[101.79836,3.06443],[101.79789,3.06481],[101.79785,3.06482],[101.79781,3.0648],[101.7975,3.06436]]}},{"type":"Feature","properties":{"kind":"ditch","district":"Hulu Langat","covered":true,"outfall":1279},"geometry":{"type":"LineString","coordinates":[[101.7975,3.06436],[101.79743,3.06426]]}},{"type":"Feature","properties":{"kind":"ditch","district":"Hulu Langat","outfall":1163},"geometry":{"type":"LineString","coordinates":[[101.79743,3.06426],[101.79698,3.06362],[101.79575,3.0636],[101.79501,3.06299]]}},{"type":"Feature","properties":{"kind":"ditch","district":"Hulu Langat","covered":true,"outfall":1160},"geometry":{"type":"LineString","coordinates":[[101.79501,3.06299],[101.79494,3.06292]]}},{"type":"Feature","properties":{"kind":"ditch","district":"Hulu Langat","outfall":929},"geometry":{"type":"LineString","coordinates":[[101.79494,3.06292],[101.79443,3.06251],[101.79288,3.06354]]}},{"type":"Feature","properties":{"kind":"ditch","district":"Hulu Langat","covered":true,"outfall":894},"geometry":{"type":"LineString","coordinates":[[101.79288,3.06354],[101.7926,3.06371]]}},{"type":"Feature","properties":{"kind":"ditch","district":"Hulu Langat","outfall":582},"geometry":{"type":"LineString","coordinates":[[101.7926,3.06371],[101.79209,3.06404],[101.78993,3.06469]]}},{"type":"Feature","properties":{"kind":"ditch","district":"Hulu Langat","outfall":167},"geometry":{"type":"LineString","coordinates":[[101.7879,3.0655],[101.78648,3.06591],[101.7863,3.06581]]}},{"type":"Feature","properties":{"kind":"ditch","district":"Hulu Langat","covered":true,"outfall":155},"geometry":{"type":"LineString","coordinates":[[101.7863,3.06581],[101.78619,3.06584]]}},{"type":"Feature","properties":{"kind":"ditch","district":"Hulu Langat","outfall":0},"geometry":{"type":"LineString","coordinates":[[101.78619,3.06584],[101.785,3.06623],[101.78481,3.06613]]}},{"type":"Feature","properties":{"kind":"ditch","district":"Hulu Langat","outfall":1311},"geometry":{"type":"LineString","coordinates":[[101.80106,3.06863],[101.80071,3.06774],[101.80057,3.06758],[101.80034,3.0675],[101.80013,3.06753],[101.8,3.0675],[101.79989,3.06739],[101.79978,3.06737],[101.79964,3.06722],[101.79945,3.0671],[101.79932,3.0669],[101.79921,3.06671],[101.79909,3.06669],[101.79906,3.06657],[101.79887,3.06634],[101.79861,3.06587],[101.79829,3.06547],[101.79785,3.06482]]}},{"type":"Feature","properties":{"kind":"ditch","district":"Hulu Langat","outfall":0},"geometry":{"type":"LineString","coordinates":[[101.75347,3.11973],[101.75343,3.12025],[101.7531,3.12068],[101.75305,3.12083],[101.75309,3.12214],[101.75304,3.12229],[101.75309,3.12297],[101.75303,3.12313],[101.75304,3.12438],[101.75301,3.1247],[101.75305,3.12589],[101.75303,3.12669],[101.75298,3.12692],[101.75288,3.12708]]}},{"type":"Feature","properties":{"kind":"drain","district":"Hulu Langat","outfall":9},"geometry":{"type":"LineString","coordinates":[[101.76411,3.15175],[101.76384,3.15154]]}},{"type":"Feature","properties":{"kind":"drain","district":"Hulu Langat","outfall":59},"geometry":{"type":"LineString","coordinates":[[101.76445,3.15206],[101.76419,3.15183]]}},{"type":"Feature","properties":{"kind":"drain","district":"Hulu Langat","covered":true,"outfall":47},"geometry":{"type":"LineString","coordinates":[[101.76419,3.15183],[101.76411,3.15175]]}},{"type":"Feature","properties":{"kind":"ditch","district":"Sepang","covered":true,"outfall":1245},"geometry":{"type":"LineString","coordinates":[[101.62458,2.92075],[101.62452,2.92109]]}},{"type":"Feature","properties":{"kind":"ditch","district":"Sepang","outfall":1245},"geometry":{"type":"LineString","coordinates":[[101.62452,2.92109],[101.62449,2.92121],[101.62411,2.92146]]}},{"type":"Feature","properties":{"kind":"drain","district":"Hulu Langat","outfall":1498},"geometry":{"type":"LineString","coordinates":[[101.7683,3.11363],[101.7676,3.11343]]}},{"type":"Feature","properties":{"kind":"drain","district":"Hulu Langat","covered":true,"outfall":1498},"geometry":{"type":"LineString","coordinates":[[101.7676,3.11343],[101.76758,3.11347]]}},{"type":"Feature","properties":{"kind":"drain","district":"Hulu Langat","outfall":1502},"geometry":{"type":"LineString","coordinates":[[101.76758,3.11347],[101.7675,3.11359]]}},{"type":"Feature","properties":{"kind":"drain","district":"Hulu Langat","covered":true,"outfall":1513},"geometry":{"type":"LineString","coordinates":[[101.7675,3.11359],[101.76749,3.1136]]}},{"type":"Feature","properties":{"kind":"drain","district":"Hulu Langat","covered":true,"outfall":383},"geometry":{"type":"LineString","coordinates":[[101.8175,2.9166],[101.81749,2.91658],[101.81728,2.91607]]}},{"type":"Feature","properties":{"kind":"ditch","district":"Hulu Langat","outfall":345},"geometry":{"type":"LineString","coordinates":[[101.81728,2.91607],[101.81726,2.91603],[101.81723,2.91599],[101.81722,2.91594],[101.81719,2.91588],[101.81717,2.91584],[101.81714,2.91576],[101.81711,2.91567],[101.81709,2.91557],[101.81707,2.91554],[101.81697,2.91532],[101.81695,2.9153],[101.81693,2.9153],[101.8169,2.9153]]}},{"type":"Feature","properties":{"kind":"drain","district":"Hulu Langat","outfall":345},"geometry":{"type":"LineString","coordinates":[[101.8169,2.9153],[101.81647,2.91515],[101.81585,2.91495],[101.81601,2.91436]]}},{"type":"Feature","properties":{"kind":"ditch","district":"Hulu Langat","outfall":436},"geometry":{"type":"LineString","coordinates":[[101.81502,2.91405],[101.81509,2.9137]]}},{"type":"Feature","properties":{"kind":"ditch","district":"Hulu Langat","covered":true,"outfall":454},"geometry":{"type":"LineString","coordinates":[[101.815,2.91411],[101.81502,2.91405]]}},{"type":"Feature","properties":{"kind":"ditch","district":"Hulu Langat","outfall":458},"geometry":{"type":"LineString","coordinates":[[101.81524,2.91584],[101.81523,2.91575],[101.81519,2.91568],[101.81514,2.91561],[101.81509,2.91551],[101.81504,2.91535],[101.815,2.91523],[101.81501,2.91518],[101.815,2.91506],[101.81499,2.91496],[101.81498,2.91492],[101.81497,2.91477],[101.81498,2.91442],[101.81499,2.91414],[101.815,2.91411]]}},{"type":"Feature","properties":{"kind":"drain","district":"Hulu Langat","covered":true,"outfall":1140},"geometry":{"type":"LineString","coordinates":[[101.81468,2.92268],[101.81477,2.92261]]}},{"type":"Feature","properties":{"kind":"drain","district":"Hulu Langat","covered":true,"outfall":1239},"geometry":{"type":"LineString","coordinates":[[101.81432,2.92351],[101.81437,2.92341]]}},{"type":"Feature","properties":{"kind":"drain","district":"Hulu Langat","covered":true,"outfall":1336},"geometry":{"type":"LineString","coordinates":[[101.81369,2.92413],[101.8138,2.92408]]}},{"type":"Feature","properties":{"kind":"drain","district":"Hulu Langat","covered":true,"outfall":1447},"geometry":{"type":"LineString","coordinates":[[101.81246,2.92463],[101.81268,2.92452]]}},{"type":"Feature","properties":{"kind":"drain","district":"Hulu Langat","covered":true,"outfall":1446},"geometry":{"type":"LineString","coordinates":[[101.81099,2.92327],[101.81107,2.92349]]}},{"type":"Feature","properties":{"kind":"drain","district":"Hulu Langat","covered":true,"outfall":1369},"geometry":{"type":"LineString","coordinates":[[101.81063,2.92205],[101.81078,2.92254]]}},{"type":"Feature","properties":{"kind":"drain","district":"Hulu Langat","outfall":1048},"geometry":{"type":"LineString","coordinates":[[101.79174,2.90488],[101.7917,2.90504]]}},{"type":"Feature","properties":{"kind":"drain","district":"Hulu Langat","covered":true,"outfall":1040},"geometry":{"type":"LineString","coordinates":[[101.79175,2.90481],[101.79174,2.90488]]}},{"type":"Feature","properties":{"kind":"drain","district":"Hulu Langat","outfall":1017},"geometry":{"type":"LineString","coordinates":[[101.79181,2.90461],[101.79175,2.90481]]}},{"type":"Feature","properties":{"kind":"drain","district":"Hulu Langat","outfall":1112},"geometry":{"type":"LineString","coordinates":[[101.7927,2.90558],[101.79259,2.90566]]}},{"type":"Feature","properties":{"kind":"drain","district":"Hulu Langat","covered":true,"outfall":1106},"geometry":{"type":"LineString","coordinates":[[101.79276,2.90554],[101.7927,2.90558]]}},{"type":"Feature","properties":{"kind":"drain","district":"Hulu Langat","outfall":1093},"geometry":{"type":"LineString","coordinates":[[101.7929,2.90543],[101.79276,2.90554]]}},{"type":"Feature","properties":{"kind":"drain","district":"Hulu Langat","outfall":1197},"geometry":{"type":"LineString","coordinates":[[101.79102,2.90613],[101.79082,2.90625],[101.7908,2.90628]]}},{"type":"Feature","properties":{"kind":"drain","district":"Hulu Langat","covered":true,"outfall":1191},"geometry":{"type":"LineString","coordinates":[[101.79109,2.90608],[101.79102,2.90613]]}},{"type":"Feature","properties":{"kind":"drain","district":"Hulu Langat","outfall":1172},"geometry":{"type":"LineString","coordinates":[[101.79132,2.90595],[101.7913,2.90597],[101.79109,2.90608]]}},{"type":"Feature","properties":{"kind":"drain","district":"Hulu Langat","covered":true,"outfall":1165},"geometry":{"type":"LineString","coordinates":[[101.79133,2.90589],[101.79132,2.90595]]}},{"type":"Feature","properties":{"kind":"drain","district":"Hulu Langat","outfall":1158},"geometry":{"type":"LineString","coordinates":[[101.79134,2.90582],[101.79133,2.90589]]}},{"type":"Feature","properties":{"kind":"drain","district":"Hulu Langat","covered":true,"name":"Sungai Kongsi Lapan","outfall":668},"geometry":{"type":"LineString","coordinates":[[101.76025,3.16127],[101.76016,3.16123]]}},{"type":"Feature","properties":{"kind":"drain","district":"Hulu Langat","name":"Sungai Kongsi Lapan","outfall":607},"geometry":{"type":"LineString","coordinates":[[101.76016,3.16123],[101.75984,3.1611],[101.75969,3.16099],[101.75968,3.16096]]}},{"type":"Feature","properties":{"kind":"drain","district":"Kuala Langat","outfall":2249},"geometry":{"type":"LineString","coordinates":[[101.5794,2.95265],[101.57932,2.95248],[101.57918,2.95237],[101.57904,2.95235],[101.57869,2.95228],[101.57838,2.95215],[101.57775,2.95191],[101.57762,2.95189]]}},{"type":"Feature","properties":{"kind":"drain","district":"Kuala Langat","covered":true,"outfall":2456},"geometry":{"type":"LineString","coordinates":[[101.57762,2.95189],[101.57747,2.95186]]}},{"type":"Feature","properties":{"kind":"drain","district":"Kuala Langat","outfall":2473},"geometry":{"type":"LineString","coordinates":[[101.57747,2.95186],[101.57712,2.95182],[101.57702,2.95181],[101.57649,2.95175],[101.57612,2.95171],[101.57602,2.95174],[101.57592,2.95268]]}},{"type":"Feature","properties":{"kind":"drain","district":"Kuala Langat","outfall":2633},"geometry":{"type":"LineString","coordinates":[[101.57592,2.95268],[101.57592,2.95275]]}},{"type":"Feature","properties":{"kind":"drain","district":"Kuala Langat","outfall":2618},"geometry":{"type":"LineString","coordinates":[[101.57592,2.95275],[101.57579,2.95384]]}},{"type":"Feature","properties":{"kind":"drain","district":"Kuala Langat","covered":true,"outfall":2587},"geometry":{"type":"LineString","coordinates":[[101.57579,2.95384],[101.57577,2.95412]]}},{"type":"Feature","properties":{"kind":"drain","district":"Kuala Langat","outfall":2511},"geometry":{"type":"LineString","coordinates":[[101.57577,2.95412],[101.57581,2.95457],[101.57588,2.95486]]}},{"type":"Feature","properties":{"kind":"drain","district":"Kuala Langat","covered":true,"outfall":2496},"geometry":{"type":"LineString","coordinates":[[101.57588,2.95486],[101.57591,2.955]]}},{"type":"Feature","properties":{"kind":"drain","district":"Kuala Langat","outfall":2321},"geometry":{"type":"LineString","coordinates":[[101.57591,2.955],[101.57594,2.95512],[101.5761,2.95548],[101.57614,2.95565],[101.57614,2.95572],[101.57617,2.95613],[101.57608,2.95655],[101.57605,2.95667]]}},{"type":"Feature","properties":{"kind":"drain","district":"Kuala Langat","covered":true,"outfall":2304},"geometry":{"type":"LineString","coordinates":[[101.57605,2.95667],[101.57601,2.95682]]}},{"type":"Feature","properties":{"kind":"drain","district":"Kuala Langat","outfall":2197},"geometry":{"type":"LineString","coordinates":[[101.57601,2.95682],[101.57595,2.95732],[101.57598,2.95781]]}},{"type":"Feature","properties":{"kind":"drain","district":"Kuala Langat","covered":true,"outfall":2187},"geometry":{"type":"LineString","coordinates":[[101.57598,2.95781],[101.57598,2.95791]]}},{"type":"Feature","properties":{"kind":"drain","district":"Kuala Langat","outfall":1822},"geometry":{"type":"LineString","coordinates":[[101.57598,2.95791],[101.576,2.95988],[101.57613,2.96041],[101.57644,2.96097],[101.57692,2.96153]]}},{"type":"Feature","properties":{"kind":"drain","district":"Kuala Langat","covered":true,"outfall":1808},"geometry":{"type":"LineString","coordinates":[[101.57692,2.96153],[101.57706,2.9617]]}},{"type":"Feature","properties":{"kind":"drain","district":"Kuala Langat","outfall":1654},"geometry":{"type":"LineString","coordinates":[[101.57706,2.9617],[101.57703,2.96313]]}},{"type":"Feature","properties":{"kind":"drain","district":"Kuala Langat","covered":true,"outfall":1638},"geometry":{"type":"LineString","coordinates":[[101.57703,2.96313],[101.57704,2.96328]]}},{"type":"Feature","properties":{"kind":"drain","district":"Kuala Langat","outfall":1587},"geometry":{"type":"LineString","coordinates":[[101.57704,2.96328],[101.57704,2.96401],[101.57766,2.96402],[101.57774,2.96397]]}},{"type":"Feature","properties":{"kind":"drain","district":"Kuala Langat","outfall":1808},"geometry":{"type":"LineString","coordinates":[[101.57706,2.9617],[101.57838,2.96171]]}},{"type":"Feature","properties":{"kind":"drain","district":"Kuala Langat","covered":true,"outfall":1848},"geometry":{"type":"LineString","coordinates":[[101.57838,2.96171],[101.57871,2.96172]]}},{"type":"Feature","properties":{"kind":"drain","district":"Kuala Langat","outfall":1709},"geometry":{"type":"LineString","coordinates":[[101.57871,2.96172],[101.57932,2.96172],[101.57936,2.96176],[101.57935,2.96265],[101.57901,2.96324]]}},{"type":"Feature","properties":{"kind":"drain","district":"Kuala Langat","covered":true,"outfall":2523},"geometry":{"type":"LineString","coordinates":[[101.57702,2.95181],[101.57701,2.95138]]}},{"type":"Feature","properties":{"kind":"drain","district":"Kuala Langat","outfall":2531},"geometry":{"type":"LineString","coordinates":[[101.57701,2.95138],[101.57703,2.9508]]}},{"type":"Feature","properties":{"kind":"drain","district":"Kuala Langat","covered":true,"outfall":2539},"geometry":{"type":"LineString","coordinates":[[101.57703,2.9508],[101.57703,2.9507]]}},{"type":"Feature","properties":{"kind":"drain","district":"Kuala Langat","outfall":2541},"geometry":{"type":"LineString","coordinates":[[101.57703,2.9507],[101.57702,2.94914]]}},{"type":"Feature","properties":{"kind":"drain","district":"Kuala Langat","covered":true,"outfall":2578},"geometry":{"type":"LineString","coordinates":[[101.57702,2.94914],[101.57702,2.94903]]}},{"type":"Feature","properties":{"kind":"drain","district":"Kuala Langat","outfall":2581},"geometry":{"type":"LineString","coordinates":[[101.57702,2.94903],[101.57703,2.94808],[101.57704,2.94756],[101.57703,2.94749],[101.57704,2.94746],[101.57707,2.94745]]}},{"type":"Feature","properties":{"kind":"drain","district":"Kuala Langat","outfall":2827},"geometry":{"type":"LineString","coordinates":[[101.57849,2.94048],[101.58018,2.93711]]}},{"type":"Feature","properties":{"kind":"drain","district":"Kuala Langat","covered":true,"outfall":2913},"geometry":{"type":"LineString","coordinates":[[101.58018,2.93711],[101.58033,2.93678]]}},{"type":"Feature","properties":{"kind":"drain","district":"Kuala Langat","outfall":2925},"geometry":{"type":"LineString","coordinates":[[101.58033,2.93678],[101.5814,2.93467],[101.58141,2.93462],[101.58141,2.93459]]}},{"type":"Feature","properties":{"kind":"ditch","district":"Kuala Langat","outfall":1956},"geometry":{"type":"LineString","coordinates":[[101.55845,2.95461],[101.55839,2.95862],[101.55828,2.95868],[101.55738,2.95857],[101.55655,2.96016],[101.55612,2.96057]]}},{"type":"Feature","properties":{"kind":"ditch","district":"Sepang","covered":true,"outfall":5},"geometry":{"type":"LineString","coordinates":[[101.66857,2.86771],[101.66872,2.8676],[101.66892,2.86751]]}},{"type":"Feature","properties":{"kind":"ditch","district":"Sepang","outfall":0},"geometry":{"type":"LineString","coordinates":[[101.66892,2.86751],[101.66896,2.86749]]}},{"type":"Feature","properties":{"kind":"ditch","district":"Hulu Langat","covered":true,"outfall":210},"geometry":{"type":"LineString","coordinates":[[101.76913,2.92481],[101.76918,2.92456]]}},{"type":"Feature","properties":{"kind":"ditch","district":"Hulu Langat","outfall":158},"geometry":{"type":"LineString","coordinates":[[101.76901,2.92538],[101.7691,2.92493],[101.76913,2.92481]]}},{"type":"Feature","properties":{"kind":"drain","district":"Sepang","covered":true,"outfall":262},"geometry":{"type":"LineString","coordinates":[[101.63327,2.93017],[101.63317,2.93006]]}},{"type":"Feature","properties":{"kind":"drain","district":"Hulu Langat","outfall":238},"geometry":{"type":"LineString","coordinates":[[101.74593,3.05268],[101.74593,3.05455]]}},{"type":"Feature","properties":{"kind":"manhole","district":"Hulu Langat","operator":"Indah Water"},"geometry":{"type":"Point","coordinates":[101.77914,2.9645]}},{"type":"Feature","properties":{"kind":"manhole","district":"Hulu Langat","operator":"Indah Water"},"geometry":{"type":"Point","coordinates":[101.77944,2.9645]}},{"type":"Feature","properties":{"kind":"manhole","district":"Hulu Langat","operator":"Indah Water"},"geometry":{"type":"Point","coordinates":[101.78118,2.96493]}},{"type":"Feature","properties":{"kind":"manhole","district":"Sepang"},"geometry":{"type":"Point","coordinates":[101.72336,2.95204]}},{"type":"Feature","properties":{"kind":"manhole","district":"Sepang"},"geometry":{"type":"Point","coordinates":[101.72352,2.95165]}},{"type":"Feature","properties":{"kind":"manhole","district":"Sepang"},"geometry":{"type":"Point","coordinates":[101.69062,2.74663]}},{"type":"Feature","properties":{"kind":"manhole","district":"Sepang"},"geometry":{"type":"Point","coordinates":[101.69039,2.74699]}},{"type":"Feature","properties":{"kind":"manhole","district":"Sepang"},"geometry":{"type":"Point","coordinates":[101.69311,2.74465]}},{"type":"Feature","properties":{"kind":"manhole","district":"Sepang"},"geometry":{"type":"Point","coordinates":[101.68503,2.73438]}},{"type":"Feature","properties":{"kind":"manhole","district":"Sepang"},"geometry":{"type":"Point","coordinates":[101.68119,2.74023]}},{"type":"Feature","properties":{"kind":"manhole","district":"Sepang"},"geometry":{"type":"Point","coordinates":[101.68114,2.7402]}},{"type":"Feature","properties":{"kind":"manhole","district":"Sepang"},"geometry":{"type":"Point","coordinates":[101.68291,2.73772]}},{"type":"Feature","properties":{"kind":"manhole","district":"Sepang"},"geometry":{"type":"Point","coordinates":[101.68284,2.73768]}},{"type":"Feature","properties":{"kind":"manhole","district":"Hulu Langat","operator":"Indah Water"},"geometry":{"type":"Point","coordinates":[101.77764,2.96452]}},{"type":"Feature","properties":{"kind":"manhole","district":"Hulu Langat","operator":"Indah Water"},"geometry":{"type":"Point","coordinates":[101.7782,2.96452]}},{"type":"Feature","properties":{"kind":"manhole","district":"Sepang"},"geometry":{"type":"Point","coordinates":[101.72344,2.95183]}},{"type":"Feature","properties":{"kind":"manhole","district":"Hulu Langat","operator":"Indah Water"},"geometry":{"type":"Point","coordinates":[101.77895,2.95751]}},{"type":"Feature","properties":{"kind":"manhole","district":"Hulu Langat","operator":"Indah Water"},"geometry":{"type":"Point","coordinates":[101.77898,2.95759]}},{"type":"Feature","properties":{"kind":"manhole","district":"Hulu Langat","operator":"Indah Water"},"geometry":{"type":"Point","coordinates":[101.77903,2.95761]}}]}