{"type":"FeatureCollection","name":"anak_sungai","features":[{"type":"Feature","properties":{"name":"Sungai Gombak","waterway":"river"},"geometry":{"type":"LineString","coordinates":[[101.69307,3.16018],[101.69329,3.15971],[101.69354,3.15913],[101.69371,3.15874],[101.69392,3.15818],[101.69416,3.15751],[101.69425,3.15727],[101.69431,3.15707],[101.6944,3.15668],[101.69442,3.15649],[101.69442,3.15625],[101.69439,3.15607],[101.69418,3.15508],[101.69404,3.15452],[101.69385,3.15391],[101.69375,3.1536],[101.69368,3.15327],[101.69365,3.1531],[101.69363,3.1529],[101.69357,3.15225],[101.69356,3.15178],[101.69357,3.15156],[101.69359,3.15141],[101.69369,3.15105],[101.69376,3.15084],[101.69384,3.15066],[101.694,3.15041],[101.69415,3.15022],[101.69428,3.15009],[101.69467,3.14985],[101.69479,3.14975],[101.69488,3.1496],[101.69496,3.14946],[101.69509,3.14922],[101.69522,3.1488],[101.69526,3.14862],[101.69529,3.14838],[101.69532,3.14802],[101.6953,3.14772],[101.69529,3.1476]]}},{"type":"Feature","properties":{"name":"Sungai Baru","waterway":"river"},"geometry":{"type":"LineString","coordinates":[[101.51802,3.11457],[101.51824,3.11449],[101.51839,3.1145],[101.51858,3.11453],[101.51864,3.11461],[101.51859,3.11473],[101.51864,3.11573],[101.51929,3.11686],[101.51954,3.117],[101.51989,3.11703],[101.52031,3.11721],[101.52044,3.11729],[101.52056,3.11739],[101.52084,3.11736],[101.5214,3.11705],[101.52165,3.11698],[101.52186,3.11699],[101.52201,3.11699],[101.52214,3.11705],[101.52245,3.11716],[101.52261,3.11719],[101.52296,3.11725],[101.52336,3.11731],[101.52405,3.11733],[101.5247,3.11721],[101.52511,3.11721],[101.52538,3.11714],[101.52601,3.11704],[101.52638,3.11708],[101.52672,3.11712]]}},{"type":"Feature","properties":{"name":"Sungai Labohan Gurap","waterway":"river"},"geometry":{"type":"LineString","coordinates":[[101.3644,2.98709],[101.36432,2.98776],[101.36456,2.98893],[101.36509,2.98993],[101.36571,2.99062],[101.36597,2.99108],[101.3659,2.99145],[101.36568,2.99179],[101.36498,2.99191],[101.36332,2.99181],[101.36202,2.99128],[101.36007,2.98986],[101.35857,2.98899],[101.35756,2.98872],[101.35694,2.98868],[101.35667,2.98872],[101.35641,2.9889],[101.35625,2.98919],[101.35616,2.98948],[101.35615,2.98985],[101.35684,2.99459]]}},{"type":"Feature","properties":{"name":"Sungai Ayer Hitam","waterway":"river"},"geometry":{"type":"LineString","coordinates":[[101.37394,2.84544],[101.37387,2.84479],[101.37332,2.84407],[101.37313,2.84369],[101.37292,2.84359],[101.37296,2.84323],[101.37242,2.84288],[101.37234,2.84244],[101.37238,2.84216],[101.37231,2.84172],[101.37211,2.84148],[101.37206,2.8412],[101.37209,2.84108],[101.3721,2.84093],[101.37195,2.84079],[101.37175,2.84074],[101.37137,2.84073],[101.37071,2.84075],[101.37056,2.84073],[101.37048,2.84077],[101.37031,2.84094],[101.3702,2.841],[101.37009,2.84102],[101.37002,2.84101],[101.36984,2.84084],[101.36971,2.84077],[101.36947,2.84058],[101.36927,2.84045],[101.36913,2.84013],[101.36882,2.83989],[101.36859,2.83972],[101.36819,2.83925],[101.36798,2.83923],[101.36773,2.83944],[101.36753,2.83966],[101.36736,2.83974],[101.36716,2.83974],[101.36688,2.83953],[101.36668,2.83926],[101.36664,2.83914],[101.36647,2.83872],[101.36624,2.83839],[101.36606,2.83838],[101.36577,2.83832],[101.36525,2.83773],[101.36484,2.83729],[101.36464,2.83658],[101.36446,2.83616],[101.36423,2.83599],[101.36391,2.8359],[101.36357,2.83599],[101.36338,2.8361],[101.3631,2.83644],[101.36289,2.83662],[101.36266,2.83674],[101.3624,2.83676],[101.36215,2.8366],[101.36206,2.83634],[101.36207,2.83613],[101.36297,2.83495],[101.36305,2.83477],[101.36307,2.8346],[101.36302,2.83433],[101.36284,2.83419],[101.36261,2.83416],[101.36248,2.8342],[101.36228,2.83439],[101.36201,2.83456],[101.36182,2.83461],[101.36156,2.83463],[101.36131,2.83442],[101.36115,2.83414],[101.36091,2.83353],[101.36064,2.83313],[101.36047,2.83283],[101.36034,2.83241],[101.3604,2.83199],[101.36048,2.83171],[101.36069,2.83135],[101.36151,2.8306],[101.36184,2.83015],[101.36192,2.82986],[101.3618,2.82942],[101.36143,2.82925],[101.3608,2.82938],[101.36052,2.8296],[101.36007,2.82973],[101.35962,2.82977],[101.35932,2.82963],[101.35892,2.82939],[101.35886,2.829],[101.35896,2.82868],[101.35946,2.82848],[101.36015,2.82841],[101.36091,2.82825],[101.36121,2.82804],[101.36137,2.82774],[101.36133,2.82723],[101.36105,2.82668],[101.36052,2.82632],[101.35994,2.82628],[101.35964,2.82628],[101.35915,2.82636],[101.35779,2.82678],[101.35745,2.82676],[101.35708,2.82668],[101.35688,2.82648],[101.35682,2.82619],[101.35684,2.82579],[101.35702,2.8254],[101.35864,2.82407],[101.35889,2.82377],[101.35907,2.82345],[101.35907,2.82298],[101.35881,2.82269],[101.35805,2.82258],[101.35665,2.82287],[101.35571,2.82284],[101.35532,2.82266],[101.35508,2.82223],[101.35508,2.82183],[101.35519,2.82126],[101.35579,2.82072],[101.35758,2.82006],[101.35925,2.81956],[101.35959,2.81926],[101.35977,2.81883],[101.35967,2.8184],[101.35939,2.81814],[101.35888,2.8181],[101.35753,2.81859],[101.35622,2.81893],[101.35517,2.81916],[101.35289,2.81729]]}},{"type":"Feature","properties":{"name":null,"waterway":"river"},"geometry":{"type":"LineString","coordinates":[[101.31146,2.98606],[101.31392,2.98728],[101.3162,2.98807],[101.31857,2.98932],[101.31922,2.98948],[101.32045,2.99034],[101.32255,2.99132],[101.32411,2.99104],[101.32752,2.98655]]}},{"type":"Feature","properties":{"name":"Sungai Sepang","waterway":"river"},"geometry":{"type":"LineString","coordinates":[[101.76116,2.70295],[101.76118,2.70274],[101.76119,2.70258],[101.76117,2.7025],[101.76115,2.70244],[101.76087,2.70213],[101.76068,2.70193],[101.76047,2.70177],[101.76041,2.70174],[101.76031,2.70169],[101.76024,2.70163],[101.76018,2.70153],[101.76013,2.70139],[101.76006,2.70127],[101.75999,2.70116],[101.75983,2.70098],[101.75978,2.70089],[101.75977,2.70082],[101.75978,2.70065],[101.75979,2.70059],[101.75984,2.70052],[101.76005,2.70027],[101.76017,2.70012],[101.76025,2.70002],[101.7605,2.69982],[101.76058,2.69974],[101.76061,2.69964],[101.7606,2.69952],[101.76055,2.69942],[101.76046,2.69928],[101.75967,2.69888],[101.75878,2.69871],[101.75779,2.6984],[101.75699,2.69832],[101.75619,2.69799],[101.75538,2.69741],[101.75492,2.69695],[101.75489,2.69668],[101.75461,2.69632],[101.75444,2.69569],[101.7541,2.69542],[101.75368,2.69415],[101.75366,2.69392],[101.75391,2.69373],[101.75521,2.69336],[101.75514,2.69227],[101.75512,2.69205],[101.75509,2.69179],[101.75468,2.69126],[101.75456,2.69119],[101.75406,2.69125],[101.7532,2.69131],[101.75292,2.69125],[101.75272,2.69099],[101.75263,2.69073],[101.75233,2.68985],[101.75171,2.68891],[101.75133,2.68786],[101.75133,2.68755],[101.75157,2.68717],[101.75273,2.68515],[101.75271,2.6847],[101.75189,2.68181],[101.75173,2.68147],[101.75149,2.68111],[101.75124,2.68103],[101.75086,2.68105],[101.74993,2.68133],[101.74854,2.68177],[101.74823,2.68182],[101.74795,2.68187],[101.74724,2.68176],[101.74634,2.68142],[101.7453,2.68079],[101.74485,2.68038],[101.74423,2.67947],[101.74338,2.6784],[101.74137,2.6759],[101.7406,2.67485],[101.7402,2.67398],[101.7399,2.67275],[101.73984,2.67182],[101.7399,2.67096],[101.74034,2.66923],[101.74072,2.66839],[101.74105,2.6679],[101.74155,2.66746],[101.7424,2.66705],[101.74348,2.66666],[101.74437,2.66621],[101.7452,2.66553],[101.74569,2.66458],[101.74594,2.66329],[101.74618,2.66097],[101.74654,2.65962],[101.74714,2.6581],[101.74757,2.65562],[101.74746,2.65475],[101.74709,2.65403],[101.74653,2.6534],[101.74561,2.65273],[101.74411,2.65207],[101.74034,2.65089],[101.7342,2.64812],[101.73259,2.64709],[101.7314,2.64605],[101.73021,2.64454],[101.72864,2.6427],[101.72653,2.63959],[101.72601,2.63876],[101.72532,2.63753],[101.72487,2.63654],[101.72474,2.63562],[101.72498,2.63502],[101.72553,2.63446],[101.72683,2.63322],[101.72776,2.63207],[101.72916,2.62947],[101.72987,2.62714],[101.73049,2.62407],[101.73053,2.62147],[101.73031,2.61905],[101.72975,2.61722],[101.72907,2.61648],[101.72839,2.61624],[101.72775,2.61632],[101.72721,2.61677],[101.72597,2.61834],[101.72491,2.61949],[101.72396,2.62014],[101.72286,2.6204],[101.7212,2.62026],[101.71822,2.61934],[101.71536,2.61798],[101.71342,2.61673],[101.71153,2.6155],[101.70729,2.6124],[101.70563,2.611],[101.70373,2.60886],[101.70276,2.60705],[101.70247,2.60601],[101.70243,2.60505],[101.70291,2.60396],[101.70372,2.60309],[101.70507,2.60247],[101.70772,2.60144],[101.71119,2.5995],[101.71228,2.59833],[101.71262,2.59686],[101.71259,2.59621],[101.71245,2.59533]]}},{"type":"Feature","properties":{"name":"Sungai Rasau","waterway":"river"},"geometry":{"type":"LineString","coordinates":[[101.48131,3.06054],[101.48096,3.05985],[101.48076,3.0595],[101.48048,3.05919],[101.48005,3.05894],[101.47829,3.05829],[101.47759,3.05797],[101.47689,3.05752],[101.4759,3.05682],[101.47562,3.05662],[101.47548,3.05653],[101.47517,3.05631],[101.47451,3.05531],[101.47417,3.05482],[101.47417,3.05432],[101.47417,3.05387],[101.47409,3.05366],[101.47391,3.0534],[101.4735,3.05308],[101.47337,3.05285],[101.47327,3.05266],[101.47326,3.05258],[101.4733,3.0525],[101.47337,3.05237],[101.47341,3.05216],[101.47337,3.05205],[101.47324,3.05191],[101.47273,3.05158],[101.47255,3.0515],[101.47245,3.05146],[101.47237,3.05141],[101.47232,3.05132],[101.47218,3.05096],[101.47201,3.05072],[101.47188,3.05051],[101.47177,3.05041],[101.47162,3.05031],[101.47146,3.04996],[101.47125,3.04963],[101.47098,3.04913],[101.47041,3.04827],[101.4701,3.04803],[101.46965,3.04769]]}},{"type":"Feature","properties":{"name":"Sungai Klang","waterway":"river"},"geometry":{"type":"LineString","coordinates":[[101.67082,3.08658],[101.66988,3.08567],[101.66906,3.08504],[101.66808,3.08455],[101.66681,3.08414],[101.66614,3.08391],[101.66562,3.08374],[101.66519,3.08347],[101.66486,3.08316],[101.66468,3.08297],[101.6645,3.08271],[101.66437,3.08246],[101.66427,3.08219],[101.66425,3.08194],[101.66426,3.08152],[101.66421,3.08113],[101.66406,3.08036],[101.66377,3.0795],[101.66351,3.07907],[101.66289,3.07847],[101.66219,3.07779],[101.66152,3.07712],[101.66108,3.07689],[101.65984,3.0765],[101.6592,3.0763],[101.65838,3.07604],[101.65809,3.07591],[101.65764,3.07566],[101.65708,3.07529],[101.65643,3.07485],[101.65615,3.07457],[101.65541,3.07363],[101.65514,3.07325],[101.6548,3.07276],[101.65466,3.07249],[101.6543,3.07153],[101.65403,3.07112],[101.65362,3.07074],[101.65313,3.07034],[101.65261,3.07009],[101.65208,3.06993],[101.65098,3.06986],[101.65038,3.06991],[101.64868,3.07019],[101.64804,3.07044],[101.64745,3.07084],[101.64687,3.07111],[101.6461,3.07128],[101.64577,3.07128],[101.64291,3.07104],[101.6424,3.07097],[101.6419,3.07085],[101.63879,3.06989],[101.63814,3.06976],[101.63737,3.06974],[101.63613,3.06987],[101.63467,3.07005],[101.63309,3.07025]]}},{"type":"Feature","properties":{"name":"Sungai Raya","waterway":"river"},"geometry":{"type":"LineString","coordinates":[[101.75949,3.07564],[101.75961,3.07561],[101.76025,3.07537],[101.76073,3.07509],[101.76095,3.075],[101.76128,3.07478],[101.76176,3.07408],[101.76185,3.07386],[101.76192,3.07357]]}},{"type":"Feature","properties":{"name":"Sungai Semenyih","waterway":"river"},"geometry":{"type":"LineString","coordinates":[[101.87221,3.04993],[101.87213,3.0499],[101.87202,3.04977],[101.87198,3.04958],[101.87198,3.04941],[101.872,3.04927],[101.8721,3.04913],[101.87218,3.0491],[101.87228,3.04904],[101.87234,3.04894],[101.87236,3.04885],[101.87233,3.04875],[101.87217,3.04863],[101.87209,3.04855],[101.87204,3.04847],[101.87202,3.04838],[101.87196,3.04831],[101.87187,3.04826],[101.87176,3.0482],[101.87164,3.04814],[101.87155,3.04803],[101.87153,3.04778],[101.87154,3.04754],[101.87155,3.0474],[101.87153,3.04724],[101.87159,3.04715],[101.87174,3.04709],[101.87188,3.04701],[101.87195,3.04687],[101.87215,3.04669],[101.87239,3.04654],[101.87253,3.04644],[101.87262,3.04628],[101.87266,3.04611],[101.87267,3.04594],[101.8726,3.04587],[101.87253,3.0458],[101.87246,3.04564],[101.87249,3.04551],[101.8725,3.04541],[101.87242,3.04522],[101.87233,3.0451],[101.87226,3.04492],[101.87217,3.04469],[101.8721,3.04446],[101.87221,3.04415],[101.87236,3.04372],[101.87243,3.04348],[101.87256,3.04319],[101.87277,3.04306],[101.87302,3.04294],[101.87343,3.04269],[101.87353,3.04251],[101.87354,3.04235],[101.87341,3.0422],[101.87327,3.04212],[101.87313,3.04205],[101.87306,3.04202],[101.87292,3.04192],[101.87288,3.0418],[101.8729,3.04167],[101.873,3.0415],[101.87309,3.04135],[101.87309,3.04121],[101.87305,3.04107],[101.87296,3.04089],[101.87293,3.04069],[101.87293,3.04047],[101.8729,3.04015],[101.87274,3.03983],[101.87251,3.03957],[101.87235,3.03936],[101.87211,3.03924],[101.87194,3.03904],[101.87183,3.03883],[101.87172,3.03866],[101.87158,3.03842],[101.87154,3.03812],[101.87152,3.03787],[101.87142,3.03779],[101.87126,3.03769],[101.87097,3.03766],[101.87077,3.0376],[101.87064,3.03744],[101.87057,3.03732],[101.87058,3.03719],[101.87069,3.03701],[101.87071,3.03692],[101.87066,3.03682],[101.87068,3.03673],[101.87076,3.03661],[101.87076,3.03654],[101.87061,3.03639],[101.87043,3.03623],[101.8703,3.03609],[101.87016,3.03602],[101.87003,3.03597],[101.8699,3.03599],[101.86981,3.03604],[101.86976,3.0361],[101.86973,3.0361],[101.86969,3.0361],[101.86965,3.03607],[101.86963,3.03603],[101.86966,3.03593],[101.86974,3.03588],[101.8699,3.0358],[101.87,3.03575],[101.87022,3.03553],[101.87039,3.03538],[101.87042,3.03525],[101.8705,3.03513],[101.87068,3.03497],[101.87075,3.03482],[101.87082,3.03414],[101.87086,3.03355],[101.87081,3.03321],[101.87069,3.03317],[101.87052,3.0332],[101.87036,3.03326],[101.87028,3.03333],[101.87023,3.03348],[101.87025,3.03364],[101.8702,3.0337],[101.87009,3.0337],[101.86992,3.03359],[101.86985,3.03335],[101.86973,3.03321],[101.86962,3.03311],[101.86963,3.03303],[101.86977,3.0329],[101.8698,3.03283],[101.86965,3.03242],[101.86941,3.03203],[101.86928,3.03186],[101.86925,3.03173],[101.86927,3.03163],[101.86941,3.03144],[101.86943,3.03135],[101.86944,3.03124],[101.8694,3.03117],[101.86929,3.03109],[101.86925,3.03103],[101.86927,3.03083],[101.86924,3.03072],[101.86908,3.03057],[101.86902,3.03049],[101.86901,3.03033],[101.86897,3.03012],[101.86902,3.02987],[101.86897,3.02976],[101.86883,3.0296],[101.86879,3.02953],[101.86877,3.0294],[101.86866,3.02915],[101.86853,3.02891],[101.86852,3.02878],[101.86852,3.02867],[101.8689,3.02806],[101.86895,3.02795],[101.86895,3.02789],[101.86887,3.02778],[101.86881,3.02776],[101.86865,3.0279],[101.86857,3.02797],[101.8685,3.02796],[101.86825,3.02777],[101.86814,3.02773],[101.868,3.02771],[101.86788,3.02768],[101.86778,3.02761],[101.8677,3.0275],[101.86762,3.02746],[101.86754,3.02744],[101.86748,3.02733],[101.86746,3.02718],[101.86745,3.02707],[101.86736,3.02698],[101.86732,3.02686],[101.86731,3.02663],[101.86737,3.02646],[101.86745,3.02636],[101.86758,3.02623],[101.86768,3.02606],[101.86768,3.02583],[101.86762,3.0257],[101.86754,3.02566],[101.86746,3.02567],[101.86736,3.02562],[101.86722,3.02534],[101.86713,3.02518],[101.86711,3.02502],[101.86705,3.02483],[101.86689,3.02458],[101.86674,3.02441],[101.86671,3.02433],[101.86671,3.02428],[101.86674,3.02424],[101.86682,3.02419],[101.86694,3.02415],[101.86697,3.02407],[101.86696,3.02378],[101.86687,3.02359],[101.86681,3.02346],[101.8668,3.0233],[101.86685,3.02321],[101.867,3.02312],[101.86706,3.02308],[101.86709,3.023],[101.86708,3.02292],[101.86704,3.02286],[101.86695,3.0228],[101.86689,3.02266],[101.86692,3.02249],[101.86681,3.02164],[101.86681,3.02104],[101.86674,3.0203],[101.86665,3.01985],[101.86656,3.01963],[101.86646,3.01931],[101.86646,3.01913],[101.86647,3.01902],[101.86653,3.01897],[101.86658,3.01893],[101.86659,3.01889],[101.86656,3.01875],[101.86656,3.01864],[101.86663,3.01848],[101.8667,3.01833],[101.86672,3.01829],[101.86674,3.01791],[101.86686,3.01756],[101.86693,3.01737],[101.86705,3.01721],[101.86707,3.01707],[101.86714,3.01691],[101.86718,3.01674],[101.86711,3.01659],[101.86689,3.0164],[101.86645,3.01612],[101.86628,3.01604],[101.86602,3.01593],[101.86586,3.0158],[101.86582,3.01556],[101.86586,3.0153],[101.86603,3.01507],[101.86611,3.01475],[101.86608,3.01441],[101.86599,3.01428],[101.86588,3.0141],[101.86592,3.01394],[101.86632,3.01347],[101.86677,3.01311],[101.86716,3.01272],[101.86725,3.01252],[101.8672,3.01231],[101.86709,3.0122],[101.86709,3.012],[101.86708,3.01153],[101.86715,3.01125],[101.86746,3.01051],[101.86758,3.0103],[101.86782,3.01017],[101.86806,3.01011],[101.86814,3.01004],[101.86818,3.00991],[101.86818,3.00969],[101.86833,3.00948],[101.86878,3.00893],[101.86903,3.00875],[101.86933,3.0086],[101.86954,3.00836],[101.86969,3.00808],[101.86977,3.00794],[101.86999,3.00762],[101.87004,3.0075],[101.87008,3.00733],[101.87011,3.00727],[101.87016,3.00722],[101.87022,3.00718],[101.87028,3.00717],[101.87035,3.00718],[101.87041,3.0072],[101.87048,3.00729],[101.87056,3.00739],[101.87064,3.00745],[101.87082,3.00748],[101.87093,3.00746],[101.8711,3.00744],[101.87117,3.00745],[101.87125,3.00748],[101.87136,3.00756],[101.87145,3.00758],[101.87153,3.00758],[101.87161,3.00756],[101.87166,3.00754],[101.87171,3.00748],[101.87176,3.00742],[101.87184,3.00726],[101.87189,3.00716],[101.87192,3.00708],[101.87192,3.00697],[101.87191,3.00684],[101.8719,3.00673],[101.87183,3.00654],[101.87175,3.00636],[101.87162,3.00603],[101.87159,3.00597],[101.87155,3.00588],[101.87153,3.00578],[101.87152,3.00565],[101.87155,3.00554],[101.87157,3.00546],[101.8716,3.00538],[101.87167,3.00529],[101.87193,3.00516],[101.8722,3.00507],[101.87238,3.00497],[101.87244,3.00491],[101.87248,3.00485],[101.87252,3.00475],[101.87254,3.00459],[101.87254,3.00445],[101.87246,3.00432],[101.87242,3.00401],[101.87242,3.00393],[101.87248,3.00385],[101.87253,3.00381],[101.87255,3.00376],[101.87255,3.00369],[101.87252,3.00361],[101.8725,3.00353],[101.8725,3.00346],[101.87253,3.00338],[101.87258,3.0033],[101.87263,3.00324],[101.87269,3.00321],[101.87276,3.0032],[101.87284,3.0032],[101.87292,3.00321],[101.87299,3.00318],[101.87306,3.00314],[101.87313,3.0031],[101.87318,3.00306],[101.87321,3.00298],[101.87325,3.00288],[101.87339,3.00255],[101.87345,3.00241],[101.87344,3.00217],[101.87347,3.00183],[101.87352,3.00145],[101.87356,3.00133],[101.87361,3.00121],[101.8737,3.00105],[101.87382,3.00093],[101.87393,3.00086],[101.87406,3.00079],[101.87417,3.00075],[101.87428,3.00073],[101.87448,3.00072],[101.87492,3.0007],[101.87508,3.00061],[101.87524,3.00052],[101.87534,3.00043],[101.87539,3.00035],[101.87541,3.00027],[101.8754,3.00008],[101.87539,2.99986],[101.87536,2.99961],[101.8753,2.99935],[101.87522,2.99914],[101.87514,2.99901],[101.87511,2.99892],[101.87512,2.99883],[101.87519,2.9986],[101.8752,2.99845],[101.87518,2.99838],[101.87516,2.99833],[101.87514,2.9983],[101.8751,2.99826],[101.875,2.9982],[101.8749,2.99812],[101.87484,2.99803],[101.87476,2.9979],[101.87468,2.99775],[101.87453,2.99743],[101.87445,2.99719],[101.87438,2.99695],[101.87423,2.99659],[101.87414,2.9964],[101.87412,2.99635],[101.8741,2.9963],[101.87409,2.99624],[101.8741,2.99614],[101.87413,2.99602],[101.8742,2.99561],[101.87421,2.99538],[101.8742,2.99505],[101.87419,2.99475],[101.87413,2.99456],[101.87412,2.99445],[101.87413,2.99436],[101.87417,2.99421],[101.87423,2.99405],[101.87429,2.99392],[101.87429,2.99378],[101.87429,2.9937],[101.87425,2.99359],[101.8742,2.99354],[101.8741,2.99346],[101.87404,2.99337],[101.87395,2.99331],[101.87387,2.99324],[101.87368,2.99303],[101.87357,2.99284],[101.87349,2.99266],[101.87335,2.99249],[101.87328,2.99237],[101.87325,2.99226],[101.87314,2.99208],[101.87284,2.99161],[101.87268,2.99145],[101.87244,2.99109],[101.87218,2.99077],[101.87214,2.99069],[101.87213,2.99054],[101.87209,2.99044],[101.87185,2.99008],[101.87162,2.98965],[101.87139,2.98918],[101.87129,2.98896],[101.87125,2.98886],[101.87125,2.98875],[101.87128,2.98794],[101.8713,2.98757],[101.87135,2.98695],[101.8713,2.98686],[101.8712,2.98676],[101.87103,2.98649],[101.87072,2.98579],[101.87068,2.98569],[101.87056,2.98498],[101.87048,2.98427],[101.87015,2.98358],[101.86997,2.98336],[101.86981,2.98309],[101.86966,2.98251],[101.86958,2.98234],[101.86945,2.98218],[101.86926,2.98204],[101.86907,2.98174],[101.86888,2.98136],[101.86882,2.98105],[101.86877,2.98097],[101.86832,2.98062],[101.8681,2.9804],[101.86793,2.98014],[101.86758,2.97982],[101.86721,2.97958],[101.86693,2.97944],[101.86679,2.97931],[101.86655,2.97892],[101.86643,2.97878],[101.86612,2.97847],[101.86578,2.97819],[101.86527,2.97762],[101.86492,2.97736],[101.86482,2.97712],[101.86458,2.9768],[101.86443,2.97656],[101.8643,2.97652],[101.8641,2.97629],[101.86395,2.97597],[101.86378,2.97575],[101.8635,2.97563],[101.86327,2.97547],[101.863,2.97519],[101.86285,2.97492],[101.86252,2.97448],[101.86234,2.9743],[101.86187,2.97405],[101.86151,2.97393],[101.86129,2.97387],[101.86118,2.97388],[101.86083,2.97424],[101.86074,2.97429],[101.86061,2.9743],[101.8603,2.97412],[101.86005,2.97402],[101.85972,2.97382],[101.85918,2.97285],[101.85882,2.97244],[101.85843,2.97188],[101.85836,2.97173],[101.85841,2.97153],[101.85847,2.97124],[101.85831,2.97097],[101.85806,2.97077],[101.85785,2.9708],[101.85775,2.97093],[101.85763,2.97097],[101.85747,2.97089],[101.85734,2.97074],[101.85717,2.97049],[101.85707,2.96997],[101.85687,2.96933],[101.85689,2.96915],[101.85699,2.969],[101.85733,2.96887],[101.85735,2.96876],[101.8571,2.96835],[101.85635,2.96777],[101.85603,2.96734],[101.85585,2.96687],[101.8557,2.96649],[101.85559,2.96632],[101.85541,2.96621],[101.85515,2.9662],[101.85504,2.96617],[101.85457,2.96572],[101.85407,2.96529],[101.85297,2.96367],[101.85258,2.96321],[101.85237,2.96311],[101.85217,2.96301],[101.85197,2.96289],[101.85188,2.96273],[101.85183,2.96254],[101.85179,2.96216],[101.85172,2.96197],[101.85164,2.96185],[101.85148,2.96177],[101.8513,2.96168],[101.85098,2.96123],[101.85073,2.9607],[101.85021,2.96026],[101.85007,2.96013],[101.85005,2.96003],[101.84997,2.95971],[101.84984,2.95954],[101.84963,2.95937],[101.84937,2.95892],[101.84891,2.95835],[101.84836,2.95724],[101.84798,2.95651],[101.84775,2.95612],[101.84765,2.95578],[101.84773,2.95508],[101.84767,2.95477],[101.84742,2.95413],[101.84747,2.95402],[101.84745,2.95368],[101.8473,2.95329],[101.8472,2.9526],[101.8468,2.95156],[101.84677,2.95131],[101.84679,2.95109],[101.84706,2.94974],[101.84737,2.94911],[101.84746,2.94831],[101.84761,2.94785],[101.84768,2.94723],[101.84771,2.94694],[101.84753,2.946],[101.84735,2.94511],[101.84651,2.94354],[101.84629,2.94301],[101.84562,2.94169],[101.84535,2.94125],[101.84495,2.94095],[101.84383,2.94039],[101.84356,2.9401],[101.84342,2.9398],[101.84235,2.93877],[101.84214,2.93838],[101.84211,2.93795],[101.84195,2.93756],[101.84184,2.93738],[101.84164,2.93721],[101.84139,2.93703],[101.84116,2.93682],[101.84071,2.93612],[101.84048,2.93574],[101.84033,2.9356],[101.84019,2.93543],[101.84008,2.93515],[101.83932,2.93396],[101.83899,2.9334],[101.83819,2.93249],[101.83668,2.93141],[101.83618,2.93124],[101.83572,2.93087],[101.83246,2.93022],[101.8319,2.93],[101.83152,2.92965],[101.83115,2.92933],[101.83089,2.9287],[101.83067,2.92808],[101.83063,2.92721],[101.83068,2.92681],[101.83052,2.92626],[101.83033,2.92543],[101.83008,2.92411],[101.82979,2.92347],[101.8291,2.92286],[101.82866,2.92236],[101.82838,2.92205],[101.82794,2.92164],[101.82768,2.92134],[101.82741,2.92086],[101.82723,2.92],[101.82688,2.91943],[101.82659,2.91871],[101.82573,2.9171],[101.82517,2.91661],[101.82469,2.91641],[101.82434,2.91637],[101.82397,2.91614],[101.82368,2.91588],[101.82322,2.91561],[101.82279,2.91551],[101.82096,2.91433],[101.82025,2.91395],[101.81937,2.91334],[101.81906,2.91308],[101.81891,2.91281],[101.81884,2.91191],[101.81861,2.91099],[101.81829,2.90989],[101.81788,2.90939],[101.81672,2.90869],[101.81602,2.90815],[101.81255,2.90586],[101.81135,2.90532],[101.81034,2.90481],[101.80956,2.90453],[101.80948,2.9045],[101.80894,2.90408],[101.80837,2.90327],[101.80822,2.90297],[101.80798,2.90223],[101.80798,2.90149],[101.80821,2.90116],[101.80836,2.90091],[101.80842,2.90068],[101.80825,2.90014],[101.80792,2.89979],[101.80762,2.89922],[101.80739,2.89893],[101.80696,2.89861],[101.80626,2.89815],[101.80536,2.8979],[101.80465,2.89755],[101.80432,2.89748],[101.80376,2.89751],[101.8015,2.89694],[101.80106,2.8969],[101.80061,2.89693],[101.7998,2.8967],[101.79886,2.89638],[101.79834,2.8963],[101.7979,2.8961],[101.79773,2.89597],[101.79749,2.89555],[101.79665,2.89496],[101.79645,2.89481],[101.79617,2.8947],[101.79573,2.89476],[101.79536,2.89503],[101.79519,2.8951],[101.79471,2.89513],[101.79428,2.89531],[101.7941,2.89543],[101.79375,2.89565],[101.79291,2.89554],[101.79206,2.89526],[101.79166,2.89509],[101.79111,2.89486],[101.79093,2.89465],[101.79071,2.89441],[101.79055,2.89422],[101.7904,2.89401],[101.79025,2.89385],[101.79009,2.89369],[101.78949,2.89331],[101.78727,2.89299],[101.78544,2.8932],[101.78489,2.8932],[101.78365,2.89302],[101.78199,2.89293],[101.78011,2.89277],[101.77966,2.8928],[101.77935,2.89293],[101.77893,2.89337],[101.77826,2.89436],[101.7777,2.89472],[101.77723,2.89498],[101.77648,2.8954],[101.77616,2.8957],[101.77554,2.89599],[101.77482,2.89629],[101.77374,2.89654],[101.77311,2.89672],[101.77268,2.8967],[101.77191,2.89657],[101.77118,2.89669],[101.7696,2.89725],[101.7678,2.89766],[101.76729,2.89777],[101.76682,2.89781],[101.7664,2.89768],[101.76609,2.89733],[101.76589,2.897],[101.76567,2.89662],[101.76545,2.89553],[101.76532,2.89514],[101.76502,2.8948],[101.76482,2.8946],[101.76444,2.89438],[101.76409,2.89402],[101.76381,2.89362],[101.76372,2.89328],[101.76373,2.89274],[101.76372,2.89229],[101.76357,2.89213],[101.76338,2.8921],[101.75975,2.89183],[101.75787,2.89145],[101.75581,2.89102],[101.75535,2.89102],[101.755,2.89119],[101.75366,2.89176],[101.75245,2.89229],[101.75176,2.89236],[101.75044,2.8921],[101.74993,2.89205],[101.74938,2.89215],[101.74847,2.89229],[101.74796,2.89223],[101.74717,2.89207],[101.74641,2.89175],[101.74505,2.8912],[101.74312,2.89081],[101.74186,2.89046],[101.74055,2.89013],[101.73885,2.89018],[101.7381,2.89026],[101.73741,2.89059],[101.73688,2.89117],[101.73624,2.89177],[101.7357,2.89245],[101.73517,2.89349],[101.73509,2.89383],[101.7349,2.89419],[101.73372,2.89549]]}},{"type":"Feature","properties":{"name":"Sungai Pelampas","waterway":"river"},"geometry":{"type":"LineString","coordinates":[[101.52209,3.15382],[101.52239,3.15399],[101.52256,3.15437],[101.52272,3.15453],[101.52317,3.1548],[101.52338,3.15482],[101.52356,3.15503],[101.52363,3.1553],[101.52368,3.15549],[101.52376,3.15555],[101.52407,3.15557],[101.52445,3.15567],[101.52474,3.15565],[101.52501,3.15565],[101.5252,3.15562],[101.5253,3.15566],[101.52536,3.15579],[101.52539,3.15671],[101.52537,3.15706],[101.52552,3.15717],[101.52566,3.15719],[101.52596,3.1572],[101.52673,3.15713],[101.52782,3.15706],[101.5284,3.15702],[101.52855,3.15704],[101.52867,3.15713],[101.52897,3.15741],[101.52908,3.15756],[101.52919,3.15779],[101.52942,3.15783],[101.52978,3.15783],[101.53039,3.15759],[101.53107,3.15754],[101.53155,3.15743],[101.53204,3.15758],[101.5324,3.15764],[101.53258,3.15778],[101.53282,3.15804],[101.53309,3.15798],[101.53318,3.15762],[101.53318,3.15743],[101.53322,3.15724],[101.53329,3.15707],[101.53338,3.15694],[101.53344,3.15688],[101.53356,3.15681],[101.53386,3.15666],[101.53396,3.1566],[101.53418,3.15622],[101.53416,3.15603],[101.53421,3.15577],[101.53432,3.15552],[101.53447,3.15523],[101.53449,3.15511],[101.53436,3.1548],[101.53431,3.15463],[101.53433,3.1544],[101.53439,3.15427],[101.53446,3.15409],[101.53449,3.1539],[101.53448,3.15376],[101.53453,3.15364],[101.53463,3.15356],[101.53473,3.15348],[101.53493,3.15296],[101.53505,3.15252],[101.5351,3.15247],[101.53524,3.15239],[101.53544,3.15232],[101.53601,3.15222],[101.53609,3.15215],[101.53614,3.15212],[101.53626,3.15197],[101.53638,3.15191],[101.53657,3.15186],[101.53661,3.15185],[101.53673,3.15181],[101.53681,3.15176],[101.53709,3.15156],[101.53722,3.15148],[101.53736,3.15139],[101.5374,3.15134],[101.53748,3.15125],[101.53782,3.15092],[101.53788,3.15087],[101.53794,3.15082],[101.53799,3.15075],[101.53805,3.15069],[101.53811,3.15064],[101.53817,3.1506],[101.53822,3.15058],[101.53828,3.15058],[101.53833,3.15058],[101.53839,3.15059],[101.53847,3.15063],[101.53855,3.15068],[101.53867,3.15075],[101.53875,3.15079],[101.53886,3.15082],[101.53897,3.15084],[101.53907,3.15086],[101.53919,3.15088],[101.53933,3.1509],[101.53946,3.15093],[101.5396,3.15095],[101.53974,3.15096],[101.53989,3.15097],[101.53997,3.15096],[101.54005,3.15093],[101.54012,3.1509],[101.54021,3.15083],[101.54027,3.15077],[101.54032,3.15071],[101.54037,3.15065],[101.54039,3.15055],[101.54042,3.15045],[101.54045,3.15035],[101.54049,3.15026]]}},{"type":"Feature","properties":{"name":"Sungai Midah","waterway":"river"},"geometry":{"type":"LineString","coordinates":[[101.71536,3.07966],[101.71522,3.07949],[101.71503,3.07952],[101.71479,3.07964],[101.7146,3.07967],[101.71438,3.07955],[101.71394,3.07903],[101.71356,3.07872],[101.71293,3.07827],[101.71278,3.07824],[101.71263,3.07826],[101.71241,3.07838],[101.71233,3.07851]]}},{"type":"Feature","properties":{"name":"Sungai Toba","waterway":"river"},"geometry":{"type":"LineString","coordinates":[[101.6523,3.17951],[101.65245,3.17987],[101.65276,3.18064],[101.6529,3.18103],[101.65297,3.18122],[101.65301,3.18132],[101.65302,3.18142],[101.653,3.18155],[101.6528,3.18191],[101.65261,3.18225],[101.65251,3.18241],[101.65228,3.18293],[101.65195,3.18361],[101.65167,3.18437],[101.65168,3.18447],[101.65199,3.18491],[101.65213,3.18516],[101.65287,3.18618],[101.65293,3.18624],[101.65347,3.18667],[101.65381,3.1868],[101.65386,3.18681]]}},{"type":"Feature","properties":{"name":"Sungai Kerayong","waterway":"river"},"geometry":{"type":"LineString","coordinates":[[101.74734,3.12668],[101.74727,3.1267],[101.74726,3.12672],[101.74718,3.12685],[101.747,3.12721],[101.74691,3.12746],[101.74671,3.12792],[101.74656,3.12815],[101.74619,3.12854],[101.74591,3.1288],[101.74553,3.12905],[101.74519,3.12924],[101.74502,3.12931],[101.74475,3.12936],[101.74438,3.12946],[101.74426,3.12947],[101.74386,3.12946],[101.74372,3.12948],[101.74346,3.12952],[101.74304,3.12961],[101.74185,3.12974],[101.74065,3.12991],[101.74042,3.12997],[101.7398,3.13006],[101.73951,3.13012],[101.73942,3.13013],[101.73902,3.12992],[101.73853,3.12955],[101.7378,3.12917],[101.7323,3.12596],[101.73197,3.12571],[101.72954,3.12372],[101.7292,3.12343],[101.72898,3.12316],[101.72882,3.12288],[101.7283,3.1224],[101.72801,3.12196],[101.72786,3.12175],[101.72774,3.12161],[101.72763,3.12151],[101.72735,3.12136],[101.72628,3.12096],[101.72611,3.12087],[101.72561,3.12043],[101.72543,3.12029],[101.72525,3.12018],[101.72489,3.12002],[101.72455,3.11989],[101.72397,3.11977],[101.72373,3.1197],[101.723,3.11943],[101.72273,3.11935],[101.72145,3.11913],[101.71871,3.11859],[101.71849,3.11854],[101.7183,3.11847],[101.71812,3.11837],[101.71788,3.11816],[101.71773,3.11793],[101.71764,3.11766],[101.71754,3.11728],[101.71741,3.11695],[101.71699,3.11622]]}},{"type":"Feature","properties":{"name":null,"waterway":"canal"},"geometry":{"type":"LineString","coordinates":[[101.64669,3.07391],[101.64613,3.07398],[101.64564,3.07369],[101.64558,3.07314],[101.64555,3.07256],[101.6456,3.07224],[101.64571,3.07182],[101.64575,3.07143],[101.64577,3.07128]]}},{"type":"Feature","properties":{"name":"Sungai Penaga","waterway":"river"},"geometry":{"type":"LineString","coordinates":[[101.60577,3.08504],[101.60528,3.08395],[101.60518,3.08354],[101.60508,3.08295],[101.60507,3.08284],[101.60511,3.08261],[101.60512,3.08256],[101.60514,3.08242],[101.60514,3.08235],[101.60512,3.08228],[101.60507,3.08217],[101.60245,3.07712],[101.60131,3.07643],[101.60122,3.07638],[101.60112,3.07634],[101.59824,3.07615],[101.59804,3.07613],[101.5979,3.076],[101.59776,3.0758],[101.59767,3.07562],[101.59769,3.0754],[101.59827,3.07318],[101.59834,3.0729],[101.59839,3.07265],[101.59904,3.07144],[101.59909,3.07117],[101.59894,3.06547]]}},{"type":"Feature","properties":{"name":null,"waterway":"river"},"geometry":{"type":"LineString","coordinates":[[101.79992,3.01407],[101.79975,3.01337],[101.79979,3.01282],[101.7997,3.01239],[101.79962,3.01223],[101.79921,3.01164],[101.79895,3.01163],[101.79864,3.01156],[101.79818,3.0111],[101.79801,3.01104],[101.79787,3.01084],[101.79766,3.01075],[101.79754,3.01077],[101.7975,3.01097],[101.79742,3.01111],[101.79725,3.01107],[101.79683,3.01078],[101.79597,3.00997],[101.79499,3.00947],[101.7947,3.00941],[101.79395,3.00886],[101.79194,3.00775],[101.79073,3.00691],[101.78929,3.00576],[101.78892,3.00527],[101.78878,3.00473],[101.78874,3.00395],[101.78865,3.00378],[101.78853,3.00364],[101.78756,3.00281],[101.78656,3.00154],[101.78638,3.00112],[101.78629,3.00076],[101.78622,2.99962],[101.78624,2.99933],[101.78637,2.99907],[101.78651,2.99861],[101.78653,2.99834],[101.78601,2.9978],[101.78553,2.9972],[101.78497,2.9967],[101.78419,2.99617],[101.78402,2.99582],[101.78396,2.99555],[101.78397,2.99508],[101.7841,2.99453]]}},{"type":"Feature","properties":{"name":null,"waterway":"canal"},"geometry":{"type":"LineString","coordinates":[[101.64022,3.10828],[101.64025,3.10803],[101.64085,3.10709],[101.64125,3.10647],[101.64137,3.10629],[101.6418,3.10558],[101.64197,3.10521],[101.64188,3.1051],[101.64176,3.10498],[101.6417,3.10483],[101.64153,3.10416],[101.64152,3.1041],[101.64142,3.10404],[101.64088,3.10376]]}},{"type":"Feature","properties":{"name":"Sungai Ampang","waterway":"river"},"geometry":{"type":"LineString","coordinates":[[101.79351,3.15079],[101.79339,3.15057],[101.7931,3.15039],[101.79304,3.15025],[101.79289,3.15019],[101.7927,3.15006],[101.79254,3.14984],[101.79241,3.14972],[101.79225,3.14948],[101.79206,3.14927],[101.79176,3.14915],[101.79157,3.14892],[101.79142,3.14856],[101.79127,3.14833],[101.79114,3.14825],[101.791,3.14795],[101.79093,3.14783],[101.79079,3.14772],[101.79065,3.14759],[101.79056,3.1474],[101.79053,3.14727],[101.79051,3.14712],[101.79041,3.14704],[101.79035,3.14703],[101.79021,3.14713],[101.79003,3.1472],[101.78993,3.14722],[101.7898,3.1472],[101.7897,3.14718],[101.78953,3.14707],[101.78936,3.14691],[101.78916,3.14681],[101.78899,3.14669],[101.78854,3.14652],[101.78851,3.14651],[101.78847,3.14647],[101.78844,3.14642],[101.78841,3.14637],[101.78839,3.1463],[101.78839,3.14624],[101.7884,3.14616],[101.78846,3.14608],[101.78853,3.14603],[101.78858,3.14599],[101.78862,3.14595],[101.78864,3.14592],[101.78866,3.14589],[101.78867,3.1458],[101.78867,3.14558],[101.78867,3.14545],[101.78865,3.14534],[101.78863,3.14529],[101.78861,3.14525],[101.78857,3.14521],[101.78853,3.14517],[101.78844,3.14511],[101.78839,3.14504],[101.78835,3.145],[101.78834,3.14496],[101.78832,3.14491],[101.7883,3.14483],[101.78826,3.14454],[101.78825,3.14438],[101.78824,3.14429],[101.78821,3.14423],[101.78817,3.14419],[101.7881,3.14414],[101.78805,3.14413],[101.78798,3.14412],[101.7879,3.14413],[101.78784,3.14414],[101.78779,3.14414],[101.78772,3.14412],[101.78761,3.14407],[101.78747,3.14396],[101.78734,3.14382],[101.78726,3.14372],[101.78714,3.14354],[101.78709,3.14345],[101.78706,3.14336],[101.78705,3.14326],[101.78706,3.14313],[101.78709,3.14294],[101.78713,3.14269],[101.78714,3.14247],[101.78717,3.14219],[101.78718,3.14209],[101.78719,3.14197],[101.78718,3.14186],[101.78716,3.14181],[101.78713,3.14176],[101.78707,3.14171],[101.78695,3.14163],[101.78688,3.14161],[101.78682,3.1416],[101.78672,3.1416],[101.78661,3.14165],[101.78641,3.14172],[101.78617,3.14176],[101.78598,3.14178],[101.78583,3.14179],[101.78562,3.14183],[101.78549,3.14187],[101.78542,3.1419],[101.78538,3.14193],[101.78534,3.14199],[101.78531,3.14207],[101.78528,3.14213],[101.78514,3.14243],[101.78507,3.14256],[101.78499,3.14267],[101.78482,3.14288],[101.78469,3.14301],[101.7846,3.14309],[101.78457,3.14311],[101.78453,3.14313],[101.78449,3.14313],[101.78446,3.14312],[101.78438,3.14309],[101.78427,3.14303],[101.78406,3.1429],[101.78394,3.14286],[101.78384,3.14284],[101.78374,3.14285],[101.78367,3.14287],[101.78332,3.14306],[101.78316,3.14315],[101.78306,3.1432],[101.78298,3.14322],[101.78286,3.14324],[101.78226,3.14319],[101.78219,3.14319],[101.78208,3.1432],[101.78202,3.14322],[101.78196,3.14325],[101.78188,3.14332],[101.78171,3.1435],[101.78154,3.14363],[101.78144,3.14369],[101.78133,3.14372],[101.78121,3.14374],[101.78109,3.14374],[101.781,3.14372],[101.78086,3.14365],[101.78072,3.14361],[101.78063,3.1436],[101.78054,3.14361],[101.78044,3.14363],[101.78037,3.14368],[101.78024,3.14379],[101.78005,3.14394],[101.77987,3.14403],[101.77974,3.14412],[101.77961,3.14418],[101.77955,3.14419],[101.77945,3.1442],[101.77936,3.14418],[101.77915,3.14412],[101.7786,3.14395],[101.77818,3.14386],[101.77791,3.14382],[101.77761,3.14381],[101.77751,3.14381],[101.77735,3.14382],[101.77717,3.14384],[101.77645,3.14387],[101.77544,3.14389],[101.77456,3.14392],[101.77353,3.14391],[101.77285,3.1439],[101.77269,3.1439],[101.77249,3.14393],[101.77239,3.14398],[101.77228,3.14406],[101.77188,3.14439],[101.77125,3.14489],[101.77106,3.14505],[101.77087,3.14524],[101.77068,3.14546],[101.77031,3.14594],[101.7702,3.14609],[101.77011,3.1462],[101.77,3.14628],[101.76991,3.14634],[101.76979,3.1464],[101.76821,3.14705],[101.76785,3.14722],[101.76769,3.14731],[101.7676,3.14738],[101.76753,3.14748],[101.76737,3.14774],[101.767,3.14841],[101.76693,3.14853],[101.76683,3.14864],[101.76674,3.14875],[101.76644,3.1491],[101.76627,3.14931],[101.76612,3.14946],[101.76595,3.14962],[101.76578,3.14977],[101.76526,3.15023],[101.76443,3.15092],[101.76426,3.15104],[101.76413,3.15112],[101.76401,3.15122],[101.76384,3.1514],[101.76348,3.15193],[101.76335,3.15212],[101.76328,3.1522],[101.76318,3.1523],[101.76306,3.15238],[101.76292,3.15247],[101.76248,3.15274],[101.76206,3.153],[101.76184,3.15312],[101.76165,3.15321],[101.7615,3.15324],[101.76127,3.15328],[101.76107,3.1533],[101.76086,3.15336],[101.76066,3.15344],[101.76057,3.15348],[101.76043,3.15351],[101.76031,3.15352],[101.76018,3.15352],[101.75989,3.15347],[101.75975,3.15345],[101.75965,3.15347],[101.7596,3.15351],[101.75953,3.15358],[101.75946,3.15378],[101.75939,3.15417],[101.7593,3.15438],[101.75919,3.15454],[101.75907,3.15465],[101.75885,3.15479],[101.75848,3.15499],[101.75792,3.15527],[101.75707,3.1557],[101.75648,3.15601],[101.75621,3.15622],[101.75604,3.1564],[101.75583,3.15669],[101.75569,3.15698],[101.75548,3.15739],[101.75543,3.15748],[101.75532,3.15767],[101.75503,3.15796],[101.75465,3.15822],[101.7542,3.15852],[101.7535,3.15895],[101.75323,3.15918],[101.75308,3.15949],[101.75297,3.15979],[101.7528,3.16029],[101.75265,3.16104],[101.75251,3.16155],[101.75239,3.16187]]}},{"type":"Feature","properties":{"name":"Sungai Bohol","waterway":"river"},"geometry":{"type":"LineString","coordinates":[[101.6722,3.02758],[101.67211,3.02764],[101.67134,3.02785],[101.67056,3.02806],[101.67003,3.02809],[101.66935,3.02809],[101.66904,3.02808]]}},{"type":"Feature","properties":{"name":"Sungai Klang","waterway":"river"},"geometry":{"type":"LineString","coordinates":[[101.6881,3.12731],[101.68737,3.12681],[101.68658,3.12646],[101.6858,3.12613],[101.68491,3.12578],[101.68406,3.12542],[101.68371,3.12528],[101.68343,3.12511],[101.68322,3.12497],[101.68256,3.12445],[101.68196,3.12399],[101.68173,3.12383],[101.68129,3.12347],[101.681,3.12325],[101.68029,3.12263],[101.67977,3.12218],[101.67957,3.12204],[101.67944,3.12198],[101.67935,3.12194],[101.67893,3.12177],[101.67816,3.12159],[101.67777,3.12148],[101.67742,3.12133],[101.67668,3.12097],[101.67537,3.12016],[101.67513,3.11995],[101.67488,3.11954],[101.67473,3.1192],[101.67458,3.1184],[101.67455,3.11805],[101.67453,3.11776],[101.67452,3.11746],[101.67457,3.11698],[101.67463,3.11668],[101.67484,3.11598],[101.67498,3.11545],[101.67521,3.11403],[101.67534,3.11356],[101.67553,3.11283],[101.67575,3.11181],[101.67592,3.11089],[101.67606,3.11015],[101.67616,3.10941],[101.67619,3.10877],[101.67621,3.10867],[101.67615,3.108],[101.67599,3.10733],[101.67583,3.1066],[101.67567,3.10582],[101.67552,3.10496],[101.67541,3.10415],[101.67535,3.10354],[101.67537,3.10307],[101.67541,3.10213],[101.67538,3.10168],[101.6753,3.10124],[101.67509,3.10061],[101.67492,3.09995],[101.67473,3.09939],[101.67464,3.09916],[101.67455,3.09898],[101.67427,3.09867],[101.67382,3.09827],[101.67329,3.09781],[101.67283,3.09732],[101.67248,3.09695],[101.67217,3.09647],[101.67203,3.09613],[101.67198,3.09591],[101.67199,3.0957],[101.67207,3.09511],[101.67212,3.09467],[101.6722,3.0936],[101.67219,3.09296],[101.67216,3.09204],[101.67214,3.0912],[101.6721,3.09049],[101.67205,3.09006],[101.67197,3.08962],[101.67189,3.08909],[101.67179,3.08862],[101.6716,3.0879],[101.67141,3.0875],[101.67119,3.0871],[101.67082,3.08658]]}},{"type":"Feature","properties":{"name":"Sungai Damansara","waterway":"river"},"geometry":{"type":"LineString","coordinates":[[101.55626,3.134],[101.55639,3.13388],[101.55652,3.13373],[101.55662,3.13359],[101.5567,3.13344],[101.55675,3.13328],[101.55679,3.13311],[101.55684,3.13295],[101.55691,3.13273],[101.55696,3.13256],[101.55701,3.13239],[101.55706,3.13222],[101.55712,3.13211],[101.55721,3.13199],[101.55734,3.13191],[101.55744,3.13187],[101.5576,3.13185],[101.55784,3.13187],[101.55811,3.13189],[101.55838,3.13191],[101.5586,3.13192],[101.55887,3.13194],[101.55925,3.13193],[101.55961,3.13193],[101.55993,3.13194],[101.56025,3.13195],[101.56053,3.13194],[101.5608,3.13192],[101.56104,3.13188],[101.56129,3.13184],[101.56146,3.13182],[101.56165,3.13182],[101.56191,3.13183],[101.56213,3.13185],[101.56236,3.13187],[101.5626,3.13189],[101.56285,3.13193],[101.56314,3.13197],[101.56341,3.13201],[101.56365,3.13205],[101.56383,3.13208],[101.56407,3.13209],[101.56433,3.13208],[101.56455,3.13204],[101.5647,3.132],[101.56489,3.13195],[101.56513,3.13187],[101.56537,3.1318],[101.56561,3.13175],[101.56583,3.13171],[101.56617,3.13166],[101.5664,3.13164],[101.56663,3.13162],[101.56684,3.13161],[101.56702,3.13159],[101.56712,3.13157],[101.56724,3.13153],[101.5674,3.13147],[101.56756,3.13138],[101.5677,3.13129],[101.56778,3.13119],[101.56787,3.13105],[101.56795,3.13094],[101.56802,3.13087],[101.56809,3.13082],[101.56821,3.13075],[101.56835,3.13068],[101.56844,3.13062],[101.56852,3.13053],[101.56855,3.13042],[101.56857,3.1303],[101.56858,3.13008],[101.56861,3.12987],[101.56863,3.12966],[101.56863,3.12952],[101.56862,3.12933],[101.56858,3.12917],[101.56853,3.12901],[101.56847,3.12879],[101.56843,3.12864],[101.56842,3.12851],[101.56842,3.12831],[101.56844,3.12807],[101.56848,3.12776],[101.5685,3.12754],[101.56852,3.12736],[101.56854,3.1272],[101.56855,3.1271],[101.56855,3.12702],[101.56858,3.12681],[101.56861,3.12668],[101.56875,3.12609],[101.5688,3.12579],[101.56877,3.12552],[101.56864,3.12519],[101.56855,3.12504],[101.5681,3.12422],[101.56783,3.12362],[101.56775,3.12339],[101.5677,3.12313],[101.56765,3.12285],[101.56763,3.12258],[101.56763,3.12191],[101.56746,3.12061],[101.56744,3.12034],[101.56748,3.11956],[101.56753,3.11921],[101.56757,3.119],[101.56776,3.11839],[101.56806,3.11727],[101.56806,3.11708],[101.56799,3.11669],[101.56785,3.11641],[101.56776,3.11631],[101.56735,3.11609],[101.56721,3.11599],[101.56687,3.1156],[101.5667,3.11543],[101.5666,3.1153],[101.56645,3.11509],[101.56629,3.11485],[101.56596,3.11439],[101.5657,3.11404],[101.56538,3.11354],[101.56494,3.11301],[101.56481,3.11291],[101.56471,3.11281],[101.56458,3.11264],[101.56437,3.11231],[101.56419,3.11194],[101.56388,3.11123],[101.5636,3.11071],[101.56325,3.11011],[101.56266,3.10887],[101.56225,3.10811],[101.56203,3.10766],[101.56175,3.10689],[101.56164,3.10667],[101.56128,3.106],[101.56122,3.10591],[101.56102,3.10565],[101.56058,3.10446],[101.56038,3.10408],[101.56026,3.10392],[101.55996,3.10368],[101.55905,3.10284],[101.55871,3.1026],[101.55756,3.10192],[101.55705,3.1016],[101.55637,3.10106],[101.55598,3.10072],[101.55545,3.10034],[101.55523,3.10015],[101.55509,3.09995],[101.55491,3.09956],[101.5548,3.0992],[101.55457,3.09833],[101.55422,3.09731],[101.55399,3.09687],[101.55388,3.09663],[101.5535,3.09556],[101.55347,3.09548],[101.55342,3.09532],[101.55335,3.09513],[101.55331,3.095],[101.55325,3.09482],[101.5532,3.09467],[101.55315,3.09451],[101.55308,3.09436],[101.55302,3.09422],[101.55296,3.09411],[101.5529,3.09399],[101.5528,3.09387],[101.55269,3.09373],[101.55259,3.09358],[101.5525,3.09345],[101.55242,3.09333],[101.55234,3.09322],[101.55224,3.09303],[101.5521,3.09279],[101.55201,3.0927],[101.55188,3.0926],[101.55177,3.09252],[101.55165,3.09241],[101.55152,3.09227],[101.5514,3.09213],[101.55128,3.09199],[101.55119,3.09184],[101.55112,3.09174],[101.55101,3.09154],[101.5509,3.09133],[101.55084,3.09119],[101.55075,3.09099],[101.55067,3.09082],[101.55059,3.09063],[101.55054,3.09047],[101.5505,3.09029],[101.55048,3.09014],[101.55048,3.08998],[101.5505,3.08979],[101.55054,3.08963],[101.55059,3.08944],[101.55063,3.0893],[101.55068,3.0891],[101.55073,3.08889],[101.55079,3.08872],[101.55084,3.08856],[101.55092,3.08836],[101.55098,3.08817],[101.55106,3.08796],[101.55112,3.08777],[101.55119,3.08758],[101.55125,3.08736],[101.55141,3.08681],[101.55153,3.08625],[101.55169,3.08576],[101.55174,3.08561],[101.55178,3.08548],[101.55182,3.08526],[101.55184,3.08511],[101.55185,3.08493],[101.55185,3.08472],[101.55184,3.08453],[101.55184,3.08436],[101.55184,3.0842],[101.55185,3.08407],[101.55186,3.08388],[101.55188,3.08366],[101.5519,3.08343],[101.55192,3.08322],[101.55192,3.08302],[101.55193,3.08282],[101.55196,3.08262],[101.552,3.08243],[101.55204,3.0822],[101.55209,3.08192],[101.55214,3.08172],[101.55219,3.08149],[101.55225,3.08127],[101.55232,3.08103],[101.55236,3.08086],[101.55242,3.08066],[101.55251,3.08042],[101.55256,3.08029],[101.55262,3.08012],[101.55267,3.07992],[101.5527,3.07975],[101.55276,3.07957],[101.55283,3.07942],[101.55293,3.07925],[101.55306,3.07911],[101.55318,3.07894],[101.5533,3.0788],[101.55342,3.07864],[101.55354,3.07847],[101.55363,3.07834],[101.55372,3.07821],[101.55378,3.07809],[101.55384,3.07791],[101.55389,3.0777],[101.55393,3.07748],[101.55398,3.07727],[101.55401,3.07707],[101.55405,3.07683],[101.55409,3.07663],[101.55414,3.07641],[101.5542,3.07614],[101.55424,3.07591],[101.55427,3.07575],[101.55429,3.07559],[101.55432,3.07546],[101.55435,3.0753],[101.55441,3.07502],[101.55446,3.07483],[101.55457,3.07419],[101.55459,3.07389],[101.5546,3.07363]]}},{"type":"Feature","properties":{"name":null,"waterway":"river"},"geometry":{"type":"LineString","coordinates":[[101.63612,3.13939],[101.63595,3.13938],[101.63567,3.13933],[101.63559,3.13928],[101.63549,3.1393],[101.63535,3.13934],[101.63504,3.13941],[101.63487,3.13935],[101.63447,3.13887],[101.63429,3.13855],[101.63423,3.13819],[101.63416,3.1381],[101.63392,3.13794],[101.63381,3.13784],[101.63347,3.13725],[101.63279,3.13666],[101.63227,3.13647],[101.63182,3.13608]]}},{"type":"Feature","properties":{"name":"Sungai Damansara","waterway":"river"},"geometry":{"type":"LineString","coordinates":[[101.55439,3.0613],[101.55433,3.06117],[101.55426,3.06102],[101.5541,3.06074],[101.55403,3.06057],[101.55384,3.06004],[101.55377,3.05992],[101.55359,3.05972],[101.553,3.05919],[101.55275,3.05892],[101.55245,3.05855],[101.55218,3.0583],[101.55161,3.05792],[101.55127,3.05775],[101.55089,3.05764],[101.55073,3.05757],[101.55061,3.05749],[101.55049,3.05738],[101.55025,3.05703],[101.55009,3.05683],[101.54932,3.05603],[101.54921,3.05588],[101.54914,3.05574],[101.54909,3.0556],[101.54902,3.0551],[101.54892,3.05472],[101.54891,3.05455],[101.54892,3.05417],[101.54895,3.054],[101.54909,3.05361],[101.54924,3.05328],[101.54936,3.05309],[101.5495,3.05274],[101.5496,3.05237],[101.54975,3.05166],[101.54988,3.05094],[101.54993,3.05073],[101.54997,3.05037],[101.54995,3.05003],[101.54991,3.04989],[101.54985,3.04977],[101.54961,3.04952],[101.54896,3.04906],[101.5488,3.04891],[101.54869,3.04878],[101.5486,3.04864],[101.54853,3.04846],[101.54837,3.04813],[101.54815,3.04777],[101.54791,3.04746],[101.5478,3.04736],[101.54765,3.04726],[101.54738,3.04712],[101.54705,3.04701],[101.54612,3.04685],[101.54567,3.04672],[101.54499,3.04646],[101.5446,3.04626],[101.54417,3.04606],[101.54348,3.04578],[101.54289,3.04544],[101.54254,3.04521],[101.54192,3.04489],[101.54116,3.04452],[101.54076,3.04426],[101.54043,3.04401],[101.54014,3.0437],[101.53982,3.04331],[101.53956,3.04294],[101.53924,3.04237],[101.53908,3.04217],[101.53855,3.04159],[101.53811,3.04104],[101.53752,3.04039],[101.53716,3.03997],[101.53706,3.03983],[101.53686,3.03948],[101.53677,3.0392],[101.53672,3.03861]]}},{"type":"Feature","properties":{"name":"Sungai Penchala","waterway":"river"},"geometry":{"type":"LineString","coordinates":[[101.63424,3.09636],[101.63366,3.09528],[101.6306,3.09201],[101.62967,3.09156],[101.62956,3.09143],[101.62935,3.09113],[101.62923,3.09071],[101.62922,3.09058],[101.62934,3.08924],[101.62929,3.08915],[101.627,3.08746],[101.62549,3.08629],[101.62532,3.08614],[101.62521,3.08595],[101.6251,3.0857],[101.62498,3.08541],[101.62493,3.08516],[101.62493,3.08504],[101.62502,3.08355],[101.62497,3.08296],[101.62483,3.08254],[101.6236,3.08032],[101.62327,3.0799],[101.6222,3.07879],[101.62192,3.07847],[101.62181,3.07827],[101.62172,3.07783],[101.62163,3.07755],[101.62162,3.07679],[101.62167,3.07586],[101.62174,3.07489],[101.62192,3.07367],[101.6219,3.07345],[101.62184,3.07306]]}},{"type":"Feature","properties":{"name":"Sungai Janggut","waterway":"river"},"geometry":{"type":"LineString","coordinates":[[101.3165,3.17423],[101.31484,3.17389],[101.31444,3.1738],[101.31386,3.17361],[101.31363,3.17358],[101.31342,3.17356],[101.31314,3.17356],[101.31286,3.17357],[101.31263,3.1737],[101.31255,3.17381],[101.31244,3.1739],[101.31233,3.17394],[101.31222,3.17396],[101.31207,3.17396],[101.31197,3.17395],[101.31182,3.17391],[101.31135,3.17366],[101.31092,3.17351],[101.31044,3.17337],[101.30978,3.17313],[101.3089,3.17288],[101.30851,3.1728]]}},{"type":"Feature","properties":{"name":"Sungai Janggut","waterway":"river"},"geometry":{"type":"LineString","coordinates":[[101.33424,3.175],[101.32761,3.1749],[101.3209,3.17491],[101.32043,3.1749],[101.31743,3.17439],[101.3165,3.17423]]}},{"type":"Feature","properties":{"name":"Sungai Sembilang","waterway":"river"},"geometry":{"type":"LineString","coordinates":[[101.4006,3.21838],[101.40057,3.21316],[101.4006,3.21077],[101.40062,3.20851],[101.40061,3.20806],[101.4006,3.20573],[101.40059,3.20176],[101.40058,3.19775],[101.38955,3.19777],[101.37552,3.19786],[101.36982,3.19378],[101.36943,3.19378],[101.33424,3.19466],[101.31114,3.19523],[101.31024,3.19524],[101.30991,3.19523],[101.30967,3.1952],[101.3094,3.1951],[101.3093,3.19506],[101.30885,3.19475],[101.30809,3.19414],[101.30772,3.1937],[101.30741,3.19312],[101.30706,3.19249],[101.30692,3.19231],[101.30643,3.19173]]}},{"type":"Feature","properties":{"name":"Sungai Buloh","waterway":"river"},"geometry":{"type":"LineString","coordinates":[[101.56879,3.2046],[101.56866,3.20449],[101.56856,3.20431],[101.56848,3.20418],[101.56829,3.20384],[101.56811,3.20368],[101.56791,3.20356],[101.56776,3.20354],[101.56761,3.20352],[101.56718,3.20354],[101.56647,3.20344],[101.56555,3.2032],[101.56546,3.20317],[101.56536,3.20312],[101.56514,3.20298],[101.56488,3.20287],[101.56401,3.20257],[101.56357,3.20232],[101.56332,3.20214],[101.5627,3.20125],[101.5625,3.20101],[101.56238,3.20095],[101.56228,3.20091],[101.56214,3.20076],[101.56194,3.20068],[101.56173,3.20068],[101.56152,3.20073],[101.56137,3.20069],[101.56118,3.20056],[101.56092,3.20035],[101.56071,3.20031],[101.56052,3.20025],[101.56024,3.20019],[101.55955,3.19998],[101.5591,3.1999],[101.55885,3.19979],[101.55865,3.19968],[101.55845,3.19946],[101.55823,3.19931],[101.55801,3.19919],[101.55774,3.19904],[101.55746,3.19897],[101.557,3.19879],[101.55667,3.19861],[101.55648,3.19849],[101.55548,3.19802],[101.55494,3.19772],[101.55471,3.19762],[101.55434,3.19752],[101.55416,3.19749],[101.55398,3.19749],[101.55388,3.19751],[101.55378,3.19757],[101.55362,3.19767],[101.5534,3.19783],[101.55326,3.19788],[101.55311,3.19788],[101.55298,3.19788],[101.55284,3.19786],[101.55271,3.19782],[101.55261,3.19776],[101.55207,3.19733],[101.55154,3.19684],[101.55101,3.19642],[101.55076,3.19617],[101.55048,3.19594],[101.55029,3.19587],[101.55008,3.19584],[101.54962,3.19601],[101.54925,3.19613],[101.54888,3.19622],[101.5485,3.19634],[101.54804,3.19656],[101.5477,3.19686],[101.54753,3.19705],[101.54735,3.19722],[101.54724,3.19732],[101.54709,3.19737],[101.54684,3.19737],[101.54658,3.19734],[101.54641,3.19728],[101.54576,3.197],[101.54521,3.19677],[101.54498,3.19677],[101.54475,3.19681],[101.54441,3.19688],[101.54411,3.19701],[101.54355,3.19722],[101.54338,3.19725],[101.5432,3.19724],[101.543,3.19723],[101.54277,3.19713],[101.54256,3.19703],[101.54194,3.19661],[101.54143,3.19662],[101.54122,3.1966],[101.54112,3.19657],[101.54105,3.1965],[101.54098,3.19642],[101.54087,3.19635],[101.54059,3.19618],[101.54047,3.19612],[101.54035,3.19614],[101.54026,3.19617],[101.54017,3.19621],[101.53999,3.19632],[101.53968,3.19651],[101.53948,3.19658],[101.53928,3.19658],[101.53899,3.19651],[101.53873,3.19653],[101.53809,3.1967],[101.53791,3.19668],[101.53775,3.19664],[101.53762,3.19651],[101.53747,3.19632],[101.53738,3.19625],[101.53727,3.19623],[101.53675,3.19636],[101.53575,3.1967],[101.53552,3.19672],[101.53526,3.19669],[101.53515,3.19667],[101.53505,3.1966],[101.53495,3.19648],[101.5349,3.1963],[101.53488,3.19597],[101.53483,3.19582],[101.53473,3.19571],[101.5345,3.19553],[101.53391,3.19519],[101.53379,3.19515],[101.53367,3.19521],[101.5334,3.19564],[101.53276,3.19623],[101.53232,3.19684],[101.53166,3.19718],[101.53135,3.1974],[101.53104,3.19771],[101.53086,3.19827],[101.53069,3.19874],[101.53054,3.19909],[101.53042,3.19922],[101.52995,3.19938],[101.52973,3.19948],[101.52954,3.19967],[101.52945,3.19983],[101.52942,3.20004],[101.52931,3.20044],[101.52921,3.20061],[101.52905,3.20066],[101.52891,3.20062],[101.52877,3.20065],[101.52829,3.20092],[101.52826,3.20104],[101.52824,3.20116],[101.52826,3.20139],[101.52847,3.20219],[101.52839,3.20256],[101.52804,3.2039],[101.52795,3.20407],[101.52793,3.20411],[101.52772,3.20417],[101.52741,3.2042],[101.52642,3.20415],[101.52602,3.20414],[101.52578,3.20419],[101.52569,3.20428],[101.52565,3.2044],[101.52563,3.20456],[101.52562,3.20471],[101.5256,3.20483],[101.5254,3.20524],[101.52528,3.20541],[101.52521,3.20551],[101.5251,3.20557],[101.52496,3.20556],[101.52461,3.20547],[101.52443,3.20549],[101.52428,3.20554],[101.52417,3.20563],[101.52385,3.20596],[101.52352,3.20612],[101.52335,3.20621],[101.52315,3.20636],[101.52299,3.20652],[101.52266,3.20663],[101.52233,3.20669],[101.52198,3.20675],[101.52082,3.20737],[101.52062,3.20757],[101.5204,3.20775],[101.52032,3.20783],[101.52019,3.20785],[101.51993,3.20781],[101.51965,3.20789],[101.51939,3.20803],[101.51913,3.20826],[101.51878,3.20865],[101.51859,3.20872],[101.51839,3.20864],[101.51807,3.20883],[101.51782,3.20904],[101.51754,3.20927],[101.51745,3.20932],[101.51727,3.20933],[101.51715,3.20938],[101.51701,3.20946],[101.51675,3.20962],[101.51643,3.20982],[101.51617,3.21006],[101.51592,3.21022],[101.51545,3.21023],[101.51492,3.2105],[101.51447,3.21071],[101.51435,3.21076],[101.51421,3.21078],[101.51279,3.21082],[101.51233,3.2109],[101.51193,3.2111],[101.5119,3.21117],[101.51188,3.21126],[101.51186,3.2118],[101.51181,3.21198],[101.51173,3.21209],[101.5116,3.21219],[101.5114,3.21226],[101.51084,3.21239],[101.51006,3.21196],[101.50979,3.2119],[101.50961,3.21191],[101.50945,3.21197],[101.5092,3.21208],[101.50875,3.21226],[101.50854,3.21243],[101.5084,3.21262],[101.50825,3.21273],[101.50809,3.2128],[101.5079,3.21285],[101.50765,3.21285],[101.50706,3.21285],[101.50677,3.21286],[101.50648,3.2129],[101.50632,3.21292],[101.50615,3.2129],[101.50595,3.21286],[101.50575,3.2128],[101.50502,3.21264],[101.50474,3.21262],[101.50445,3.21264],[101.50385,3.21268],[101.5035,3.21281],[101.50332,3.21291],[101.50313,3.21298],[101.50297,3.21299],[101.50281,3.21297],[101.50242,3.21279],[101.50213,3.21268],[101.50189,3.21261],[101.50175,3.21267],[101.50162,3.21277],[101.50136,3.21298],[101.50129,3.21309],[101.50131,3.21319],[101.50129,3.21341],[101.50114,3.21348],[101.501,3.21352],[101.50087,3.21356],[101.50075,3.21361],[101.50056,3.21373],[101.50011,3.21405],[101.49998,3.21425],[101.49994,3.21449],[101.49992,3.21473],[101.49989,3.21489],[101.49983,3.21502],[101.49962,3.21531],[101.49938,3.21554],[101.49912,3.21573],[101.49898,3.21594],[101.49889,3.21611],[101.4988,3.21628],[101.4987,3.21653],[101.49868,3.21663],[101.4986,3.21669],[101.49809,3.21678],[101.4974,3.21684],[101.49724,3.21688],[101.49707,3.21693],[101.49697,3.21701],[101.49691,3.2171],[101.49684,3.21725],[101.4968,3.21742],[101.49666,3.218],[101.4966,3.21815],[101.49651,3.21829],[101.49646,3.21834],[101.4964,3.21837],[101.49628,3.21843],[101.49621,3.21845],[101.49608,3.2185],[101.49589,3.21854],[101.49579,3.21855],[101.4957,3.21854],[101.49562,3.21852],[101.49555,3.21848],[101.49543,3.21837],[101.49534,3.21831],[101.49524,3.21825],[101.49516,3.21824],[101.49505,3.21824],[101.49497,3.21827],[101.49489,3.21833],[101.4947,3.21849],[101.49419,3.2189],[101.49392,3.21903],[101.49355,3.21915],[101.49332,3.21935],[101.49314,3.21954],[101.49308,3.21961],[101.49302,3.21971],[101.49302,3.21976],[101.49302,3.21981],[101.49303,3.2199],[101.49307,3.21999],[101.49308,3.22007],[101.49307,3.22015],[101.49303,3.22022],[101.49298,3.22029],[101.4928,3.22037],[101.49263,3.22035],[101.49239,3.22029],[101.49223,3.22017],[101.49204,3.22005],[101.49185,3.22004],[101.49166,3.22008],[101.49147,3.22015],[101.49128,3.22038],[101.49118,3.22063],[101.49081,3.22083],[101.4903,3.22111],[101.48986,3.22138],[101.48944,3.22158],[101.48882,3.22188],[101.48824,3.22216],[101.48778,3.2225],[101.48721,3.22289],[101.48692,3.22316],[101.48646,3.22368],[101.48616,3.224],[101.48597,3.22427],[101.4858,3.22458],[101.48548,3.2249],[101.48502,3.22524],[101.4846,3.22552],[101.48427,3.22586],[101.48394,3.22637],[101.48378,3.22688],[101.48359,3.22723],[101.48298,3.22782],[101.47999,3.23136],[101.47994,3.23186],[101.47998,3.2323],[101.48005,3.23273],[101.48015,3.23322],[101.48014,3.23428],[101.48008,3.23537],[101.47998,3.23562],[101.47978,3.23585],[101.47915,3.23626],[101.47865,3.23673],[101.47705,3.23824],[101.47604,3.23925],[101.47544,3.23985],[101.47301,3.24213],[101.47175,3.24334],[101.47002,3.24487],[101.46979,3.2452],[101.46963,3.24575],[101.46957,3.24612],[101.46808,3.25012],[101.46767,3.25125],[101.46729,3.25225],[101.4671,3.25266],[101.46677,3.25293],[101.46523,3.25461],[101.46446,3.25532],[101.46309,3.25689],[101.46057,3.25965],[101.45996,3.26051],[101.45944,3.26104],[101.45815,3.26261],[101.45599,3.26508],[101.4558,3.26544],[101.45495,3.26639],[101.45466,3.2665],[101.45416,3.26641],[101.4523,3.26681],[101.45176,3.26681],[101.44952,3.26745],[101.44853,3.26764],[101.44835,3.26763],[101.44821,3.26753],[101.44773,3.26702],[101.44742,3.26683],[101.44697,3.26666],[101.44554,3.26571],[101.44523,3.2656],[101.44422,3.2659],[101.44334,3.26595],[101.44256,3.26647],[101.44174,3.2669],[101.44156,3.26722],[101.44142,3.26759],[101.44116,3.26815],[101.44048,3.26921],[101.4396,3.2705],[101.43928,3.27107],[101.43921,3.27118],[101.43836,3.27227],[101.43771,3.27326],[101.43621,3.27512],[101.43535,3.27662],[101.43515,3.27686],[101.43482,3.27748],[101.43486,3.27786],[101.4349,3.27844],[101.43469,3.27889],[101.43406,3.27975],[101.43383,3.28061],[101.43367,3.28129],[101.43348,3.28164],[101.43323,3.28228],[101.43248,3.28491],[101.43212,3.28579],[101.43058,3.28826],[101.43024,3.2887],[101.42968,3.28935],[101.42915,3.29038],[101.42869,3.29071],[101.42811,3.29093],[101.42644,3.29176],[101.42575,3.2921],[101.42509,3.29251],[101.42366,3.2929],[101.42311,3.29305],[101.42211,3.29294],[101.42203,3.29297],[101.42145,3.29317],[101.41763,3.29375],[101.41151,3.2947],[101.40833,3.29519],[101.40651,3.29529],[101.39981,3.29565],[101.39828,3.29582],[101.39691,3.2957],[101.39651,3.29564],[101.39626,3.29575],[101.39616,3.296],[101.3961,3.29635],[101.39558,3.29704],[101.39492,3.29764],[101.39424,3.29816],[101.39313,3.29856],[101.39193,3.29925],[101.39145,3.29955],[101.3912,3.29976],[101.39076,3.30051],[101.39052,3.3008],[101.39029,3.30083],[101.38853,3.30025],[101.38824,3.29999],[101.3882,3.29996],[101.38468,3.29812],[101.3839,3.29781],[101.38234,3.2977],[101.38038,3.29731],[101.37611,3.29668],[101.37235,3.29613],[101.36882,3.29554],[101.36849,3.29517],[101.36821,3.29342],[101.36767,3.29222],[101.3672,3.29162],[101.36641,3.29088],[101.36614,3.29071],[101.3658,3.29066],[101.36534,3.29068],[101.36486,3.2907],[101.36423,3.29072],[101.3611,3.29086],[101.35874,3.29087],[101.35844,3.29084],[101.35696,3.28984],[101.35588,3.2892],[101.35585,3.28918],[101.35435,3.28821],[101.35389,3.28784],[101.35308,3.28741],[101.35182,3.2865],[101.35155,3.28639],[101.35103,3.2862],[101.3509,3.28615],[101.35076,3.28608],[101.35017,3.28576],[101.34868,3.28509],[101.34796,3.28471],[101.34738,3.28454],[101.34557,3.28392],[101.34383,3.28346],[101.34355,3.28331],[101.34347,3.28322],[101.34293,3.28206],[101.34281,3.28167],[101.34276,3.28127],[101.34249,3.28087],[101.34217,3.28079],[101.34176,3.2807],[101.34137,3.28056],[101.34031,3.28019],[101.33933,3.27981],[101.33814,3.27943],[101.33647,3.27882],[101.33583,3.2786],[101.33529,3.27849],[101.3348,3.27831],[101.33408,3.27799],[101.33359,3.27782],[101.33129,3.27697],[101.32659,3.27527],[101.32637,3.27518],[101.32621,3.27499],[101.32613,3.27486],[101.32602,3.27464],[101.32544,3.27349],[101.32539,3.27335],[101.32536,3.27324],[101.32527,3.27293],[101.3253,3.27163],[101.32532,3.27138],[101.32518,3.27113],[101.32513,3.27103],[101.32512,3.2709],[101.32516,3.27031],[101.32505,3.26965],[101.32495,3.26935],[101.32477,3.26905],[101.32455,3.2688],[101.32412,3.26855],[101.32357,3.26828],[101.32255,3.26788],[101.32119,3.26735],[101.32006,3.26673],[101.31872,3.26637],[101.31787,3.26636],[101.31734,3.26628],[101.31692,3.26621],[101.31566,3.26604],[101.31474,3.26567],[101.31334,3.26515],[101.31272,3.26497],[101.31245,3.26494],[101.31224,3.26484],[101.31174,3.26451],[101.31134,3.26433],[101.31116,3.26425],[101.31097,3.2642],[101.31054,3.26393],[101.31036,3.26388],[101.30992,3.26355],[101.30945,3.2632],[101.30752,3.26132],[101.30719,3.26086],[101.30624,3.25954],[101.30541,3.2588],[101.30512,3.25856],[101.30487,3.25845],[101.30408,3.25833],[101.30358,3.25807],[101.30333,3.25755],[101.303,3.25682],[101.30284,3.2564],[101.30234,3.25608],[101.30223,3.25609],[101.30204,3.2561],[101.30156,3.25637],[101.3009,3.25642],[101.30036,3.25614],[101.29879,3.25409]]}},{"type":"Feature","properties":{"name":"Sungai Kerayong","waterway":"river"},"geometry":{"type":"LineString","coordinates":[[101.71699,3.11622],[101.7169,3.1162],[101.71682,3.11618],[101.71652,3.11609],[101.71628,3.11601],[101.71559,3.11572],[101.71533,3.11561],[101.71483,3.1154],[101.714,3.11505],[101.71381,3.11496],[101.71347,3.11476],[101.71331,3.11463],[101.71297,3.11433],[101.71276,3.11417],[101.71246,3.11394],[101.71231,3.11386],[101.71218,3.1138],[101.71181,3.11367],[101.71113,3.11345],[101.71071,3.11337],[101.71025,3.11332],[101.70976,3.11326],[101.70959,3.11327],[101.70943,3.11332],[101.70928,3.11338],[101.7085,3.11391],[101.70836,3.11399],[101.70822,3.11404],[101.70808,3.11406],[101.70787,3.11408],[101.70768,3.11407],[101.70749,3.11405],[101.70712,3.11401],[101.70636,3.11397],[101.70625,3.11395],[101.70614,3.1139],[101.70599,3.11376],[101.70574,3.1135],[101.70551,3.11323],[101.70528,3.11294],[101.70503,3.1126],[101.70453,3.11187],[101.70383,3.11091],[101.70377,3.1108],[101.70374,3.1107],[101.70359,3.1097],[101.70359,3.1094],[101.70361,3.10924],[101.70407,3.10795],[101.70481,3.10567],[101.70497,3.10522],[101.70501,3.10509],[101.70505,3.10486],[101.70505,3.10476],[101.705,3.10465],[101.70492,3.10454],[101.70483,3.10444],[101.70462,3.10427],[101.7045,3.10416],[101.70425,3.10388],[101.70398,3.1036],[101.70236,3.10204],[101.7018,3.10151],[101.7014,3.101],[101.70125,3.10084],[101.70086,3.1005],[101.70065,3.10034],[101.70048,3.10022],[101.70009,3.09999],[101.69888,3.09886],[101.6986,3.09855],[101.69844,3.09835],[101.69809,3.09787],[101.69799,3.09772],[101.69784,3.09754],[101.69768,3.09738],[101.69746,3.0972],[101.69729,3.0971],[101.69459,3.09587],[101.69406,3.09562],[101.69349,3.09539],[101.69324,3.0953],[101.69302,3.09523],[101.69274,3.09517],[101.69223,3.09509],[101.69088,3.09503],[101.68987,3.09505],[101.68924,3.09503],[101.68912,3.09503],[101.6886,3.09498],[101.68751,3.09497],[101.68717,3.09497],[101.68597,3.09496],[101.68539,3.09492],[101.68478,3.09486],[101.68421,3.09483],[101.6833,3.09483],[101.68213,3.09488],[101.68187,3.09488],[101.68162,3.09487],[101.68139,3.09484],[101.68103,3.09477],[101.68086,3.09474],[101.68038,3.09473],[101.67966,3.09473],[101.6795,3.09476],[101.67936,3.0948],[101.67916,3.09488],[101.67735,3.09581],[101.67691,3.09602],[101.67672,3.09612],[101.67634,3.09634],[101.67601,3.09652],[101.67587,3.09656],[101.67556,3.09664],[101.67538,3.09669],[101.67527,3.09674],[101.67514,3.09682],[101.67487,3.09705],[101.67442,3.09736],[101.67429,3.09743],[101.67416,3.0975],[101.67374,3.09766],[101.67348,3.09775],[101.67329,3.09781]]}},{"type":"Feature","properties":{"name":"Sungai Kerayong","waterway":"river"},"geometry":{"type":"LineString","coordinates":[[101.74023,3.10268],[101.74063,3.10393],[101.74103,3.10467],[101.74128,3.10508],[101.74201,3.10569],[101.74278,3.10649],[101.74346,3.1072],[101.74393,3.10768],[101.74418,3.10786],[101.74451,3.108],[101.745,3.10805],[101.74555,3.1081],[101.7457,3.10816],[101.74583,3.10831],[101.74607,3.10876],[101.74615,3.10905],[101.74617,3.10929],[101.74613,3.10946],[101.74591,3.10979],[101.74581,3.11008],[101.74579,3.11041],[101.7458,3.11089],[101.74587,3.11123],[101.74602,3.1118],[101.74631,3.11265],[101.74632,3.11281],[101.74629,3.1134],[101.74628,3.11389],[101.74671,3.11555],[101.74674,3.11579],[101.74675,3.11785],[101.74676,3.11874],[101.74687,3.11959],[101.74697,3.12001],[101.74741,3.12339],[101.74734,3.12651],[101.74733,3.12661],[101.74734,3.12668]]}},{"type":"Feature","properties":{"name":"Sungai Seputeh","waterway":"river"},"geometry":{"type":"LineString","coordinates":[[101.76314,3.13173],[101.7631,3.13172],[101.76307,3.1317],[101.76304,3.13165],[101.763,3.13158],[101.76293,3.13148],[101.76287,3.13139],[101.7628,3.1313],[101.76273,3.13122],[101.76267,3.13114],[101.76258,3.13107],[101.7625,3.13101],[101.76241,3.13095],[101.7623,3.13087],[101.76217,3.13082],[101.76206,3.13077],[101.76194,3.13074],[101.76178,3.13069],[101.76162,3.13064],[101.76143,3.1306],[101.76129,3.13058],[101.76113,3.13057],[101.76098,3.13055],[101.76093,3.13053],[101.76091,3.13051],[101.76089,3.13047],[101.76089,3.13042],[101.76088,3.13031],[101.76088,3.13017],[101.76089,3.13007],[101.76089,3.12995],[101.76089,3.12977],[101.76089,3.12965],[101.76089,3.12951],[101.76089,3.12936],[101.76089,3.12916],[101.76089,3.12896],[101.76089,3.12884],[101.7609,3.1286],[101.7609,3.12841],[101.76091,3.12826],[101.76091,3.12808],[101.76092,3.1279],[101.76092,3.12774],[101.76092,3.12758],[101.76092,3.1275],[101.76091,3.12742],[101.7609,3.12737],[101.76087,3.12731],[101.76083,3.12726],[101.7608,3.12721],[101.76075,3.12717],[101.76068,3.12712],[101.7606,3.12708],[101.76052,3.12706],[101.76043,3.12705],[101.76029,3.12704],[101.76011,3.12704],[101.75991,3.12704],[101.75978,3.12704],[101.75962,3.12707],[101.7595,3.1271],[101.7594,3.1271],[101.75927,3.12709],[101.75912,3.12708],[101.75899,3.12706],[101.75884,3.12706],[101.75869,3.12704],[101.75852,3.12703],[101.75835,3.12704],[101.75813,3.12706],[101.75792,3.12708],[101.75777,3.12709],[101.75751,3.12709],[101.75732,3.12709],[101.75714,3.12709],[101.75696,3.12709],[101.75674,3.1271],[101.75649,3.1271],[101.75629,3.12711],[101.75612,3.12711],[101.75593,3.12711],[101.75579,3.1271],[101.75564,3.1271],[101.75551,3.12711],[101.75534,3.12712],[101.75518,3.12712],[101.75505,3.12713],[101.75494,3.12712],[101.7548,3.12712],[101.75462,3.12712],[101.75443,3.12711],[101.75429,3.1271],[101.75412,3.1271],[101.75397,3.12709],[101.75386,3.12708],[101.75366,3.12708],[101.75354,3.12707],[101.75338,3.12707],[101.75321,3.12708],[101.75305,3.12708],[101.75288,3.12708],[101.7528,3.12708],[101.75266,3.12707],[101.75255,3.12707],[101.75242,3.12706],[101.75233,3.12704],[101.75223,3.12702],[101.75212,3.12699],[101.75204,3.12698],[101.75195,3.12698],[101.75185,3.12698],[101.75176,3.127],[101.75164,3.12701],[101.75147,3.12701],[101.75129,3.12701],[101.75107,3.12701],[101.75095,3.12701],[101.75081,3.12701],[101.75065,3.12699],[101.7504,3.12697],[101.75017,3.12695],[101.74998,3.12693],[101.74975,3.12691],[101.74952,3.12689],[101.74937,3.12688],[101.74923,3.12686],[101.74907,3.12683],[101.7489,3.12681],[101.74869,3.12677],[101.74851,3.12675],[101.74832,3.12673],[101.74811,3.12672],[101.74793,3.12671],[101.74773,3.1267],[101.74757,3.1267],[101.74742,3.12669],[101.74734,3.12668]]}},{"type":"Feature","properties":{"name":"Sungai Penchala","waterway":"river"},"geometry":{"type":"LineString","coordinates":[[101.63001,3.13057],[101.62985,3.13006],[101.62984,3.12943],[101.62982,3.12936],[101.6298,3.12931],[101.62936,3.12885],[101.62927,3.12873],[101.62897,3.12806],[101.62814,3.12533],[101.62806,3.12508],[101.62807,3.12477],[101.6285,3.1241],[101.62851,3.12402],[101.6279,3.12165],[101.6276,3.12016],[101.62733,3.1189],[101.6272,3.11827],[101.62722,3.11806],[101.62743,3.11699],[101.62758,3.11662],[101.62772,3.11646],[101.62939,3.1151],[101.62984,3.11484],[101.63005,3.11467],[101.63107,3.11384],[101.6313,3.11365],[101.63276,3.11254],[101.63309,3.11219],[101.63337,3.11188],[101.63344,3.11157],[101.6336,3.11068],[101.63377,3.10999],[101.63426,3.10767],[101.63455,3.10604],[101.63467,3.1054],[101.63456,3.10513],[101.63394,3.10447],[101.63386,3.10428],[101.63385,3.10406],[101.63415,3.10323],[101.63441,3.10275],[101.63472,3.10219]]}},{"type":"Feature","properties":{"name":"Sungai Batang Labu","waterway":"river"},"geometry":{"type":"LineString","coordinates":[[101.79034,2.80041],[101.78995,2.80012],[101.78932,2.79972],[101.78864,2.79942],[101.7879,2.79923],[101.78733,2.79888],[101.78709,2.79878],[101.78688,2.79835],[101.78649,2.79811],[101.78617,2.79806],[101.78599,2.79796],[101.78561,2.79794],[101.78533,2.79776],[101.78435,2.7975],[101.78403,2.79729],[101.7839,2.7973],[101.78365,2.7976],[101.78336,2.79772],[101.7832,2.79767],[101.78313,2.79758],[101.78301,2.79753],[101.78262,2.7975],[101.78213,2.79726],[101.78151,2.79699],[101.78091,2.79681],[101.78067,2.79681],[101.78051,2.79688],[101.78037,2.79707],[101.78027,2.79714],[101.77954,2.7972],[101.77935,2.79713],[101.77862,2.79662],[101.7784,2.7966],[101.77801,2.79674],[101.77785,2.79675],[101.7774,2.79663],[101.77667,2.79653],[101.77644,2.79633],[101.7762,2.796],[101.77589,2.7957],[101.77556,2.79551],[101.77522,2.79542],[101.77495,2.79544],[101.7747,2.7954],[101.77451,2.79528],[101.77443,2.79512],[101.77437,2.79479],[101.77414,2.79444],[101.77385,2.79418],[101.77345,2.79397],[101.7728,2.79377],[101.77265,2.79381],[101.77247,2.79396],[101.77223,2.79405],[101.772,2.79405],[101.77092,2.79373],[101.77041,2.79329],[101.77014,2.79312],[101.76978,2.79303],[101.76939,2.79302],[101.76907,2.79296],[101.76778,2.79265],[101.76706,2.79272],[101.76695,2.79274],[101.76669,2.79301],[101.76647,2.79322],[101.76629,2.79336],[101.76593,2.7934],[101.76547,2.79339],[101.76511,2.79343],[101.76463,2.79359],[101.76441,2.79366],[101.76428,2.79371],[101.76416,2.79372],[101.76386,2.79349],[101.76363,2.79352],[101.76338,2.79375],[101.76299,2.79386],[101.76283,2.79385],[101.76263,2.79372],[101.76223,2.79353],[101.76163,2.79319]]}},{"type":"Feature","properties":{"name":"Sungai Kemunsing","waterway":"river"},"geometry":{"type":"LineString","coordinates":[[101.69284,3.21308],[101.69279,3.21131],[101.69284,3.21111],[101.69283,3.21094],[101.69278,3.21075],[101.69276,3.21056],[101.6928,3.21029],[101.69276,3.20963],[101.69271,3.20929],[101.69269,3.20905],[101.69269,3.20881],[101.69269,3.20865],[101.69287,3.20816],[101.69305,3.20763],[101.69326,3.20726],[101.69331,3.20707],[101.6933,3.20678],[101.69312,3.20519],[101.69307,3.2047],[101.69303,3.2042],[101.69301,3.204],[101.69309,3.20372],[101.69317,3.20342],[101.69327,3.20322],[101.69338,3.20302],[101.69353,3.20282],[101.69371,3.20271],[101.69396,3.20257],[101.69425,3.20239],[101.69438,3.20223],[101.69443,3.2019],[101.6945,3.20165],[101.69458,3.20152],[101.69475,3.20132],[101.69504,3.20121],[101.69523,3.20119],[101.69538,3.20097],[101.69547,3.20055],[101.69549,3.20047],[101.69589,3.20023],[101.69624,3.19998],[101.69668,3.19996],[101.69722,3.19978],[101.69749,3.1997],[101.69784,3.19961],[101.69808,3.19959],[101.69853,3.19951],[101.69883,3.19947],[101.69891,3.19946]]}},{"type":"Feature","properties":{"name":null,"waterway":"canal"},"geometry":{"type":"LineString","coordinates":[[101.37274,3.01168],[101.37335,3.00849],[101.374,3.0051],[101.37439,3.00309]]}},{"type":"Feature","properties":{"name":null,"waterway":"canal"},"geometry":{"type":"LineString","coordinates":[[101.35839,3.08078],[101.35943,3.07954],[101.35987,3.07889]]}},{"type":"Feature","properties":{"name":"Sungai Klang","waterway":"river"},"geometry":{"type":"LineString","coordinates":[[101.45709,3.03904],[101.45636,3.0393],[101.45551,3.0399],[101.45487,3.04066],[101.4545,3.04151],[101.4542,3.0425],[101.45364,3.04401],[101.45332,3.0446],[101.45297,3.04508],[101.45258,3.04527],[101.45232,3.04536],[101.45198,3.0454],[101.4515,3.04543],[101.45083,3.0453],[101.44977,3.04507],[101.44908,3.04497],[101.44883,3.04496],[101.4485,3.04502],[101.44834,3.04507],[101.44771,3.04532],[101.44705,3.04563],[101.44609,3.04618],[101.44514,3.04701],[101.44411,3.04763],[101.44229,3.04851],[101.44144,3.04895],[101.44045,3.04994],[101.43968,3.05078],[101.43944,3.05123],[101.43921,3.05196],[101.43913,3.05246],[101.43911,3.05281],[101.43907,3.05355],[101.4391,3.05454],[101.43919,3.05595],[101.43912,3.05649],[101.43912,3.05651],[101.43901,3.05693],[101.43878,3.05727],[101.43845,3.0576],[101.43794,3.05796],[101.43751,3.05815],[101.4368,3.05835],[101.43619,3.05836],[101.4358,3.05828],[101.43538,3.05813],[101.43493,3.05779],[101.43414,3.05686],[101.43306,3.05496],[101.43228,3.05383],[101.43161,3.05301],[101.4311,3.05251],[101.43054,3.0521],[101.43013,3.05187],[101.42959,3.05169],[101.42886,3.05152],[101.42848,3.0515],[101.42819,3.05152],[101.42781,3.05163],[101.42741,3.05198],[101.42698,3.0525],[101.4259,3.05418],[101.4252,3.05511],[101.42469,3.05553],[101.42408,3.05595],[101.42346,3.05611],[101.42294,3.05619],[101.4225,3.05618],[101.42206,3.05601],[101.42161,3.05573],[101.42119,3.05527],[101.42077,3.05465],[101.42032,3.05367],[101.41937,3.0513],[101.41878,3.05017],[101.41811,3.04917],[101.41733,3.04836],[101.41646,3.04769],[101.41496,3.04687],[101.41437,3.04673],[101.41319,3.04655],[101.41174,3.04639],[101.41013,3.04629],[101.40926,3.0461],[101.40847,3.04568],[101.40791,3.04536],[101.40715,3.04463],[101.40628,3.04352],[101.40518,3.0421],[101.40446,3.04133],[101.40378,3.04078],[101.40303,3.04056],[101.40239,3.04046],[101.40171,3.04045],[101.40069,3.04073],[101.39924,3.04127],[101.39738,3.04213],[101.39644,3.04254],[101.39586,3.04278],[101.39549,3.04287],[101.39509,3.04292],[101.39471,3.04287],[101.39427,3.04275],[101.39357,3.04246],[101.39314,3.04212],[101.39268,3.04165],[101.39217,3.04079],[101.3919,3.04027],[101.39167,3.03925],[101.39126,3.03599],[101.39122,3.03479],[101.39142,3.03282],[101.392,3.03143],[101.39266,3.03058],[101.3935,3.02992],[101.39592,3.02895],[101.39847,3.02811],[101.40069,3.02736],[101.40204,3.02672],[101.40261,3.02618],[101.40326,3.0251],[101.40367,3.02422],[101.40387,3.02324],[101.40394,3.0222],[101.40382,3.02148],[101.40326,3.01994],[101.40241,3.01847],[101.40103,3.01723],[101.39965,3.01641],[101.39828,3.01592],[101.39685,3.01569],[101.39513,3.01556],[101.39369,3.01577],[101.39266,3.01621],[101.39137,3.01716],[101.39053,3.018],[101.389,3.02007],[101.38675,3.02355],[101.38606,3.02442],[101.38511,3.02531],[101.38407,3.02588],[101.3832,3.02629],[101.38237,3.02652],[101.38166,3.02652],[101.38088,3.02638],[101.37852,3.02535],[101.37713,3.02413],[101.37612,3.02312],[101.3755,3.02181],[101.37514,3.02046],[101.37517,3.01912],[101.37558,3.01817],[101.37582,3.01778],[101.37661,3.01679],[101.37718,3.01619],[101.37768,3.0158],[101.37828,3.01541],[101.37925,3.01482],[101.38037,3.01415],[101.38336,3.01246],[101.38623,3.01086],[101.38759,3.00969],[101.38825,3.00897],[101.38873,3.00786],[101.38906,3.00667],[101.38908,3.00613],[101.38912,3.00524],[101.38907,3.004],[101.38891,3.00282],[101.38831,3.00101]]}},{"type":"Feature","properties":{"name":"Sungai Kapar Kechil","waterway":"river"},"geometry":{"type":"LineString","coordinates":[[101.35567,3.10794],[101.35509,3.10799],[101.35377,3.10814],[101.35259,3.10856],[101.35199,3.10897],[101.35184,3.109],[101.35167,3.10897],[101.35145,3.10886],[101.35072,3.10852],[101.35015,3.10837],[101.34979,3.1083],[101.34945,3.10833],[101.34818,3.1087],[101.34683,3.10911],[101.34611,3.10964],[101.3451,3.11015],[101.34366,3.11051],[101.34282,3.11048],[101.34171,3.11009],[101.34025,3.10976],[101.33815,3.10914],[101.33795,3.10911],[101.33754,3.10906],[101.33682,3.10885],[101.33554,3.10847],[101.33498,3.10832],[101.33409,3.10784],[101.33362,3.10774],[101.33342,3.10771],[101.33253,3.10776],[101.33135,3.10797],[101.33054,3.10801],[101.33009,3.10766],[101.32972,3.10665]]}},{"type":"Feature","properties":{"name":"Sungai Puluh","waterway":"river"},"geometry":{"type":"LineString","coordinates":[[101.3926,3.07785],[101.3917,3.07316],[101.39146,3.0721],[101.39121,3.07137],[101.38998,3.071],[101.38823,3.07024],[101.38567,3.06805],[101.38214,3.06652],[101.38017,3.0641],[101.37962,3.06373],[101.37861,3.06352],[101.37623,3.06406],[101.37443,3.0638],[101.37226,3.0626],[101.37059,3.06036],[101.36935,3.05631],[101.36898,3.05569],[101.36851,3.05534],[101.36796,3.0554],[101.36744,3.05564],[101.36525,3.05769],[101.36402,3.05769],[101.36348,3.05691],[101.36358,3.05563],[101.36544,3.05152],[101.366,3.04994],[101.36572,3.04909],[101.3654,3.04859],[101.36504,3.04825],[101.36461,3.0483],[101.36369,3.04857],[101.36291,3.04904],[101.36044,3.05141]]}},{"type":"Feature","properties":{"name":null,"waterway":"river"},"geometry":{"type":"LineString","coordinates":[[101.33738,3.11088],[101.33698,3.11079],[101.33624,3.11032],[101.33342,3.10771]]}},{"type":"Feature","properties":{"name":null,"waterway":"river"},"geometry":{"type":"LineString","coordinates":[[101.35736,3.13101],[101.35705,3.13056],[101.35683,3.13044],[101.35649,3.13034],[101.35615,3.13028],[101.35589,3.13042],[101.35545,3.1307]]}},{"type":"Feature","properties":{"name":"Sungai Kapar Besar","waterway":"river"},"geometry":{"type":"LineString","coordinates":[[101.3761,3.13641],[101.37568,3.13623],[101.37085,3.13393],[101.37003,3.13373],[101.36922,3.1333],[101.36842,3.13295],[101.36799,3.13259],[101.36743,3.13227],[101.36584,3.13161],[101.36462,3.13122],[101.36406,3.13121],[101.36323,3.13084],[101.36267,3.13063],[101.36222,3.13067],[101.36182,3.13085],[101.36112,3.131],[101.36078,3.131],[101.36048,3.13071],[101.3603,3.13065],[101.35999,3.13077],[101.3597,3.13088],[101.35929,3.13075],[101.35874,3.13055],[101.35832,3.13069],[101.35753,3.131],[101.35736,3.13101],[101.3568,3.13105],[101.35647,3.13096],[101.35545,3.1307],[101.35532,3.13066],[101.3551,3.13057],[101.35486,3.13029],[101.35438,3.13002],[101.3535,3.12961],[101.35236,3.12902],[101.35105,3.12797],[101.35091,3.12784],[101.34988,3.12683],[101.34913,3.12624],[101.34817,3.12595],[101.34684,3.12549],[101.34618,3.12495],[101.34555,3.12398],[101.34492,3.12333],[101.34358,3.12268],[101.34272,3.12211],[101.34162,3.12027],[101.34081,3.11961],[101.33929,3.11894],[101.33482,3.11815],[101.33258,3.11839],[101.33067,3.11777],[101.32991,3.11727],[101.32969,3.11626],[101.32949,3.11514],[101.3294,3.11468],[101.3289,3.11362],[101.32842,3.11199],[101.32818,3.11016]]}},{"type":"Feature","properties":{"name":"Sungai Klang","waterway":"river"},"geometry":{"type":"LineString","coordinates":[[101.53308,3.03928],[101.53248,3.03943],[101.53201,3.03948],[101.5311,3.03953],[101.53044,3.03952],[101.52953,3.03929],[101.52864,3.03895],[101.52781,3.03824],[101.5261,3.03661],[101.52463,3.03509],[101.52403,3.03453],[101.52317,3.03357],[101.5225,3.03286]]}},{"type":"Feature","properties":{"name":"Sungai Kelang","waterway":"river"},"geometry":{"type":"LineString","coordinates":[[101.69529,3.1476],[101.69515,3.14677],[101.69505,3.14629],[101.69492,3.14576],[101.69481,3.14528],[101.69473,3.14498],[101.69473,3.14482],[101.69475,3.14466],[101.69478,3.14453],[101.69487,3.14414],[101.69492,3.14397],[101.69503,3.14351],[101.69505,3.14337],[101.69508,3.14287],[101.69508,3.14275],[101.6951,3.14258],[101.69509,3.14237],[101.69507,3.14222],[101.69504,3.142],[101.69496,3.14165],[101.69489,3.14138],[101.6948,3.14104],[101.69475,3.1407],[101.69471,3.14027],[101.6947,3.1401],[101.69472,3.13981],[101.69477,3.13936],[101.69486,3.13882],[101.69489,3.13855],[101.6949,3.13839],[101.6949,3.13815],[101.69489,3.13788],[101.69486,3.13772],[101.69482,3.13724],[101.69474,3.1368],[101.69462,3.13607],[101.69457,3.13567],[101.6944,3.13474],[101.69431,3.13424],[101.69428,3.13393],[101.69424,3.13376],[101.69419,3.13361],[101.69415,3.1335],[101.69408,3.13338],[101.69391,3.13317],[101.69373,3.13298],[101.69366,3.13292],[101.69357,3.13286],[101.69346,3.13282],[101.69334,3.13278],[101.69323,3.13276],[101.69297,3.13273],[101.69259,3.13267],[101.69247,3.13265],[101.69235,3.13261],[101.69213,3.13251],[101.69196,3.13241],[101.69187,3.13235],[101.69176,3.13227],[101.69168,3.13219],[101.69157,3.13205],[101.6915,3.13196],[101.69144,3.13184],[101.69138,3.13171],[101.69115,3.13102],[101.69091,3.13031],[101.69067,3.12967],[101.69053,3.12941],[101.69039,3.1292],[101.69012,3.12891],[101.68956,3.12845],[101.68863,3.12771],[101.6881,3.12731]]}},{"type":"Feature","properties":{"name":"Sungai Kelang","waterway":"river"},"geometry":{"type":"LineString","coordinates":[[101.47614,3.03912],[101.47545,3.03916],[101.47488,3.03935],[101.47437,3.03974],[101.47404,3.04014],[101.4735,3.04107],[101.47287,3.04212],[101.47219,3.04312],[101.4716,3.04402],[101.471,3.04513],[101.47034,3.04648],[101.46996,3.04715],[101.46965,3.04769],[101.46932,3.04799],[101.469,3.04816],[101.46865,3.04828],[101.4682,3.04818],[101.46793,3.04809],[101.4674,3.04767],[101.46693,3.04698],[101.46633,3.04601],[101.46587,3.04521],[101.46547,3.04397],[101.4653,3.04321],[101.46527,3.04273],[101.46542,3.04179],[101.46553,3.04107],[101.46566,3.04001],[101.46542,3.03904],[101.46498,3.03849],[101.46427,3.03784],[101.46342,3.03754],[101.4627,3.03748],[101.46184,3.0376],[101.46099,3.03793],[101.46031,3.03811],[101.45881,3.03858],[101.45709,3.03904]]}},{"type":"Feature","properties":{"name":"Sungai Kelang","waterway":"river"},"geometry":{"type":"LineString","coordinates":[[101.59565,3.01549],[101.59531,3.01482],[101.5938,3.0127],[101.59286,3.0114],[101.59169,3.01007],[101.59043,3.00887],[101.58892,3.00756],[101.58749,3.00631],[101.58708,3.00592],[101.58682,3.00553],[101.58659,3.00516],[101.58637,3.0046],[101.58588,3.00349],[101.58537,3.00231],[101.58489,3.00045],[101.58457,2.99901],[101.58432,2.99716],[101.58413,2.99599],[101.58398,2.99553],[101.5837,2.99479],[101.58331,2.99385],[101.58286,2.99236],[101.58241,2.9909],[101.58219,2.99006],[101.58198,2.98931],[101.58167,2.98823],[101.58129,2.987],[101.58088,2.98575],[101.58053,2.98488],[101.58036,2.98423],[101.5801,2.98328],[101.57959,2.98228],[101.57933,2.98182],[101.5788,2.98115],[101.57808,2.98062],[101.57717,2.97992],[101.57612,2.97925],[101.57536,2.9788],[101.57455,2.97823],[101.57366,2.97763],[101.57271,2.97735],[101.5716,2.9771],[101.57031,2.97672],[101.56906,2.97638],[101.56805,2.97611],[101.5672,2.97593],[101.56674,2.9759],[101.56598,2.97588],[101.56496,2.97603],[101.56418,2.97627],[101.56354,2.9765],[101.56251,2.97705],[101.5617,2.97729],[101.56048,2.97769],[101.55987,2.978],[101.55922,2.9785],[101.55837,2.97939],[101.55777,2.98004],[101.55714,2.9808],[101.55679,2.98131],[101.55663,2.98171],[101.55649,2.98216],[101.55639,2.9826],[101.55629,2.98303],[101.55611,2.98364],[101.55592,2.98429],[101.55558,2.98493],[101.55522,2.98551],[101.55453,2.98675],[101.55389,2.98796],[101.55321,2.98926],[101.55268,2.99033]]}},{"type":"Feature","properties":{"name":"Sungai Kelang","waterway":"river"},"geometry":{"type":"LineString","coordinates":[[101.51515,3.03309],[101.51434,3.03489],[101.51397,3.03584],[101.51326,3.03721],[101.51265,3.03818],[101.51234,3.03872],[101.51169,3.0401],[101.51123,3.0409],[101.51093,3.0414],[101.51059,3.04168],[101.51034,3.04183],[101.50987,3.04199],[101.50958,3.04195],[101.50929,3.04187],[101.50892,3.04162],[101.5081,3.04059],[101.50758,3.04004],[101.50726,3.03986],[101.5066,3.03967],[101.50585,3.03962],[101.50479,3.03973],[101.50418,3.03979],[101.50358,3.0399],[101.50162,3.04001],[101.49972,3.04018],[101.49772,3.04033],[101.49682,3.04035],[101.49626,3.04049],[101.49593,3.04068],[101.49571,3.04096],[101.49545,3.04156],[101.49542,3.04191],[101.49549,3.04225],[101.49573,3.0427],[101.49636,3.04372],[101.49689,3.0445],[101.49717,3.04514],[101.49722,3.04544],[101.49725,3.04569],[101.49718,3.04598],[101.49689,3.0466],[101.49653,3.04685],[101.49619,3.04693],[101.4956,3.04682],[101.49519,3.04663],[101.49456,3.04616],[101.49356,3.04521],[101.49336,3.04499],[101.49313,3.04483],[101.49261,3.04455],[101.49209,3.04438],[101.49174,3.04435],[101.49107,3.04441],[101.4904,3.04456],[101.48932,3.04479],[101.48878,3.04506],[101.48715,3.04593],[101.48622,3.04649],[101.48549,3.04704],[101.48447,3.04764],[101.4842,3.04774],[101.48375,3.04783],[101.48336,3.04788],[101.48297,3.04787],[101.4825,3.04774],[101.48202,3.04745],[101.48151,3.04692],[101.48091,3.04613],[101.48045,3.04516],[101.47975,3.04338],[101.47942,3.04266],[101.47914,3.04191],[101.47864,3.04089],[101.47802,3.04008],[101.47783,3.0399],[101.4776,3.03969],[101.47734,3.0395],[101.47683,3.03929],[101.47614,3.03912]]}},{"type":"Feature","properties":{"name":"Sungai Klang","waterway":"river"},"geometry":{"type":"LineString","coordinates":[[101.63309,3.07025],[101.62908,3.07081],[101.62676,3.07194],[101.62466,3.07326],[101.62411,3.07343],[101.62344,3.07354],[101.62291,3.07353],[101.62239,3.07337],[101.62184,3.07306],[101.62154,3.07281],[101.62107,3.07225],[101.62026,3.07094],[101.62001,3.07027],[101.61921,3.06752],[101.61903,3.06679],[101.61863,3.06289],[101.61843,3.06085],[101.61838,3.0603],[101.61825,3.05993],[101.61799,3.05955],[101.61771,3.05923],[101.61129,3.05523],[101.61079,3.05491],[101.61038,3.0546],[101.60974,3.05401],[101.60956,3.05385],[101.60938,3.05358],[101.60916,3.05312],[101.60893,3.05244],[101.60854,3.05141],[101.60834,3.05091],[101.60819,3.05028],[101.60806,3.04969],[101.60792,3.04912],[101.60773,3.04829],[101.60758,3.04771],[101.60736,3.0472],[101.60717,3.0467],[101.6069,3.04605],[101.6066,3.04545],[101.60623,3.04491],[101.60597,3.04456],[101.60564,3.04416],[101.60428,3.04273],[101.60329,3.0416],[101.6029,3.04125],[101.60249,3.04091],[101.60204,3.04055],[101.60177,3.04029],[101.60112,3.03953],[101.6006,3.03887],[101.60032,3.03846],[101.59994,3.03755],[101.59986,3.03733],[101.59967,3.03677],[101.59941,3.03598],[101.59927,3.03543],[101.59918,3.03471],[101.59902,3.03344],[101.5989,3.03239],[101.59875,3.03105],[101.59867,3.03037],[101.59837,3.02779],[101.59817,3.02556],[101.59809,3.02509],[101.59777,3.02351],[101.59747,3.02201],[101.59715,3.02076],[101.59692,3.0197],[101.5966,3.01844],[101.59589,3.01624],[101.59565,3.01549]]}},{"type":"Feature","properties":{"name":"Sungai Kelang","waterway":"river"},"geometry":{"type":"LineString","coordinates":[[101.55268,2.99033],[101.55201,2.99134],[101.55192,2.99146],[101.55145,2.99215],[101.55096,2.99303],[101.55072,2.9936],[101.55062,2.99408],[101.55061,2.99451],[101.55069,2.99493],[101.55097,2.99561],[101.55128,2.99605],[101.55171,2.99646],[101.5525,2.99712],[101.55316,2.99784],[101.55367,2.99858],[101.55383,2.9989],[101.55398,2.99965],[101.55398,3.00003],[101.55395,3.0004],[101.55388,3.00064],[101.55375,3.00093],[101.55355,3.0013],[101.55321,3.00171],[101.55268,3.00214],[101.55223,3.00242],[101.55159,3.00271],[101.55088,3.00293],[101.55029,3.00314],[101.54979,3.00338],[101.54928,3.00385],[101.54887,3.00434],[101.54867,3.00479],[101.54837,3.00575],[101.54829,3.00653],[101.54831,3.00734],[101.54834,3.00781],[101.54856,3.00885],[101.54879,3.00986],[101.54882,3.01036],[101.5488,3.0108],[101.54865,3.01125],[101.54841,3.0118],[101.54776,3.01307],[101.54743,3.01385],[101.54738,3.01408],[101.54722,3.0147],[101.54726,3.01547],[101.54732,3.01591],[101.54761,3.01661],[101.54795,3.01724],[101.54844,3.01781],[101.54907,3.0184],[101.54974,3.01911],[101.55012,3.0196],[101.551,3.02059],[101.55142,3.021],[101.55221,3.02162],[101.55287,3.0221],[101.55308,3.02223],[101.55326,3.02235],[101.55343,3.02256],[101.55359,3.02301],[101.55391,3.02439],[101.55404,3.02514],[101.55409,3.02587],[101.55395,3.02655],[101.55379,3.02705],[101.55342,3.02768],[101.55287,3.02822],[101.55237,3.02858],[101.55197,3.02878],[101.55083,3.02914],[101.55023,3.02945],[101.54958,3.02983],[101.54912,3.03012],[101.54776,3.03073],[101.54689,3.03114],[101.54624,3.03137],[101.54558,3.03163],[101.54466,3.03223],[101.54427,3.03289],[101.54405,3.03345],[101.54396,3.034],[101.54366,3.03472],[101.54333,3.03522],[101.54289,3.03553],[101.5424,3.03578],[101.54143,3.03619],[101.54061,3.03669],[101.53879,3.03791],[101.5375,3.03849],[101.53717,3.03856],[101.53672,3.03861],[101.53577,3.03869],[101.53482,3.03881],[101.53366,3.0391],[101.53308,3.03928]]}},{"type":"Feature","properties":{"name":"Sungai Klang","waterway":"river"},"geometry":{"type":"LineString","coordinates":[[101.5225,3.03286],[101.52177,3.03205],[101.52096,3.03116],[101.52013,3.03032],[101.51974,3.02999],[101.51947,3.02985],[101.5184,3.02974],[101.51807,3.02984],[101.51752,3.03008],[101.51687,3.03042],[101.51616,3.03116],[101.51578,3.03173],[101.51515,3.03309]]}},{"type":"Feature","properties":{"name":"Sungai Gombak","waterway":"river"},"geometry":{"type":"LineString","coordinates":[[101.69341,3.16698],[101.69346,3.16684],[101.69358,3.1663],[101.69362,3.16612]]}},{"type":"Feature","properties":{"name":null,"waterway":"canal"},"geometry":{"type":"LineString","coordinates":[[101.72384,3.11445],[101.72474,3.11447],[101.72505,3.11448],[101.72518,3.11446],[101.72535,3.11443],[101.72553,3.11437],[101.72571,3.11424],[101.72611,3.11388]]}},{"type":"Feature","properties":{"name":null,"waterway":"canal"},"geometry":{"type":"LineString","coordinates":[[101.69425,3.19583],[101.69427,3.19338]]}},{"type":"Feature","properties":{"name":"Sungai Chinchang","waterway":"river"},"geometry":{"type":"LineString","coordinates":[[101.74961,2.77802],[101.74946,2.77864],[101.7493,2.77896],[101.74929,2.77918],[101.74891,2.78034],[101.7488,2.78065],[101.74807,2.78279],[101.74796,2.78294],[101.74776,2.78322],[101.74761,2.78355],[101.74684,2.78502],[101.7464,2.78584],[101.74615,2.78602],[101.74514,2.78675]]}},{"type":"Feature","properties":{"name":"Sungai Kuyoh","waterway":"river"},"geometry":{"type":"LineString","coordinates":[[101.71041,3.01475],[101.71035,3.01514],[101.71018,3.01542],[101.70991,3.01582],[101.70972,3.01605],[101.70933,3.01635],[101.70913,3.01646],[101.70866,3.01694],[101.70848,3.01709],[101.70832,3.01728],[101.70825,3.01741],[101.70819,3.01761],[101.70814,3.01782],[101.70813,3.01798],[101.70817,3.01815],[101.70823,3.01834],[101.70827,3.01851],[101.70829,3.01873],[101.70835,3.01888],[101.70843,3.01901],[101.70852,3.01911],[101.70873,3.01927],[101.70886,3.01935],[101.70905,3.01948],[101.70945,3.01973],[101.70969,3.01988],[101.70991,3.02009],[101.71009,3.02039],[101.71025,3.02074],[101.7103,3.02097],[101.7103,3.02108],[101.71026,3.02117],[101.71019,3.02134],[101.71015,3.02145],[101.71012,3.0218],[101.7101,3.02216],[101.71009,3.02288],[101.71006,3.02331],[101.71001,3.02361],[101.70993,3.02399],[101.70986,3.02423],[101.7098,3.0243],[101.70973,3.02443],[101.70968,3.02458],[101.70956,3.02479],[101.70945,3.02493],[101.70928,3.02506],[101.70913,3.02515],[101.70892,3.02525],[101.70869,3.02533],[101.7085,3.02538],[101.70817,3.02556],[101.70809,3.02563],[101.70767,3.02602],[101.7073,3.02634],[101.70688,3.02667],[101.70638,3.02706],[101.70599,3.02737],[101.70577,3.02757],[101.70566,3.02771],[101.7055,3.02797],[101.70536,3.02823],[101.70531,3.02834],[101.70523,3.02857],[101.70516,3.02891],[101.70504,3.02964],[101.70497,3.03002],[101.7049,3.03031],[101.70479,3.03063],[101.70467,3.03089],[101.7045,3.03116],[101.70436,3.03132],[101.70417,3.03153],[101.70391,3.03174],[101.70341,3.03205],[101.70335,3.03209],[101.70303,3.03233],[101.70275,3.03258],[101.70245,3.0329],[101.70222,3.0332],[101.70217,3.03328],[101.70216,3.03338],[101.70217,3.03355],[101.70222,3.03385],[101.70226,3.03415],[101.7023,3.03456],[101.70231,3.035],[101.70232,3.03546],[101.70232,3.03619],[101.70234,3.03658],[101.70239,3.03738],[101.70241,3.03805],[101.7024,3.03831],[101.70237,3.03838],[101.7023,3.03845],[101.70219,3.03852],[101.70212,3.03857],[101.70201,3.03868],[101.70176,3.03903],[101.70154,3.03938],[101.70143,3.0396],[101.70131,3.03995],[101.70116,3.04035],[101.70103,3.04067],[101.70086,3.04109],[101.70078,3.04149],[101.70074,3.04173],[101.70074,3.04194],[101.70077,3.04208],[101.70084,3.04229],[101.7009,3.04249],[101.70088,3.04268],[101.70085,3.04282],[101.70076,3.043],[101.70065,3.04315],[101.7005,3.0433],[101.7003,3.04344],[101.70012,3.04362],[101.69998,3.0438],[101.69989,3.04405],[101.69982,3.04432],[101.69976,3.0446],[101.69973,3.04488],[101.69968,3.04535],[101.69964,3.0457],[101.6996,3.04612],[101.69957,3.0465],[101.69957,3.04687],[101.69956,3.04727],[101.69957,3.04743],[101.69967,3.04772],[101.69978,3.04807],[101.69982,3.04852],[101.69982,3.04877],[101.69977,3.04903],[101.69966,3.0494],[101.69954,3.04965],[101.69916,3.05003],[101.69882,3.05025],[101.69856,3.05032],[101.69796,3.05035],[101.6976,3.05037],[101.69727,3.05047],[101.69709,3.05066],[101.69686,3.05087],[101.69678,3.05109],[101.69669,3.05148],[101.69671,3.05194],[101.69668,3.05223],[101.69636,3.05326],[101.69623,3.05355],[101.69599,3.05398],[101.69567,3.05449],[101.69531,3.05497],[101.69489,3.05538],[101.69465,3.05562],[101.69438,3.05593],[101.6941,3.05629],[101.69379,3.05657],[101.69344,3.05687],[101.6934,3.0569],[101.69337,3.05695],[101.69285,3.05773],[101.69276,3.05782],[101.69255,3.05827],[101.69236,3.05879],[101.69229,3.05896],[101.69216,3.05922],[101.69198,3.05951],[101.69187,3.0597],[101.69158,3.06009],[101.69149,3.06023],[101.69143,3.06043],[101.69137,3.06078],[101.69131,3.06099],[101.69117,3.06127],[101.69096,3.06161],[101.69083,3.06175],[101.69072,3.06181],[101.6906,3.06183],[101.69043,3.06185],[101.68989,3.06184],[101.68973,3.06185],[101.68955,3.06185],[101.68917,3.06192],[101.68864,3.06204],[101.68835,3.06212],[101.68809,3.06215],[101.68776,3.06214],[101.68734,3.06209],[101.68673,3.06202],[101.68575,3.06184],[101.68489,3.06186],[101.68462,3.06179],[101.68448,3.06177],[101.68438,3.06172],[101.68424,3.06158],[101.68396,3.06143],[101.68383,3.0614],[101.68369,3.06138],[101.68291,3.06136],[101.68274,3.06137],[101.68256,3.06141],[101.68234,3.06147],[101.68217,3.06155],[101.68197,3.06162],[101.68171,3.06168],[101.68137,3.06172],[101.68117,3.06172],[101.681,3.06168],[101.68066,3.06153],[101.68051,3.0615],[101.68034,3.0615],[101.68014,3.06152],[101.67944,3.06164],[101.67869,3.0618],[101.67835,3.06188],[101.67801,3.06199],[101.67754,3.0622],[101.67661,3.0626],[101.67627,3.06276],[101.67604,3.0628],[101.67565,3.06282],[101.67469,3.06289],[101.67411,3.06298],[101.6734,3.06313],[101.67315,3.06321],[101.67291,3.0633],[101.67265,3.06343],[101.67234,3.06359],[101.67196,3.06374],[101.67004,3.06441],[101.66884,3.06483],[101.6682,3.06506],[101.66752,3.06526],[101.66692,3.06539],[101.66618,3.06551],[101.66575,3.06555],[101.66532,3.06556],[101.66457,3.06553],[101.66395,3.06548],[101.66361,3.0654],[101.66337,3.06529],[101.6632,3.06519],[101.66254,3.06475],[101.66214,3.06454],[101.66177,3.06446],[101.66139,3.06444],[101.66118,3.06446],[101.66098,3.06451],[101.66077,3.06459],[101.66043,3.06484],[101.65994,3.06517],[101.65973,3.06529],[101.65957,3.06532],[101.65935,3.06535],[101.65909,3.06537],[101.65894,3.06534],[101.65872,3.06528],[101.65834,3.06511],[101.65801,3.06489],[101.65766,3.06446],[101.65742,3.06421],[101.65702,3.0639],[101.65676,3.06378],[101.6564,3.06366],[101.65604,3.06358],[101.65559,3.06364],[101.65533,3.06371],[101.65512,3.0639],[101.65477,3.0643],[101.65442,3.06446],[101.65405,3.06449],[101.65362,3.06459],[101.65332,3.06469],[101.65319,3.06479],[101.65304,3.065],[101.65283,3.06532],[101.6527,3.06552],[101.65256,3.06581],[101.65244,3.06592],[101.65154,3.06648],[101.65124,3.06669],[101.65092,3.06695],[101.65066,3.06722],[101.65041,3.06756],[101.6503,3.06783],[101.6503,3.06808],[101.65034,3.06836],[101.65058,3.06897],[101.65065,3.06933],[101.65059,3.06965],[101.65051,3.06978],[101.65038,3.06991]]}},{"type":"Feature","properties":{"name":"Sungai Hampar","waterway":"river"},"geometry":{"type":"LineString","coordinates":[[101.58995,3.18878],[101.58964,3.18896],[101.58784,3.18962],[101.58727,3.18991],[101.58699,3.19002],[101.5864,3.19015],[101.58613,3.19025],[101.58524,3.19041],[101.58492,3.19071],[101.58419,3.19142],[101.58413,3.19147],[101.58404,3.1915],[101.58389,3.19153],[101.58345,3.19155],[101.5833,3.19157],[101.58318,3.19156],[101.58283,3.19137],[101.58256,3.19125],[101.58237,3.19124],[101.58212,3.19129],[101.58197,3.19131],[101.58192,3.19137],[101.5818,3.19148],[101.58159,3.19152],[101.58148,3.19157],[101.5814,3.19168],[101.58129,3.19169],[101.58066,3.1916],[101.58015,3.19147],[101.57997,3.19149],[101.5798,3.19156],[101.5796,3.19165],[101.57946,3.19165],[101.5793,3.19162],[101.5792,3.19168],[101.57912,3.19175],[101.57899,3.19177],[101.57889,3.19174]]}},{"type":"Feature","properties":{"name":"Sungai Keroh","waterway":"river"},"geometry":{"type":"LineString","coordinates":[[101.6336,3.2132],[101.63379,3.21306],[101.634,3.21299],[101.63422,3.21293],[101.63437,3.21289],[101.63464,3.21275],[101.63477,3.21271],[101.63529,3.21273],[101.63559,3.21273],[101.63661,3.21243],[101.63687,3.21234],[101.6371,3.21227],[101.63745,3.212],[101.63773,3.21177],[101.63787,3.21165],[101.63795,3.21151],[101.63797,3.21121],[101.63799,3.21099],[101.63804,3.2108],[101.63831,3.21063],[101.63893,3.21026],[101.63974,3.20965],[101.64053,3.2091],[101.64061,3.20905],[101.64072,3.2088],[101.64074,3.20817],[101.64078,3.20785],[101.64089,3.20748],[101.64134,3.20651],[101.64141,3.20637],[101.64168,3.20603],[101.64195,3.20572],[101.64214,3.20553],[101.64234,3.2055],[101.6427,3.2055],[101.6432,3.20546],[101.645,3.20532],[101.6474,3.20528],[101.64765,3.20514],[101.64767,3.20513],[101.64775,3.20507],[101.64801,3.20474],[101.64903,3.20315],[101.64919,3.20295],[101.64924,3.2029],[101.6493,3.20288],[101.64936,3.20286],[101.64942,3.20285],[101.65078,3.2028],[101.65158,3.20139],[101.65178,3.20115],[101.65201,3.20079],[101.65207,3.20062],[101.652,3.19932],[101.6519,3.1983],[101.65189,3.19756],[101.65194,3.19741],[101.65199,3.19728],[101.65295,3.19662],[101.65372,3.19609],[101.65429,3.19568],[101.65471,3.19538],[101.65541,3.19505],[101.65597,3.19465],[101.65655,3.19425],[101.65807,3.19352],[101.65912,3.19308],[101.66022,3.19261],[101.66054,3.1924],[101.66059,3.19222],[101.66061,3.19208],[101.66066,3.19192],[101.66112,3.19148],[101.6616,3.19061],[101.66185,3.19023],[101.66223,3.19009],[101.66236,3.19006],[101.66254,3.19003],[101.66269,3.18981],[101.66319,3.18919],[101.66353,3.18843],[101.66397,3.18726],[101.66407,3.1871],[101.66418,3.18697],[101.66424,3.1869],[101.6643,3.18686],[101.66449,3.18679],[101.66473,3.18658],[101.66479,3.18645],[101.6653,3.18605],[101.66615,3.18534],[101.66665,3.18479],[101.6673,3.18425],[101.66751,3.18409],[101.66773,3.18401],[101.66883,3.18351],[101.66913,3.18341],[101.66943,3.18335],[101.67028,3.18317],[101.67141,3.18289],[101.67235,3.18261],[101.6727,3.18248],[101.67408,3.18167],[101.67444,3.18145],[101.67568,3.18069],[101.67604,3.18049],[101.67634,3.18024],[101.67639,3.1802],[101.67689,3.18017],[101.67737,3.18014],[101.67779,3.18012],[101.67807,3.18018],[101.67992,3.18009]]}},{"type":"Feature","properties":{"name":null,"waterway":"river"},"geometry":{"type":"LineString","coordinates":[[101.74463,3.05098],[101.74457,3.05076],[101.74457,3.05027],[101.74474,3.04997],[101.74492,3.0497],[101.74497,3.0489],[101.74496,3.04842],[101.74477,3.04798],[101.74474,3.04772],[101.74484,3.0475],[101.74509,3.04733],[101.74521,3.04707],[101.74518,3.04681],[101.74521,3.04656],[101.74531,3.04624],[101.74554,3.04581],[101.74565,3.0456],[101.74577,3.04532],[101.74579,3.04512],[101.74582,3.04467],[101.74573,3.04438],[101.74571,3.0442],[101.7457,3.04382],[101.74584,3.04353],[101.74604,3.04304],[101.74628,3.04276],[101.74678,3.04266],[101.747,3.0425],[101.74714,3.0423],[101.7472,3.0421],[101.74714,3.04191],[101.74697,3.04158],[101.74693,3.04132],[101.74687,3.04099],[101.74682,3.04053],[101.7467,3.04006],[101.74667,3.03977],[101.74673,3.03937],[101.74684,3.03906],[101.74694,3.03867],[101.74691,3.03811],[101.74678,3.03787],[101.74672,3.03744],[101.74667,3.03697],[101.7467,3.03675],[101.74692,3.03665],[101.74737,3.03596],[101.74743,3.03548],[101.74744,3.03501],[101.74765,3.0346],[101.74778,3.03427],[101.74786,3.03407],[101.74841,3.033],[101.74858,3.03252],[101.74848,3.03209],[101.74841,3.03174],[101.7483,3.03119],[101.74832,3.03071],[101.74843,3.02993],[101.74869,3.02935],[101.7488,3.02869],[101.74889,3.02796],[101.74885,3.02716],[101.74883,3.02685]]}},{"type":"Feature","properties":{"name":null,"waterway":"canal"},"geometry":{"type":"LineString","coordinates":[[101.67734,3.05088],[101.67742,3.05097]]}},{"type":"Feature","properties":{"name":null,"waterway":"canal"},"geometry":{"type":"LineString","coordinates":[[101.61507,3.10998],[101.61352,3.11028],[101.61298,3.11022],[101.61186,3.11046]]}},{"type":"Feature","properties":{"name":null,"waterway":"canal"},"geometry":{"type":"LineString","coordinates":[[101.60681,3.10906],[101.60633,3.10921],[101.60615,3.10939],[101.60644,3.11061],[101.60641,3.11149],[101.60634,3.11163]]}},{"type":"Feature","properties":{"name":"Sungai Subang","waterway":"river"},"geometry":{"type":"LineString","coordinates":[[101.52471,3.18772],[101.5251,3.18783],[101.52519,3.1879],[101.52552,3.18829],[101.52553,3.18838],[101.52546,3.18939],[101.52544,3.18965],[101.52539,3.18977],[101.52541,3.18984],[101.52552,3.18994],[101.52595,3.19016],[101.52613,3.19021],[101.52618,3.19026],[101.52627,3.1903],[101.52644,3.19036],[101.52669,3.19046],[101.52704,3.19064],[101.52723,3.19076],[101.52735,3.1909],[101.52744,3.19107],[101.52746,3.19124],[101.52746,3.19153],[101.52746,3.19182],[101.52741,3.19192],[101.52737,3.19208],[101.52736,3.19237],[101.52733,3.19277],[101.52735,3.19296],[101.52741,3.19326],[101.52739,3.19347],[101.52736,3.1937],[101.52739,3.19405],[101.5274,3.19433],[101.52739,3.1945],[101.52731,3.19478],[101.52725,3.19505],[101.52731,3.19542],[101.52735,3.19561],[101.52732,3.1957],[101.52714,3.196],[101.52694,3.19642],[101.52676,3.19664],[101.52668,3.19676],[101.52668,3.19709],[101.52683,3.19733],[101.52687,3.1976],[101.52675,3.19787],[101.52661,3.19804],[101.52662,3.19834],[101.52669,3.1987],[101.5267,3.19902],[101.52695,3.19982],[101.52695,3.2003],[101.52707,3.20049],[101.52738,3.20049],[101.5275,3.20052],[101.52765,3.20063],[101.52788,3.20084],[101.52803,3.20107],[101.52818,3.20117],[101.52824,3.20116]]}},{"type":"Feature","properties":{"name":"Sungai Sekamat","waterway":"river"},"geometry":{"type":"LineString","coordinates":[[101.82836,3.0542],[101.82822,3.05415],[101.82824,3.05389],[101.82821,3.05368],[101.82803,3.05351],[101.82797,3.05331],[101.82783,3.05323],[101.82765,3.05318],[101.8276,3.053],[101.82761,3.05284],[101.82744,3.05267],[101.82735,3.05255],[101.82732,3.05239],[101.82728,3.0523],[101.82712,3.05217],[101.82688,3.05214],[101.82663,3.05206],[101.82634,3.05196],[101.8261,3.05175],[101.82589,3.05156],[101.82573,3.05141],[101.82557,3.05132],[101.82522,3.05121],[101.8251,3.0511],[101.82501,3.05099],[101.82503,3.05089],[101.82496,3.05082],[101.82482,3.0508],[101.82471,3.05072],[101.8245,3.05068],[101.82442,3.05065],[101.8244,3.05061],[101.82436,3.05058],[101.82431,3.05055],[101.82423,3.05056],[101.82414,3.05059],[101.82407,3.05058],[101.82398,3.05053],[101.82392,3.05053],[101.82388,3.05054],[101.82383,3.05058],[101.82377,3.05062],[101.82371,3.05064],[101.82368,3.05062],[101.82368,3.05058],[101.82364,3.05055],[101.82364,3.05048],[101.82366,3.05043],[101.82361,3.05038],[101.82346,3.05025],[101.82333,3.05006],[101.82324,3.04974],[101.82319,3.04956],[101.82313,3.04941],[101.82308,3.04922],[101.82308,3.04907],[101.82308,3.04899],[101.82304,3.04885],[101.82288,3.04877],[101.82271,3.04873],[101.82264,3.04866],[101.82243,3.04845],[101.82231,3.04834],[101.82189,3.04773],[101.8215,3.04758],[101.82128,3.04741],[101.8212,3.04723],[101.82108,3.04709],[101.82087,3.04703],[101.82053,3.04669],[101.82041,3.04653],[101.82014,3.04645],[101.81997,3.04623],[101.81958,3.0459],[101.81896,3.04577],[101.81833,3.0454],[101.81792,3.04503],[101.81758,3.04489],[101.81729,3.04458],[101.81714,3.04459],[101.81682,3.04439],[101.81653,3.04394],[101.81651,3.04353],[101.81649,3.04306],[101.81651,3.04281],[101.81645,3.04255],[101.81628,3.04236],[101.81495,3.04171],[101.81424,3.04085],[101.81389,3.04066],[101.81348,3.04023],[101.8131,3.03998],[101.81266,3.03989],[101.81232,3.03993],[101.81212,3.03992],[101.81139,3.03944],[101.81111,3.03882],[101.8111,3.03829],[101.81097,3.03791],[101.81083,3.03762],[101.81061,3.03708],[101.81041,3.03609],[101.81023,3.03556],[101.80943,3.03427],[101.80882,3.03319],[101.80847,3.03299],[101.80833,3.03297],[101.80825,3.0328],[101.80736,3.03246],[101.80655,3.03106],[101.80631,3.03097],[101.80598,3.03054],[101.80569,3.02971],[101.80542,3.02925],[101.80496,3.02884],[101.80463,3.02887],[101.80454,3.02875],[101.8046,3.02843],[101.80451,3.02831],[101.8042,3.02844],[101.80396,3.02832],[101.80371,3.02832],[101.80363,3.02823],[101.80366,3.02788],[101.80355,3.02775],[101.8034,3.02784],[101.80337,3.02806],[101.80329,3.02813],[101.80318,3.02806],[101.80327,3.02791],[101.8032,3.02775],[101.80282,3.0278],[101.80271,3.02769],[101.80278,3.02729],[101.80265,3.02726],[101.80235,3.02735],[101.80234,3.02702],[101.80219,3.02675],[101.80204,3.02671],[101.80183,3.02673],[101.80161,3.0266],[101.80142,3.02674],[101.80119,3.0269],[101.80073,3.02683],[101.80045,3.02661],[101.80046,3.02635],[101.80033,3.02622],[101.80022,3.02624],[101.8001,3.02629],[101.79992,3.02623],[101.79968,3.02642],[101.79937,3.02647],[101.79918,3.02644],[101.79899,3.02633],[101.79874,3.02628],[101.79837,3.02631],[101.79793,3.02636],[101.79755,3.02634],[101.79731,3.02633],[101.79715,3.02626],[101.79697,3.02612],[101.79661,3.02559],[101.79644,3.02539],[101.79629,3.02534],[101.79616,3.02549],[101.79602,3.02555],[101.7959,3.02552],[101.79521,3.02515],[101.79475,3.02446],[101.79451,3.0243],[101.79431,3.02432],[101.79412,3.02446],[101.79402,3.02465],[101.79405,3.02495],[101.79379,3.02502],[101.79317,3.02484],[101.79271,3.02456],[101.79234,3.02442],[101.79192,3.0243],[101.79172,3.02416],[101.79153,3.02385],[101.79135,3.02373],[101.79085,3.02359],[101.79059,3.02361],[101.79044,3.02346],[101.78955,3.0231],[101.78936,3.0229],[101.789,3.02286],[101.78749,3.02225],[101.78688,3.02227],[101.78636,3.02218],[101.78616,3.02202],[101.78606,3.02175],[101.78583,3.02159],[101.78541,3.02159],[101.78482,3.02174],[101.78442,3.02191],[101.78401,3.02216],[101.78369,3.02219],[101.78353,3.02252],[101.78322,3.02256],[101.78273,3.02225],[101.78204,3.02226],[101.78163,3.02221],[101.78113,3.0225],[101.78093,3.0225],[101.78061,3.02253],[101.78042,3.02257],[101.78028,3.02251],[101.7799,3.0222],[101.77975,3.02216],[101.77952,3.02215],[101.7793,3.02211],[101.77916,3.02202],[101.77873,3.02185],[101.77837,3.02141],[101.77818,3.02123],[101.7779,3.02106],[101.77768,3.02098],[101.7769,3.02086],[101.77599,3.02058]]}},{"type":"Feature","properties":{"name":null,"waterway":"canal"},"geometry":{"type":"LineString","coordinates":[[101.53549,2.8092],[101.53551,2.81098]]}},{"type":"Feature","properties":{"name":"Sungai Batu","waterway":"river"},"geometry":{"type":"LineString","coordinates":[[101.68603,3.25353],[101.6859,3.25329],[101.68585,3.25325],[101.68581,3.25321],[101.68577,3.25316],[101.6857,3.25314],[101.68561,3.25314],[101.68551,3.25314],[101.68541,3.25312],[101.68526,3.25307],[101.68517,3.25304],[101.68511,3.25299],[101.68505,3.25291],[101.68498,3.25281],[101.68471,3.25239],[101.68437,3.25151],[101.68416,3.25131],[101.68381,3.25105],[101.68349,3.25071],[101.68305,3.24989],[101.68302,3.24981],[101.68298,3.24971],[101.68295,3.24961],[101.68292,3.24952],[101.68291,3.24947],[101.6829,3.24941],[101.6829,3.24935],[101.68293,3.24926],[101.68298,3.24915],[101.68308,3.24898],[101.68309,3.24892],[101.68313,3.2488],[101.68313,3.24871],[101.6831,3.24861],[101.68309,3.24838],[101.683,3.2481],[101.68255,3.24784],[101.68208,3.24723],[101.68199,3.24712],[101.6819,3.24684],[101.68166,3.24667],[101.68121,3.24635],[101.68098,3.2462],[101.67966,3.24486],[101.67943,3.24455],[101.67884,3.24386],[101.67878,3.24366],[101.67882,3.24351],[101.67915,3.24329],[101.67929,3.24302],[101.67933,3.24272],[101.67944,3.24253],[101.67944,3.24204],[101.67954,3.24152],[101.67971,3.24077],[101.68024,3.23986],[101.68029,3.23965],[101.68019,3.23935],[101.68018,3.2387],[101.68026,3.23826],[101.68028,3.23746],[101.68032,3.23701],[101.68021,3.23651],[101.68009,3.23626],[101.6799,3.23557],[101.67962,3.23495],[101.67944,3.23479],[101.67916,3.23479],[101.67901,3.23461],[101.67886,3.23454],[101.67842,3.23437],[101.67835,3.23435],[101.67831,3.23431],[101.67827,3.23425],[101.67827,3.23421],[101.67829,3.2341],[101.67844,3.23371],[101.6785,3.23353],[101.67851,3.23345],[101.67853,3.23334],[101.67853,3.23322],[101.67851,3.23316],[101.67849,3.23311],[101.67846,3.23306],[101.67828,3.23292],[101.67813,3.23286],[101.67781,3.2326],[101.67767,3.23247],[101.67702,3.23197],[101.67645,3.23154],[101.67603,3.2311],[101.67595,3.23102],[101.67593,3.2309],[101.67589,3.22954],[101.67586,3.22895],[101.67585,3.22854],[101.67597,3.22812],[101.67603,3.2279],[101.67606,3.22784],[101.67609,3.22781],[101.67613,3.22779],[101.67617,3.22778],[101.67624,3.22775],[101.67632,3.22775],[101.67639,3.22777],[101.67647,3.22779],[101.6766,3.22779],[101.6767,3.22779],[101.67679,3.22777],[101.67942,3.22734],[101.67979,3.22717],[101.6802,3.22661],[101.68047,3.22608],[101.68066,3.22567],[101.68073,3.22526],[101.68068,3.22482],[101.68069,3.22467],[101.68072,3.22382],[101.68074,3.22265],[101.68071,3.22199],[101.68069,3.22174],[101.68061,3.22155],[101.68057,3.22107],[101.68074,3.22068],[101.68089,3.22059],[101.68095,3.22055],[101.68096,3.2203],[101.68102,3.22022],[101.68116,3.2202],[101.68128,3.22012],[101.68154,3.21957],[101.68174,3.21938],[101.68174,3.21932],[101.68171,3.21901],[101.6817,3.21834],[101.68182,3.21692],[101.68209,3.21393],[101.6801,3.20797],[101.68003,3.20783],[101.67751,3.20539],[101.6764,3.20425],[101.67617,3.20401],[101.67616,3.20398],[101.67615,3.20394],[101.67613,3.20387],[101.67612,3.20378],[101.6761,3.20366],[101.67607,3.20354],[101.67603,3.20339],[101.67595,3.20309],[101.67589,3.20273],[101.6758,3.20251],[101.67563,3.2022],[101.6756,3.2021],[101.67559,3.20203],[101.67558,3.20193],[101.67559,3.20184],[101.6756,3.2018],[101.67562,3.20175],[101.67564,3.20171],[101.67593,3.20123],[101.67602,3.20107],[101.67621,3.20079],[101.67726,3.19958],[101.67736,3.1994],[101.67742,3.19927],[101.67747,3.19911],[101.67751,3.19891],[101.67754,3.1987],[101.67755,3.19856],[101.67759,3.1984],[101.67762,3.1983],[101.67772,3.1981],[101.67826,3.19726],[101.6783,3.19719],[101.67832,3.19712],[101.67833,3.19706],[101.67834,3.19699],[101.67835,3.19691],[101.67835,3.19674],[101.67834,3.19653],[101.67833,3.19644],[101.67831,3.19636],[101.67829,3.19623],[101.67828,3.19615],[101.67828,3.19609],[101.67829,3.196],[101.67838,3.1957],[101.67898,3.19373],[101.67923,3.19275],[101.67937,3.19222],[101.67973,3.1907],[101.67982,3.19027],[101.67983,3.18978],[101.67984,3.18937],[101.67977,3.18882],[101.67975,3.18736],[101.67942,3.18449],[101.6794,3.18421],[101.67969,3.1826],[101.67968,3.18249],[101.67947,3.18187],[101.67946,3.18149],[101.67957,3.18107],[101.67992,3.18009],[101.67998,3.17997],[101.68006,3.17987],[101.68015,3.17978],[101.68027,3.17969],[101.68039,3.17961],[101.68054,3.17955],[101.68068,3.17952],[101.68083,3.1795],[101.68098,3.17949],[101.68114,3.1795],[101.68131,3.1795],[101.68145,3.17948],[101.68159,3.17942],[101.68179,3.17928],[101.68189,3.17919],[101.68218,3.17892],[101.68306,3.17811],[101.68468,3.17697],[101.68586,3.17634],[101.68613,3.17618],[101.68619,3.17613],[101.68624,3.17605],[101.68627,3.176],[101.6863,3.17593],[101.68632,3.17585],[101.68633,3.17576],[101.68634,3.17565],[101.6863,3.17547],[101.686,3.17377],[101.686,3.17369],[101.68603,3.17357],[101.68606,3.17345],[101.6869,3.17166],[101.68695,3.17131],[101.68686,3.17029],[101.68688,3.17014],[101.68692,3.17001],[101.68698,3.16987],[101.68704,3.16973],[101.68712,3.16961],[101.68724,3.1695],[101.68738,3.16938],[101.68769,3.16919],[101.68806,3.16895],[101.68854,3.16879],[101.6888,3.16875],[101.68901,3.16878],[101.68918,3.16885],[101.68936,3.16895],[101.68953,3.16908],[101.68971,3.16928],[101.68995,3.16956],[101.69006,3.16963],[101.69024,3.16974],[101.69043,3.16982],[101.69056,3.16983]]}},{"type":"Feature","properties":{"name":"Sungai Penaga","waterway":"river"},"geometry":{"type":"LineString","coordinates":[[101.59893,3.06374],[101.59892,3.06278],[101.59891,3.06221],[101.59892,3.06174],[101.59892,3.06123],[101.59899,3.0609],[101.59915,3.0606],[101.59922,3.06051],[101.5994,3.06034],[101.59951,3.06026],[101.59966,3.06021],[101.60026,3.06009],[101.60358,3.05927],[101.60491,3.05893],[101.60581,3.05863],[101.60915,3.05732],[101.60988,3.05693],[101.61047,3.05643],[101.61097,3.05582],[101.61119,3.0554],[101.61129,3.05523]]}},{"type":"Feature","properties":{"name":"Sungai Pelumut","waterway":"river"},"geometry":{"type":"LineString","coordinates":[[101.52583,3.13984],[101.52591,3.13991],[101.52598,3.14009],[101.52613,3.14024],[101.52642,3.14044],[101.52679,3.14075],[101.52716,3.14092],[101.52755,3.1411],[101.52769,3.1411],[101.52807,3.14112],[101.52852,3.14114],[101.52876,3.14115],[101.52908,3.14123],[101.52941,3.14125],[101.52973,3.14144],[101.52988,3.14145],[101.53045,3.14159],[101.53107,3.1423],[101.5319,3.14298],[101.53207,3.1431],[101.53246,3.14316],[101.53254,3.14319],[101.5327,3.14373],[101.53267,3.14412],[101.53266,3.1444],[101.53276,3.14507],[101.53299,3.14549],[101.53309,3.14591],[101.53318,3.14602],[101.53425,3.14688],[101.53445,3.14702],[101.53492,3.14718],[101.53549,3.1475],[101.53607,3.14793],[101.5362,3.14803],[101.53622,3.14844],[101.53624,3.14849],[101.5366,3.14856],[101.53676,3.14855],[101.53943,3.1496],[101.53956,3.14969],[101.5398,3.15014],[101.53995,3.15024],[101.54034,3.15028],[101.54039,3.15028],[101.54049,3.15026]]}},{"type":"Feature","properties":{"name":"Sungai Air Kuning","waterway":"river"},"geometry":{"type":"LineString","coordinates":[[101.54547,3.11275],[101.54641,3.11156],[101.54686,3.11143],[101.54784,3.11092],[101.54817,3.11074],[101.54851,3.11052],[101.54899,3.10997],[101.54922,3.10954],[101.54929,3.10911],[101.54914,3.10861],[101.54932,3.10677],[101.54946,3.10579],[101.54953,3.10424],[101.54968,3.10366],[101.54983,3.10295],[101.54978,3.10216],[101.54975,3.10181],[101.54991,3.10115],[101.54991,3.10082],[101.54999,3.10028],[101.55033,3.09987],[101.55092,3.09968],[101.55097,3.09917],[101.55101,3.09874],[101.55108,3.09791],[101.55111,3.09732],[101.55114,3.09599],[101.55141,3.09539],[101.55174,3.09493],[101.5527,3.09395],[101.5528,3.09387]]}},{"type":"Feature","properties":{"name":"Sungai Hampar","waterway":"river"},"geometry":{"type":"LineString","coordinates":[[101.57848,3.19159],[101.57811,3.19154],[101.57776,3.19164],[101.57698,3.19216],[101.57669,3.19233],[101.57646,3.19255],[101.57625,3.19279],[101.57593,3.19288],[101.57557,3.19329],[101.57523,3.19333],[101.57119,3.19345],[101.5701,3.19344],[101.57001,3.19341],[101.56957,3.1934],[101.56932,3.19339],[101.56919,3.19339],[101.56891,3.19339],[101.56885,3.19338],[101.56879,3.19334],[101.56873,3.1932],[101.56864,3.19312],[101.56849,3.19299],[101.56818,3.1927],[101.56807,3.19253],[101.56734,3.19232]]}},{"type":"Feature","properties":{"name":"Sungai Kayu Ara","waterway":"river"},"geometry":{"type":"LineString","coordinates":[[101.6243,3.15653],[101.62434,3.1565],[101.62487,3.15649],[101.62493,3.15641],[101.62537,3.15441],[101.6249,3.15292],[101.62464,3.15064],[101.62196,3.14651],[101.62187,3.14642],[101.62018,3.14543],[101.61975,3.14521],[101.6197,3.14519],[101.61945,3.1451],[101.61828,3.14409],[101.618,3.14385],[101.61775,3.14368],[101.61759,3.14352],[101.61751,3.14337],[101.61747,3.14321],[101.61745,3.14302],[101.61746,3.14272],[101.61744,3.14238],[101.61744,3.14197],[101.61753,3.14109],[101.61753,3.14096],[101.61746,3.14058],[101.61739,3.14046],[101.61729,3.13991],[101.61727,3.13958],[101.61733,3.13884],[101.61732,3.13872],[101.61715,3.13812],[101.61707,3.13734],[101.61672,3.13587],[101.61658,3.13493],[101.61654,3.13474],[101.61646,3.13455],[101.61619,3.13404],[101.61582,3.13317],[101.61573,3.13303],[101.61557,3.13251],[101.61552,3.13238],[101.61541,3.13222],[101.61529,3.13205],[101.61477,3.13143],[101.61234,3.12826],[101.61045,3.12578],[101.61006,3.12526],[101.60857,3.12289],[101.60843,3.12276],[101.60826,3.1227],[101.60801,3.1227],[101.60736,3.12271],[101.60716,3.12274],[101.60676,3.12283],[101.60655,3.12284],[101.60635,3.12278],[101.60547,3.1223],[101.60401,3.12154],[101.60291,3.12093],[101.60275,3.12078],[101.60265,3.12053],[101.60239,3.11932],[101.60236,3.11899],[101.60228,3.1187],[101.60191,3.11834],[101.60177,3.11819],[101.60169,3.11803],[101.60164,3.11781],[101.60156,3.11715],[101.6015,3.11679],[101.60141,3.11659],[101.60132,3.11648],[101.6011,3.11636],[101.59979,3.11565],[101.59919,3.11521],[101.59878,3.11503],[101.59851,3.11501],[101.59832,3.11495],[101.5982,3.11482],[101.59814,3.11473],[101.5981,3.11461],[101.59775,3.11368],[101.59749,3.11314],[101.59709,3.11249],[101.59689,3.11224],[101.59665,3.11208],[101.59611,3.1118],[101.59566,3.11157],[101.59553,3.11145],[101.59501,3.1111],[101.59483,3.11091],[101.59473,3.11088],[101.5946,3.11087],[101.59444,3.11089],[101.59399,3.11089],[101.59369,3.11089],[101.59273,3.11088],[101.59258,3.11082],[101.59216,3.11082],[101.59178,3.1109],[101.59176,3.11091],[101.59021,3.11137],[101.58994,3.11142],[101.58969,3.11144],[101.58815,3.11143],[101.58784,3.1115],[101.58756,3.11158],[101.58549,3.11243],[101.58455,3.11283],[101.58352,3.11327],[101.58302,3.11344],[101.58287,3.11354],[101.58273,3.11371],[101.58259,3.11391],[101.58249,3.11409],[101.58235,3.1144],[101.5821,3.11469],[101.58167,3.11546],[101.58093,3.11633],[101.58071,3.1166],[101.58057,3.11682],[101.58035,3.11704],[101.58001,3.11749],[101.57982,3.1178],[101.57965,3.11797],[101.57923,3.11857],[101.57903,3.11881],[101.57856,3.11924],[101.57808,3.11972],[101.57699,3.12067],[101.5766,3.12103],[101.57629,3.12148],[101.57569,3.12251],[101.57544,3.12278],[101.57529,3.12283],[101.57483,3.12282],[101.57328,3.12278],[101.57305,3.12285],[101.5729,3.12297],[101.57203,3.12404],[101.57195,3.12413],[101.57183,3.12425],[101.57174,3.12433],[101.57165,3.12438],[101.57152,3.12443],[101.57136,3.12447],[101.57114,3.12453],[101.57094,3.12458],[101.57077,3.12462],[101.57057,3.12468],[101.57039,3.12474],[101.57016,3.12481],[101.57002,3.12484],[101.56986,3.12487],[101.5696,3.12489],[101.56941,3.1249],[101.56921,3.12492],[101.56898,3.12494],[101.56881,3.12497],[101.56865,3.125],[101.56855,3.12504]]}},{"type":"Feature","properties":{"name":"Sungai Toba","waterway":"river"},"geometry":{"type":"LineString","coordinates":[[101.65138,3.17209],[101.65135,3.1726],[101.65122,3.1729],[101.65117,3.17316],[101.65118,3.17341],[101.65136,3.17451],[101.65139,3.17501],[101.65147,3.17585],[101.65134,3.17598]]}},{"type":"Feature","properties":{"name":"Sungai Toba","waterway":"river"},"geometry":{"type":"LineString","coordinates":[[101.65134,3.17598],[101.65142,3.17611],[101.65166,3.17748],[101.65206,3.17878]]}},{"type":"Feature","properties":{"name":"Sungai Toba","waterway":"river"},"geometry":{"type":"LineString","coordinates":[[101.64872,3.16432],[101.6486,3.16491]]}},{"type":"Feature","properties":{"name":"Sungai Air Hitam","waterway":"river"},"geometry":{"type":"LineString","coordinates":[[101.60454,2.97998],[101.60437,2.97944],[101.60431,2.97937],[101.60358,2.97939],[101.60316,2.97941]]}},{"type":"Feature","properties":{"name":null,"waterway":"river"},"geometry":{"type":"LineString","coordinates":[[101.76992,3.12905],[101.76985,3.12907],[101.76974,3.12907],[101.76962,3.12908],[101.76954,3.12909],[101.76946,3.12911],[101.76937,3.12914],[101.76925,3.12919],[101.76912,3.12924],[101.769,3.12929],[101.76887,3.12935],[101.76872,3.12943],[101.76859,3.12949],[101.76847,3.12955],[101.76836,3.12961],[101.76825,3.12966],[101.76813,3.12972],[101.76802,3.12977],[101.76785,3.12983],[101.76775,3.12987],[101.76764,3.12992],[101.76753,3.12996],[101.76743,3.13],[101.76733,3.13003],[101.76721,3.1301],[101.7671,3.13015],[101.76698,3.13021],[101.76688,3.13027],[101.7668,3.1303],[101.76672,3.13034],[101.76664,3.13037],[101.76655,3.1304],[101.76647,3.13043],[101.76641,3.13044],[101.76632,3.13045],[101.76622,3.13046],[101.76615,3.13046],[101.7661,3.13046],[101.76605,3.13047],[101.76601,3.13047],[101.76595,3.1305],[101.76584,3.13054],[101.76575,3.13059],[101.76567,3.13062],[101.76558,3.13066],[101.76547,3.13071],[101.7654,3.13074],[101.76524,3.13081],[101.76514,3.13086],[101.76504,3.13091],[101.76489,3.13098],[101.76477,3.13103],[101.76466,3.13108],[101.76455,3.13112],[101.76444,3.13117],[101.76431,3.13122],[101.76416,3.13129],[101.76404,3.13135],[101.76393,3.13139],[101.76379,3.13145],[101.76368,3.13151],[101.76358,3.13155],[101.76347,3.13159],[101.76338,3.13163],[101.7633,3.13166],[101.76321,3.1317],[101.76314,3.13173]]}},{"type":"Feature","properties":{"name":"Sungai Long","waterway":"river"},"geometry":{"type":"LineString","coordinates":[[101.81499,3.0706],[101.81518,3.06982],[101.81524,3.06973],[101.81541,3.06953],[101.81543,3.06947],[101.81548,3.06942],[101.81556,3.0694],[101.81563,3.06935],[101.81571,3.06923],[101.81577,3.06915],[101.81585,3.06903],[101.81587,3.06893],[101.81592,3.06882],[101.81601,3.06875],[101.81606,3.06865],[101.81609,3.06855],[101.81615,3.06843],[101.81622,3.06823],[101.81627,3.06805],[101.81624,3.06796],[101.81617,3.06788],[101.81613,3.06777],[101.81612,3.06765],[101.81613,3.06757],[101.81611,3.0675],[101.81604,3.06741],[101.81602,3.06732],[101.81604,3.06726],[101.81605,3.06714],[101.81605,3.06702],[101.81602,3.06691],[101.816,3.06679],[101.81597,3.06671],[101.8159,3.06663],[101.81587,3.06653],[101.81582,3.06643],[101.8157,3.06632],[101.81562,3.06619],[101.81558,3.06608],[101.81558,3.06599],[101.8156,3.06586],[101.81566,3.06575],[101.81574,3.06566],[101.81582,3.06559],[101.81586,3.06551],[101.81595,3.06543],[101.81598,3.06537],[101.81596,3.06533],[101.81588,3.0653],[101.8158,3.06522],[101.81575,3.06511],[101.81573,3.06502],[101.81573,3.06481],[101.81565,3.0646],[101.81558,3.06446],[101.81558,3.06431],[101.81551,3.0642],[101.81539,3.06404],[101.81526,3.06394],[101.81516,3.06384],[101.81506,3.06379],[101.81497,3.0638],[101.81485,3.06387],[101.8147,3.06395],[101.81459,3.06399],[101.81449,3.06396],[101.81445,3.06389],[101.81437,3.06379],[101.81427,3.0637],[101.81416,3.06361],[101.8141,3.06351],[101.81398,3.06343],[101.81394,3.06338],[101.81393,3.06328]]}},{"type":"Feature","properties":{"name":"Sungai Midah","waterway":"river"},"geometry":{"type":"LineString","coordinates":[[101.69285,3.05773],[101.69308,3.05773],[101.69344,3.05771],[101.69381,3.05757],[101.69421,3.05758],[101.69456,3.05756],[101.69501,3.05766],[101.69529,3.05776],[101.69548,3.05789],[101.69571,3.0581],[101.69603,3.05832],[101.69838,3.0589],[101.69973,3.0592],[101.70093,3.05947],[101.70131,3.0596],[101.7015,3.05968],[101.70172,3.05966],[101.70225,3.05926],[101.70283,3.05893],[101.70413,3.05849],[101.70431,3.0585],[101.70483,3.05858],[101.70529,3.05906],[101.70565,3.05947],[101.70591,3.05976],[101.70618,3.06009],[101.70634,3.06037],[101.70647,3.06069],[101.70653,3.06083],[101.70657,3.06093],[101.70658,3.061],[101.70658,3.06108],[101.70659,3.06128],[101.70667,3.06205],[101.70666,3.06216],[101.70664,3.06224],[101.70632,3.0627],[101.70629,3.0628],[101.70626,3.06292],[101.70632,3.06342],[101.70661,3.06405],[101.70678,3.06414]]}},{"type":"Feature","properties":{"name":"Sungai Ramal","waterway":"river"},"geometry":{"type":"LineString","coordinates":[[101.75418,2.9916],[101.75418,2.99166],[101.75424,2.99175],[101.75435,2.99182],[101.7545,2.99184],[101.75459,2.99184],[101.75467,2.99183],[101.75499,2.99179],[101.75563,2.9917],[101.75677,2.99154],[101.75764,2.99145],[101.75812,2.99138],[101.75844,2.99131],[101.7586,2.99125],[101.75879,2.99115],[101.75899,2.99111],[101.75927,2.99109],[101.75989,2.9911],[101.76022,2.99106],[101.76053,2.99111],[101.76069,2.99108],[101.76093,2.99109],[101.76109,2.99108],[101.76143,2.99097],[101.76175,2.99099],[101.76216,2.99101],[101.76237,2.99094],[101.76243,2.9905],[101.76259,2.99013],[101.76291,2.98916],[101.76319,2.98839],[101.76355,2.98806],[101.76531,2.98642],[101.76547,2.98622],[101.76565,2.98587],[101.76614,2.98536],[101.76634,2.98509],[101.76663,2.98482],[101.76678,2.98451],[101.76678,2.98427],[101.76659,2.98347],[101.76656,2.98306],[101.76668,2.98263],[101.76688,2.98196],[101.76705,2.98181],[101.76747,2.98155],[101.76753,2.98144],[101.76766,2.98065],[101.76774,2.98046],[101.76794,2.98016],[101.76796,2.98011]]}},{"type":"Feature","properties":{"name":"Sungai Chandong Besar","waterway":"river"},"geometry":{"type":"LineString","coordinates":[[101.36187,2.94587],[101.35875,2.94712],[101.35739,2.94778],[101.35724,2.94817],[101.35716,2.95029],[101.35721,2.95062],[101.35735,2.95091],[101.35768,2.95108],[101.35788,2.95126],[101.35792,2.95152],[101.35779,2.9518],[101.35771,2.9521],[101.35816,2.95263],[101.3582,2.95291],[101.35799,2.95339],[101.358,2.95458],[101.35807,2.95499],[101.35832,2.95515],[101.35853,2.95552],[101.35855,2.95577],[101.35809,2.95626],[101.35815,2.95653],[101.35857,2.95674],[101.35863,2.95717],[101.35846,2.95803],[101.35843,2.95838],[101.35838,2.95904],[101.35837,2.95954],[101.35833,2.96063],[101.35831,2.96122],[101.35822,2.96152],[101.35792,2.96242],[101.35773,2.9628],[101.35753,2.96311],[101.35707,2.96406],[101.35687,2.96453],[101.35672,2.96503],[101.3566,2.96552],[101.35647,2.96613],[101.3564,2.96659],[101.35636,2.9671],[101.3564,2.96744],[101.3565,2.96782],[101.35658,2.96813],[101.35676,2.96849],[101.35698,2.96907],[101.35701,2.9694],[101.35702,2.96961],[101.35698,2.96997],[101.35691,2.97022],[101.35682,2.97048],[101.35665,2.97081],[101.35646,2.97112],[101.35615,2.97148],[101.35576,2.97183],[101.35518,2.97217],[101.35457,2.97243],[101.35315,2.97285],[101.3523,2.97304],[101.35145,2.97314],[101.35047,2.97319],[101.34986,2.97316],[101.34863,2.97302],[101.34754,2.97338],[101.34599,2.97496],[101.34514,2.97559],[101.3429,2.97709],[101.33994,2.97997],[101.33891,2.98077],[101.33785,2.98115],[101.33693,2.98132],[101.33592,2.98125],[101.33458,2.98085],[101.33386,2.98071],[101.33313,2.9807],[101.33287,2.98072],[101.33261,2.98081],[101.33213,2.98108],[101.32752,2.98655]]}},{"type":"Feature","properties":{"name":"Sungai Pantai","waterway":"river"},"geometry":{"type":"LineString","coordinates":[[101.6639,3.11752],[101.66402,3.11733],[101.66409,3.11726],[101.66424,3.11714],[101.66447,3.11701],[101.66468,3.11693],[101.66481,3.11688],[101.66576,3.11682],[101.66603,3.11678],[101.66624,3.11672],[101.66643,3.11665],[101.66696,3.11634],[101.6676,3.11607],[101.6686,3.11574],[101.66893,3.11561],[101.66935,3.11538],[101.66951,3.11532],[101.66972,3.11526],[101.66995,3.11525],[101.67046,3.11528],[101.67073,3.11526],[101.67106,3.11519],[101.67117,3.11517],[101.67132,3.11517],[101.67254,3.11551],[101.67284,3.11557],[101.67307,3.11558],[101.67379,3.11542],[101.67398,3.11539],[101.67435,3.11539],[101.67456,3.11541],[101.67482,3.11544],[101.67498,3.11545]]}},{"type":"Feature","properties":{"name":"Sungai Tanah Merah","waterway":"river"},"geometry":{"type":"LineString","coordinates":[[101.78727,2.65031],[101.78724,2.65024],[101.78723,2.65016],[101.78715,2.64992],[101.78714,2.64967],[101.78716,2.64939],[101.78714,2.64908],[101.78723,2.64875],[101.78725,2.64861],[101.7872,2.64845],[101.78723,2.64804],[101.78719,2.64782],[101.7871,2.64763],[101.78705,2.64749],[101.78707,2.64726],[101.78707,2.6471],[101.78699,2.64692],[101.78702,2.6465],[101.78694,2.64624],[101.78683,2.6453],[101.78679,2.64506],[101.78676,2.64483],[101.78673,2.64453],[101.78669,2.64431],[101.78663,2.64412],[101.78665,2.64386],[101.78657,2.64361],[101.7865,2.64341],[101.7865,2.64325],[101.78657,2.64306],[101.78651,2.64262],[101.78646,2.64231],[101.78637,2.64211],[101.78628,2.64182],[101.78616,2.64156],[101.78613,2.64136],[101.78544,2.63955],[101.78536,2.6394],[101.78523,2.63905],[101.7848,2.63802],[101.78463,2.63769],[101.78456,2.63731],[101.78445,2.6369],[101.78431,2.63625],[101.78399,2.63493],[101.78394,2.63474],[101.78393,2.63459],[101.78377,2.63393],[101.78371,2.63355],[101.78362,2.63337],[101.78357,2.63311],[101.7835,2.63296],[101.78346,2.63261],[101.78339,2.63242],[101.78327,2.63193],[101.78325,2.6317],[101.78321,2.6315],[101.78314,2.63141],[101.78309,2.63126],[101.78308,2.63105],[101.78295,2.63065],[101.78292,2.63041],[101.78285,2.63019],[101.78282,2.62996],[101.78263,2.62924],[101.78249,2.62851],[101.78255,2.62785],[101.78267,2.62698],[101.78275,2.62676],[101.78288,2.62656],[101.7832,2.62608],[101.7834,2.62589],[101.78391,2.62569],[101.78403,2.62569],[101.78416,2.62563],[101.78458,2.62552],[101.78476,2.62542],[101.78499,2.62535],[101.78522,2.62524],[101.78626,2.62489],[101.78652,2.62478],[101.78683,2.62469],[101.78703,2.62457],[101.78723,2.62439],[101.78738,2.62419],[101.78762,2.62399],[101.78779,2.62389],[101.78804,2.6237],[101.78834,2.62352],[101.78926,2.6228],[101.78928,2.62272],[101.78925,2.62256],[101.78927,2.62245],[101.78933,2.62224],[101.78934,2.62203],[101.78957,2.62064],[101.78958,2.62043],[101.78965,2.62026],[101.78975,2.62019],[101.79005,2.62009],[101.79029,2.61981],[101.79035,2.61967],[101.79034,2.61933],[101.79005,2.61878],[101.79005,2.61865],[101.79012,2.61851],[101.79024,2.61844],[101.79041,2.61841],[101.79058,2.61842],[101.7907,2.61847],[101.79088,2.61843],[101.79099,2.61838],[101.79112,2.61825],[101.79112,2.61816],[101.7911,2.61812],[101.79124,2.61779],[101.79159,2.61747],[101.79193,2.6173],[101.79208,2.61727],[101.79222,2.6173],[101.79236,2.61737],[101.79243,2.61748],[101.79248,2.61763],[101.79248,2.6178],[101.79244,2.61798],[101.79227,2.61817],[101.79217,2.61824],[101.79199,2.61857],[101.79199,2.61864],[101.79204,2.61885],[101.7922,2.61907],[101.7925,2.61916],[101.79271,2.61916],[101.79301,2.6191],[101.79335,2.61909],[101.7943,2.61915],[101.79448,2.61912],[101.79461,2.61904],[101.79474,2.61869],[101.79467,2.61824],[101.79468,2.61808],[101.79481,2.61766],[101.795,2.61741],[101.79534,2.61719],[101.79555,2.61709],[101.79567,2.61691],[101.79571,2.61666],[101.79559,2.61649],[101.79545,2.61625],[101.79522,2.61528],[101.79517,2.61468],[101.795,2.61411],[101.79484,2.61389],[101.79447,2.61363],[101.79426,2.61322],[101.79422,2.61286],[101.79406,2.61245],[101.79396,2.61185],[101.79391,2.61116],[101.79407,2.61072],[101.79426,2.61051],[101.79461,2.61054],[101.79537,2.61065],[101.79556,2.61052],[101.79563,2.61018],[101.79607,2.60963],[101.79649,2.60893],[101.79676,2.60875],[101.7969,2.60854],[101.7969,2.60834],[101.79677,2.60806],[101.79649,2.60756],[101.79641,2.60704],[101.79651,2.60648],[101.79679,2.60551],[101.79704,2.60462],[101.79708,2.60377],[101.79692,2.60281],[101.79659,2.60152],[101.79645,2.60042],[101.79621,2.59979],[101.79578,2.59967],[101.79444,2.60004],[101.79174,2.59941],[101.7912,2.59915],[101.79088,2.5988],[101.79077,2.59826],[101.79114,2.59602],[101.79155,2.59556],[101.79241,2.5953],[101.79306,2.59499],[101.79343,2.5945],[101.7938,2.59279],[101.79445,2.58983],[101.79491,2.58818],[101.7955,2.58704],[101.79619,2.58617],[101.7981,2.58524],[101.79858,2.58518],[101.79932,2.58546],[101.80039,2.58621],[101.80123,2.58726],[101.80222,2.58865],[101.80263,2.58958],[101.80305,2.59012],[101.8037,2.59009],[101.80444,2.58964],[101.80558,2.58834],[101.80653,2.58647],[101.80693,2.58481],[101.80689,2.58389],[101.80631,2.58318],[101.80521,2.58286],[101.80445,2.58213],[101.80363,2.5807],[101.80252,2.57738]]}},{"type":"Feature","properties":{"name":"Sungai Lenggeng","waterway":"river"},"geometry":{"type":"LineString","coordinates":[[101.96028,2.84338],[101.96055,2.84353],[101.96069,2.84366],[101.96083,2.84389],[101.96089,2.84423],[101.9609,2.84438],[101.96097,2.8447],[101.96102,2.84494],[101.96108,2.84519],[101.96123,2.84528],[101.96138,2.84535],[101.96148,2.84551],[101.96148,2.84559],[101.9615,2.84578],[101.96163,2.84591],[101.96171,2.846],[101.96186,2.84625],[101.96211,2.84686],[101.96217,2.84706],[101.96229,2.84728],[101.96245,2.84762],[101.96286,2.84809],[101.96294,2.84825],[101.96303,2.84842],[101.96301,2.84859],[101.96284,2.84877],[101.96271,2.84891],[101.96265,2.84907],[101.9627,2.84925],[101.96271,2.84943],[101.9626,2.84959],[101.96255,2.84982],[101.96261,2.85007],[101.96259,2.85031],[101.9626,2.85055],[101.96259,2.85067],[101.96259,2.85079],[101.96255,2.8509],[101.96242,2.85094],[101.96226,2.85097],[101.96207,2.85102],[101.96197,2.8511],[101.96175,2.85125],[101.96164,2.8514],[101.96155,2.85161],[101.96154,2.85185],[101.96145,2.85202],[101.96124,2.85222],[101.96101,2.85239],[101.96077,2.85251],[101.9606,2.85264],[101.96054,2.85282],[101.96052,2.85307],[101.96049,2.85338],[101.96032,2.85366],[101.96007,2.854],[101.95992,2.85413],[101.95984,2.85424],[101.95976,2.85435],[101.95975,2.85445],[101.95971,2.85453],[101.95961,2.85459],[101.9595,2.85466],[101.95945,2.85476],[101.95937,2.85488],[101.95929,2.85501],[101.9592,2.85512],[101.95912,2.85526],[101.95891,2.8555],[101.9587,2.85566],[101.95858,2.8558],[101.95848,2.85598],[101.95843,2.85611],[101.95834,2.85627],[101.95834,2.85645],[101.9584,2.85676],[101.95843,2.85699],[101.95844,2.85709],[101.9584,2.8572],[101.95837,2.85744],[101.95834,2.85774],[101.95824,2.85799],[101.95818,2.85815],[101.95805,2.85828],[101.95775,2.85854],[101.95753,2.85884],[101.95729,2.85914],[101.95708,2.85949],[101.95706,2.85973],[101.95704,2.85994],[101.95705,2.86014],[101.95695,2.86029],[101.95682,2.86051],[101.95671,2.86073],[101.95661,2.86085],[101.95636,2.86094],[101.95609,2.86101],[101.95588,2.86117],[101.9556,2.86128],[101.95548,2.86133],[101.95533,2.86144],[101.95518,2.86155],[101.95496,2.86168],[101.95485,2.86175],[101.95467,2.86177],[101.95453,2.86181],[101.95443,2.86187],[101.95426,2.86185],[101.95413,2.86181],[101.95402,2.86172],[101.95397,2.86157],[101.95392,2.86138],[101.95382,2.8612],[101.9537,2.86114],[101.95359,2.86122],[101.9535,2.8613],[101.95332,2.86128],[101.95315,2.86116],[101.95305,2.86103],[101.95289,2.86084],[101.95275,2.86063],[101.95262,2.86042],[101.95245,2.86032],[101.95226,2.86033],[101.95215,2.8604],[101.95205,2.86042],[101.95194,2.86035],[101.95181,2.86032],[101.9517,2.86029],[101.95153,2.86031],[101.95134,2.86033],[101.95123,2.86021],[101.95114,2.86011],[101.95098,2.86014],[101.95089,2.86026],[101.95072,2.86029],[101.95054,2.86024],[101.95032,2.86013],[101.95024,2.85997],[101.95025,2.85979],[101.95023,2.85965],[101.95008,2.85949],[101.94983,2.85943],[101.94968,2.85936],[101.94955,2.85921],[101.94951,2.85909],[101.94939,2.85894],[101.94916,2.85883],[101.94907,2.85865],[101.94902,2.85847],[101.94902,2.85828],[101.94897,2.85817],[101.94888,2.85812],[101.94873,2.85803],[101.94863,2.85784],[101.94838,2.85772],[101.94816,2.85764],[101.94789,2.85761],[101.94776,2.85764],[101.94766,2.85763],[101.94755,2.85768],[101.94745,2.85769],[101.94734,2.85774],[101.94726,2.85785],[101.9471,2.85794],[101.94695,2.85796],[101.94679,2.85798],[101.94662,2.85798],[101.94653,2.8579],[101.94639,2.85779],[101.94622,2.85781],[101.94612,2.85792],[101.94612,2.85804],[101.94617,2.85814],[101.94629,2.85821],[101.94634,2.85828],[101.9463,2.85838],[101.94618,2.85843],[101.94611,2.85842],[101.94603,2.85831],[101.94594,2.85821],[101.94576,2.85824],[101.94568,2.85833],[101.94558,2.85842],[101.94538,2.85847],[101.94522,2.85849],[101.94507,2.85858],[101.94495,2.85872],[101.94476,2.8588],[101.94458,2.85876],[101.94454,2.85868],[101.94456,2.85855],[101.94463,2.85837],[101.94463,2.8582],[101.94459,2.85807],[101.94447,2.858],[101.94432,2.85804],[101.94422,2.85815],[101.94425,2.85824],[101.94423,2.85838],[101.94412,2.85846],[101.94396,2.85851],[101.94387,2.85845],[101.94382,2.85831],[101.94375,2.85819],[101.94359,2.85803],[101.9435,2.85798],[101.94336,2.858],[101.94325,2.858],[101.94312,2.85792],[101.94308,2.85782],[101.94298,2.85774],[101.94282,2.8577],[101.94266,2.85762],[101.94254,2.85754],[101.9424,2.85753],[101.9422,2.85761],[101.94208,2.85771],[101.94199,2.85785],[101.94189,2.85805],[101.94178,2.8582],[101.94175,2.85846],[101.94167,2.85856],[101.94155,2.85859],[101.94134,2.85858],[101.94113,2.85857],[101.94086,2.85854],[101.94069,2.85852],[101.94054,2.85847],[101.94041,2.85836],[101.94034,2.85828],[101.94025,2.85828],[101.94018,2.85833],[101.94008,2.85831],[101.93997,2.85831],[101.93991,2.85838],[101.93985,2.85841],[101.93974,2.8584],[101.93967,2.85842],[101.93963,2.85851],[101.93957,2.85862],[101.93944,2.85868],[101.93936,2.8588],[101.93923,2.85886],[101.93909,2.85884],[101.93896,2.85876],[101.9389,2.85864],[101.93874,2.85857],[101.9385,2.85857],[101.93825,2.8586],[101.93805,2.8586],[101.9379,2.85854],[101.93784,2.85845],[101.93785,2.85822],[101.93782,2.85806],[101.93769,2.85795],[101.9376,2.85791],[101.93749,2.8578],[101.93738,2.85774],[101.9372,2.85777],[101.93709,2.85782],[101.93699,2.85781],[101.93688,2.85789],[101.9368,2.85796],[101.93667,2.85797],[101.93657,2.85792],[101.93638,2.85794],[101.93626,2.858],[101.93608,2.85801],[101.93582,2.85803],[101.93565,2.85798],[101.93554,2.85785],[101.93551,2.85765],[101.9354,2.85752],[101.93523,2.85753],[101.93507,2.85758],[101.93492,2.85757],[101.93474,2.8575],[101.9346,2.85735],[101.93448,2.85724],[101.93429,2.85718],[101.93404,2.8571],[101.93383,2.85705],[101.93368,2.85708],[101.93357,2.85706],[101.93349,2.85701],[101.93345,2.85691],[101.93343,2.85678],[101.9335,2.85665],[101.93356,2.85653],[101.93357,2.85639],[101.93352,2.85629],[101.93341,2.85622],[101.9333,2.85618],[101.93317,2.8562],[101.93309,2.8563],[101.93306,2.85638],[101.93301,2.85642],[101.93292,2.85639],[101.93282,2.85629],[101.93268,2.85626],[101.9325,2.85625],[101.93239,2.85624],[101.93223,2.85624],[101.93207,2.85627],[101.93194,2.85635],[101.93177,2.85637],[101.93167,2.85633],[101.93159,2.85623],[101.9315,2.8562],[101.93137,2.8562],[101.93124,2.85617],[101.93114,2.8562],[101.93103,2.85622],[101.93083,2.85622],[101.93067,2.85619],[101.93059,2.85615],[101.93045,2.85606],[101.93033,2.85603],[101.9302,2.85603],[101.93,2.85598],[101.92987,2.85594],[101.92976,2.8559],[101.92965,2.8558],[101.9296,2.8557],[101.92947,2.85564],[101.92933,2.85562],[101.92918,2.85557],[101.92898,2.85547],[101.92887,2.85537],[101.92873,2.85526],[101.92858,2.85514],[101.92848,2.85508],[101.92829,2.85507],[101.92819,2.8551],[101.92812,2.85519],[101.92796,2.85522],[101.92785,2.85527],[101.92773,2.85528],[101.92764,2.85525],[101.92754,2.85516],[101.9274,2.85509],[101.92727,2.85505],[101.92717,2.85508],[101.92715,2.85519],[101.92716,2.85531],[101.92719,2.85541],[101.92731,2.85546],[101.92736,2.8555],[101.92733,2.85558],[101.92728,2.85562],[101.92716,2.85564],[101.92706,2.85561],[101.92693,2.85556],[101.92679,2.85555],[101.92667,2.8556],[101.92654,2.8556],[101.92637,2.85556],[101.92632,2.85549],[101.9263,2.8554],[101.92627,2.85534],[101.92621,2.85533],[101.92618,2.8554],[101.92614,2.85545],[101.92607,2.85547],[101.92594,2.85545],[101.92584,2.85534],[101.92575,2.85522],[101.92569,2.85509],[101.92557,2.85495],[101.92548,2.85487],[101.92537,2.85485],[101.9253,2.85479],[101.92526,2.85468],[101.92528,2.85455],[101.92533,2.85443],[101.92534,2.85433],[101.92529,2.85425],[101.92521,2.85423],[101.92512,2.85425],[101.92503,2.8543],[101.92496,2.8543],[101.92487,2.85425],[101.92478,2.8542],[101.92467,2.85418],[101.92456,2.85422],[101.9245,2.85425],[101.92445,2.85434],[101.92444,2.85442],[101.92441,2.85458],[101.92437,2.85469],[101.92428,2.85479],[101.92414,2.85482],[101.92403,2.85479],[101.92395,2.85475],[101.92389,2.85468],[101.92382,2.85462],[101.92374,2.85459],[101.9236,2.85461],[101.92353,2.85468],[101.92351,2.85475],[101.92353,2.85483],[101.92352,2.85491],[101.92342,2.85496],[101.92332,2.85504],[101.92325,2.85515],[101.92325,2.85525],[101.92325,2.85535],[101.92318,2.85541],[101.92307,2.85544],[101.92284,2.85547],[101.92267,2.85555],[101.92256,2.85567],[101.92254,2.85581],[101.92256,2.85598],[101.92256,2.85617],[101.92256,2.85632],[101.9225,2.85643],[101.9223,2.8566],[101.92214,2.85668],[101.92197,2.8567],[101.92178,2.85669],[101.92162,2.8567],[101.92151,2.85674],[101.92132,2.85682],[101.92119,2.85684],[101.92108,2.85683],[101.92097,2.85686],[101.92085,2.85688],[101.92064,2.85691],[101.9205,2.85695],[101.92025,2.85697],[101.92012,2.85695],[101.91992,2.85691],[101.91981,2.85689],[101.91965,2.85691],[101.91951,2.85696],[101.9194,2.85702],[101.91926,2.8571],[101.91915,2.85712],[101.91901,2.85712],[101.91886,2.8572],[101.91878,2.85727],[101.91866,2.85731],[101.91856,2.8573],[101.91849,2.85721],[101.91841,2.85718],[101.91828,2.85721],[101.91821,2.85724],[101.91812,2.85727],[101.91796,2.85726],[101.91778,2.85724],[101.91763,2.85727],[101.91742,2.85736],[101.91732,2.85743],[101.91731,2.85746],[101.91723,2.8575],[101.91712,2.85748],[101.91702,2.85743],[101.91688,2.85742],[101.91675,2.85745],[101.91669,2.85749],[101.91655,2.85752],[101.91644,2.85749],[101.91629,2.85746],[101.91617,2.85748],[101.91597,2.85754],[101.91585,2.85754],[101.91576,2.85749],[101.9156,2.85749],[101.91549,2.85757],[101.91538,2.85764],[101.91525,2.85766],[101.91507,2.85766],[101.91484,2.85761],[101.91463,2.85766],[101.91449,2.85774],[101.91438,2.85787],[101.91431,2.858],[101.91421,2.85823],[101.91411,2.85836],[101.91394,2.85848],[101.91379,2.85864],[101.91365,2.85879],[101.9136,2.85892],[101.91361,2.85905],[101.91368,2.85914],[101.9138,2.85914],[101.9139,2.85909],[101.91399,2.85908],[101.91406,2.85912],[101.91406,2.85921],[101.91403,2.85933],[101.91403,2.85948],[101.91406,2.8597],[101.91414,2.85983],[101.91427,2.85991],[101.91431,2.86],[101.9143,2.8601],[101.91421,2.86018],[101.91408,2.86017],[101.91399,2.86011],[101.91386,2.86008],[101.91363,2.86012],[101.91341,2.86021],[101.91323,2.86026],[101.91301,2.86025],[101.91272,2.86027],[101.91253,2.86039],[101.91247,2.86051],[101.91251,2.86061],[101.91254,2.86072],[101.9125,2.8608],[101.91245,2.86082],[101.91234,2.86081],[101.91214,2.86079],[101.91172,2.86072],[101.91153,2.8607],[101.91134,2.86071],[101.91114,2.86081],[101.91094,2.861],[101.91086,2.86118],[101.91076,2.86135],[101.91063,2.86143],[101.91047,2.86138],[101.9103,2.86131],[101.91011,2.86137],[101.91003,2.86148],[101.90999,2.86164],[101.90998,2.86176],[101.90993,2.86189],[101.90976,2.86208],[101.9096,2.86222],[101.90942,2.86231],[101.9092,2.86244],[101.90908,2.86252],[101.90896,2.86263],[101.90882,2.86273],[101.90862,2.86285],[101.9085,2.8629],[101.90833,2.86298],[101.90825,2.86308],[101.90813,2.86319],[101.90794,2.86325],[101.90781,2.86334],[101.90765,2.86348],[101.9075,2.86365],[101.90733,2.8638],[101.90719,2.86389],[101.90691,2.86397],[101.90675,2.86396],[101.90664,2.86392],[101.90647,2.86392],[101.90633,2.86406],[101.90623,2.86423],[101.90612,2.86436],[101.90597,2.86443],[101.90585,2.86449],[101.90568,2.86445],[101.90559,2.86441],[101.90542,2.86441],[101.90531,2.86446],[101.90522,2.86459],[101.90512,2.86464],[101.90503,2.86472],[101.90495,2.86479],[101.90482,2.86478],[101.90464,2.86476],[101.90447,2.8649],[101.90435,2.86499],[101.90422,2.86504],[101.90409,2.86502],[101.90396,2.86515],[101.90377,2.86525],[101.9036,2.86532],[101.90349,2.86531],[101.90331,2.86538],[101.9031,2.86545],[101.90294,2.8655],[101.90279,2.86549],[101.90267,2.86554],[101.90254,2.86562],[101.90237,2.86572],[101.90225,2.86574],[101.90205,2.86578],[101.90192,2.86583],[101.9018,2.86594],[101.90165,2.86607],[101.90152,2.86613],[101.90135,2.86623],[101.90122,2.86634],[101.90111,2.8664],[101.90097,2.86641],[101.90084,2.86638],[101.90067,2.86635],[101.9005,2.86633],[101.90032,2.86627],[101.90006,2.86624],[101.89989,2.86625],[101.89977,2.86627],[101.89951,2.86631],[101.89932,2.86631],[101.89921,2.86624],[101.89908,2.86608],[101.89901,2.86591],[101.89901,2.86577],[101.89891,2.86566],[101.89878,2.86559],[101.89861,2.8655],[101.89849,2.86542],[101.89837,2.86535],[101.89825,2.86528],[101.89801,2.8652],[101.89783,2.86519],[101.89762,2.86515],[101.89745,2.86506],[101.8973,2.86494],[101.89713,2.8649],[101.89691,2.86492],[101.89672,2.86499],[101.89659,2.86503],[101.89647,2.86494],[101.89642,2.86475],[101.89642,2.86461],[101.89638,2.86449],[101.8963,2.86449],[101.89616,2.86453],[101.89602,2.86461],[101.89595,2.86466],[101.89581,2.86465],[101.89573,2.86458],[101.89557,2.86454],[101.89533,2.86453],[101.89524,2.86457],[101.89499,2.86453],[101.8948,2.86456],[101.89469,2.86464],[101.89468,2.86472],[101.89461,2.86475],[101.89452,2.86473],[101.89437,2.86472],[101.8941,2.86484],[101.89379,2.86493],[101.89361,2.86494],[101.89337,2.86498],[101.89322,2.86506],[101.89309,2.86504],[101.89287,2.86514],[101.89249,2.86522],[101.89232,2.86516],[101.89198,2.86514],[101.89154,2.86533],[101.89128,2.86532],[101.89084,2.8655],[101.89056,2.86551],[101.89012,2.86562],[101.88973,2.86565],[101.8893,2.86582],[101.8889,2.86606],[101.8885,2.8664],[101.88807,2.8666],[101.88788,2.86661],[101.8876,2.86637],[101.88736,2.8663],[101.88718,2.86633],[101.88705,2.86629],[101.88672,2.86605],[101.88599,2.86589],[101.88578,2.86591],[101.88557,2.86596],[101.88525,2.86624],[101.88486,2.86636],[101.88427,2.86678],[101.88387,2.86683],[101.88368,2.86694],[101.8836,2.86705],[101.88346,2.86713],[101.88334,2.86715],[101.88324,2.8671],[101.88309,2.86694],[101.88298,2.86695],[101.88266,2.86716],[101.88243,2.86713],[101.88218,2.86716],[101.88174,2.86756],[101.88142,2.86779],[101.88078,2.86799],[101.87981,2.86849],[101.87941,2.86868],[101.87883,2.86887],[101.87825,2.86919],[101.87776,2.86929],[101.87701,2.86934],[101.87665,2.86941],[101.87572,2.86967],[101.87548,2.8697],[101.87497,2.86986],[101.87473,2.86989],[101.87447,2.86997],[101.87387,2.87042],[101.87359,2.87053],[101.87337,2.87058],[101.8731,2.87056],[101.87293,2.87047],[101.87276,2.87028],[101.87257,2.87014],[101.87241,2.87013],[101.87228,2.87021],[101.87213,2.87049],[101.872,2.87092],[101.87186,2.87195],[101.87181,2.87211],[101.87174,2.87225],[101.87169,2.87231],[101.87161,2.87232],[101.8715,2.87238],[101.87139,2.87258],[101.87134,2.87268]]}},{"type":"Feature","properties":{"name":"Sungai Toba","waterway":"river"},"geometry":{"type":"LineString","coordinates":[[101.6621,3.18802],[101.66219,3.1881],[101.66231,3.18817],[101.66256,3.18824]]}},{"type":"Feature","properties":{"name":"Sungai Toba","waterway":"river"},"geometry":{"type":"LineString","coordinates":[[101.66256,3.18824],[101.66353,3.18843]]}},{"type":"Feature","properties":{"name":"Sungai Cheras","waterway":"river"},"geometry":{"type":"LineString","coordinates":[[101.76981,3.0592],[101.76984,3.05916],[101.76987,3.0591],[101.76988,3.05907],[101.76991,3.05884],[101.76993,3.05874],[101.77001,3.05858],[101.77006,3.05848],[101.77022,3.05839],[101.77033,3.05835],[101.77042,3.05825],[101.77048,3.05816],[101.77061,3.05797],[101.77067,3.05786],[101.77087,3.05769],[101.77112,3.05747],[101.77122,3.05733],[101.77124,3.05726],[101.77123,3.05718],[101.77121,3.05706],[101.77123,3.05693],[101.7713,3.05665],[101.77147,3.05623],[101.77154,3.05602],[101.77174,3.05561],[101.77181,3.05543],[101.77183,3.05539],[101.77188,3.05539],[101.77193,3.05541],[101.77197,3.0554],[101.772,3.05537],[101.772,3.05529],[101.77198,3.0552],[101.77194,3.05508],[101.77191,3.05492],[101.77191,3.05479],[101.77194,3.05471],[101.77199,3.05464],[101.77205,3.05462],[101.77212,3.05463],[101.77218,3.05465],[101.77223,3.05469],[101.77228,3.05471],[101.77232,3.05469],[101.77234,3.05462],[101.77233,3.05452],[101.77231,3.05441],[101.77229,3.0542],[101.77234,3.05371],[101.77242,3.0533],[101.77242,3.05301],[101.77241,3.05275],[101.77233,3.05233],[101.7723,3.05202],[101.77229,3.05194],[101.77229,3.05181],[101.77233,3.05164],[101.77243,3.05148],[101.77252,3.0514],[101.77266,3.05134],[101.77283,3.05125],[101.77301,3.05118],[101.7736,3.05101],[101.77383,3.05097],[101.77396,3.05091],[101.77408,3.05083],[101.77452,3.05027],[101.77463,3.05013],[101.77473,3.04979],[101.7748,3.04927],[101.7748,3.04796],[101.77472,3.0471],[101.77468,3.04665],[101.77482,3.04589],[101.77492,3.04532]]}},{"type":"Feature","properties":{"name":null,"waterway":"river"},"geometry":{"type":"LineString","coordinates":[[101.79849,2.80138],[101.79814,2.8013],[101.79749,2.80097],[101.79572,2.80068],[101.79533,2.8009],[101.79506,2.80102],[101.79446,2.80117],[101.79378,2.80091],[101.79359,2.80137],[101.79183,2.80192]]}},{"type":"Feature","properties":{"name":null,"waterway":"river"},"geometry":{"type":"LineString","coordinates":[[101.854,2.74821],[101.85385,2.74812],[101.85375,2.74816],[101.85367,2.74804],[101.85363,2.74777],[101.85353,2.74772],[101.85339,2.74784],[101.85311,2.74782],[101.85248,2.74764],[101.85224,2.74736],[101.85217,2.74722],[101.85216,2.74696]]}},{"type":"Feature","properties":{"name":null,"waterway":"river"},"geometry":{"type":"LineString","coordinates":[[101.79891,2.80097],[101.79849,2.80138]]}},{"type":"Feature","properties":{"name":null,"waterway":"river"},"geometry":{"type":"LineString","coordinates":[[101.79183,2.80192],[101.79162,2.8018]]}},{"type":"Feature","properties":{"name":null,"waterway":"river"},"geometry":{"type":"LineString","coordinates":[[101.7906,2.80066],[101.79034,2.80041]]}},{"type":"Feature","properties":{"name":null,"waterway":"river"},"geometry":{"type":"LineString","coordinates":[[101.79162,2.8018],[101.79092,2.80111],[101.7906,2.80066]]}},{"type":"Feature","properties":{"name":null,"waterway":"river"},"geometry":{"type":"LineString","coordinates":[[101.80242,2.80554],[101.80223,2.80525],[101.80248,2.80493]]}},{"type":"Feature","properties":{"name":null,"waterway":"river"},"geometry":{"type":"LineString","coordinates":[[101.80248,2.80493],[101.80202,2.80391],[101.80196,2.80346],[101.8019,2.80326],[101.80178,2.80313],[101.80135,2.8029],[101.80124,2.80276],[101.80111,2.80247],[101.80105,2.80233],[101.80096,2.80221],[101.79932,2.801],[101.79906,2.80092],[101.79891,2.80097]]}},{"type":"Feature","properties":{"name":"Sungai Kelang","waterway":"river"},"geometry":{"type":"LineString","coordinates":[[101.75008,3.23544],[101.74998,3.2352],[101.75006,3.23504],[101.7503,3.23486],[101.75047,3.23466],[101.75046,3.23452],[101.75047,3.23443],[101.75056,3.23406],[101.75058,3.23379],[101.75053,3.23347],[101.7505,3.23338],[101.75047,3.23332],[101.75039,3.23327],[101.74983,3.23308],[101.74931,3.23294],[101.749,3.23288],[101.74891,3.23284],[101.74887,3.23281],[101.74885,3.23277],[101.74884,3.23271],[101.74894,3.23246],[101.74906,3.23221],[101.74913,3.23212],[101.74924,3.23207],[101.74936,3.23207],[101.74951,3.23211],[101.74972,3.23214],[101.75011,3.23216],[101.75016,3.23216],[101.75022,3.23214],[101.75035,3.23208],[101.7505,3.23195],[101.75055,3.23186],[101.75075,3.23143],[101.75092,3.23102],[101.75106,3.23067],[101.75108,3.23024],[101.75105,3.22992],[101.75101,3.22971],[101.75088,3.22933],[101.75085,3.22913],[101.75084,3.22846],[101.75067,3.22796],[101.75058,3.22736],[101.75058,3.22725],[101.75059,3.22719],[101.75065,3.22706],[101.75064,3.22693],[101.75063,3.22685],[101.75058,3.22673],[101.75048,3.22659],[101.75035,3.22638],[101.7501,3.22588],[101.74981,3.22528],[101.74971,3.22501],[101.74969,3.2249],[101.74969,3.22476],[101.74977,3.22443],[101.74983,3.22421],[101.74992,3.224],[101.75001,3.2239],[101.75016,3.22383],[101.75032,3.22381],[101.75073,3.22388],[101.75092,3.22396],[101.75104,3.224],[101.75115,3.22398],[101.75122,3.22397],[101.75129,3.22393],[101.75136,3.22383],[101.7514,3.22373],[101.75148,3.22339],[101.75161,3.22315],[101.75177,3.22286],[101.75182,3.22275],[101.75183,3.22262],[101.75181,3.22258],[101.75167,3.22239],[101.75156,3.22234],[101.75133,3.22216],[101.75119,3.22211],[101.75103,3.22208],[101.75089,3.22199],[101.75051,3.22153],[101.75023,3.22125],[101.74991,3.22098],[101.74978,3.2208],[101.74972,3.22069],[101.74969,3.22057],[101.74968,3.22017],[101.74968,3.21999],[101.74968,3.21992],[101.74967,3.21985],[101.74961,3.21972],[101.74941,3.21949],[101.74922,3.21918],[101.74911,3.2189],[101.74906,3.21879],[101.74904,3.21866],[101.74903,3.21857],[101.74904,3.21847],[101.74908,3.21839],[101.7492,3.21829],[101.74934,3.21822],[101.74952,3.21811],[101.74962,3.21793],[101.74975,3.21778],[101.74999,3.21757],[101.75012,3.21747],[101.75035,3.21738],[101.75048,3.21733],[101.75054,3.21729],[101.75058,3.21726],[101.75062,3.21718],[101.75066,3.21696],[101.7507,3.21692],[101.75093,3.21681],[101.7512,3.21662],[101.7513,3.2165],[101.7515,3.21624],[101.75176,3.21587],[101.75191,3.21564],[101.75204,3.21544],[101.75212,3.21527],[101.75217,3.21509],[101.75222,3.21489],[101.75227,3.21469],[101.75233,3.21459],[101.75243,3.21424],[101.75244,3.21412],[101.75244,3.21401],[101.7524,3.21386],[101.7524,3.21367],[101.75246,3.21351],[101.75253,3.2134],[101.75269,3.21328],[101.75291,3.21317],[101.75302,3.21307],[101.75309,3.21296],[101.75314,3.21288],[101.7532,3.21267],[101.75323,3.21243],[101.75324,3.21184],[101.75322,3.21159],[101.75323,3.21127],[101.75331,3.21101],[101.75338,3.21082],[101.7535,3.21062],[101.75361,3.21045],[101.75381,3.21014],[101.75392,3.21005],[101.75406,3.20996],[101.75421,3.20988],[101.7544,3.2098],[101.75461,3.2097],[101.75482,3.20958],[101.75496,3.20949],[101.75509,3.20939],[101.75522,3.20929],[101.75534,3.20918],[101.75541,3.20909],[101.75542,3.20907],[101.75546,3.20896],[101.7555,3.20879],[101.75551,3.20865],[101.7555,3.20862],[101.75547,3.20857],[101.75543,3.20845],[101.75542,3.20838],[101.75544,3.20827],[101.7555,3.20785],[101.75554,3.20761],[101.75555,3.2075],[101.7556,3.20745],[101.75565,3.20741],[101.7558,3.20734],[101.75588,3.2073],[101.75595,3.20726],[101.75598,3.20721],[101.75601,3.20717],[101.75603,3.20711],[101.75596,3.20668],[101.75595,3.20654],[101.75593,3.20628],[101.75592,3.20601],[101.75593,3.2059],[101.75595,3.2058],[101.75599,3.20572],[101.75621,3.20542],[101.75644,3.20513],[101.7566,3.20499],[101.75697,3.20474],[101.7572,3.20459],[101.75735,3.20445],[101.75741,3.20435],[101.75746,3.20421],[101.75753,3.20393],[101.75763,3.20369],[101.75785,3.20333],[101.75799,3.20303],[101.75819,3.20256],[101.75829,3.20238],[101.75867,3.20174],[101.75884,3.20148],[101.75927,3.201],[101.75939,3.20084],[101.76051,3.19869],[101.76064,3.1984],[101.76083,3.19813],[101.76106,3.1978],[101.76123,3.19756],[101.76135,3.19739],[101.76141,3.19727],[101.76142,3.19706],[101.76146,3.19614],[101.76144,3.19558],[101.76141,3.19506],[101.76141,3.19407],[101.76139,3.1937],[101.76139,3.19355],[101.76141,3.19339],[101.76147,3.19319],[101.76152,3.19307],[101.76155,3.19288],[101.76154,3.19251],[101.76152,3.19217],[101.76151,3.19131],[101.7615,3.19042],[101.76146,3.19012],[101.76136,3.18956],[101.76133,3.18937],[101.76133,3.18922],[101.76133,3.18903],[101.76135,3.18885],[101.76137,3.18849],[101.76136,3.18837],[101.76128,3.1879],[101.76124,3.18765],[101.76117,3.18715],[101.76115,3.18691],[101.76103,3.18636],[101.76083,3.18583],[101.76076,3.1856],[101.76063,3.18502],[101.7604,3.1842],[101.76027,3.18375],[101.76021,3.1836],[101.76012,3.18342],[101.75996,3.18313],[101.75973,3.18279],[101.75943,3.18242],[101.75922,3.18214],[101.75866,3.18145],[101.75775,3.18021],[101.75746,3.17983],[101.75707,3.17934],[101.7569,3.17908],[101.75681,3.17891],[101.75668,3.17862],[101.75633,3.17788],[101.75626,3.17769],[101.75614,3.17737],[101.7561,3.17713],[101.75607,3.17687],[101.75606,3.17673],[101.75608,3.1765],[101.75608,3.17582],[101.75608,3.17553],[101.75605,3.17516],[101.75603,3.17492],[101.75601,3.17462],[101.75597,3.1744],[101.7557,3.17324],[101.75561,3.17293],[101.75553,3.17271],[101.7554,3.17251],[101.75521,3.17225],[101.75473,3.17163],[101.75465,3.17148],[101.75443,3.17103],[101.75433,3.17085],[101.75424,3.17071],[101.75417,3.17063],[101.75407,3.17056],[101.75391,3.17046],[101.75335,3.17022],[101.75322,3.17019],[101.75302,3.17012],[101.75283,3.17002],[101.75261,3.16989],[101.75256,3.16983],[101.75247,3.16963],[101.75234,3.16941],[101.7521,3.16908],[101.75198,3.16894],[101.75181,3.1687],[101.75153,3.16838],[101.75137,3.16827],[101.75125,3.16823],[101.75113,3.16823],[101.75105,3.16826],[101.75091,3.16833],[101.75077,3.16843],[101.75055,3.16852],[101.75032,3.16857],[101.75006,3.16859],[101.74969,3.16856],[101.74926,3.16856],[101.74894,3.16859],[101.74881,3.16862],[101.7486,3.16876],[101.74843,3.16883],[101.7483,3.16884],[101.74812,3.16881],[101.74799,3.16871],[101.74762,3.16849],[101.74745,3.16836],[101.74654,3.168],[101.7464,3.16798],[101.74615,3.16799],[101.74567,3.16808],[101.74537,3.16811],[101.74527,3.1681],[101.7451,3.16803],[101.74499,3.16791],[101.7446,3.16747],[101.74422,3.16711],[101.74376,3.16659],[101.74359,3.1663],[101.74348,3.16605],[101.74333,3.1659],[101.74322,3.1659],[101.74304,3.16585],[101.74286,3.16578],[101.74266,3.16571],[101.74233,3.16564],[101.74151,3.16549],[101.74119,3.16547],[101.74071,3.1655],[101.74039,3.16556],[101.73986,3.16565],[101.73926,3.16578],[101.73887,3.16584],[101.73844,3.16589],[101.7381,3.1659],[101.73783,3.16587],[101.73735,3.16579],[101.73711,3.16573],[101.73691,3.16566],[101.73669,3.16555],[101.73635,3.16538],[101.73585,3.16509],[101.73535,3.16483],[101.73498,3.16468],[101.73474,3.16461],[101.73448,3.16454],[101.73426,3.16451],[101.73398,3.16447],[101.73362,3.16446],[101.7334,3.16446],[101.73294,3.16453],[101.73207,3.16465],[101.73133,3.16472],[101.731,3.16474],[101.73036,3.16476],[101.72972,3.16475],[101.72939,3.16473],[101.72875,3.16465],[101.72814,3.16456],[101.72729,3.16434],[101.7269,3.16424],[101.72659,3.16416],[101.72634,3.16409],[101.72595,3.16402],[101.72566,3.16399],[101.72536,3.16399],[101.72521,3.16399],[101.72507,3.16401],[101.72481,3.16405],[101.72446,3.16411],[101.72429,3.16414],[101.72413,3.16418],[101.72381,3.16427],[101.72363,3.16435],[101.72343,3.16441],[101.72329,3.16447],[101.72314,3.16454],[101.72302,3.1646],[101.72208,3.16515]]}},{"type":"Feature","properties":{"name":"Sungai Bras Bras","waterway":"river"},"geometry":{"type":"LineString","coordinates":[[101.68116,3.14638],[101.68133,3.1463],[101.68191,3.14586],[101.68208,3.14567],[101.68225,3.14507],[101.68232,3.14484],[101.68237,3.14477],[101.68241,3.14473],[101.68249,3.14468],[101.68257,3.14465],[101.68263,3.14462],[101.68268,3.14459],[101.68281,3.14444],[101.683,3.14431],[101.68317,3.14417],[101.68327,3.14405],[101.68327,3.14392],[101.68331,3.14377],[101.68341,3.14352],[101.68351,3.14341],[101.68357,3.14327],[101.68373,3.14284],[101.6838,3.14271],[101.68388,3.1426],[101.68392,3.14252],[101.68401,3.1423],[101.68419,3.14205],[101.68444,3.14181],[101.6848,3.14144],[101.68509,3.14096],[101.68521,3.14041],[101.68531,3.13981],[101.68547,3.13946],[101.68572,3.13919]]}},{"type":"Feature","properties":{"name":"Sungai Rinching","waterway":"river"},"geometry":{"type":"LineString","coordinates":[[101.89426,2.94895],[101.894,2.9488],[101.89397,2.94869],[101.89399,2.94857],[101.89394,2.94849],[101.89392,2.94845],[101.89382,2.94845],[101.89372,2.94837],[101.89364,2.94836],[101.89353,2.94825],[101.89339,2.94817],[101.89327,2.94819],[101.89321,2.94819],[101.89312,2.94815],[101.893,2.94809],[101.89292,2.94799],[101.89285,2.94796],[101.89281,2.94788],[101.89282,2.9478],[101.89281,2.94773],[101.89276,2.94768],[101.89275,2.94761],[101.89279,2.94752],[101.89287,2.94744],[101.89288,2.94742],[101.89287,2.9474],[101.89279,2.94743],[101.89277,2.94743],[101.89276,2.94742],[101.89276,2.94738],[101.89287,2.94732],[101.89291,2.94732],[101.89296,2.94731],[101.89297,2.94723],[101.89297,2.94707],[101.89294,2.94704],[101.89283,2.94705],[101.89282,2.94703],[101.89282,2.94699],[101.89287,2.94695],[101.89287,2.9469],[101.89288,2.94685],[101.89293,2.94681],[101.89294,2.94677],[101.89284,2.9467],[101.89277,2.94663],[101.89275,2.94656],[101.89276,2.94651],[101.89279,2.94649],[101.89279,2.94648],[101.89278,2.94644],[101.89277,2.94639],[101.89271,2.94632],[101.89271,2.94628],[101.89268,2.94627],[101.89266,2.94628],[101.89264,2.94626],[101.8926,2.94619],[101.89262,2.94608],[101.89266,2.94571],[101.8926,2.94561]]}},{"type":"Feature","properties":{"name":null,"waterway":"river"},"geometry":{"type":"LineString","coordinates":[[101.55632,2.65956],[101.55617,2.6594],[101.55604,2.65921],[101.5556,2.65859],[101.55547,2.65841],[101.55536,2.65813],[101.55531,2.65777],[101.55532,2.65749],[101.55534,2.65737]]}},{"type":"Feature","properties":{"name":null,"waterway":"river"},"geometry":{"type":"LineString","coordinates":[[101.56938,2.66725],[101.56942,2.66643],[101.56941,2.66614],[101.56944,2.66586],[101.56946,2.66516],[101.56951,2.66334],[101.56954,2.66211],[101.56964,2.66011],[101.56965,2.65966],[101.56967,2.65917],[101.56971,2.65831],[101.56974,2.65737],[101.56977,2.6567]]}},{"type":"Feature","properties":{"name":null,"waterway":"river"},"geometry":{"type":"LineString","coordinates":[[101.56945,2.67404],[101.56916,2.67317],[101.56916,2.67311]]}},{"type":"Feature","properties":{"name":null,"waterway":"river"},"geometry":{"type":"LineString","coordinates":[[101.56989,2.67532],[101.56956,2.67438],[101.56948,2.67411],[101.56945,2.67404]]}},{"type":"Feature","properties":{"name":"Sungai Rinching","waterway":"river"},"geometry":{"type":"LineString","coordinates":[[101.82998,2.91354],[101.82973,2.91355],[101.82957,2.91354],[101.82944,2.91348],[101.82927,2.91346],[101.82914,2.9135],[101.82906,2.9135],[101.82892,2.91343],[101.8287,2.91324],[101.82862,2.91314],[101.82849,2.91309],[101.82828,2.91299],[101.8281,2.91294],[101.82794,2.91285],[101.82769,2.91275],[101.82748,2.91261],[101.82726,2.9124],[101.82716,2.9122],[101.82707,2.91202],[101.82695,2.91191],[101.82685,2.9119],[101.82675,2.91191],[101.82664,2.91193],[101.82642,2.91184],[101.82627,2.91185],[101.82614,2.91182],[101.82601,2.9117],[101.82576,2.91168],[101.82564,2.91162],[101.82544,2.91153],[101.82526,2.91138],[101.82519,2.91122],[101.82497,2.91103],[101.82475,2.91092],[101.82454,2.91079],[101.82435,2.91065],[101.82422,2.91057],[101.82411,2.91046],[101.82407,2.91031],[101.82395,2.91017],[101.82372,2.91001],[101.82352,2.90988],[101.82336,2.90985],[101.82313,2.9097],[101.82301,2.90961],[101.82282,2.90954],[101.82267,2.9094],[101.82258,2.9092],[101.82243,2.90902],[101.82234,2.9089],[101.82211,2.90879],[101.82194,2.90867],[101.82167,2.90852],[101.82163,2.90846],[101.82155,2.9084],[101.82142,2.90833],[101.82134,2.90827],[101.82114,2.9081],[101.8208,2.90784],[101.82048,2.90761],[101.82008,2.90723],[101.81996,2.90712],[101.81983,2.90696],[101.81966,2.90681],[101.81946,2.90667],[101.81937,2.90657],[101.81926,2.90651],[101.81913,2.90644],[101.81898,2.90637],[101.81887,2.90627],[101.81871,2.90616],[101.81856,2.90597],[101.81845,2.90589],[101.81835,2.90584],[101.81819,2.9058],[101.81803,2.90576],[101.81788,2.90574],[101.81779,2.90569],[101.81764,2.90559],[101.81753,2.9055],[101.81739,2.90539],[101.81725,2.90528],[101.81712,2.90524],[101.81698,2.90518],[101.81683,2.90515],[101.81667,2.90511],[101.81646,2.90506],[101.81633,2.90505],[101.81617,2.90505],[101.81597,2.90512],[101.81582,2.90518],[101.81566,2.90524],[101.81552,2.90522],[101.81536,2.90519],[101.81529,2.90515],[101.81515,2.90514],[101.81501,2.90516],[101.81485,2.90522],[101.8147,2.90535],[101.81457,2.9054],[101.81437,2.9054],[101.81421,2.9055],[101.81405,2.90558],[101.81394,2.90561],[101.81382,2.90564],[101.81371,2.90566],[101.81356,2.90568],[101.81342,2.90562],[101.81329,2.9055],[101.81319,2.90548],[101.81305,2.90553],[101.81285,2.90553],[101.81267,2.90548],[101.81251,2.90541],[101.8124,2.90532],[101.81229,2.90519],[101.81222,2.90506],[101.81213,2.90497],[101.81203,2.90484],[101.81194,2.90483],[101.81181,2.90486],[101.81172,2.90492],[101.81162,2.90509],[101.81147,2.90522],[101.81135,2.90532]]}},{"type":"Feature","properties":{"name":null,"waterway":"canal"},"geometry":{"type":"LineString","coordinates":[[101.7664,2.83727],[101.76596,2.83759],[101.76562,2.83792],[101.76547,2.83814],[101.76537,2.83844],[101.76536,2.83873],[101.76538,2.83908],[101.76532,2.83956],[101.76528,2.84043],[101.76517,2.8414],[101.76512,2.84189],[101.76501,2.8422],[101.76475,2.8427],[101.76418,2.84361],[101.76389,2.84417],[101.76358,2.84476],[101.76323,2.84529],[101.76285,2.84574]]}},{"type":"Feature","properties":{"name":null,"waterway":"canal"},"geometry":{"type":"LineString","coordinates":[[101.76592,2.83599],[101.76625,2.83626],[101.76649,2.83637]]}},{"type":"Feature","properties":{"name":null,"waterway":"river"},"geometry":{"type":"LineString","coordinates":[[101.63461,2.77633],[101.63466,2.77603],[101.63468,2.77562],[101.6345,2.77448],[101.63417,2.77316],[101.63393,2.77249],[101.63385,2.77199],[101.63375,2.77167],[101.6334,2.77096],[101.63315,2.77026],[101.633,2.76946],[101.63291,2.76898],[101.63279,2.76869],[101.6326,2.76849],[101.63252,2.76834],[101.63246,2.76822],[101.63242,2.76816],[101.6324,2.76811],[101.63242,2.76804],[101.63243,2.76797],[101.6324,2.76791],[101.63235,2.76785],[101.63228,2.76778],[101.63216,2.76765],[101.63208,2.76756],[101.63203,2.76745],[101.6319,2.76699],[101.6318,2.76655],[101.63177,2.76628],[101.63174,2.76618],[101.63171,2.76609],[101.63167,2.76603],[101.63149,2.76583],[101.63127,2.76557],[101.63116,2.76544],[101.63111,2.76534],[101.63107,2.76517],[101.63103,2.76494],[101.63098,2.76461],[101.63097,2.7644],[101.63096,2.76429],[101.63093,2.76413],[101.63087,2.76395],[101.63084,2.76376],[101.63083,2.7635],[101.63075,2.76324],[101.6307,2.76298],[101.63067,2.76287]]}},{"type":"Feature","properties":{"name":null,"waterway":"river"},"geometry":{"type":"LineString","coordinates":[[101.62655,2.79216],[101.62657,2.79204],[101.62664,2.79174],[101.62674,2.79129],[101.62688,2.79064],[101.62689,2.79044],[101.62692,2.79028],[101.62696,2.79007],[101.62701,2.78992],[101.62711,2.78976],[101.62726,2.78969],[101.62744,2.78965],[101.62758,2.78963],[101.62774,2.78956],[101.62785,2.78949],[101.62794,2.78942],[101.62802,2.78932],[101.62811,2.78926],[101.62837,2.78905],[101.62883,2.78875],[101.62921,2.78845],[101.62933,2.7884],[101.62948,2.78837],[101.62981,2.78842],[101.63031,2.78854],[101.6307,2.78863],[101.63102,2.78872],[101.63124,2.7888],[101.63136,2.78887],[101.63147,2.78892],[101.63156,2.78893],[101.63163,2.78891],[101.63175,2.78883],[101.63187,2.78873],[101.63194,2.78865],[101.632,2.78854],[101.632,2.78846],[101.63198,2.78828],[101.63196,2.78815],[101.63196,2.78805],[101.63197,2.78788],[101.63202,2.78773],[101.63211,2.78757],[101.63221,2.7874],[101.63234,2.78723],[101.63242,2.78708],[101.63248,2.78696],[101.63254,2.78681],[101.63262,2.78664],[101.63273,2.78641],[101.63276,2.78634],[101.63289,2.7863],[101.63298,2.78617],[101.63306,2.78611],[101.63311,2.78606],[101.63313,2.78594],[101.63313,2.78583],[101.6331,2.78577],[101.63305,2.78573],[101.63304,2.78566],[101.63309,2.78551],[101.63324,2.7852],[101.6334,2.78492],[101.63345,2.78475],[101.63353,2.78455],[101.63371,2.78422],[101.63387,2.78389],[101.63402,2.78354],[101.63416,2.7832],[101.63432,2.7828],[101.63456,2.78232],[101.63469,2.78209],[101.63477,2.78191],[101.63485,2.78169],[101.63495,2.78148],[101.63509,2.78121],[101.63522,2.78091],[101.63534,2.78062],[101.63546,2.7804],[101.6355,2.78029],[101.63568,2.78011],[101.63575,2.78],[101.63588,2.77982],[101.63595,2.77967],[101.63598,2.77956],[101.636,2.77942],[101.63601,2.77926],[101.63599,2.77917],[101.63593,2.77899],[101.63582,2.77879],[101.63568,2.77856],[101.63556,2.77842],[101.63538,2.77823],[101.63526,2.7781],[101.6352,2.77797],[101.63513,2.77785],[101.63501,2.77767],[101.63485,2.7775],[101.63473,2.77736],[101.63465,2.77723],[101.63462,2.77712],[101.6346,2.77693],[101.63457,2.77675],[101.63459,2.77655],[101.63461,2.77633]]}},{"type":"Feature","properties":{"name":null,"waterway":"canal"},"geometry":{"type":"LineString","coordinates":[[101.71308,2.98575],[101.71294,2.98587]]}},{"type":"Feature","properties":{"name":null,"waterway":"canal"},"geometry":{"type":"LineString","coordinates":[[101.70806,2.98334],[101.70827,2.98355]]}},{"type":"Feature","properties":{"name":null,"waterway":"canal"},"geometry":{"type":"LineString","coordinates":[[101.70805,2.98288],[101.70813,2.98298],[101.70811,2.98311],[101.70793,2.98311],[101.70793,2.98321],[101.70806,2.98334]]}},{"type":"Feature","properties":{"name":null,"waterway":"canal"},"geometry":{"type":"LineString","coordinates":[[101.71289,2.98591],[101.71282,2.98592]]}},{"type":"Feature","properties":{"name":null,"waterway":"canal"},"geometry":{"type":"LineString","coordinates":[[101.71317,2.98566],[101.71308,2.98575]]}},{"type":"Feature","properties":{"name":null,"waterway":"canal"},"geometry":{"type":"LineString","coordinates":[[101.71264,2.986],[101.71254,2.98607]]}},{"type":"Feature","properties":{"name":null,"waterway":"canal"},"geometry":{"type":"LineString","coordinates":[[101.70844,2.98372],[101.7086,2.98388]]}},{"type":"Feature","properties":{"name":null,"waterway":"canal"},"geometry":{"type":"LineString","coordinates":[[101.71294,2.98587],[101.71289,2.98591]]}},{"type":"Feature","properties":{"name":null,"waterway":"canal"},"geometry":{"type":"LineString","coordinates":[[101.71282,2.98592],[101.71274,2.98594],[101.71267,2.98597],[101.71264,2.986]]}},{"type":"Feature","properties":{"name":null,"waterway":"canal"},"geometry":{"type":"LineString","coordinates":[[101.70827,2.98355],[101.70844,2.98372]]}},{"type":"Feature","properties":{"name":null,"waterway":"canal"},"geometry":{"type":"LineString","coordinates":[[101.71335,2.98551],[101.71317,2.98566]]}},{"type":"Feature","properties":{"name":null,"waterway":"canal"},"geometry":{"type":"LineString","coordinates":[[101.70888,2.98025],[101.70885,2.98027]]}},{"type":"Feature","properties":{"name":null,"waterway":"canal"},"geometry":{"type":"LineString","coordinates":[[101.70855,2.98041],[101.7084,2.98041],[101.70798,2.98047]]}},{"type":"Feature","properties":{"name":null,"waterway":"canal"},"geometry":{"type":"LineString","coordinates":[[101.71738,2.98289],[101.71736,2.98293],[101.71732,2.98297],[101.71708,2.98325]]}},{"type":"Feature","properties":{"name":null,"waterway":"canal"},"geometry":{"type":"LineString","coordinates":[[101.45684,3.19333],[101.45683,3.19323]]}},{"type":"Feature","properties":{"name":null,"waterway":"canal"},"geometry":{"type":"LineString","coordinates":[[101.45687,3.19345],[101.45684,3.19333]]}},{"type":"Feature","properties":{"name":"Sungai Kelang","waterway":"river"},"geometry":{"type":"LineString","coordinates":[[101.72208,3.16515],[101.7208,3.16568]]}},{"type":"Feature","properties":{"name":"Sungai Kelang","waterway":"river"},"geometry":{"type":"LineString","coordinates":[[101.7208,3.16568],[101.72048,3.16579],[101.72024,3.16586],[101.71981,3.16594],[101.71939,3.16601],[101.71894,3.16605],[101.71833,3.16606],[101.71809,3.16605],[101.7176,3.16601],[101.71733,3.16595],[101.71703,3.16587],[101.71665,3.16576],[101.71627,3.16564],[101.7159,3.16547],[101.71554,3.16532],[101.71508,3.1651],[101.71445,3.16479],[101.71408,3.1646],[101.71386,3.16447],[101.71365,3.16435],[101.71334,3.16415],[101.71316,3.16402],[101.71291,3.16384],[101.71258,3.1636],[101.71201,3.16319],[101.71146,3.16281],[101.71051,3.16219],[101.70953,3.16158],[101.70916,3.16137],[101.70865,3.16113],[101.70851,3.16108],[101.70838,3.16103],[101.70818,3.16098],[101.70801,3.16094],[101.70767,3.16088],[101.70697,3.16082],[101.70623,3.16073],[101.70593,3.16068],[101.70544,3.16055],[101.70487,3.16031],[101.70459,3.16016],[101.70426,3.15992],[101.70392,3.15962],[101.70354,3.15916],[101.70276,3.15819],[101.70265,3.15805],[101.70255,3.15794],[101.70224,3.15765],[101.70171,3.15714],[101.70159,3.15693],[101.70156,3.1568],[101.70155,3.15651],[101.70153,3.15631],[101.70148,3.15603],[101.70145,3.15587],[101.70114,3.15524],[101.701,3.155],[101.70086,3.15475],[101.70072,3.15451],[101.70014,3.15351],[101.69993,3.1532],[101.69969,3.15296],[101.69951,3.15281],[101.69931,3.15269],[101.699,3.15256],[101.69887,3.15249],[101.6985,3.15234],[101.69802,3.15207],[101.69728,3.15158],[101.69715,3.15147],[101.69682,3.15117],[101.69676,3.15112],[101.69671,3.15103],[101.69665,3.15091],[101.69663,3.15076],[101.69661,3.15047],[101.6966,3.1501]]}},{"type":"Feature","properties":{"name":null,"waterway":"river"},"geometry":{"type":"LineString","coordinates":[[101.74958,2.93667],[101.74959,2.93646],[101.74965,2.93624],[101.74981,2.93606],[101.75003,2.93579],[101.7503,2.93548],[101.75038,2.93537],[101.75041,2.9353],[101.75042,2.93523],[101.75042,2.93514],[101.75041,2.93501],[101.75039,2.93485],[101.75039,2.93467],[101.75044,2.93452],[101.75055,2.93429],[101.75064,2.93403],[101.75073,2.93368],[101.75084,2.93333],[101.75088,2.93324],[101.75097,2.93313],[101.75136,2.93274]]}},{"type":"Feature","properties":{"name":null,"waterway":"canal"},"geometry":{"type":"LineString","coordinates":[[101.74878,2.93826],[101.74906,2.938],[101.74915,2.93792]]}},{"type":"Feature","properties":{"name":null,"waterway":"canal"},"geometry":{"type":"LineString","coordinates":[[101.74915,2.93792],[101.74937,2.93739],[101.74958,2.93667]]}},{"type":"Feature","properties":{"name":null,"waterway":"canal"},"geometry":{"type":"LineString","coordinates":[[101.74714,2.9397],[101.74742,2.93947]]}},{"type":"Feature","properties":{"name":"Sungai Rasau","waterway":"river"},"geometry":{"type":"LineString","coordinates":[[101.51932,3.00129],[101.51879,3.00128],[101.51789,3.00128],[101.51713,3.0013],[101.51697,3.00127],[101.51681,3.00132],[101.51555,3.00133],[101.51547,3.00137],[101.51544,3.00143],[101.51538,3.00167],[101.51538,3.00175],[101.51532,3.00183],[101.51525,3.00208],[101.51522,3.00222],[101.51505,3.00269],[101.51497,3.00285],[101.51416,3.00352],[101.51365,3.00402],[101.51327,3.00482],[101.51302,3.00533],[101.51281,3.00564],[101.51301,3.00649],[101.51312,3.00689],[101.51336,3.00716],[101.51349,3.00723],[101.51351,3.00725],[101.51351,3.00729],[101.51355,3.00733],[101.5136,3.00733],[101.51368,3.00739],[101.51397,3.00787],[101.5142,3.00838],[101.51424,3.00843],[101.5171,3.00984],[101.51758,3.0101],[101.51762,3.01015],[101.51763,3.01019],[101.51761,3.01024]]}},{"type":"Feature","properties":{"name":"Canal Gardens","waterway":"river"},"geometry":{"type":"LineString","coordinates":[[101.53097,2.99821],[101.53086,2.99822],[101.53074,2.99823],[101.53047,2.99825],[101.53031,2.99823],[101.53018,2.99824],[101.52986,2.99823],[101.5298,2.9983],[101.52981,2.99842],[101.52985,2.99853],[101.5298,2.99893],[101.52982,2.99952],[101.52978,2.99963],[101.52976,2.99986],[101.52979,3.0001],[101.52976,3.00037],[101.52979,3.00087],[101.52976,3.00098],[101.5298,3.00133],[101.52977,3.00161],[101.5298,3.00182],[101.52978,3.00208],[101.52979,3.00244],[101.52979,3.00257],[101.52979,3.00272],[101.52977,3.00279],[101.52981,3.00306],[101.52981,3.00321],[101.52977,3.00332],[101.52977,3.00363],[101.52989,3.004],[101.52989,3.00408],[101.5299,3.00425],[101.52993,3.00432],[101.53003,3.00452],[101.53004,3.00458],[101.53004,3.00479],[101.53004,3.00484],[101.53012,3.00494],[101.53023,3.00502],[101.53028,3.00509],[101.5303,3.00518],[101.53029,3.00527],[101.5303,3.00533],[101.53034,3.0054],[101.53044,3.00551],[101.53054,3.00558],[101.53059,3.00567],[101.5308,3.00587],[101.53094,3.00606],[101.53111,3.00631],[101.53119,3.00658],[101.53115,3.0067],[101.53115,3.0069],[101.53129,3.00716],[101.53143,3.00732],[101.53159,3.00746],[101.53184,3.00751],[101.53196,3.00762],[101.53206,3.00774],[101.53212,3.00789],[101.5322,3.00813],[101.53226,3.00825],[101.53228,3.00837],[101.53244,3.00854],[101.53272,3.00871],[101.53294,3.00909],[101.53308,3.00913],[101.53312,3.00928]]}},{"type":"Feature","properties":{"name":"Sungai Kandis","waterway":"river"},"geometry":{"type":"LineString","coordinates":[[101.49627,3.01314],[101.49319,3.01675],[101.49319,3.01681]]}},{"type":"Feature","properties":{"name":"Sungai Kandis","waterway":"river"},"geometry":{"type":"LineString","coordinates":[[101.49628,3.01295],[101.49627,3.01314]]}},{"type":"Feature","properties":{"name":"Sungai Aur","waterway":"river"},"geometry":{"type":"LineString","coordinates":[[101.43731,3.0007],[101.43677,3.00067],[101.436,3.00072],[101.43478,3.00075],[101.43381,3.0008],[101.43244,3.00083],[101.43211,3.00085],[101.43135,3.00086],[101.43095,3.00092],[101.43065,3.00092],[101.4302,3.00092],[101.42847,3.00101],[101.42825,3.001],[101.4272,3.00104],[101.4265,3.00107],[101.42563,3.00107],[101.42498,3.00107],[101.42471,3.00104],[101.42402,3.00103],[101.42343,3.00109],[101.42302,3.00107],[101.42281,3.00105],[101.42195,3.00106],[101.42163,3.00107],[101.42159,3.00107]]}},{"type":"Feature","properties":{"name":"Sungai Aur","waterway":"river"},"geometry":{"type":"LineString","coordinates":[[101.41882,2.99994],[101.41823,2.99974],[101.41822,2.99915],[101.41809,2.99901],[101.41774,2.99889],[101.41707,2.99916],[101.41669,2.9988],[101.41635,2.99864],[101.41585,2.99836],[101.41558,2.99821],[101.41504,2.9976],[101.41456,2.99739],[101.41328,2.99722],[101.41232,2.99722],[101.41133,2.99702],[101.41063,2.99668],[101.41024,2.99641],[101.41001,2.99617],[101.40983,2.99598],[101.40953,2.99578],[101.40903,2.99546],[101.40799,2.99508],[101.4072,2.9949],[101.40622,2.99477],[101.40569,2.99459],[101.40532,2.99429],[101.40501,2.99395],[101.40491,2.99384],[101.40464,2.99254],[101.4035,2.9904],[101.40309,2.9895],[101.4028,2.98836],[101.40272,2.98824],[101.40247,2.98788],[101.40197,2.98749],[101.40155,2.98732],[101.40101,2.98737],[101.40048,2.98771],[101.40012,2.98859],[101.39974,2.98942],[101.39921,2.98996],[101.39893,2.99009],[101.39863,2.99016],[101.39822,2.9902],[101.39792,2.99018],[101.39782,2.99014],[101.39736,2.98997],[101.3963,2.98935],[101.39533,2.98861],[101.39461,2.98824]]}},{"type":"Feature","properties":{"name":null,"waterway":"river"},"geometry":{"type":"LineString","coordinates":[[101.53312,3.00928],[101.5334,3.00956],[101.53356,3.00973],[101.53366,3.00993],[101.53383,3.01011],[101.53432,3.01039],[101.53463,3.0105],[101.53708,3.01086],[101.53801,3.01067],[101.53806,3.01064],[101.5383,3.01048],[101.53839,3.01038],[101.53856,3.01028],[101.53867,3.01021],[101.53875,3.01005],[101.53877,3.00984],[101.53887,3.00974],[101.53904,3.00965],[101.53916,3.00953],[101.53928,3.00926],[101.5394,3.00911],[101.53976,3.00896],[101.53984,3.00874],[101.53985,3.00858],[101.53999,3.00836],[101.54014,3.00828],[101.54028,3.00824],[101.54044,3.00808],[101.54049,3.00795],[101.54049,3.00773],[101.54046,3.00758],[101.54048,3.0074],[101.54055,3.00713],[101.54066,3.00686],[101.54084,3.00667],[101.54098,3.00661],[101.54107,3.00667],[101.54115,3.00671],[101.5414,3.00684],[101.54169,3.007],[101.54458,3.00718],[101.54543,3.00722],[101.54757,3.00734]]}},{"type":"Feature","properties":{"name":null,"waterway":"river"},"geometry":{"type":"LineString","coordinates":[[101.41894,3.02549],[101.41885,3.02544],[101.41862,3.02537],[101.41768,3.02452],[101.41753,3.02451],[101.41741,3.02452],[101.41733,3.02456],[101.41724,3.02463],[101.41716,3.02468],[101.41701,3.02467],[101.4168,3.02469],[101.41652,3.02475],[101.41629,3.02478],[101.41601,3.02478],[101.41589,3.02478],[101.41559,3.02481],[101.41539,3.02481],[101.41509,3.02479],[101.41486,3.02481],[101.41462,3.02481],[101.41454,3.02481],[101.41449,3.02476],[101.41432,3.02474],[101.41409,3.02473],[101.41372,3.02472],[101.41311,3.02472],[101.41204,3.02471],[101.4113,3.02463],[101.41108,3.02464],[101.41084,3.02462],[101.41,3.02461],[101.40918,3.02459],[101.4086,3.02456],[101.40809,3.02457],[101.4078,3.02459],[101.40651,3.02469],[101.40606,3.02475],[101.40583,3.02485],[101.40575,3.02486],[101.40556,3.02488],[101.40489,3.02488],[101.40435,3.0251],[101.40408,3.02522],[101.40382,3.02526],[101.40326,3.0251]]}},{"type":"Feature","properties":{"name":"Sungai Samagaga","waterway":"river"},"geometry":{"type":"LineString","coordinates":[[101.40163,2.9783],[101.40115,2.97859],[101.40088,2.97881],[101.40056,2.97906],[101.40043,2.97926],[101.4004,2.97958],[101.40046,2.97987],[101.40043,2.98186],[101.40025,2.98264],[101.40035,2.9833],[101.40062,2.98382],[101.4008,2.98435],[101.40076,2.9848],[101.4006,2.98507],[101.40006,2.9859],[101.40006,2.9862],[101.40002,2.98679],[101.40021,2.98731],[101.40048,2.98771]]}},{"type":"Feature","properties":{"name":null,"waterway":"canal"},"geometry":{"type":"LineString","coordinates":[[101.51763,2.96467],[101.51703,2.96467],[101.51555,2.96467]]}},{"type":"Feature","properties":{"name":null,"waterway":"canal"},"geometry":{"type":"LineString","coordinates":[[101.51998,2.96469],[101.51987,2.96468]]}},{"type":"Feature","properties":{"name":null,"waterway":"canal"},"geometry":{"type":"LineString","coordinates":[[101.52402,2.96467],[101.52353,2.96468],[101.51998,2.96469]]}},{"type":"Feature","properties":{"name":null,"waterway":"canal"},"geometry":{"type":"LineString","coordinates":[[101.52442,2.96467],[101.5243,2.96467]]}},{"type":"Feature","properties":{"name":null,"waterway":"canal"},"geometry":{"type":"LineString","coordinates":[[101.52736,2.96466],[101.52662,2.96466],[101.52442,2.96467]]}},{"type":"Feature","properties":{"name":null,"waterway":"canal"},"geometry":{"type":"LineString","coordinates":[[101.52885,2.96464],[101.52873,2.96464]]}},{"type":"Feature","properties":{"name":null,"waterway":"canal"},"geometry":{"type":"LineString","coordinates":[[101.53047,2.96465],[101.52983,2.96465],[101.52885,2.96464]]}},{"type":"Feature","properties":{"name":null,"waterway":"canal"},"geometry":{"type":"LineString","coordinates":[[101.53743,2.96465],[101.5374,2.96466],[101.53634,2.96464],[101.53575,2.96465],[101.53321,2.96464],[101.53317,2.96464],[101.53306,2.96465],[101.53223,2.96464]]}},{"type":"Feature","properties":{"name":null,"waterway":"canal"},"geometry":{"type":"LineString","coordinates":[[101.74158,2.65396],[101.74171,2.65373],[101.74177,2.65365],[101.74219,2.65275],[101.74251,2.65211]]}},{"type":"Feature","properties":{"name":null,"waterway":"canal"},"geometry":{"type":"LineString","coordinates":[[101.74574,2.68186],[101.74446,2.68109],[101.74438,2.681],[101.74093,2.67705],[101.74072,2.67678],[101.74018,2.67616],[101.7397,2.67563],[101.73953,2.67537],[101.73941,2.67494],[101.73933,2.67476],[101.73924,2.6744],[101.73896,2.67349],[101.73884,2.67315],[101.739,2.67278],[101.73894,2.67249],[101.7387,2.67118],[101.73869,2.671],[101.73875,2.67085],[101.73963,2.66835],[101.74,2.66722],[101.74009,2.66707],[101.74024,2.66697],[101.74233,2.66578],[101.74359,2.66507],[101.74377,2.66422],[101.74409,2.66234],[101.74443,2.66046],[101.74485,2.65822],[101.74518,2.6564],[101.74526,2.65589],[101.74523,2.65574],[101.74508,2.65567],[101.74158,2.65396],[101.7412,2.65373],[101.7401,2.65318],[101.7393,2.65273],[101.73662,2.65108],[101.73568,2.65063],[101.73281,2.64927],[101.73211,2.64893],[101.73082,2.6481]]}},{"type":"Feature","properties":{"name":null,"waterway":"river"},"geometry":{"type":"LineString","coordinates":[[101.49319,3.01681],[101.49319,3.01689]]}},{"type":"Feature","properties":{"name":"Sungai Kandis","waterway":"river"},"geometry":{"type":"LineString","coordinates":[[101.49319,3.01689],[101.49321,3.01741],[101.49324,3.0178]]}},{"type":"Feature","properties":{"name":null,"waterway":"canal"},"geometry":{"type":"LineString","coordinates":[[101.55888,2.98252],[101.5586,2.98303],[101.55804,2.98399],[101.55789,2.98425],[101.55779,2.9845],[101.55761,2.98505],[101.55732,2.98593],[101.55712,2.98655],[101.5569,2.98717],[101.55664,2.98794],[101.55647,2.98852],[101.55617,2.98956],[101.55593,2.9904],[101.55574,2.99111],[101.55549,2.99191],[101.55549,2.99193],[101.55528,2.99267],[101.55516,2.99309],[101.55515,2.99321],[101.55515,2.99328],[101.55506,2.9935],[101.55477,2.9945],[101.55465,2.99495],[101.55433,2.99562],[101.55401,2.99624],[101.55387,2.99656],[101.55377,2.9968],[101.55363,2.99717],[101.55343,2.99755],[101.55316,2.99784]]}},{"type":"Feature","properties":{"name":null,"waterway":"canal"},"geometry":{"type":"LineString","coordinates":[[101.5601,2.99682],[101.55985,2.9966],[101.55969,2.99651],[101.55949,2.99636],[101.55911,2.9961],[101.55888,2.99601],[101.55849,2.99585],[101.55823,2.99581],[101.55786,2.99581],[101.55738,2.99592],[101.55608,2.99625],[101.55401,2.99677],[101.55377,2.9968]]}},{"type":"Feature","properties":{"name":"Sungai Nibong","waterway":"river"},"geometry":{"type":"LineString","coordinates":[[101.55588,3.03563],[101.55565,3.03519],[101.55549,3.03498],[101.55514,3.03461],[101.555,3.03442],[101.55474,3.03391],[101.55451,3.03336],[101.55421,3.03276],[101.55383,3.03214],[101.55356,3.03177],[101.55344,3.03161],[101.55323,3.03124],[101.55299,3.03064],[101.55267,3.03],[101.55232,3.0295],[101.55217,3.02915],[101.55197,3.02878]]}},{"type":"Feature","properties":{"name":"Sungai Nibong","waterway":"river"},"geometry":{"type":"LineString","coordinates":[[101.56509,3.04459],[101.56341,3.04321],[101.56221,3.04217],[101.56204,3.04213],[101.56063,3.04236],[101.55996,3.0425],[101.55966,3.04256],[101.55949,3.04252],[101.55928,3.04213],[101.55834,3.04043],[101.55829,3.04025],[101.5582,3.03993],[101.55808,3.03965],[101.55793,3.03949],[101.55785,3.03934],[101.55759,3.03902],[101.55728,3.03867],[101.55721,3.03853],[101.55722,3.03828],[101.55708,3.03788],[101.55701,3.03758],[101.55674,3.03713],[101.55627,3.0363]]}},{"type":"Feature","properties":{"name":null,"waterway":"river"},"geometry":{"type":"LineString","coordinates":[[101.56531,3.04477],[101.56509,3.04459]]}},{"type":"Feature","properties":{"name":null,"waterway":"river"},"geometry":{"type":"LineString","coordinates":[[101.5678,3.04682],[101.56677,3.04597],[101.56531,3.04477]]}},{"type":"Feature","properties":{"name":"Sungai Beranang","waterway":"river"},"geometry":{"type":"LineString","coordinates":[[101.89035,2.89473],[101.89012,2.8944],[101.89002,2.89422],[101.88999,2.89409],[101.88994,2.89397],[101.88982,2.89385],[101.88972,2.8937],[101.88962,2.89363],[101.88946,2.8936],[101.88937,2.89356],[101.88926,2.89353],[101.88918,2.89355],[101.8891,2.8936],[101.88903,2.89363],[101.88897,2.89363],[101.88889,2.8936],[101.8888,2.89355],[101.88873,2.89344],[101.88865,2.89335],[101.88857,2.89329],[101.88853,2.89327],[101.88841,2.89327],[101.88834,2.89325],[101.88828,2.89322],[101.88822,2.89316],[101.88817,2.89307],[101.88811,2.89301],[101.88804,2.89296],[101.88794,2.89295],[101.88784,2.89297],[101.88777,2.89298],[101.88771,2.89295],[101.88765,2.89287],[101.88755,2.89279],[101.88751,2.89268],[101.88749,2.89255],[101.88747,2.89251],[101.88739,2.89247],[101.88733,2.89249],[101.88727,2.89247],[101.88716,2.8924],[101.88711,2.89235],[101.88709,2.89223],[101.88712,2.89214],[101.8872,2.89202],[101.88723,2.89195],[101.88721,2.89186],[101.88717,2.89176],[101.88715,2.89158],[101.88711,2.89142],[101.88704,2.89136],[101.88692,2.89131],[101.8867,2.89132],[101.88665,2.8913],[101.88653,2.89112],[101.88641,2.89083],[101.8864,2.89073],[101.88637,2.89066],[101.88629,2.8906],[101.8862,2.89058],[101.8861,2.89054],[101.88599,2.89045],[101.88581,2.89024],[101.88558,2.89011],[101.88532,2.88998],[101.88517,2.88988],[101.88505,2.88971],[101.88492,2.88956],[101.8848,2.88948],[101.88465,2.88942],[101.88452,2.88937],[101.88439,2.88935],[101.88428,2.88936],[101.88421,2.88941],[101.88409,2.88959],[101.884,2.88973],[101.88392,2.88983],[101.8838,2.8899],[101.88366,2.88989],[101.88359,2.88985],[101.88349,2.88975],[101.88341,2.88973],[101.88335,2.88973],[101.88324,2.88978],[101.88303,2.88983],[101.88285,2.88984],[101.88279,2.88989],[101.88269,2.88992],[101.88258,2.89004],[101.88247,2.89013],[101.8823,2.89025],[101.88219,2.89044],[101.88216,2.8907],[101.88215,2.89088],[101.88212,2.89098],[101.88205,2.89105],[101.88196,2.89106],[101.88183,2.89104],[101.88172,2.89097],[101.88157,2.89091],[101.88153,2.89089],[101.8814,2.89074],[101.8813,2.89069],[101.88121,2.89066],[101.88113,2.89066],[101.88108,2.89068],[101.88107,2.89073],[101.88107,2.89081],[101.88105,2.89099],[101.88101,2.89112],[101.88098,2.89121],[101.88092,2.89126],[101.88086,2.89129],[101.8805,2.8913],[101.88041,2.89129],[101.88027,2.89126],[101.8802,2.89119],[101.88016,2.89118],[101.88012,2.8912],[101.88003,2.89132],[101.87993,2.89139],[101.87985,2.89139],[101.8797,2.89127],[101.87947,2.89107],[101.8793,2.89088],[101.87923,2.89082],[101.87906,2.89054],[101.87899,2.89048],[101.87888,2.89045],[101.87882,2.89046],[101.8788,2.89049],[101.87879,2.89056],[101.87875,2.89066],[101.87866,2.89072],[101.87856,2.89072],[101.87849,2.89069],[101.87834,2.89051],[101.87828,2.89041],[101.87823,2.89032],[101.8781,2.89029],[101.87795,2.89027],[101.8778,2.89018],[101.87771,2.89007],[101.87764,2.88998],[101.87758,2.88977],[101.87762,2.88969],[101.87763,2.88962],[101.87762,2.88953],[101.87753,2.88928],[101.87752,2.88915],[101.87751,2.88896],[101.87752,2.88876],[101.87754,2.88867],[101.87762,2.88857],[101.87777,2.88845],[101.87783,2.88834],[101.87786,2.88818],[101.87783,2.888],[101.87778,2.88789],[101.87771,2.88786],[101.87759,2.88787],[101.8774,2.88786],[101.87729,2.88792],[101.87719,2.888],[101.87712,2.88802],[101.87709,2.888],[101.87704,2.88796],[101.87702,2.88788],[101.87706,2.88771],[101.87716,2.88762],[101.87722,2.8876],[101.8773,2.88755],[101.87732,2.88746],[101.87728,2.88732],[101.87725,2.88711],[101.87718,2.88709],[101.8771,2.88712],[101.87703,2.88716],[101.87696,2.88742],[101.8769,2.88753],[101.87683,2.88756],[101.87675,2.88756],[101.87659,2.88753],[101.8765,2.88748],[101.87645,2.88739],[101.87644,2.88728],[101.87647,2.88713],[101.87651,2.8871],[101.87668,2.88711],[101.87676,2.88707],[101.87679,2.88698],[101.87677,2.8869],[101.8767,2.88679],[101.87665,2.88676],[101.87659,2.88677],[101.87633,2.88692],[101.87624,2.88694],[101.87617,2.88692],[101.8761,2.88688],[101.8761,2.88683],[101.87614,2.88678],[101.87614,2.88674],[101.87608,2.88669],[101.8759,2.88665],[101.87571,2.8867],[101.87563,2.88664],[101.87562,2.88659],[101.87565,2.88648],[101.87572,2.88637],[101.87585,2.88628],[101.876,2.88626],[101.87623,2.88636],[101.87641,2.88637],[101.8765,2.8863],[101.87655,2.88619],[101.87654,2.8861],[101.87649,2.88606],[101.8764,2.88604],[101.87628,2.88606],[101.87621,2.88602],[101.87616,2.88592],[101.87607,2.88584],[101.87598,2.88578],[101.87585,2.88577],[101.87577,2.88576],[101.8757,2.88574],[101.87566,2.88569],[101.87561,2.88564],[101.87561,2.88555],[101.87564,2.88546],[101.87566,2.88536],[101.87561,2.88524],[101.87554,2.88515],[101.8754,2.88513],[101.87531,2.88517],[101.87522,2.8852],[101.87517,2.88516],[101.87513,2.88512],[101.87513,2.88495],[101.8751,2.88489],[101.87508,2.88472],[101.87514,2.8846],[101.87524,2.88455],[101.87536,2.88455],[101.87551,2.88457],[101.87557,2.88455],[101.87562,2.88449],[101.8756,2.8844],[101.87558,2.88435],[101.87559,2.88426],[101.87557,2.88415],[101.8755,2.8841],[101.87546,2.88399],[101.87549,2.88386],[101.87555,2.88378],[101.87564,2.88368],[101.87566,2.88361],[101.87564,2.88354],[101.87556,2.88345],[101.8755,2.88337],[101.87542,2.88324],[101.87537,2.88309],[101.87539,2.88297],[101.87544,2.88277],[101.87543,2.88263],[101.87545,2.88253],[101.87554,2.88243],[101.8756,2.88236],[101.87562,2.88218],[101.87562,2.88197],[101.87558,2.88179],[101.87547,2.88166],[101.87528,2.88152],[101.87507,2.88135],[101.87484,2.88113],[101.87463,2.88088],[101.87455,2.88079],[101.87446,2.88071],[101.87437,2.88067],[101.8742,2.88067],[101.87403,2.88069],[101.87388,2.88071],[101.87378,2.88072],[101.87372,2.8807],[101.87343,2.88036],[101.87336,2.88027],[101.87326,2.88022],[101.87313,2.88018],[101.87308,2.8802],[101.87303,2.88026],[101.8729,2.88038],[101.87279,2.88043],[101.8727,2.88044],[101.87263,2.88039],[101.87252,2.8803],[101.87244,2.88017],[101.87235,2.88005],[101.8723,2.87991],[101.87229,2.87978],[101.87233,2.87968],[101.8724,2.87958],[101.87243,2.87946],[101.87239,2.8794],[101.8723,2.87931],[101.87226,2.87917],[101.87211,2.87898],[101.87202,2.87894],[101.87184,2.87892],[101.87171,2.87888],[101.87161,2.87884],[101.87105,2.87859],[101.87041,2.87835],[101.87018,2.87835],[101.86994,2.87831],[101.86984,2.87832],[101.86974,2.87831],[101.86962,2.87822],[101.86947,2.87811],[101.86935,2.87797],[101.86926,2.87787],[101.86921,2.87785],[101.86916,2.87787],[101.86909,2.87792],[101.86901,2.87794],[101.86894,2.87793],[101.86887,2.87786],[101.86862,2.87772],[101.86816,2.87763],[101.86792,2.87758],[101.86775,2.87748],[101.86757,2.87731],[101.86713,2.87701],[101.86695,2.87696],[101.86676,2.87698],[101.86662,2.87705],[101.86591,2.87692],[101.86567,2.8769],[101.86543,2.8768],[101.8651,2.87682],[101.86471,2.8768],[101.86457,2.87683],[101.86452,2.87687],[101.86432,2.87707],[101.86422,2.87713],[101.86409,2.87714],[101.86401,2.87713],[101.86396,2.8771],[101.86365,2.87679],[101.86356,2.87674],[101.86344,2.87676],[101.86332,2.87673],[101.86317,2.8766],[101.86308,2.87639],[101.86294,2.87631],[101.86285,2.8763],[101.86236,2.87639],[101.86231,2.87643],[101.86218,2.87647],[101.86204,2.87651],[101.86193,2.87652],[101.86186,2.87648],[101.8618,2.87642],[101.86169,2.87637],[101.86157,2.8764],[101.86149,2.87645],[101.86145,2.87645],[101.86138,2.87644],[101.8613,2.87645],[101.86122,2.87652],[101.86113,2.87659],[101.86105,2.87659],[101.86094,2.87656],[101.86082,2.87662],[101.8607,2.87671],[101.86052,2.87671],[101.86029,2.87664],[101.86001,2.87666],[101.8598,2.87665],[101.85951,2.87649],[101.8594,2.87646],[101.85921,2.87644],[101.85902,2.87648],[101.85875,2.87639],[101.85858,2.87634],[101.85844,2.87626],[101.85834,2.87623],[101.85824,2.87628],[101.85805,2.87641],[101.85797,2.87652],[101.85792,2.87663],[101.85783,2.87669],[101.85773,2.8767],[101.85759,2.87665],[101.85748,2.87652],[101.8572,2.87641],[101.85696,2.87614],[101.85678,2.876],[101.8566,2.87592],[101.85643,2.87596],[101.85633,2.87595],[101.85609,2.87584],[101.85601,2.87582],[101.85592,2.87578],[101.85578,2.87577],[101.85561,2.87585],[101.85546,2.87594],[101.85531,2.87595],[101.85509,2.87588],[101.85492,2.87577],[101.85476,2.87566],[101.85449,2.87533],[101.85435,2.87514],[101.85405,2.87483],[101.85379,2.87459],[101.8537,2.87452],[101.85349,2.87435],[101.8533,2.87421],[101.85318,2.87401],[101.8531,2.8738],[101.853,2.87363],[101.85281,2.87351],[101.85258,2.87349],[101.85241,2.87341],[101.85221,2.87335],[101.85187,2.87337],[101.85162,2.87327],[101.85139,2.87311],[101.85101,2.87295],[101.85089,2.87287],[101.85067,2.87266],[101.85051,2.87239],[101.85043,2.87215],[101.85046,2.87196],[101.85051,2.87186],[101.85053,2.87178],[101.85051,2.87171],[101.85041,2.87165],[101.8503,2.8716],[101.84977,2.87159],[101.84943,2.87162],[101.84912,2.87159],[101.84808,2.87178],[101.84768,2.87178],[101.84734,2.87175],[101.8472,2.87176],[101.84711,2.87182],[101.84696,2.87191],[101.84686,2.87201],[101.84685,2.87208],[101.84688,2.87215],[101.84685,2.87231],[101.84678,2.8724],[101.84672,2.87244],[101.84664,2.87244],[101.84622,2.87242],[101.84557,2.87245],[101.84526,2.87252],[101.84516,2.8726],[101.84509,2.87272],[101.8451,2.87286],[101.84494,2.87316],[101.8449,2.87326],[101.84488,2.87354],[101.84484,2.87367],[101.84432,2.87438],[101.84403,2.87459],[101.84381,2.87485],[101.84338,2.87503],[101.84328,2.87513],[101.84306,2.87545],[101.84285,2.87563],[101.84224,2.87619],[101.84209,2.87645],[101.84198,2.87669],[101.84193,2.8768],[101.8418,2.87693],[101.84167,2.87698],[101.84152,2.87697],[101.84135,2.87691],[101.84115,2.87689],[101.84095,2.87698],[101.84077,2.87712],[101.84069,2.8772],[101.84063,2.87735],[101.84064,2.87742],[101.84069,2.87748],[101.84076,2.87768],[101.84083,2.87782],[101.84088,2.87798],[101.8408,2.87814],[101.84076,2.87829],[101.84075,2.8787],[101.8406,2.87921],[101.84061,2.8795],[101.8406,2.87991],[101.84053,2.88034],[101.8406,2.88069],[101.84059,2.88103],[101.8405,2.8813],[101.8404,2.88148],[101.84024,2.88161],[101.84005,2.88162],[101.83995,2.88157],[101.83983,2.88145],[101.83964,2.88141],[101.83919,2.88156],[101.83867,2.88188],[101.83844,2.88214],[101.83815,2.88271],[101.83785,2.88354],[101.83772,2.88376],[101.83733,2.88411],[101.83703,2.88417],[101.83679,2.88423],[101.83585,2.88468],[101.83567,2.8848],[101.83442,2.88535],[101.83394,2.88568],[101.8332,2.88617],[101.83292,2.88653],[101.83241,2.88727],[101.83212,2.88747],[101.83178,2.88763],[101.83137,2.8879],[101.83108,2.88813],[101.83043,2.8884],[101.83006,2.8885],[101.82961,2.88853],[101.82929,2.88842],[101.82911,2.88831],[101.82892,2.88807],[101.82841,2.8879],[101.82786,2.88779],[101.82744,2.88783],[101.82701,2.888],[101.82646,2.88796],[101.82544,2.88761],[101.82509,2.88743],[101.82483,2.88729],[101.82438,2.88721],[101.82407,2.88715],[101.82387,2.88703],[101.82328,2.88646],[101.82284,2.8861],[101.82224,2.88607],[101.82169,2.8861],[101.82124,2.88596],[101.82014,2.8854],[101.81991,2.88536],[101.8197,2.88541],[101.81953,2.88534],[101.81857,2.88493],[101.81821,2.88483],[101.81766,2.88476],[101.81742,2.88467],[101.81724,2.8845],[101.817,2.884],[101.81679,2.88377],[101.81634,2.88375],[101.81565,2.88365],[101.8154,2.88376],[101.815,2.88415],[101.81482,2.88443],[101.8146,2.88457],[101.81372,2.88471],[101.81318,2.88491],[101.81297,2.88489],[101.81278,2.88498],[101.81244,2.88509],[101.81226,2.88503],[101.81203,2.8848],[101.81176,2.88462],[101.81149,2.88463],[101.81109,2.8848],[101.81071,2.88489],[101.81045,2.88504],[101.81034,2.88532],[101.81025,2.88543],[101.81011,2.88551],[101.80986,2.88559],[101.80964,2.88562],[101.80883,2.88583],[101.80837,2.88605],[101.80819,2.88608],[101.80789,2.88608],[101.80757,2.88617],[101.80599,2.88626],[101.80589,2.88635],[101.8058,2.88656],[101.80565,2.88668],[101.80541,2.88678],[101.80528,2.88677],[101.80506,2.88668],[101.80479,2.88666],[101.80455,2.88661],[101.80416,2.88658],[101.80375,2.88654],[101.80304,2.88636],[101.80276,2.8863],[101.80258,2.88627],[101.80195,2.88651],[101.80149,2.88659],[101.80113,2.8868],[101.80086,2.88702],[101.80054,2.88743],[101.80019,2.88767],[101.7999,2.88784],[101.79977,2.88802],[101.79962,2.88823],[101.79902,2.88876],[101.79854,2.8893],[101.79818,2.88983],[101.79793,2.89007],[101.79748,2.89035],[101.79704,2.89074],[101.79686,2.89097],[101.79665,2.8915],[101.79664,2.89173],[101.79666,2.89186],[101.79698,2.89251],[101.79701,2.89264],[101.79695,2.89276],[101.79679,2.89286],[101.79657,2.89295],[101.79638,2.89302],[101.79604,2.89315],[101.79589,2.89317],[101.79537,2.89349],[101.79503,2.89382],[101.79471,2.89401],[101.79444,2.89415],[101.79418,2.89446],[101.79411,2.89493],[101.7941,2.89543]]}},{"type":"Feature","properties":{"name":"Sungai Tarun","waterway":"river"},"geometry":{"type":"LineString","coordinates":[[101.90955,2.92711],[101.90949,2.92711],[101.9094,2.92701],[101.90949,2.92688],[101.90949,2.92663],[101.9095,2.92636],[101.90948,2.92611],[101.90969,2.92593],[101.9098,2.92572],[101.90967,2.92541],[101.90969,2.92492],[101.90972,2.92484],[101.9097,2.92453],[101.90959,2.92442],[101.90956,2.92422],[101.90959,2.92399],[101.90957,2.92394],[101.90923,2.9238],[101.90921,2.92374],[101.90925,2.9237],[101.90925,2.92352],[101.90916,2.92325],[101.9091,2.92305],[101.9091,2.92287],[101.90903,2.92239],[101.90892,2.92223],[101.90891,2.92203],[101.90889,2.92184],[101.90877,2.92146],[101.90873,2.92135],[101.90862,2.92116],[101.90836,2.92064],[101.90828,2.9205],[101.90816,2.92035],[101.90799,2.92016],[101.90782,2.91994],[101.90763,2.91981],[101.90744,2.91975],[101.90696,2.91954],[101.90674,2.9194],[101.90656,2.91932],[101.90638,2.9192],[101.90621,2.91916],[101.90605,2.9191],[101.90587,2.91907],[101.90564,2.91899],[101.90553,2.91886],[101.90529,2.9187],[101.90456,2.91833],[101.90437,2.91826],[101.90417,2.91814],[101.90408,2.91799],[101.90403,2.91781],[101.90405,2.91769],[101.90403,2.91738],[101.90391,2.91717],[101.90381,2.91712],[101.90361,2.91702],[101.90344,2.91684],[101.90336,2.91672],[101.90338,2.91662],[101.90343,2.91655],[101.90357,2.91649],[101.90364,2.91642],[101.90365,2.91633],[101.90369,2.91629],[101.9038,2.91621],[101.90382,2.91618],[101.90382,2.91616],[101.90381,2.91615],[101.9038,2.91613],[101.9038,2.91611],[101.9038,2.9161],[101.90372,2.91599],[101.90371,2.91588],[101.90374,2.91576],[101.90372,2.91564],[101.90369,2.91542],[101.9036,2.91527],[101.90347,2.91508],[101.90342,2.91497],[101.90342,2.91476],[101.90347,2.9146],[101.9036,2.9145],[101.90361,2.91444],[101.90356,2.91436],[101.90356,2.91423],[101.90365,2.91399],[101.90364,2.91391],[101.90358,2.91373],[101.90357,2.91358],[101.90355,2.91351],[101.90355,2.91335],[101.9035,2.91311],[101.90347,2.91277],[101.90349,2.91251],[101.90341,2.91218],[101.90333,2.91204],[101.90329,2.91191],[101.9032,2.91167],[101.90318,2.9114],[101.90319,2.91122],[101.90317,2.91116],[101.90314,2.91112],[101.90307,2.91108],[101.90301,2.91102],[101.90292,2.91101],[101.9029,2.91099],[101.90285,2.91088],[101.90279,2.91065],[101.90279,2.9106],[101.90281,2.91057],[101.90286,2.91048],[101.90287,2.91041],[101.90283,2.91032],[101.90274,2.91025],[101.90265,2.91015],[101.90257,2.90985],[101.90246,2.90974],[101.90241,2.90965],[101.90237,2.90961],[101.90232,2.90961],[101.90227,2.90961],[101.9022,2.90966],[101.90204,2.90973],[101.90192,2.90977],[101.90182,2.90983],[101.90176,2.90983],[101.90169,2.90981],[101.90159,2.90974],[101.90147,2.90962],[101.90141,2.90955],[101.90138,2.90948],[101.90138,2.90943],[101.90142,2.90934],[101.90143,2.90926],[101.9014,2.90921],[101.90135,2.90919],[101.90127,2.90914],[101.90125,2.90909],[101.90125,2.90901],[101.9013,2.90891],[101.90129,2.90882],[101.90125,2.90876],[101.90115,2.90867],[101.90109,2.90854],[101.90105,2.90842],[101.90105,2.90834],[101.90106,2.90826],[101.90102,2.90816],[101.90089,2.90804],[101.90082,2.9079],[101.90076,2.90769],[101.90077,2.90745],[101.90076,2.90741],[101.90065,2.90731],[101.90051,2.90722],[101.90046,2.90714],[101.90046,2.90706],[101.90046,2.90698],[101.90035,2.90673],[101.9003,2.90657],[101.90026,2.90649],[101.90008,2.90614],[101.90002,2.90594],[101.90003,2.9058],[101.89999,2.90569],[101.8999,2.90562],[101.89977,2.90537],[101.89975,2.90526],[101.89969,2.90509],[101.89965,2.9049],[101.89963,2.90466],[101.89961,2.90448],[101.89952,2.90422],[101.89948,2.90407],[101.89948,2.90391],[101.89948,2.9038],[101.89943,2.90367],[101.89935,2.9035],[101.89927,2.90334],[101.89921,2.90324],[101.8992,2.90316],[101.89922,2.90309],[101.8993,2.90299],[101.89937,2.90283],[101.89937,2.90262],[101.89932,2.90243],[101.89926,2.90226],[101.89928,2.90217],[101.89927,2.90212],[101.89922,2.90205],[101.89919,2.90188],[101.89915,2.90176],[101.89914,2.90168],[101.89916,2.90159],[101.89917,2.9015],[101.89914,2.90144],[101.89903,2.90134],[101.89902,2.90128],[101.89898,2.90116],[101.89893,2.90105],[101.89886,2.90102],[101.89878,2.90096],[101.89871,2.90094],[101.89861,2.9009],[101.89855,2.90083],[101.89844,2.90075],[101.8983,2.90053],[101.898,2.90046],[101.89793,2.90044],[101.89774,2.90033],[101.8976,2.90019],[101.89744,2.90008],[101.89732,2.90004],[101.89725,2.89999],[101.89718,2.89989],[101.8971,2.89982],[101.89696,2.89975],[101.89686,2.89972],[101.89678,2.8997],[101.89673,2.89966],[101.89666,2.89964],[101.8965,2.89951],[101.8964,2.89947],[101.89631,2.89949],[101.89623,2.89947],[101.89614,2.89943],[101.89607,2.89939],[101.89591,2.89926],[101.89573,2.89925],[101.89554,2.89918],[101.89535,2.89913],[101.89521,2.89913],[101.89509,2.89918],[101.89499,2.89922],[101.89491,2.89921],[101.89473,2.89912],[101.89457,2.89896],[101.8944,2.89879],[101.89425,2.89862],[101.89393,2.89838],[101.89389,2.89831],[101.89381,2.89828],[101.89371,2.89828],[101.89356,2.89833],[101.89344,2.89834],[101.89335,2.89839],[101.89326,2.89839],[101.89298,2.89832],[101.89278,2.89825],[101.8926,2.89814],[101.8925,2.89811],[101.89226,2.89804],[101.89213,2.89796],[101.89181,2.89747],[101.8917,2.8973],[101.89161,2.8971],[101.89152,2.89697],[101.89146,2.89679],[101.89132,2.89662],[101.89123,2.89641],[101.89113,2.89627],[101.89102,2.89598],[101.89096,2.89581],[101.89085,2.89567],[101.89083,2.89543],[101.89075,2.89532],[101.89072,2.89508],[101.89064,2.89499],[101.89035,2.89473]]}},{"type":"Feature","properties":{"name":"Sungai Tambul","waterway":"river"},"geometry":{"type":"LineString","coordinates":[[101.59022,3.16736],[101.58939,3.16645],[101.58929,3.1663]]}},{"type":"Feature","properties":{"name":"Sungai Tambul","waterway":"river"},"geometry":{"type":"LineString","coordinates":[[101.58929,3.1663],[101.5891,3.16607]]}},{"type":"Feature","properties":{"name":"Sungai Tambul","waterway":"river"},"geometry":{"type":"LineString","coordinates":[[101.5891,3.16607],[101.58825,3.16508]]}},{"type":"Feature","properties":{"name":"Sungai Tambul","waterway":"river"},"geometry":{"type":"LineString","coordinates":[[101.58825,3.16508],[101.5881,3.16487]]}},{"type":"Feature","properties":{"name":"Sungai Tambul","waterway":"river"},"geometry":{"type":"LineString","coordinates":[[101.5881,3.16487],[101.58763,3.16432],[101.5874,3.16405],[101.58664,3.1632],[101.58608,3.16259],[101.58588,3.16252]]}},{"type":"Feature","properties":{"name":"Sungai Tambul","waterway":"river"},"geometry":{"type":"LineString","coordinates":[[101.58588,3.16252],[101.58572,3.1621]]}},{"type":"Feature","properties":{"name":"Sungai Tambul","waterway":"river"},"geometry":{"type":"LineString","coordinates":[[101.58572,3.1621],[101.58558,3.16199],[101.58513,3.16156],[101.58468,3.16114],[101.58441,3.161],[101.58395,3.16098],[101.58329,3.16094],[101.58285,3.16085],[101.58154,3.16054],[101.58142,3.16048],[101.58124,3.16035],[101.58109,3.15979],[101.58102,3.15953],[101.58086,3.15926],[101.58072,3.15912],[101.58054,3.159],[101.58037,3.15876],[101.58024,3.15844],[101.58021,3.15809],[101.58015,3.15787],[101.58,3.15761],[101.57974,3.15736],[101.57935,3.15716],[101.57808,3.15633]]}},{"type":"Feature","properties":{"name":"Sungai Tambul","waterway":"river"},"geometry":{"type":"LineString","coordinates":[[101.57808,3.15633],[101.57743,3.15602]]}},{"type":"Feature","properties":{"name":"Sungai Tambul","waterway":"river"},"geometry":{"type":"LineString","coordinates":[[101.57694,3.15578],[101.57684,3.15571],[101.57673,3.15562],[101.57636,3.15527],[101.57502,3.15309],[101.57497,3.15292],[101.57372,3.14939],[101.57357,3.14904],[101.57349,3.14876],[101.57339,3.14844],[101.57333,3.14827],[101.57328,3.1481],[101.57308,3.14756],[101.57315,3.14685],[101.57319,3.14665],[101.5732,3.14645],[101.57325,3.14627],[101.5733,3.14616],[101.57337,3.14607],[101.57348,3.146],[101.57376,3.14594],[101.57389,3.14599],[101.574,3.14609],[101.57404,3.14609],[101.57409,3.14614],[101.57414,3.14615],[101.57426,3.14616],[101.5744,3.14615],[101.57445,3.14609],[101.57451,3.14598],[101.57457,3.14576],[101.57465,3.14569],[101.57478,3.14567],[101.57486,3.14567],[101.57489,3.1456],[101.57486,3.1455],[101.57466,3.14535],[101.57452,3.14518],[101.5745,3.145]]}},{"type":"Feature","properties":{"name":"Sungai Damansara","waterway":"river"},"geometry":{"type":"LineString","coordinates":[[101.54049,3.15026],[101.54055,3.15019],[101.54062,3.1501],[101.54068,3.15001],[101.54071,3.14993],[101.54077,3.1498],[101.54083,3.14965],[101.54085,3.14959],[101.54089,3.14953],[101.54094,3.14948],[101.541,3.14945],[101.54109,3.14943],[101.54123,3.14942],[101.54136,3.1494],[101.54146,3.14939],[101.54156,3.14936],[101.54167,3.14932],[101.54176,3.14928],[101.54188,3.14923],[101.54198,3.14917],[101.54207,3.14909],[101.54215,3.149],[101.54222,3.14893],[101.54229,3.14883],[101.54236,3.14871],[101.54242,3.1486],[101.54247,3.14848],[101.54253,3.14836],[101.54259,3.14824],[101.54267,3.1481],[101.54273,3.148],[101.54279,3.14789],[101.54284,3.14771],[101.54286,3.14759],[101.5429,3.14741],[101.54294,3.14726],[101.54298,3.14712],[101.54304,3.14698],[101.54309,3.14684],[101.54318,3.14668],[101.54327,3.14656],[101.54336,3.14649],[101.54344,3.14645],[101.54358,3.14645],[101.5437,3.14645],[101.54381,3.14643],[101.54394,3.1464],[101.54406,3.14633],[101.5442,3.14622],[101.5443,3.14615],[101.54441,3.14608],[101.54455,3.146],[101.5447,3.14592],[101.54488,3.14588],[101.54515,3.14582],[101.54538,3.14578],[101.54564,3.14576],[101.54588,3.14574],[101.54611,3.14571],[101.54626,3.14567],[101.5464,3.14563],[101.54648,3.14558],[101.54655,3.14551],[101.5466,3.14542],[101.54663,3.14527],[101.54667,3.14511],[101.54671,3.14499],[101.54676,3.14483],[101.54681,3.14473],[101.5469,3.14461],[101.54696,3.14454],[101.54704,3.14446],[101.54711,3.14436],[101.54716,3.14424],[101.54722,3.14407],[101.54727,3.14392],[101.54734,3.14374],[101.54739,3.14356],[101.54743,3.14338],[101.54749,3.14313],[101.54755,3.14294],[101.5476,3.14276],[101.54766,3.14258],[101.54772,3.14242],[101.54779,3.14224],[101.54786,3.14206],[101.54791,3.14194],[101.54798,3.14183],[101.54807,3.14175],[101.54818,3.14168],[101.54831,3.14158],[101.54843,3.1415],[101.54851,3.14142],[101.54857,3.14134],[101.54864,3.1412],[101.54871,3.14104],[101.54877,3.14093],[101.54884,3.14084],[101.54894,3.14076],[101.54909,3.14067],[101.54924,3.14059],[101.54938,3.1405],[101.54945,3.14042],[101.54949,3.14033],[101.54954,3.14024],[101.54959,3.14017],[101.54965,3.14011],[101.54974,3.14007],[101.54983,3.14007],[101.54996,3.1401],[101.55018,3.14015],[101.55047,3.14023],[101.55069,3.14029],[101.55091,3.14034],[101.55112,3.14039],[101.55131,3.14043],[101.55143,3.14043],[101.55155,3.14042],[101.55161,3.14038],[101.55167,3.14032],[101.55176,3.14013],[101.5518,3.14003],[101.55184,3.13985],[101.55187,3.13966],[101.55191,3.13946],[101.55194,3.13929],[101.55198,3.1391],[101.552,3.13893],[101.55204,3.13876],[101.55206,3.13857],[101.5521,3.13838],[101.55213,3.13819],[101.55216,3.13801],[101.55221,3.1378],[101.55223,3.13762],[101.55226,3.13742],[101.55229,3.13729],[101.55233,3.13717],[101.55238,3.13709],[101.55248,3.13698],[101.55259,3.13688],[101.55278,3.13676],[101.55295,3.13664],[101.55315,3.1365],[101.55329,3.13642],[101.55347,3.13629],[101.55358,3.13621],[101.55376,3.13611],[101.55394,3.136],[101.55414,3.13588],[101.5543,3.13576],[101.55449,3.13562],[101.55467,3.13548],[101.55483,3.13536],[101.55502,3.13519],[101.55517,3.13506],[101.55533,3.13492],[101.55549,3.13477],[101.55566,3.13461],[101.55583,3.13444],[101.556,3.13427],[101.55612,3.13415],[101.55626,3.134]]}},{"type":"Feature","properties":{"name":"Sungai Pelumut","waterway":"river"},"geometry":{"type":"LineString","coordinates":[[101.52541,3.13964],[101.52583,3.13984]]}},{"type":"Feature","properties":{"name":"Sungai Pelumut","waterway":"river"},"geometry":{"type":"LineString","coordinates":[[101.52518,3.13948],[101.5252,3.13957],[101.52531,3.13963],[101.52541,3.13964]]}},{"type":"Feature","properties":{"name":"Sungai Pelumut","waterway":"river"},"geometry":{"type":"LineString","coordinates":[[101.52459,3.13901],[101.52518,3.13948]]}},{"type":"Feature","properties":{"name":"Sungai Pelumut","waterway":"river"},"geometry":{"type":"LineString","coordinates":[[101.52226,3.13617],[101.52227,3.13622],[101.52229,3.13632],[101.52235,3.13641],[101.52246,3.13657],[101.52252,3.13672],[101.5226,3.13683],[101.52267,3.13696],[101.52275,3.13709],[101.52274,3.13719],[101.5228,3.13725],[101.52298,3.1374],[101.52306,3.13747],[101.52307,3.13752],[101.52318,3.13766],[101.52331,3.13785],[101.52334,3.1379],[101.52336,3.13792],[101.52348,3.13797],[101.52371,3.13813],[101.52383,3.1383],[101.52385,3.13836],[101.52398,3.13849],[101.52402,3.13851],[101.52411,3.13852],[101.52417,3.13854],[101.52428,3.13858],[101.52446,3.13871],[101.5245,3.1389],[101.52459,3.13901]]}},{"type":"Feature","properties":{"name":"Sungai Pelumut","waterway":"river"},"geometry":{"type":"LineString","coordinates":[[101.52224,3.13595],[101.52226,3.13617]]}},{"type":"Feature","properties":{"name":"Sungai Pelumut","waterway":"river"},"geometry":{"type":"LineString","coordinates":[[101.52192,3.13571],[101.52213,3.13583],[101.52221,3.1359],[101.52224,3.13592],[101.52224,3.13595]]}},{"type":"Feature","properties":{"name":"Sungai Pelampas","waterway":"river"},"geometry":{"type":"LineString","coordinates":[[101.50929,3.14838],[101.50932,3.14854]]}},{"type":"Feature","properties":{"name":"Sungai Pelampas","waterway":"river"},"geometry":{"type":"LineString","coordinates":[[101.50594,3.14693],[101.50611,3.14709],[101.50633,3.14736],[101.50643,3.14774],[101.50649,3.14786],[101.50661,3.14801],[101.50665,3.14809],[101.50672,3.14817],[101.50683,3.14822],[101.50692,3.14825],[101.50731,3.14825],[101.50748,3.14826],[101.50777,3.14826],[101.50796,3.14825],[101.50806,3.14825],[101.50823,3.14825],[101.50843,3.14827],[101.50863,3.14828],[101.50875,3.14828],[101.50889,3.14828],[101.50901,3.14823],[101.50908,3.1482],[101.50921,3.14824],[101.5093,3.1483],[101.50929,3.14838]]}},{"type":"Feature","properties":{"name":"Sungai Pelampas","waterway":"river"},"geometry":{"type":"LineString","coordinates":[[101.50563,3.14663],[101.50594,3.14693]]}},{"type":"Feature","properties":{"name":"Sungai Pelampas","waterway":"river"},"geometry":{"type":"LineString","coordinates":[[101.5014,3.14018],[101.5017,3.14016],[101.50183,3.14021],[101.50207,3.1404],[101.50228,3.14074],[101.50244,3.14087],[101.50307,3.1409],[101.50362,3.14101],[101.50386,3.14202],[101.50413,3.14292],[101.5045,3.14395],[101.50476,3.14493],[101.50493,3.14614],[101.50501,3.14631],[101.50528,3.14647],[101.50551,3.14652],[101.50563,3.14663]]}},{"type":"Feature","properties":{"name":"Sungai Pelampas","waterway":"river"},"geometry":{"type":"LineString","coordinates":[[101.50052,3.13948],[101.50071,3.13963],[101.50096,3.14013],[101.5014,3.14018]]}},{"type":"Feature","properties":{"name":"Sungai Pelampas","waterway":"river"},"geometry":{"type":"LineString","coordinates":[[101.50018,3.13425],[101.50016,3.13452],[101.50007,3.13469],[101.5001,3.13495],[101.50008,3.13521],[101.50004,3.13553],[101.5,3.13595],[101.49999,3.13619],[101.49992,3.13667],[101.49994,3.13697],[101.49991,3.13724],[101.49989,3.13753],[101.49986,3.13782],[101.49983,3.13817],[101.4998,3.13848],[101.49978,3.13883],[101.49979,3.1389],[101.49984,3.13904],[101.49999,3.13919],[101.50014,3.1393],[101.50029,3.13948],[101.50039,3.1395],[101.50052,3.13948]]}},{"type":"Feature","properties":{"name":"Sungai Pelampas","waterway":"river"},"geometry":{"type":"LineString","coordinates":[[101.50001,3.13324],[101.50018,3.13425]]}},{"type":"Feature","properties":{"name":"Sungai Pelampas","waterway":"river"},"geometry":{"type":"LineString","coordinates":[[101.50003,3.12865],[101.50009,3.12867],[101.5001,3.12894],[101.50009,3.12913],[101.50012,3.12932],[101.50012,3.1296],[101.50013,3.12968],[101.50013,3.12991],[101.50015,3.12999],[101.50013,3.13002],[101.50012,3.13009],[101.50017,3.13018],[101.50013,3.1303],[101.50009,3.1306],[101.50008,3.13104],[101.50007,3.13146],[101.50007,3.13162],[101.49998,3.13183],[101.49983,3.13218],[101.49977,3.1324],[101.49988,3.13252],[101.50004,3.13257],[101.50006,3.13267],[101.50004,3.13273],[101.50005,3.13294],[101.50003,3.13317],[101.50001,3.13324]]}},{"type":"Feature","properties":{"name":null,"waterway":"river"},"geometry":{"type":"LineString","coordinates":[[101.65297,2.89699],[101.65261,2.89572],[101.65254,2.89547],[101.6526,2.89506],[101.6529,2.89434]]}},{"type":"Feature","properties":{"name":"Sungai Batang Benar","waterway":"river"},"geometry":{"type":"LineString","coordinates":[[101.82462,2.84821],[101.82465,2.84842],[101.82462,2.84869],[101.82464,2.84896],[101.82454,2.84926],[101.82444,2.84938],[101.82427,2.84948],[101.82416,2.84969],[101.82421,2.84999],[101.82422,2.85016],[101.82418,2.85027],[101.82411,2.85035],[101.82406,2.85038],[101.82394,2.85038],[101.82379,2.85047],[101.82359,2.85061],[101.82333,2.85078],[101.82321,2.85095],[101.82316,2.85115],[101.82317,2.85135],[101.82322,2.85146],[101.82332,2.85155],[101.82338,2.85161],[101.82339,2.85168],[101.82338,2.85173],[101.82332,2.85177],[101.82312,2.85177],[101.82304,2.85176],[101.82299,2.85185],[101.82302,2.85218],[101.82296,2.85244],[101.8228,2.85274],[101.8227,2.85319],[101.82257,2.85334],[101.82247,2.85345],[101.8224,2.85361],[101.82242,2.85398],[101.82235,2.85413],[101.82224,2.85425],[101.82218,2.85442],[101.82219,2.85458],[101.82216,2.85473],[101.82199,2.85537],[101.82194,2.85557],[101.82185,2.85603],[101.82191,2.85628],[101.82198,2.85649],[101.82218,2.85663],[101.82236,2.85679],[101.82235,2.85688],[101.82229,2.85698],[101.8222,2.85704],[101.82215,2.85704],[101.82195,2.85695],[101.82178,2.8569],[101.82164,2.85691],[101.82156,2.85692],[101.82152,2.85698],[101.82151,2.85706],[101.82151,2.85718],[101.82156,2.85732],[101.82162,2.8575],[101.82175,2.85782],[101.82185,2.85819],[101.82187,2.85839],[101.82191,2.85846],[101.82207,2.85862],[101.82219,2.85874],[101.82221,2.85885],[101.8222,2.85895],[101.82214,2.85907],[101.82211,2.85918],[101.82213,2.85924],[101.82219,2.85928],[101.82225,2.85937],[101.82243,2.85951],[101.82253,2.85961],[101.82257,2.85973],[101.82263,2.85987],[101.82279,2.86008],[101.82287,2.86029],[101.82296,2.86045],[101.82307,2.86059],[101.8232,2.86071],[101.82333,2.86079],[101.82345,2.86088],[101.82352,2.86099],[101.82357,2.86123],[101.82364,2.86147],[101.82382,2.86167],[101.82401,2.86182],[101.82408,2.86204],[101.82417,2.86217],[101.82432,2.86224],[101.8248,2.86256],[101.82494,2.86269],[101.82499,2.8628],[101.82502,2.86295],[101.82511,2.86308],[101.82524,2.86318],[101.82541,2.8633],[101.82559,2.8634],[101.82578,2.86347],[101.82604,2.86368],[101.82635,2.86382],[101.82649,2.864],[101.82667,2.86413],[101.82688,2.86425],[101.82705,2.86438],[101.82721,2.86448],[101.82739,2.8646],[101.82758,2.86467],[101.82778,2.86472],[101.8279,2.86473],[101.82825,2.86483],[101.82841,2.86498],[101.82865,2.86509],[101.82887,2.86518],[101.82904,2.8652],[101.82924,2.86516],[101.82936,2.86505],[101.82962,2.86501],[101.82972,2.86504],[101.8299,2.86501],[101.83,2.86496],[101.83004,2.86486],[101.83015,2.86477],[101.83035,2.86469],[101.83058,2.8647],[101.8308,2.86465],[101.83096,2.8646],[101.83111,2.86459],[101.83127,2.86464],[101.83131,2.86467],[101.83133,2.86474],[101.83136,2.86479],[101.83145,2.86482],[101.83163,2.86489],[101.83177,2.86496],[101.83189,2.86509],[101.83193,2.86523],[101.83201,2.86531],[101.83219,2.86542],[101.83231,2.86551],[101.83244,2.86566],[101.83268,2.86584],[101.83292,2.86592],[101.83308,2.86596],[101.83339,2.86613],[101.83363,2.8664],[101.8338,2.86644],[101.83393,2.86655],[101.83405,2.86667],[101.83437,2.8672],[101.83457,2.86757],[101.8346,2.86775],[101.83458,2.86783],[101.83448,2.868],[101.83449,2.86813],[101.83453,2.86828],[101.83463,2.86853],[101.83477,2.86859],[101.83488,2.86872],[101.83497,2.86899],[101.83504,2.86924],[101.8354,2.86955],[101.83549,2.86968]]}},{"type":"Feature","properties":{"name":"Sungai Penaga","waterway":"river"},"geometry":{"type":"LineString","coordinates":[[101.59894,3.06547],[101.59893,3.06374]]}},{"type":"Feature","properties":{"name":null,"waterway":"canal"},"geometry":{"type":"LineString","coordinates":[[101.42976,2.80625],[101.4293,2.80755],[101.42883,2.80884],[101.42837,2.81012],[101.42803,2.81103],[101.42758,2.81219],[101.4273,2.81305],[101.42687,2.81422]]}},{"type":"Feature","properties":{"name":"Sungai Raba","waterway":"canal"},"geometry":{"type":"LineString","coordinates":[[101.44833,2.81965],[101.44807,2.81939],[101.4478,2.81911],[101.44754,2.81888],[101.44647,2.81821],[101.44451,2.81698],[101.44428,2.81684],[101.44278,2.81656],[101.44223,2.81646],[101.44153,2.81635],[101.4407,2.81631],[101.4402,2.81631],[101.43997,2.81628],[101.43951,2.81618],[101.43906,2.81606],[101.43871,2.81593],[101.43823,2.81574],[101.43796,2.81562],[101.43766,2.81544],[101.43679,2.81495],[101.43569,2.81435],[101.43534,2.81415],[101.43519,2.81411],[101.43501,2.81416],[101.43433,2.8143],[101.43299,2.81458],[101.43232,2.81471],[101.43191,2.8148],[101.43168,2.81483],[101.43132,2.81486],[101.43058,2.8149],[101.43025,2.81489],[101.42978,2.81486],[101.42946,2.81483],[101.42899,2.81475],[101.4284,2.81466],[101.42826,2.81461],[101.42788,2.81452],[101.42741,2.81443],[101.42723,2.8144],[101.42708,2.81434],[101.42687,2.81422],[101.42659,2.81409],[101.4263,2.81403],[101.42601,2.81398],[101.4257,2.81386],[101.42536,2.81367],[101.42488,2.81336],[101.42451,2.81313],[101.42389,2.81282],[101.42353,2.8127],[101.42311,2.8126],[101.42274,2.81254],[101.42196,2.81245],[101.42151,2.81235],[101.42107,2.81215],[101.42019,2.81169],[101.41997,2.81166],[101.41811,2.81203],[101.41777,2.8121],[101.41706,2.81233],[101.41462,2.81281]]}},{"type":"Feature","properties":{"name":null,"waterway":"canal"},"geometry":{"type":"LineString","coordinates":[[101.42982,2.8061],[101.42976,2.80625]]}},{"type":"Feature","properties":{"name":"Sungai Ingat","waterway":"canal"},"geometry":{"type":"LineString","coordinates":[[101.45684,2.84076],[101.45635,2.8407],[101.45549,2.84064],[101.45462,2.84057],[101.4538,2.84049],[101.4531,2.84041],[101.45196,2.84035],[101.45074,2.84023],[101.45012,2.84016],[101.44955,2.84012],[101.44881,2.84003],[101.44835,2.84],[101.44753,2.83994],[101.44682,2.83988],[101.44663,2.83985],[101.44476,2.83965],[101.44313,2.84045],[101.44289,2.84056],[101.44143,2.84082],[101.43996,2.84102],[101.43864,2.84118],[101.43738,2.84161],[101.43538,2.84231],[101.43389,2.84274],[101.43377,2.84279],[101.43367,2.84285],[101.43306,2.84326],[101.43291,2.84339],[101.43229,2.8446],[101.43219,2.84475],[101.43209,2.84545],[101.43207,2.84553],[101.43142,2.84626],[101.43109,2.84648],[101.4302,2.84737],[101.43007,2.84747],[101.42935,2.84776],[101.42839,2.84814],[101.42818,2.84819],[101.42655,2.84813],[101.42393,2.84799],[101.42255,2.84787]]}},{"type":"Feature","properties":{"name":null,"waterway":"canal"},"geometry":{"type":"LineString","coordinates":[[101.45697,2.84076],[101.45684,2.84076]]}},{"type":"Feature","properties":{"name":null,"waterway":"canal"},"geometry":{"type":"LineString","coordinates":[[101.46129,2.84238],[101.46063,2.84206],[101.45951,2.8415],[101.45847,2.841],[101.45828,2.84091],[101.45816,2.84087],[101.45802,2.84086],[101.45742,2.84081],[101.4571,2.84078],[101.45697,2.84076]]}},{"type":"Feature","properties":{"name":"Sungai Sijangkang","waterway":"canal"},"geometry":{"type":"LineString","coordinates":[[101.4758,2.94973],[101.47511,2.95975],[101.47506,2.95978],[101.47123,2.9598],[101.46762,2.95976],[101.4672,2.9597],[101.46688,2.95958],[101.46518,2.95881],[101.46455,2.9586],[101.46253,2.95798],[101.46024,2.95681],[101.459,2.9562],[101.45797,2.95569],[101.45666,2.95421],[101.45479,2.95387],[101.45352,2.9542],[101.45268,2.95402],[101.4515,2.95378],[101.44724,2.95351],[101.44569,2.95346],[101.44459,2.95316],[101.4418,2.9532],[101.44023,2.95359],[101.43869,2.95483],[101.43765,2.9551],[101.43534,2.95483],[101.43395,2.95424],[101.43343,2.95427],[101.43311,2.95473],[101.43279,2.95585],[101.43252,2.95746]]}},{"type":"Feature","properties":{"name":null,"waterway":"canal"},"geometry":{"type":"LineString","coordinates":[[101.73274,2.95736],[101.73283,2.95744],[101.73307,2.95759],[101.73405,2.95814],[101.73422,2.95825],[101.73434,2.95836],[101.73472,2.95869],[101.73481,2.95874],[101.7349,2.95877],[101.73669,2.95872],[101.73699,2.95876],[101.73771,2.95891],[101.73787,2.95894],[101.73882,2.95879],[101.73939,2.95868],[101.73982,2.95868],[101.74005,2.95866],[101.74078,2.95867],[101.7456,2.9586],[101.74618,2.95861],[101.74668,2.95856],[101.7474,2.95859],[101.74756,2.95866]]}},{"type":"Feature","properties":{"name":"Sungai Air Hitam","waterway":"river"},"geometry":{"type":"LineString","coordinates":[[101.74786,2.95886],[101.74789,2.95887],[101.74801,2.95892],[101.74814,2.95893],[101.7483,2.95885],[101.74969,2.95667],[101.74991,2.9565],[101.7503,2.95636],[101.75064,2.95636],[101.75297,2.95697],[101.75449,2.95734],[101.75479,2.95735],[101.75498,2.9573],[101.75512,2.95709],[101.75524,2.95681],[101.75537,2.95671],[101.75558,2.95666]]}},{"type":"Feature","properties":{"name":null,"waterway":"canal"},"geometry":{"type":"LineString","coordinates":[[101.74756,2.95866],[101.74786,2.95886]]}},{"type":"Feature","properties":{"name":"Sungai Air Hitam","waterway":"river"},"geometry":{"type":"LineString","coordinates":[[101.75558,2.95666],[101.75595,2.95672]]}},{"type":"Feature","properties":{"name":"Sungai Air Hitam","waterway":"river"},"geometry":{"type":"LineString","coordinates":[[101.75595,2.95672],[101.75598,2.95673],[101.7574,2.95734],[101.75799,2.95748],[101.75871,2.95758],[101.75902,2.95776],[101.76009,2.96089],[101.75981,2.96198],[101.7598,2.96247],[101.75939,2.96463],[101.7594,2.96497],[101.75957,2.96531],[101.7599,2.96555],[101.76035,2.96562],[101.76389,2.96564],[101.76559,2.96563],[101.76612,2.9657],[101.76676,2.96603],[101.76723,2.96666],[101.76753,2.9676],[101.77244,2.96763],[101.77377,2.9673],[101.77476,2.96627],[101.77521,2.96609],[101.77741,2.96636],[101.78577,2.96631],[101.7858,2.96598]]}},{"type":"Feature","properties":{"name":"Sungai Sekah","waterway":"river"},"geometry":{"type":"LineString","coordinates":[[101.79877,2.81667],[101.79883,2.81628],[101.79874,2.8157],[101.79872,2.81501],[101.79895,2.81382],[101.79908,2.81322],[101.79913,2.81283],[101.79914,2.81239],[101.79918,2.81173],[101.79918,2.81137],[101.79915,2.81111],[101.799,2.81091],[101.79878,2.81081],[101.79873,2.81044],[101.79873,2.80994],[101.79866,2.80979],[101.79853,2.80953],[101.79847,2.80937],[101.79845,2.80924],[101.79844,2.80909],[101.79848,2.80898],[101.79862,2.80889],[101.79865,2.80884],[101.79866,2.80877],[101.79862,2.80867],[101.79853,2.80859],[101.79848,2.80848],[101.7984,2.80827],[101.79828,2.80807],[101.79824,2.80792],[101.79822,2.80776],[101.79822,2.80765],[101.79829,2.80753],[101.79835,2.80746],[101.79837,2.80737],[101.79829,2.80728],[101.79818,2.80722],[101.79812,2.80714],[101.79806,2.807],[101.79802,2.80686],[101.79801,2.80671],[101.79798,2.80667],[101.79795,2.80654],[101.798,2.80644],[101.79799,2.80639],[101.79796,2.80634],[101.7979,2.80632],[101.79781,2.80635],[101.79773,2.80633],[101.79765,2.80625],[101.79759,2.80616],[101.79744,2.80606],[101.79734,2.80603],[101.79714,2.80603],[101.79703,2.80599],[101.79692,2.80591],[101.79683,2.80584],[101.79672,2.80576],[101.79666,2.80568],[101.79662,2.80559],[101.79662,2.80551],[101.79665,2.80535],[101.79662,2.80527],[101.79658,2.80524],[101.79648,2.8052],[101.79627,2.80506],[101.79621,2.80496],[101.79619,2.8049],[101.79609,2.80481],[101.79602,2.80475],[101.7959,2.80467],[101.79581,2.80459],[101.79572,2.80448],[101.79561,2.8044],[101.79546,2.80431],[101.79531,2.80423],[101.79522,2.80418],[101.79517,2.80399],[101.79505,2.80367],[101.79505,2.8036],[101.79505,2.80343],[101.79494,2.80321],[101.79494,2.80304],[101.79492,2.80297],[101.79486,2.80294],[101.79481,2.80295],[101.79475,2.803],[101.79464,2.80304],[101.79457,2.80301],[101.79452,2.80295],[101.79448,2.80287],[101.79449,2.80282],[101.79457,2.80278],[101.7946,2.80271],[101.7946,2.80265],[101.79455,2.80262],[101.79442,2.8026],[101.79433,2.80262],[101.79428,2.80266],[101.79422,2.8028],[101.79418,2.80283],[101.79411,2.80284],[101.79406,2.80282],[101.79403,2.80277],[101.79401,2.80265],[101.794,2.80258],[101.79395,2.80253],[101.79388,2.80253],[101.79348,2.80262],[101.79327,2.80255],[101.79297,2.80247],[101.79278,2.8024],[101.79268,2.80231],[101.79253,2.80229]]}},{"type":"Feature","properties":{"name":null,"waterway":"river"},"geometry":{"type":"LineString","coordinates":[[101.78198,2.81276],[101.78222,2.81248]]}},{"type":"Feature","properties":{"name":null,"waterway":"river"},"geometry":{"type":"LineString","coordinates":[[101.78193,2.81282],[101.78198,2.81276]]}},{"type":"Feature","properties":{"name":"Sungai Chelet","waterway":"river"},"geometry":{"type":"LineString","coordinates":[[101.77626,2.79805],[101.77628,2.79788]]}},{"type":"Feature","properties":{"name":"Sungai Sekah","waterway":"river"},"geometry":{"type":"LineString","coordinates":[[101.79189,2.80196],[101.79183,2.80192]]}},{"type":"Feature","properties":{"name":"Sungai Sekah","waterway":"river"},"geometry":{"type":"LineString","coordinates":[[101.79253,2.80229],[101.79217,2.80215],[101.79189,2.80196]]}},{"type":"Feature","properties":{"name":"Sungai Chelet","waterway":"river"},"geometry":{"type":"LineString","coordinates":[[101.77628,2.79788],[101.77623,2.79745],[101.77626,2.79718],[101.77645,2.79698],[101.77654,2.7969],[101.77659,2.79661],[101.77644,2.79633]]}},{"type":"Feature","properties":{"name":"Sungai Chelet","waterway":"river"},"geometry":{"type":"LineString","coordinates":[[101.78222,2.81248],[101.78231,2.81238],[101.78233,2.81221],[101.78225,2.81203],[101.78205,2.81191],[101.78192,2.81183],[101.78197,2.81167],[101.78197,2.81144],[101.78188,2.8113],[101.78171,2.8111],[101.78178,2.81087],[101.78178,2.81064],[101.78167,2.81006],[101.78158,2.80981],[101.78157,2.80954],[101.78166,2.8093],[101.78192,2.80914],[101.78201,2.80889],[101.78197,2.80871],[101.78177,2.80858],[101.78152,2.80854],[101.78137,2.80844],[101.78144,2.80826],[101.78155,2.80816],[101.78161,2.80803],[101.78154,2.80784],[101.78133,2.80764],[101.78106,2.80752],[101.78084,2.80737],[101.78062,2.80707],[101.78062,2.80687],[101.78049,2.8067],[101.78031,2.80641],[101.78017,2.80632],[101.78001,2.80631],[101.77988,2.80624],[101.77979,2.80613],[101.77971,2.80558],[101.77971,2.80491],[101.7795,2.8045],[101.77929,2.8043],[101.77891,2.80415],[101.77877,2.80396],[101.77875,2.80368],[101.77859,2.80332],[101.77844,2.80309],[101.77839,2.80293],[101.77834,2.80262],[101.77812,2.80238],[101.77805,2.80225],[101.77799,2.80196],[101.77781,2.80174],[101.77771,2.80152],[101.77752,2.80124],[101.77731,2.80106],[101.77712,2.80095],[101.777,2.8008],[101.7769,2.80061],[101.77681,2.80049],[101.77668,2.80037],[101.77657,2.80013],[101.77655,2.7999],[101.77651,2.79971],[101.77646,2.79959],[101.77631,2.79946],[101.77613,2.79912],[101.77599,2.79883],[101.77599,2.7987],[101.77611,2.79839],[101.77626,2.79805]]}},{"type":"Feature","properties":{"name":"Sungai Rasau","waterway":"river"},"geometry":{"type":"LineString","coordinates":[[101.51814,3.01209],[101.51835,3.01278],[101.51853,3.01339],[101.51908,3.0152],[101.51903,3.01551],[101.51902,3.01563],[101.51897,3.01583],[101.51897,3.0159],[101.51901,3.01595],[101.51925,3.0162],[101.51961,3.01674],[101.52046,3.01705],[101.52079,3.01719],[101.52122,3.01734],[101.5215,3.01741],[101.52164,3.01744],[101.52187,3.01756],[101.52215,3.01787],[101.52233,3.01806],[101.52258,3.01845],[101.52266,3.01858],[101.52272,3.01866],[101.52275,3.01875],[101.52292,3.01886],[101.52313,3.01907],[101.52329,3.01926],[101.52344,3.01939],[101.52365,3.01959],[101.52376,3.01973],[101.52384,3.01984],[101.52389,3.01995],[101.52394,3.02008],[101.52399,3.02032],[101.52406,3.0205],[101.52407,3.02076],[101.52407,3.02087],[101.52407,3.02099],[101.52418,3.02128],[101.52423,3.02143],[101.52426,3.02165],[101.52427,3.02175],[101.52425,3.02183],[101.52422,3.02193],[101.52416,3.02213],[101.52408,3.02247],[101.52403,3.02271],[101.524,3.02288],[101.52395,3.02317],[101.52392,3.02341],[101.52379,3.02407],[101.52384,3.02452],[101.52388,3.02469],[101.52393,3.02487],[101.52401,3.02495],[101.52412,3.02498],[101.52431,3.02501],[101.52464,3.02506],[101.52482,3.02514],[101.52485,3.02523],[101.52486,3.02637],[101.5249,3.02674],[101.52488,3.02778],[101.52491,3.02802],[101.52498,3.0282],[101.52505,3.02833],[101.52518,3.02856],[101.52531,3.02869],[101.52557,3.02904],[101.5256,3.02922],[101.52556,3.02946],[101.52536,3.02963],[101.52522,3.02993],[101.52507,3.03048],[101.52461,3.03059],[101.52427,3.03053],[101.52398,3.03059],[101.52381,3.03074],[101.52372,3.03091],[101.52376,3.03121],[101.52402,3.03173],[101.52396,3.03246],[101.524,3.03301],[101.52395,3.03316],[101.52392,3.03325],[101.52317,3.03357]]}},{"type":"Feature","properties":{"name":null,"waterway":"river"},"geometry":{"type":"LineString","coordinates":[[101.65567,2.95017],[101.65554,2.94945]]}},{"type":"Feature","properties":{"name":null,"waterway":"river"},"geometry":{"type":"LineString","coordinates":[[101.65656,2.95173],[101.65594,2.95122],[101.65577,2.95094],[101.65567,2.95017]]}},{"type":"Feature","properties":{"name":"Sungai Hampar","waterway":"river"},"geometry":{"type":"LineString","coordinates":[[101.57889,3.19174],[101.57848,3.19159]]}},{"type":"Feature","properties":{"name":"Sungai Aur","waterway":"river"},"geometry":{"type":"LineString","coordinates":[[101.42036,3.00109],[101.42016,3.0011]]}},{"type":"Feature","properties":{"name":"Sungai Aur","waterway":"river"},"geometry":{"type":"LineString","coordinates":[[101.42016,3.0011],[101.41989,3.00105],[101.41963,3.00093],[101.41955,3.00078],[101.41952,3.00059],[101.41931,3.00043],[101.41906,3.00029],[101.41893,3.00014],[101.41882,2.99994]]}},{"type":"Feature","properties":{"name":null,"waterway":"canal"},"geometry":{"type":"LineString","coordinates":[[101.63544,2.92592],[101.63543,2.92711],[101.63543,2.92738],[101.63538,2.92751],[101.63532,2.9276],[101.63353,2.92773]]}},{"type":"Feature","properties":{"name":"Sungai Semungkis","waterway":"river"},"geometry":{"type":"LineString","coordinates":[[101.82254,3.18803],[101.82302,3.18768],[101.8235,3.18708],[101.82365,3.18668],[101.82391,3.18611],[101.82392,3.18566],[101.82418,3.18526],[101.82444,3.18496],[101.82461,3.18416],[101.82455,3.18314],[101.82429,3.18235],[101.82415,3.1815],[101.82419,3.18085],[101.82437,3.18057],[101.82452,3.17962],[101.82459,3.17895],[101.82467,3.17841],[101.82486,3.17776],[101.82508,3.17737],[101.82531,3.17695],[101.82588,3.17596],[101.82597,3.17559],[101.82593,3.17532],[101.82595,3.1749],[101.82597,3.17431],[101.82605,3.17403],[101.82605,3.17377],[101.82626,3.1734],[101.82648,3.17333],[101.82685,3.17304],[101.82688,3.17277],[101.82687,3.17226],[101.82678,3.17165],[101.82649,3.17116],[101.8263,3.17071],[101.8262,3.17016],[101.82634,3.16948],[101.82653,3.1691],[101.82669,3.16872],[101.82688,3.16799],[101.82695,3.16736],[101.82694,3.16724],[101.82681,3.16691],[101.82679,3.16663],[101.82676,3.16648],[101.82675,3.16632],[101.82677,3.16615],[101.82669,3.16603],[101.82667,3.16585],[101.8267,3.16567],[101.8267,3.16544],[101.82665,3.16506],[101.82687,3.16458],[101.82692,3.1643],[101.82691,3.164],[101.82688,3.16388],[101.82688,3.16371],[101.82694,3.16356],[101.82703,3.16341],[101.82699,3.16324],[101.82677,3.16271],[101.8267,3.16258],[101.82668,3.16241],[101.82675,3.16215],[101.82683,3.16197],[101.827,3.16184],[101.82707,3.16172],[101.82711,3.16156],[101.82716,3.16135],[101.82714,3.16116],[101.82713,3.16096],[101.82715,3.16082],[101.82722,3.16065],[101.82724,3.16041],[101.82722,3.16008],[101.82718,3.15965],[101.82702,3.1592],[101.82695,3.15886],[101.82692,3.15862],[101.82687,3.15811],[101.82666,3.15764],[101.82658,3.15733],[101.82659,3.1571],[101.82659,3.15693],[101.82664,3.15682],[101.82675,3.15672],[101.8268,3.1566],[101.82679,3.15644],[101.82671,3.15616],[101.82659,3.15584],[101.82643,3.15543],[101.82642,3.15484],[101.82638,3.15467],[101.82637,3.15454],[101.8264,3.1544],[101.82647,3.15421],[101.82658,3.154],[101.82657,3.15372],[101.82659,3.15345],[101.82658,3.15325],[101.82658,3.153],[101.8265,3.15266],[101.82649,3.15222],[101.82649,3.15212],[101.82657,3.15178],[101.82656,3.15173],[101.82649,3.15161],[101.82662,3.15123],[101.82663,3.15091],[101.82657,3.15074],[101.82648,3.15059],[101.82641,3.15052],[101.8264,3.1504],[101.82641,3.15017],[101.82647,3.1499],[101.82653,3.14967],[101.82654,3.1493],[101.82665,3.14924],[101.82667,3.14923],[101.82672,3.14921],[101.827,3.14856],[101.82703,3.14808],[101.82682,3.14731],[101.82688,3.14691],[101.82687,3.14684],[101.82682,3.14679],[101.8267,3.14676],[101.82644,3.14663],[101.82637,3.14655],[101.82628,3.14643],[101.8262,3.14629],[101.82615,3.14613],[101.82619,3.14591],[101.82617,3.14576],[101.82612,3.14566],[101.82605,3.14549],[101.826,3.14525],[101.82593,3.14503],[101.82596,3.14481],[101.82593,3.14457],[101.82586,3.14446],[101.82575,3.1443],[101.82564,3.14411],[101.82557,3.14383],[101.8256,3.14353],[101.82569,3.14335],[101.82571,3.1432],[101.82569,3.143],[101.82574,3.14269],[101.82571,3.14254],[101.82563,3.1424],[101.82556,3.14223],[101.82549,3.14192],[101.82549,3.14162],[101.82554,3.14141],[101.8256,3.14124],[101.82574,3.14113],[101.8259,3.14093],[101.82589,3.14073],[101.82574,3.14055],[101.82558,3.14038],[101.82557,3.14019],[101.82562,3.14004],[101.82569,3.13981],[101.82566,3.13963],[101.82547,3.13952],[101.82506,3.13938],[101.82447,3.13921],[101.8242,3.13912],[101.82403,3.13885],[101.82394,3.1387],[101.8239,3.13839],[101.82371,3.13807],[101.82368,3.13781],[101.82354,3.13758],[101.82322,3.13704],[101.82311,3.13687],[101.82301,3.13673],[101.82298,3.13658],[101.82304,3.13637],[101.8231,3.13623],[101.8232,3.13619],[101.82331,3.13623],[101.82343,3.13624],[101.82357,3.13618],[101.82381,3.13588],[101.82396,3.13556],[101.82395,3.1353],[101.82388,3.13498],[101.82388,3.13479],[101.82394,3.13461],[101.82395,3.13448],[101.82394,3.13439],[101.82388,3.13433],[101.82386,3.13425],[101.82388,3.1342],[101.82399,3.13418],[101.8241,3.13412],[101.82415,3.13405],[101.82419,3.13396],[101.82413,3.13366],[101.82403,3.13345],[101.82391,3.13334],[101.82388,3.13333],[101.82371,3.13331],[101.82368,3.1333],[101.82361,3.13322],[101.82355,3.1331],[101.8235,3.13284],[101.82334,3.13257],[101.82326,3.13242],[101.82317,3.13226],[101.82317,3.13215],[101.82323,3.13188],[101.82331,3.13165],[101.82347,3.13126],[101.82358,3.13094],[101.82368,3.13078],[101.82379,3.13066],[101.82381,3.13057],[101.82378,3.13039],[101.82375,3.13014],[101.82376,3.12938],[101.82377,3.12904],[101.82377,3.12868],[101.82377,3.12815],[101.8237,3.12785],[101.8238,3.1274],[101.82354,3.12679],[101.82349,3.1266],[101.82352,3.12649],[101.8237,3.12643],[101.82397,3.12649],[101.8241,3.1265],[101.82424,3.1264],[101.82426,3.12622],[101.82418,3.126],[101.82409,3.12566],[101.82403,3.12531],[101.82404,3.12521],[101.82446,3.12478],[101.82455,3.1246],[101.82453,3.12426],[101.82457,3.12401],[101.82457,3.12368],[101.82452,3.12352],[101.82442,3.12337],[101.82426,3.1232],[101.82406,3.12311],[101.82385,3.12305],[101.82382,3.12302],[101.82381,3.12298],[101.82392,3.12284],[101.82396,3.12278],[101.82395,3.12269],[101.82391,3.12265],[101.82385,3.12266],[101.8238,3.12271],[101.82364,3.12272],[101.8235,3.12266],[101.82344,3.12258],[101.82342,3.12241],[101.82342,3.12211],[101.82345,3.12187],[101.82347,3.12162],[101.82352,3.12137],[101.82355,3.12115],[101.82355,3.12101],[101.82346,3.12088],[101.82337,3.12082],[101.82328,3.12083],[101.82321,3.12081],[101.82312,3.12075],[101.823,3.12074],[101.82292,3.12077],[101.8228,3.12077],[101.82247,3.12064],[101.82233,3.12051],[101.82226,3.12035],[101.82227,3.12018],[101.82236,3.12005],[101.82254,3.11997],[101.82259,3.11992],[101.82262,3.11974],[101.82268,3.11958],[101.82275,3.11946],[101.82276,3.11932],[101.82272,3.1192],[101.82269,3.11908],[101.82269,3.11895],[101.82274,3.11885],[101.82288,3.11882],[101.82307,3.11886],[101.82316,3.11882],[101.8232,3.11872],[101.82315,3.11866],[101.82302,3.11861],[101.82279,3.11855]]}},{"type":"Feature","properties":{"name":"Sungai Raya","waterway":"river"},"geometry":{"type":"LineString","coordinates":[[101.76491,3.0713],[101.76495,3.07122],[101.76509,3.07104],[101.76526,3.07089],[101.76567,3.07038],[101.76581,3.07027],[101.76598,3.07019],[101.76632,3.06997],[101.76702,3.06977],[101.76733,3.06965],[101.76834,3.06899],[101.76882,3.06866],[101.76909,3.06835],[101.76929,3.06806],[101.77004,3.06742],[101.77011,3.06741],[101.77022,3.06746],[101.77069,3.06771],[101.77089,3.06778],[101.77148,3.06791]]}},{"type":"Feature","properties":{"name":"Sungai Raya","waterway":"river"},"geometry":{"type":"LineString","coordinates":[[101.76481,3.07152],[101.76491,3.0713]]}},{"type":"Feature","properties":{"name":"Sungai Raya","waterway":"river"},"geometry":{"type":"LineString","coordinates":[[101.76411,3.07189],[101.76481,3.07152]]}},{"type":"Feature","properties":{"name":"Sungai Raya","waterway":"river"},"geometry":{"type":"LineString","coordinates":[[101.76388,3.07201],[101.76411,3.07189]]}},{"type":"Feature","properties":{"name":"Sungai Raya","waterway":"river"},"geometry":{"type":"LineString","coordinates":[[101.76301,3.07232],[101.76366,3.07209],[101.76388,3.07201]]}},{"type":"Feature","properties":{"name":"Sungai Raya","waterway":"river"},"geometry":{"type":"LineString","coordinates":[[101.76192,3.07357],[101.76234,3.07275],[101.76259,3.07246],[101.76274,3.07239],[101.76301,3.07232]]}},{"type":"Feature","properties":{"name":null,"waterway":"canal"},"geometry":{"type":"LineString","coordinates":[[101.38035,2.93626],[101.38119,2.93618],[101.38224,2.936],[101.38303,2.93595],[101.38362,2.93597],[101.38414,2.93605],[101.38486,2.93605],[101.38548,2.93597]]}},{"type":"Feature","properties":{"name":"Sungai Congkak","waterway":"river"},"geometry":{"type":"LineString","coordinates":[[101.84521,3.20668],[101.84532,3.2066],[101.84548,3.20649],[101.84572,3.20636],[101.846,3.20624],[101.84641,3.20607],[101.8467,3.20588],[101.84694,3.20561],[101.84707,3.20544],[101.84717,3.2053],[101.84725,3.20516],[101.84728,3.205],[101.84732,3.20489],[101.84737,3.20477],[101.84744,3.20461],[101.8475,3.20449],[101.84753,3.20433],[101.84757,3.20422],[101.84761,3.20398],[101.84758,3.2038],[101.84754,3.20367],[101.84754,3.20357],[101.84758,3.20349],[101.8477,3.20342],[101.84779,3.20339],[101.84781,3.20331],[101.84781,3.20293],[101.84785,3.20276],[101.84782,3.20268],[101.84782,3.2026],[101.84789,3.20252],[101.84804,3.20244],[101.8482,3.20247],[101.84838,3.20251],[101.84853,3.20253],[101.8487,3.20249],[101.84882,3.20239],[101.84888,3.20226],[101.8489,3.20192],[101.84894,3.20127],[101.84893,3.201],[101.84891,3.20073],[101.84886,3.20034],[101.84883,3.20019],[101.84874,3.19999],[101.84877,3.19973],[101.84887,3.19956],[101.84894,3.19952],[101.84912,3.19953],[101.84922,3.19946],[101.84936,3.1994],[101.8494,3.19933],[101.84955,3.1991],[101.84967,3.1988],[101.84972,3.19834],[101.84982,3.19793],[101.84987,3.19784],[101.85,3.19777],[101.85022,3.19772],[101.85039,3.19771],[101.85056,3.19773],[101.85064,3.19783],[101.85062,3.19793],[101.85062,3.19806],[101.8507,3.19826],[101.85074,3.1983],[101.85094,3.19835],[101.85121,3.1984],[101.85144,3.19842],[101.85163,3.1984],[101.85185,3.19836],[101.85205,3.19825],[101.85255,3.19797],[101.85287,3.19779],[101.85309,3.1977],[101.85319,3.1976],[101.85326,3.19756],[101.85336,3.19757],[101.85342,3.19752],[101.8537,3.19739],[101.85395,3.19728],[101.85409,3.19727],[101.85424,3.1972],[101.85436,3.19711],[101.85446,3.197],[101.85452,3.1969],[101.85467,3.19667],[101.85474,3.19658],[101.85478,3.19646],[101.85477,3.19627],[101.85476,3.19613],[101.85476,3.19601],[101.8548,3.19596],[101.85483,3.1959],[101.85495,3.19583],[101.85506,3.19574],[101.85516,3.19567],[101.85521,3.19553],[101.85524,3.19541],[101.85527,3.19526],[101.8553,3.19512],[101.85527,3.19505],[101.85518,3.19499],[101.85511,3.1949],[101.85501,3.19477],[101.85494,3.19467],[101.8549,3.19456],[101.8549,3.19443],[101.85491,3.19429],[101.85494,3.1942],[101.855,3.19411],[101.8551,3.19398],[101.85517,3.19387],[101.85526,3.19375],[101.85531,3.19367],[101.85538,3.19354],[101.85543,3.19343],[101.85546,3.1933],[101.85547,3.19317],[101.85547,3.19305],[101.85547,3.19295],[101.85551,3.19281],[101.85556,3.19269],[101.85563,3.19253],[101.8557,3.19238],[101.85576,3.19222],[101.85577,3.19213],[101.85576,3.19207],[101.85569,3.19204],[101.85553,3.19198],[101.8554,3.19194],[101.85521,3.19187],[101.85508,3.19177],[101.85497,3.19166],[101.85491,3.19154],[101.85489,3.19143],[101.85488,3.19131],[101.85489,3.19118],[101.85494,3.19107],[101.85505,3.191],[101.85516,3.19091],[101.85523,3.19082],[101.85537,3.19072],[101.85555,3.19065],[101.85571,3.19059],[101.85584,3.19053],[101.85594,3.1905],[101.85604,3.19045],[101.85607,3.19036],[101.85608,3.1903],[101.85608,3.19022]]}},{"type":"Feature","properties":{"name":"Sungai Teluk Menegun","waterway":"river"},"geometry":{"type":"LineString","coordinates":[[101.47802,3.032],[101.47801,3.03225],[101.47792,3.03268],[101.47792,3.03275],[101.47794,3.03278],[101.47801,3.03281],[101.4782,3.0329],[101.47823,3.03293],[101.47839,3.03306],[101.47934,3.03338],[101.48001,3.03359],[101.48012,3.03366],[101.48018,3.03373],[101.48014,3.03415],[101.47909,3.03643],[101.47875,3.03841],[101.47799,3.03918],[101.4776,3.03969]]}},{"type":"Feature","properties":{"name":null,"waterway":"canal"},"geometry":{"type":"LineString","coordinates":[[101.44698,2.89995],[101.44692,2.89992],[101.4441,2.89987],[101.44297,2.90035],[101.44188,2.90081],[101.44145,2.90096],[101.44107,2.901],[101.4407,2.901],[101.44072,2.90084],[101.44072,2.90056],[101.44062,2.89883]]}},{"type":"Feature","properties":{"name":"Sungai Chinchang","waterway":"river"},"geometry":{"type":"LineString","coordinates":[[101.75115,2.75203],[101.75102,2.75214],[101.75101,2.75228],[101.75118,2.75244],[101.75137,2.75296],[101.75136,2.75315],[101.75126,2.75322],[101.75126,2.75332],[101.75149,2.75338],[101.7515,2.75357],[101.75144,2.75381],[101.75147,2.75407],[101.75122,2.75472],[101.75121,2.75487],[101.75126,2.75503],[101.75142,2.7549],[101.75163,2.75502],[101.75171,2.7554],[101.75177,2.75576],[101.75169,2.75582],[101.75149,2.75596],[101.75148,2.75608],[101.75138,2.75626],[101.75127,2.75654],[101.75164,2.75754],[101.75176,2.75762],[101.75184,2.75783],[101.75181,2.75796],[101.75184,2.75801],[101.75194,2.75798],[101.75206,2.75796],[101.7522,2.75811],[101.75224,2.75826],[101.75215,2.75837],[101.75218,2.75851],[101.75232,2.75867],[101.75234,2.75897],[101.75223,2.75958],[101.75266,2.76036],[101.75262,2.76059],[101.7525,2.76069],[101.75183,2.76259],[101.75132,2.76388],[101.75114,2.76433],[101.75093,2.7648],[101.75061,2.7655],[101.75055,2.76586],[101.75053,2.76611],[101.75054,2.76641],[101.75052,2.76663],[101.75048,2.76693],[101.75047,2.76725],[101.7504,2.76762],[101.75039,2.7679],[101.75037,2.7684],[101.75038,2.76859],[101.75028,2.77054],[101.75019,2.77152],[101.75019,2.77177],[101.75016,2.77221],[101.75003,2.77348],[101.74999,2.77435],[101.7499,2.77541],[101.74984,2.77608],[101.74981,2.77667],[101.74984,2.77736],[101.74981,2.77756],[101.74968,2.77783],[101.74961,2.77802]]}},{"type":"Feature","properties":{"name":"Sungai Jijan","waterway":"river"},"geometry":{"type":"LineString","coordinates":[[101.81209,2.73579],[101.81141,2.73613],[101.81113,2.73617],[101.81093,2.73642],[101.81063,2.73657],[101.80995,2.73725],[101.80884,2.73816],[101.80783,2.73904],[101.80685,2.73987],[101.80555,2.74117],[101.8049,2.74182],[101.8041,2.74264],[101.80379,2.74295],[101.80365,2.74325],[101.80334,2.74371],[101.80325,2.74404],[101.80299,2.74432],[101.8028,2.74471],[101.80276,2.74513],[101.80235,2.74632],[101.80221,2.74665],[101.80226,2.74691],[101.80206,2.74725],[101.80175,2.74739],[101.8012,2.74786],[101.80057,2.74842],[101.80031,2.74862],[101.80005,2.74887],[101.7999,2.74886],[101.79966,2.74859],[101.79942,2.74851],[101.79913,2.74846],[101.79856,2.74826],[101.79832,2.74812],[101.79809,2.74812],[101.7978,2.74798],[101.79713,2.7478],[101.7969,2.74763],[101.79661,2.74761],[101.79639,2.74745],[101.7963,2.74744],[101.79535,2.7471],[101.79497,2.74706],[101.79476,2.7469],[101.7942,2.74673],[101.79289,2.74624],[101.79186,2.74593],[101.79124,2.74576],[101.79081,2.74574],[101.79046,2.74597],[101.78978,2.74623],[101.7895,2.74645],[101.78926,2.7467],[101.78867,2.74698],[101.78843,2.74715],[101.78794,2.74727],[101.78769,2.74745],[101.78755,2.74754],[101.78738,2.74778],[101.78724,2.74831],[101.7871,2.74872],[101.78669,2.74891],[101.7866,2.74909],[101.78617,2.74934],[101.78571,2.74957],[101.78544,2.74962],[101.78524,2.74953],[101.78509,2.74947],[101.78358,2.7501],[101.78344,2.75006],[101.78323,2.75019],[101.78296,2.75002],[101.78277,2.75014],[101.78263,2.75056],[101.7825,2.75075],[101.78239,2.75112],[101.78222,2.75154],[101.78176,2.75186],[101.78156,2.75208],[101.78154,2.75226],[101.78128,2.75241],[101.78109,2.75265],[101.78107,2.7528],[101.78082,2.75304],[101.78077,2.75318],[101.78078,2.75339],[101.7809,2.75357],[101.78089,2.75384],[101.78083,2.75391],[101.78077,2.75402],[101.7807,2.75429],[101.78051,2.7547],[101.78018,2.75496],[101.78003,2.75516],[101.77998,2.75534],[101.77991,2.75545],[101.77975,2.75556],[101.77968,2.75566],[101.77969,2.75595],[101.77979,2.75612],[101.78012,2.75629],[101.78033,2.75674],[101.78034,2.75691],[101.78029,2.75705],[101.78033,2.75744],[101.78025,2.75761],[101.78023,2.75781],[101.78036,2.75814],[101.78035,2.75842],[101.78021,2.7589],[101.78028,2.75909],[101.78004,2.75934],[101.77966,2.75993],[101.77953,2.76008],[101.7793,2.76027],[101.77925,2.76044],[101.77913,2.76068],[101.77885,2.76078],[101.77842,2.76091],[101.77823,2.76105],[101.77805,2.76129],[101.7779,2.76167],[101.77767,2.76202],[101.77762,2.76215],[101.77757,2.76236],[101.77742,2.76261],[101.77725,2.76309],[101.7772,2.76332],[101.7771,2.76356],[101.7771,2.76387],[101.77703,2.76404],[101.77693,2.76417],[101.77652,2.7645],[101.77625,2.76486],[101.7761,2.76494],[101.77593,2.76504],[101.77568,2.76528],[101.77541,2.76543],[101.77524,2.76556],[101.77496,2.76615],[101.77477,2.76636],[101.77456,2.76645],[101.77443,2.76654],[101.7743,2.76672],[101.77415,2.76679],[101.77405,2.7669],[101.77396,2.76717],[101.77381,2.7674],[101.7737,2.76768],[101.77347,2.76799],[101.77324,2.76808],[101.77308,2.76811],[101.77278,2.76813],[101.77256,2.76825],[101.77243,2.76827],[101.77182,2.76802],[101.77165,2.76804],[101.77142,2.76814],[101.7712,2.76803],[101.77108,2.76802],[101.77086,2.76809],[101.77069,2.768],[101.77033,2.76794],[101.77012,2.76797],[101.76999,2.76804],[101.76978,2.76816],[101.76945,2.76824],[101.7693,2.76833],[101.76912,2.76849],[101.76901,2.76865],[101.7689,2.76891],[101.76879,2.76902],[101.76868,2.76912],[101.76833,2.76929],[101.76803,2.76944],[101.76776,2.76952],[101.7676,2.7696],[101.76731,2.76979],[101.76711,2.76998],[101.76699,2.77009],[101.76678,2.77013],[101.76654,2.77019],[101.76641,2.77031],[101.76611,2.77052],[101.76592,2.77062],[101.76565,2.77072],[101.76512,2.77121],[101.76468,2.77155],[101.76448,2.77167],[101.76437,2.7717],[101.7642,2.77167],[101.76404,2.77164],[101.7635,2.77192],[101.76307,2.77228],[101.76256,2.7729],[101.76242,2.77303],[101.76181,2.77353],[101.76144,2.77383],[101.76138,2.77392],[101.76117,2.77414],[101.76097,2.77434],[101.76075,2.77455],[101.76058,2.77462],[101.76048,2.77465],[101.76043,2.77465],[101.76024,2.77471],[101.76011,2.77484],[101.76002,2.77497],[101.75977,2.77505],[101.75957,2.77506],[101.75925,2.77522],[101.7583,2.77556],[101.75807,2.77568],[101.75788,2.77577],[101.75746,2.77588],[101.7573,2.77594],[101.75716,2.77606],[101.7569,2.77625],[101.75674,2.77631],[101.75634,2.77661],[101.75618,2.77675],[101.75575,2.77698],[101.75562,2.77711],[101.75539,2.77731],[101.75516,2.77745],[101.75439,2.77766],[101.75392,2.77777],[101.75366,2.7778],[101.75346,2.77783],[101.75335,2.77777],[101.75311,2.77773],[101.75282,2.77771],[101.7517,2.77758],[101.75155,2.77759],[101.75138,2.77766],[101.75121,2.77769],[101.75031,2.77786],[101.75017,2.77786],[101.74985,2.77795],[101.74961,2.77802]]}},{"type":"Feature","properties":{"name":null,"waterway":"river"},"geometry":{"type":"LineString","coordinates":[[101.85216,2.74696],[101.8521,2.74671]]}},{"type":"Feature","properties":{"name":"Sungai Batang Labu","waterway":"river"},"geometry":{"type":"LineString","coordinates":[[101.8521,2.74671],[101.85214,2.74655],[101.85211,2.7463],[101.85195,2.74609],[101.85166,2.74596],[101.85155,2.7459],[101.85148,2.74571],[101.85136,2.74557],[101.85095,2.74547],[101.8507,2.74533],[101.85063,2.74519],[101.85077,2.74499],[101.85073,2.74484],[101.85034,2.74462],[101.85003,2.74457],[101.84966,2.74463],[101.84933,2.74476],[101.84869,2.74479],[101.84822,2.74489],[101.84758,2.74502],[101.8474,2.74516],[101.84678,2.74601],[101.84657,2.74618],[101.84633,2.74619],[101.84622,2.74617],[101.84589,2.74591],[101.84549,2.7459],[101.84493,2.74594],[101.84394,2.74628],[101.84337,2.74649],[101.84287,2.74676],[101.84248,2.74694],[101.84216,2.74701],[101.84187,2.74702],[101.84159,2.74707],[101.84133,2.74719],[101.84115,2.74736],[101.84099,2.74742],[101.84051,2.74746],[101.83973,2.74742],[101.83926,2.74731],[101.83879,2.74727],[101.83858,2.74734],[101.83851,2.74749],[101.83835,2.74761],[101.83787,2.74778],[101.83716,2.74774],[101.837,2.74776],[101.83687,2.74788],[101.83682,2.74802],[101.83684,2.74824],[101.83682,2.74848],[101.83676,2.74872],[101.83647,2.74911],[101.83626,2.74929],[101.83609,2.74943],[101.83592,2.74972],[101.83597,2.75001],[101.83596,2.75013],[101.83586,2.7502],[101.83556,2.75026],[101.83528,2.75041],[101.83466,2.7508],[101.83438,2.75098],[101.83419,2.75101],[101.83378,2.75091],[101.83359,2.7509],[101.83323,2.75082],[101.83299,2.75079],[101.83272,2.75071],[101.83247,2.75051],[101.83228,2.75048],[101.8321,2.75054],[101.83193,2.7507],[101.83176,2.75098],[101.83165,2.7511],[101.83154,2.75115],[101.83141,2.7511],[101.83116,2.75088],[101.83092,2.7507],[101.82997,2.75036],[101.82976,2.75039],[101.82938,2.75041],[101.82906,2.75064],[101.82882,2.75081],[101.82867,2.75086],[101.82854,2.75078],[101.82842,2.75067],[101.82826,2.75067],[101.82788,2.75082],[101.82777,2.75096],[101.82765,2.75119],[101.82755,2.75127],[101.82738,2.75133],[101.82698,2.75127],[101.82664,2.75127],[101.82629,2.75117],[101.82597,2.75092],[101.82582,2.75084],[101.82547,2.75091],[101.82511,2.75089],[101.82478,2.75082],[101.82465,2.75086],[101.82457,2.751],[101.82419,2.75144],[101.82396,2.75155],[101.8236,2.75172],[101.82323,2.75198],[101.82235,2.75239],[101.82219,2.75266],[101.82224,2.75305],[101.82186,2.75341],[101.82174,2.75368],[101.82162,2.75387],[101.82153,2.75439],[101.82123,2.75495],[101.82101,2.75526],[101.82089,2.75542],[101.82078,2.75548],[101.82065,2.75545],[101.82041,2.75521],[101.82013,2.75515],[101.81982,2.75507],[101.81969,2.75485],[101.81959,2.75481],[101.81938,2.75474],[101.81926,2.75468],[101.8191,2.75465],[101.81899,2.75466],[101.81896,2.75476],[101.81897,2.75487],[101.819,2.75498],[101.81908,2.75504],[101.81909,2.75514],[101.81907,2.75523],[101.81898,2.75535],[101.81886,2.75546],[101.81882,2.7555],[101.81874,2.75552],[101.81865,2.75551],[101.81854,2.75553],[101.81847,2.75556],[101.81841,2.75564],[101.81829,2.7557],[101.81792,2.75589],[101.81763,2.75597],[101.81751,2.75605],[101.81746,2.75617],[101.81742,2.75635],[101.81635,2.75673],[101.81526,2.75707],[101.81471,2.75728],[101.81405,2.75753],[101.81365,2.75777],[101.81318,2.75807],[101.81299,2.75823],[101.81262,2.75841],[101.81233,2.75869],[101.81202,2.75885],[101.81174,2.75903],[101.81172,2.75911],[101.8113,2.7594],[101.81124,2.75949],[101.81121,2.75957],[101.81122,2.75976],[101.81115,2.75983],[101.81103,2.75989],[101.81091,2.75993],[101.81081,2.75989],[101.81075,2.75978],[101.81069,2.7597],[101.81062,2.75968],[101.8105,2.75972],[101.8104,2.75974],[101.81033,2.75974],[101.81023,2.75983],[101.80998,2.75986],[101.80985,2.75996],[101.80956,2.76028],[101.80927,2.76042],[101.80902,2.76058],[101.80888,2.76071],[101.80874,2.76072],[101.80863,2.76067],[101.80847,2.76059],[101.80841,2.76046],[101.80819,2.76045],[101.80802,2.76049],[101.8079,2.7606],[101.80783,2.76065],[101.80776,2.76066],[101.80756,2.7606],[101.80737,2.76062],[101.80721,2.76068],[101.80695,2.76088],[101.80684,2.76099],[101.80662,2.76114],[101.80644,2.76119],[101.80624,2.76121],[101.80595,2.76135],[101.80587,2.76142],[101.80581,2.7616],[101.80569,2.76169],[101.80552,2.76176],[101.80526,2.76181],[101.80506,2.76188],[101.80485,2.76215],[101.80471,2.76268],[101.80459,2.7629],[101.80417,2.76309],[101.80405,2.76324],[101.804,2.76348],[101.80404,2.76361],[101.80424,2.76379],[101.80429,2.76393],[101.80427,2.76407],[101.80418,2.76421],[101.8042,2.7643],[101.80433,2.76452],[101.80432,2.76504],[101.80434,2.76524],[101.80426,2.76545],[101.80414,2.76564],[101.8041,2.76589],[101.80414,2.76601],[101.80416,2.7662],[101.80407,2.76633],[101.804,2.76639],[101.80395,2.76657],[101.80388,2.76688],[101.80378,2.76736],[101.80368,2.76756],[101.80352,2.76764],[101.80329,2.76765],[101.80319,2.76782],[101.80298,2.76836],[101.8028,2.76869],[101.80272,2.76896],[101.80276,2.76922],[101.80287,2.76939],[101.80303,2.76943],[101.80317,2.76955],[101.80317,2.76996],[101.80304,2.77024],[101.80295,2.77033],[101.80286,2.77037],[101.80273,2.77042],[101.80264,2.77061],[101.80257,2.77079],[101.80246,2.77098],[101.80225,2.77128],[101.80226,2.7715],[101.80234,2.77175],[101.80233,2.77201],[101.80217,2.77223],[101.80206,2.77238],[101.80197,2.77254],[101.80194,2.77267],[101.80167,2.77309],[101.80149,2.77331],[101.80122,2.77347],[101.80107,2.77367],[101.80083,2.77396],[101.80071,2.77418],[101.80054,2.77434],[101.80034,2.77448],[101.80009,2.77451],[101.79986,2.77467],[101.79981,2.77498],[101.79987,2.77516],[101.79973,2.77534],[101.79958,2.77561],[101.7996,2.77593],[101.79971,2.77613],[101.79973,2.77636],[101.79971,2.77653],[101.79957,2.77674],[101.79941,2.77728],[101.79929,2.77826],[101.79918,2.77848],[101.79907,2.77893],[101.79904,2.77957],[101.79891,2.77988],[101.79905,2.78043],[101.79906,2.78055],[101.79891,2.78069],[101.79855,2.78105],[101.79842,2.78124],[101.79837,2.78149],[101.79806,2.78227],[101.79781,2.78254],[101.79719,2.78304],[101.79703,2.78322],[101.79682,2.78403],[101.79674,2.78431],[101.7966,2.7846],[101.79648,2.78489],[101.79628,2.7852],[101.7962,2.78531],[101.79613,2.78545],[101.79585,2.78634],[101.79577,2.78645],[101.79566,2.78653],[101.79521,2.7867],[101.79472,2.78691],[101.79456,2.78702],[101.79436,2.7872],[101.79427,2.78732],[101.79412,2.7878],[101.79373,2.78894],[101.79368,2.78943],[101.7937,2.78962],[101.79379,2.78982],[101.79382,2.79001],[101.79379,2.79024],[101.79374,2.79061],[101.79367,2.79093],[101.79357,2.7911],[101.79351,2.79131],[101.79349,2.79184],[101.79331,2.79204],[101.79315,2.79218],[101.7931,2.79234],[101.79299,2.79246],[101.79274,2.79265],[101.79251,2.79284],[101.79227,2.79325],[101.79215,2.79337],[101.79199,2.79345],[101.79163,2.79363],[101.7915,2.79368],[101.79134,2.7938],[101.79121,2.79396],[101.79112,2.79414],[101.79109,2.79438],[101.79115,2.79453],[101.79114,2.79467],[101.79111,2.79476],[101.79081,2.79508],[101.79065,2.79527],[101.79048,2.79535],[101.7903,2.79553],[101.79004,2.79573],[101.78994,2.79574],[101.78984,2.79572],[101.78965,2.79565],[101.78949,2.79563],[101.78929,2.79566],[101.78892,2.79572],[101.78802,2.79591],[101.78722,2.79585],[101.78704,2.79588],[101.7865,2.7961],[101.78617,2.79607],[101.78465,2.79643],[101.78394,2.79635],[101.78378,2.79629],[101.78345,2.79608],[101.78334,2.79608],[101.78316,2.79618],[101.78235,2.79712],[101.78213,2.79726]]}},{"type":"Feature","properties":{"name":null,"waterway":"canal"},"geometry":{"type":"LineString","coordinates":[[101.74951,2.6554],[101.74896,2.65487],[101.74786,2.65367],[101.74628,2.65199],[101.74515,2.65113],[101.74504,2.65112],[101.74487,2.65118],[101.7445,2.65136],[101.74429,2.65139],[101.74416,2.65138],[101.74406,2.65134],[101.744,2.65123],[101.7441,2.65084],[101.74423,2.65052],[101.74425,2.6503],[101.74421,2.65017],[101.74409,2.65003],[101.74387,2.6499],[101.74372,2.64984],[101.74331,2.64974],[101.74284,2.64957],[101.74181,2.64926],[101.74114,2.64904],[101.74051,2.64889],[101.74025,2.64886],[101.74014,2.64883],[101.74001,2.64876],[101.73966,2.64842],[101.73961,2.64837]]}},{"type":"Feature","properties":{"name":"Sungai Kundang","waterway":"canal"},"geometry":{"type":"LineString","coordinates":[[101.53185,2.67292],[101.53175,2.6728],[101.53163,2.67276],[101.53133,2.67265],[101.5306,2.67228],[101.53022,2.672],[101.52981,2.67149],[101.52957,2.6711],[101.52931,2.67067],[101.52868,2.67],[101.52861,2.66983],[101.52854,2.66951],[101.5285,2.66916],[101.52848,2.6688],[101.52853,2.66785]]}},{"type":"Feature","properties":{"name":"Sungai Kundang","waterway":"canal"},"geometry":{"type":"LineString","coordinates":[[101.53379,2.67784],[101.53345,2.67693],[101.53331,2.6766],[101.53316,2.6762],[101.53277,2.67524],[101.53268,2.67496],[101.5322,2.67383],[101.53193,2.67318],[101.53185,2.67292]]}},{"type":"Feature","properties":{"name":null,"waterway":"canal"},"geometry":{"type":"LineString","coordinates":[[101.51238,2.69266],[101.51163,2.69128],[101.51134,2.69071],[101.51117,2.69044],[101.51082,2.6898],[101.51017,2.68858],[101.51006,2.68837],[101.5095,2.68743],[101.50934,2.68709],[101.50863,2.68587],[101.50819,2.68501],[101.50791,2.68456],[101.50725,2.68335],[101.50688,2.68264],[101.50627,2.68154],[101.50576,2.68057],[101.50552,2.68029],[101.50512,2.68013],[101.50483,2.67979],[101.5048,2.67975],[101.5043,2.67881]]}},{"type":"Feature","properties":{"name":null,"waterway":"canal"},"geometry":{"type":"LineString","coordinates":[[101.50076,2.68402],[101.50041,2.68332],[101.5,2.6826],[101.49986,2.68224],[101.49978,2.68199]]}},{"type":"Feature","properties":{"name":null,"waterway":"canal"},"geometry":{"type":"LineString","coordinates":[[101.48472,2.69361],[101.48455,2.69356],[101.48424,2.69341],[101.48313,2.6928],[101.48293,2.69267],[101.48195,2.69121],[101.48152,2.69078],[101.48116,2.69053],[101.48044,2.68953],[101.48021,2.68888]]}},{"type":"Feature","properties":{"name":"Sungai Semenyih","waterway":"river"},"geometry":{"type":"LineString","coordinates":[[101.87855,3.06658],[101.87843,3.0665]]}},{"type":"Feature","properties":{"name":"Sungai Semenyih","waterway":"river"},"geometry":{"type":"LineString","coordinates":[[101.87843,3.0665],[101.87817,3.06627],[101.878,3.0659],[101.87775,3.06545],[101.87741,3.06515],[101.87716,3.06496],[101.87692,3.06483],[101.87686,3.06479],[101.87646,3.06447],[101.87615,3.06417],[101.87591,3.06379],[101.8758,3.06354],[101.87564,3.0633],[101.87547,3.06307],[101.87515,3.06276],[101.87501,3.06246],[101.87492,3.06231],[101.87476,3.06219],[101.87451,3.06205],[101.87435,3.06185],[101.87426,3.06168],[101.87421,3.0615],[101.87413,3.06124],[101.87399,3.06099],[101.87386,3.06073],[101.87376,3.06056],[101.8736,3.06031],[101.87358,3.06018],[101.87364,3.0601],[101.87389,3.05991],[101.87405,3.05969],[101.87409,3.05955],[101.87403,3.05935],[101.87394,3.05923],[101.87379,3.05903],[101.87372,3.05886],[101.87374,3.05868],[101.87366,3.0585],[101.87368,3.05836],[101.87376,3.05825],[101.87389,3.05817],[101.8739,3.05809],[101.87384,3.058],[101.87387,3.05786],[101.874,3.05764],[101.87414,3.05742],[101.87418,3.0573],[101.8741,3.05714],[101.87397,3.05706],[101.87379,3.05697],[101.87372,3.0569],[101.87361,3.0567],[101.87352,3.05649],[101.87353,3.05633],[101.87359,3.05618],[101.87361,3.05599],[101.87361,3.0557],[101.87361,3.05554],[101.87356,3.05531],[101.87353,3.05504],[101.87349,3.05476],[101.87345,3.05449],[101.87351,3.05426],[101.8737,3.05394],[101.87386,3.05356],[101.87391,3.05332],[101.87395,3.05316],[101.87398,3.05311],[101.87406,3.05308],[101.87418,3.05303],[101.87421,3.05293],[101.87415,3.05282],[101.87409,3.05271],[101.87398,3.05251],[101.87386,3.05233],[101.87376,3.05226],[101.8736,3.05213],[101.87348,3.05204],[101.87329,3.05192],[101.87316,3.05183],[101.873,3.05171],[101.87289,3.05154],[101.87278,3.05139],[101.87273,3.05126],[101.87272,3.05111],[101.87273,3.05089],[101.87276,3.05064],[101.87278,3.05032],[101.87275,3.0502],[101.8727,3.0501],[101.87262,3.04999],[101.87253,3.04991],[101.87237,3.04993],[101.87231,3.04994]]}},{"type":"Feature","properties":{"name":null,"waterway":"canal"},"geometry":{"type":"LineString","coordinates":[[101.64017,2.94963],[101.63949,2.95023],[101.63895,2.95071],[101.63872,2.95093],[101.63844,2.95107],[101.63811,2.95119],[101.63705,2.95137],[101.63476,2.95143],[101.63443,2.95142],[101.63424,2.95138],[101.63398,2.95122],[101.63374,2.95103],[101.63357,2.95094],[101.63337,2.9509],[101.63182,2.95093],[101.63153,2.95093],[101.63137,2.95094],[101.63121,2.95099],[101.63102,2.9511],[101.63087,2.95125],[101.63068,2.95144],[101.63051,2.95155],[101.63039,2.95158],[101.62977,2.95157],[101.6296,2.95154],[101.62945,2.95154],[101.62925,2.95158],[101.62857,2.95162],[101.62791,2.95162],[101.62779,2.95164],[101.62769,2.95171],[101.62716,2.95222],[101.62705,2.9523],[101.62694,2.95232],[101.6268,2.95234],[101.62668,2.95234],[101.62661,2.95234]]}},{"type":"Feature","properties":{"name":null,"waterway":"river"},"geometry":{"type":"LineString","coordinates":[[101.66502,2.98492],[101.66401,2.98586]]}},{"type":"Feature","properties":{"name":null,"waterway":"river"},"geometry":{"type":"LineString","coordinates":[[101.6743,2.99311],[101.67422,2.99301],[101.67431,2.99245],[101.67318,2.991],[101.67165,2.98914],[101.67004,2.98715],[101.66854,2.98529],[101.66826,2.985],[101.66803,2.98483],[101.66758,2.9846],[101.66718,2.98446],[101.66683,2.98439],[101.66655,2.98435],[101.66625,2.98437],[101.66615,2.9844],[101.66586,2.98454],[101.66502,2.98492]]}},{"type":"Feature","properties":{"name":null,"waterway":"canal"},"geometry":{"type":"LineString","coordinates":[[101.69734,2.7509],[101.69723,2.75069],[101.69715,2.75057],[101.69708,2.75052],[101.69698,2.75048],[101.69688,2.75044],[101.69678,2.75043],[101.69669,2.75044],[101.6965,2.75051],[101.69637,2.75054],[101.69621,2.75053],[101.69609,2.75049],[101.69599,2.75044],[101.69591,2.75037],[101.69582,2.7503],[101.69565,2.7502],[101.69525,2.75001],[101.69476,2.74983],[101.69396,2.74963],[101.69324,2.74944],[101.69284,2.74936],[101.69242,2.74933],[101.69216,2.74933],[101.69204,2.74934],[101.69188,2.74936],[101.69149,2.74942],[101.69107,2.74953],[101.69076,2.74963],[101.69036,2.74977],[101.69007,2.74992],[101.6898,2.7501],[101.68933,2.75048],[101.68899,2.75074],[101.68821,2.75136],[101.68763,2.75177],[101.68699,2.75216],[101.68586,2.75268],[101.68518,2.75295],[101.6845,2.75314],[101.68371,2.75332],[101.68055,2.75395],[101.68024,2.75396],[101.67995,2.7539],[101.6797,2.75383],[101.67943,2.75371],[101.67923,2.75353],[101.67903,2.75332],[101.67888,2.75307],[101.67876,2.75279],[101.67871,2.75252],[101.67872,2.7523],[101.67877,2.75203],[101.67992,2.74886],[101.67993,2.74879],[101.67991,2.74872],[101.67989,2.74867],[101.67984,2.74862],[101.67966,2.74852],[101.67962,2.74847],[101.67961,2.7484],[101.67962,2.74834],[101.6798,2.7478],[101.67982,2.74771],[101.68016,2.74683],[101.68019,2.74671],[101.6802,2.74657],[101.68018,2.74644],[101.68014,2.74625],[101.68007,2.7461],[101.67999,2.74597],[101.67985,2.74584],[101.67971,2.74574],[101.67938,2.74553],[101.67559,2.74293],[101.67549,2.74287],[101.6745,2.74225],[101.67343,2.74149],[101.67292,2.74113]]}},{"type":"Feature","properties":{"name":null,"waterway":"canal"},"geometry":{"type":"LineString","coordinates":[[101.72235,2.71115],[101.72243,2.71102],[101.72244,2.71095],[101.72243,2.71089],[101.72219,2.71041],[101.72171,2.70984],[101.72155,2.70965],[101.72049,2.70879],[101.71957,2.70847],[101.71848,2.70826],[101.71768,2.7083],[101.71695,2.70852],[101.71611,2.70896],[101.7153,2.70971],[101.71427,2.71087],[101.71397,2.71111]]}},{"type":"Feature","properties":{"name":"Sungai Gombak","waterway":"river"},"geometry":{"type":"LineString","coordinates":[[101.73286,3.29728],[101.73257,3.2971],[101.73247,3.29702],[101.73236,3.29689],[101.73227,3.29671],[101.73223,3.2966],[101.73216,3.2965],[101.73211,3.29643],[101.73199,3.29638],[101.73189,3.29638],[101.73181,3.29642],[101.73178,3.29651],[101.7317,3.2966],[101.73158,3.2967],[101.73148,3.29674],[101.73135,3.29673],[101.73127,3.29668],[101.73123,3.29661],[101.73121,3.29645],[101.73125,3.29621],[101.73129,3.29564],[101.7313,3.29546],[101.73127,3.29529],[101.73116,3.29515],[101.73104,3.29502],[101.73091,3.29487],[101.73084,3.29477],[101.7308,3.29464],[101.73074,3.29444],[101.73063,3.29414],[101.73051,3.29383],[101.7304,3.29339],[101.73034,3.29315],[101.7303,3.29291],[101.73024,3.29259],[101.73022,3.2922],[101.73022,3.29194],[101.73022,3.29172],[101.73023,3.29159],[101.73028,3.29145],[101.73033,3.29141],[101.73039,3.29141],[101.73056,3.29154],[101.73062,3.29155],[101.73082,3.29154],[101.73096,3.29149],[101.73106,3.29141],[101.73121,3.29124],[101.73131,3.29111],[101.73133,3.29101],[101.73131,3.29088],[101.73125,3.29076],[101.73114,3.29058],[101.73106,3.2904],[101.73097,3.2902],[101.73084,3.29],[101.73068,3.2898],[101.73054,3.28962],[101.73039,3.28944],[101.7303,3.2892],[101.73024,3.28902],[101.73021,3.2888],[101.73022,3.2886],[101.73026,3.28837],[101.73028,3.28813],[101.73029,3.28786],[101.73029,3.28765],[101.73027,3.28752],[101.73021,3.28718],[101.7301,3.28688],[101.72988,3.28638],[101.72983,3.28629],[101.7298,3.2862],[101.72977,3.28611],[101.72976,3.28599],[101.72979,3.28579],[101.72984,3.28545],[101.7299,3.285],[101.72999,3.28464],[101.73003,3.28441],[101.73009,3.28417],[101.73,3.28389],[101.72991,3.28364],[101.72984,3.28348],[101.72978,3.28335],[101.72974,3.2833],[101.72963,3.28322],[101.72944,3.28315],[101.72931,3.28307],[101.72921,3.28296],[101.72915,3.28284],[101.72908,3.2827],[101.72906,3.28257],[101.72905,3.28244],[101.72899,3.28191],[101.72895,3.28157],[101.72891,3.28129],[101.72887,3.28101],[101.72882,3.2808],[101.72878,3.28067],[101.72871,3.28052],[101.7286,3.28032],[101.72855,3.28024],[101.72855,3.28012],[101.72857,3.28001],[101.72861,3.27983],[101.72869,3.27964],[101.72874,3.27955],[101.72888,3.27947],[101.72917,3.27926],[101.72926,3.27913],[101.7293,3.27905],[101.72933,3.27892],[101.72934,3.27872],[101.72934,3.27855],[101.72933,3.27836],[101.72933,3.27799],[101.72928,3.27791],[101.72921,3.27788],[101.7291,3.27779],[101.72909,3.27767],[101.72903,3.2775],[101.72892,3.27736],[101.72878,3.27712],[101.72874,3.27689],[101.72869,3.27671],[101.72868,3.27656],[101.72868,3.27633],[101.72869,3.27621],[101.72868,3.27613],[101.72864,3.27606],[101.72854,3.2759],[101.7285,3.27576],[101.72847,3.27561],[101.72845,3.27548],[101.72845,3.27529],[101.72849,3.27516],[101.72857,3.27501],[101.72865,3.27485],[101.72869,3.27467],[101.72863,3.27453],[101.72863,3.27426],[101.72866,3.27395],[101.72866,3.27354],[101.72853,3.27317],[101.72836,3.2728],[101.72832,3.27262],[101.72825,3.27195],[101.72814,3.27158],[101.72809,3.27134],[101.72805,3.27105],[101.72798,3.27077],[101.72792,3.27052],[101.7279,3.27039],[101.72777,3.27005],[101.72763,3.26986],[101.72756,3.26962],[101.72754,3.26947],[101.72751,3.26929],[101.72748,3.26911],[101.72745,3.26889],[101.72736,3.26867],[101.72724,3.26847],[101.72714,3.26832],[101.72707,3.26822],[101.72699,3.26807],[101.72696,3.26795],[101.72692,3.26783],[101.7269,3.26759],[101.72684,3.26734],[101.7268,3.26719],[101.72678,3.26707],[101.72672,3.26691],[101.72661,3.26671],[101.72646,3.26651],[101.72634,3.26636],[101.72613,3.2661],[101.72594,3.26585],[101.72584,3.26567],[101.72577,3.26552],[101.7257,3.26535],[101.72562,3.26517],[101.7256,3.26504],[101.72561,3.26489],[101.72567,3.26451],[101.72578,3.264],[101.72583,3.26373],[101.72594,3.26345],[101.7261,3.26309],[101.72633,3.26278],[101.72651,3.26257],[101.72658,3.2623],[101.72642,3.26175],[101.72633,3.26119],[101.72641,3.26077],[101.72669,3.26011],[101.72679,3.2597],[101.72675,3.25953],[101.72666,3.25939],[101.72643,3.25926],[101.72606,3.25908],[101.72592,3.25901],[101.72582,3.25893],[101.72571,3.25881],[101.72567,3.25873],[101.72564,3.25864],[101.72559,3.25848],[101.72557,3.25825],[101.72558,3.25809],[101.72561,3.25782],[101.72571,3.25744],[101.72572,3.25728],[101.72568,3.25709],[101.72563,3.25695],[101.72555,3.25681],[101.72549,3.25669],[101.72541,3.2565],[101.7253,3.25619],[101.72523,3.25594],[101.72516,3.25573],[101.7251,3.25557],[101.72507,3.25549],[101.72503,3.25545],[101.72496,3.25541],[101.72485,3.25541],[101.7247,3.25541],[101.72455,3.25541],[101.72446,3.2554],[101.7242,3.25534],[101.72397,3.25529],[101.72373,3.25521],[101.72341,3.25511],[101.72321,3.25507],[101.72307,3.25503],[101.72302,3.255],[101.72294,3.25492],[101.7229,3.25484],[101.72283,3.25466],[101.7228,3.25454],[101.7228,3.25442],[101.72279,3.25432],[101.72277,3.2542],[101.72272,3.25407],[101.72264,3.2539],[101.72252,3.25358],[101.72245,3.25336],[101.72239,3.25303],[101.72233,3.25287],[101.7223,3.25273],[101.72222,3.25262],[101.72217,3.25254],[101.72213,3.25242],[101.7221,3.25227],[101.72198,3.25189],[101.72193,3.25174],[101.72187,3.25158],[101.72182,3.25147],[101.72175,3.25141],[101.72168,3.25132],[101.72163,3.25123],[101.72161,3.25111],[101.72161,3.25093],[101.72163,3.25061],[101.72164,3.2505],[101.72164,3.2504],[101.72161,3.25027],[101.72155,3.25013],[101.72149,3.24992],[101.72143,3.24966],[101.72134,3.24936],[101.72126,3.24911],[101.72121,3.2489],[101.72119,3.24879],[101.72121,3.24866],[101.72127,3.24854],[101.72136,3.24847],[101.72157,3.2483],[101.72162,3.24824],[101.72168,3.2481],[101.72175,3.24795],[101.7218,3.24776],[101.7218,3.24765],[101.72178,3.24755],[101.72173,3.24739],[101.72164,3.24723],[101.72154,3.24712],[101.72147,3.24698],[101.72139,3.24682],[101.72137,3.24669],[101.72137,3.24657],[101.72146,3.24643],[101.7216,3.24629],[101.72171,3.2462],[101.72177,3.24612],[101.7218,3.24603],[101.72178,3.24588],[101.72176,3.24578],[101.72173,3.24568],[101.72166,3.24557],[101.72159,3.24543],[101.72151,3.24533],[101.72145,3.24526],[101.72128,3.24515],[101.72113,3.24509],[101.72101,3.2451],[101.72091,3.24516],[101.72079,3.24531],[101.72064,3.2455],[101.72053,3.24561],[101.72034,3.24567],[101.72019,3.2457],[101.71997,3.24572],[101.71982,3.24572],[101.71964,3.2457],[101.71946,3.24567],[101.71925,3.24565],[101.71891,3.24568],[101.71868,3.24571],[101.71847,3.24574],[101.71836,3.24572],[101.71827,3.24567],[101.71809,3.24556],[101.71796,3.2454],[101.71785,3.24531],[101.71775,3.24525],[101.71761,3.24521],[101.71751,3.24516],[101.71735,3.24514],[101.7172,3.24516],[101.71709,3.2452],[101.71654,3.24536],[101.7164,3.24543],[101.71623,3.24557],[101.71617,3.2456],[101.71603,3.24567],[101.71585,3.24567],[101.71557,3.24568],[101.71526,3.24567],[101.71509,3.24565],[101.71493,3.24561],[101.71475,3.24554],[101.71464,3.24547],[101.71456,3.2454],[101.71444,3.24528],[101.71431,3.24515],[101.71404,3.24491],[101.71395,3.24485],[101.71384,3.24477],[101.71377,3.24469],[101.7137,3.24459],[101.71362,3.24445],[101.71351,3.24416],[101.71343,3.24395],[101.71336,3.24368],[101.71335,3.24365],[101.71323,3.24316],[101.71308,3.24263],[101.71298,3.2423],[101.71295,3.24219],[101.71289,3.24209],[101.71277,3.2419],[101.71261,3.24173],[101.71248,3.2416],[101.71241,3.2415],[101.71228,3.24133],[101.71217,3.24114],[101.7121,3.24096],[101.71203,3.2408],[101.71189,3.24017],[101.71185,3.23988],[101.71181,3.23956],[101.71179,3.23941],[101.71179,3.23926],[101.71182,3.23905],[101.71189,3.23882],[101.71196,3.23857],[101.71204,3.23835],[101.71212,3.23808],[101.71218,3.23776],[101.71225,3.2374],[101.71225,3.23724],[101.71224,3.23712],[101.71221,3.23702],[101.71215,3.23689],[101.71209,3.23672],[101.71202,3.23654],[101.71201,3.23643],[101.712,3.23632],[101.71204,3.23615],[101.7121,3.23599],[101.71216,3.23585],[101.7122,3.23572],[101.71222,3.23558],[101.71221,3.23539],[101.71219,3.23519],[101.71213,3.23497],[101.71207,3.23461],[101.71196,3.23416],[101.71193,3.23398],[101.71186,3.2338],[101.71176,3.23365],[101.71165,3.23354],[101.71143,3.23338],[101.71126,3.23321],[101.71098,3.23285],[101.71091,3.23272],[101.71082,3.23255],[101.71056,3.23197],[101.71045,3.23175],[101.71031,3.23149],[101.7102,3.23127],[101.71006,3.23109],[101.70992,3.23095],[101.70976,3.23083],[101.70955,3.23067],[101.70933,3.23049],[101.7091,3.23031],[101.70896,3.23016],[101.70884,3.23003],[101.70874,3.22989],[101.70863,3.22971],[101.70852,3.22951],[101.70844,3.22932],[101.70836,3.2291],[101.70833,3.2289],[101.70828,3.22863],[101.70826,3.2285],[101.70826,3.22834],[101.70827,3.22805],[101.70828,3.22776],[101.7083,3.2274],[101.70834,3.22704],[101.70838,3.22672],[101.70843,3.22649],[101.70847,3.22635],[101.7085,3.22625],[101.70855,3.22619],[101.70907,3.22569],[101.70922,3.22553],[101.70945,3.2253],[101.70963,3.22507],[101.70969,3.22496],[101.70973,3.22484],[101.70976,3.22474],[101.70977,3.22462],[101.70979,3.22439],[101.7098,3.22415],[101.70977,3.22395],[101.70971,3.2238],[101.7096,3.2236],[101.70948,3.22341],[101.70933,3.22319],[101.7092,3.22307],[101.70912,3.223],[101.70902,3.22292],[101.70834,3.22254],[101.70824,3.22249],[101.70812,3.2224],[101.708,3.22224],[101.70789,3.2221],[101.70768,3.2218],[101.70745,3.22147],[101.70734,3.22127],[101.70727,3.22115],[101.70721,3.22099],[101.70718,3.22076],[101.70717,3.22055],[101.70722,3.22014],[101.70724,3.21996],[101.70723,3.21984],[101.70717,3.21968],[101.70698,3.2193],[101.70666,3.21873],[101.70634,3.21812],[101.70617,3.21789],[101.70607,3.21776],[101.70593,3.21764],[101.70586,3.21757],[101.70576,3.21752],[101.7056,3.21746],[101.70539,3.21743],[101.70513,3.21741],[101.70495,3.21741],[101.70457,3.21743],[101.7044,3.21742],[101.70409,3.21734],[101.70385,3.21724],[101.70356,3.21709],[101.70336,3.21695],[101.70316,3.2168],[101.70303,3.21669],[101.70289,3.21652],[101.70277,3.21635],[101.70265,3.21615],[101.70255,3.21594],[101.70248,3.21573],[101.70245,3.21554],[101.70246,3.21535],[101.70252,3.21517],[101.70269,3.21479],[101.7028,3.2146],[101.70288,3.21443],[101.70293,3.21433],[101.70298,3.21421],[101.70301,3.21412],[101.70301,3.214],[101.703,3.21387],[101.70297,3.21308],[101.70296,3.21278],[101.70294,3.21256],[101.70289,3.21238],[101.70281,3.21215],[101.7027,3.212],[101.70255,3.21186],[101.70236,3.21176],[101.70196,3.2116],[101.70171,3.21149],[101.70153,3.21138],[101.70143,3.21129],[101.70134,3.21117],[101.7012,3.21098],[101.70112,3.21081],[101.70109,3.21065],[101.70108,3.21035],[101.70112,3.2097],[101.7011,3.20938],[101.70112,3.20922],[101.70115,3.20912],[101.70131,3.20871],[101.7014,3.20838],[101.70141,3.20826],[101.70139,3.2081],[101.70135,3.20803],[101.70124,3.2079],[101.70099,3.2077],[101.70071,3.20749],[101.70054,3.20731],[101.7004,3.20717],[101.70031,3.20705],[101.70025,3.20694],[101.70019,3.20681],[101.70007,3.20648],[101.69995,3.20612],[101.69956,3.2052],[101.69952,3.20507],[101.6995,3.20499],[101.69941,3.20491],[101.69918,3.2048],[101.699,3.20472],[101.69884,3.20461],[101.69878,3.20453],[101.69875,3.20443],[101.69871,3.20424],[101.6987,3.20404],[101.69865,3.20348],[101.6986,3.20313],[101.69858,3.20289],[101.69847,3.20238],[101.69844,3.20222],[101.69843,3.20204],[101.69842,3.20188],[101.69843,3.20169],[101.69852,3.20099],[101.69857,3.20067],[101.69862,3.20035],[101.69871,3.20003],[101.69884,3.19965],[101.69891,3.19946],[101.69899,3.19935],[101.6991,3.19926],[101.69921,3.19916],[101.69952,3.19895],[101.69968,3.19883],[101.69988,3.19863],[101.70018,3.19827],[101.70052,3.19782],[101.70062,3.19764],[101.70085,3.1973],[101.70088,3.19723],[101.70091,3.19708],[101.70094,3.19687],[101.70094,3.19674],[101.70092,3.19661],[101.70085,3.19626],[101.70074,3.19585],[101.70061,3.19544],[101.70054,3.19518],[101.7005,3.19497],[101.70049,3.19475],[101.70051,3.19456],[101.70068,3.19399],[101.70091,3.1934],[101.70099,3.19314],[101.70104,3.19297],[101.70108,3.19278],[101.7011,3.19266],[101.70108,3.19251],[101.70096,3.19181],[101.70088,3.19147],[101.70087,3.19129],[101.70084,3.19055],[101.70079,3.18955],[101.70077,3.18931]]}},{"type":"Feature","properties":{"name":"Sungai Batu","waterway":"river"},"geometry":{"type":"LineString","coordinates":[[101.69056,3.16983],[101.69087,3.16985],[101.69106,3.16983]]}},{"type":"Feature","properties":{"name":"Sungai Batu","waterway":"river"},"geometry":{"type":"LineString","coordinates":[[101.69106,3.16983],[101.69121,3.16979],[101.69132,3.16972],[101.69192,3.16921],[101.69215,3.16903],[101.69238,3.16872],[101.69299,3.16784],[101.69306,3.16769]]}},{"type":"Feature","properties":{"name":null,"waterway":"river"},"geometry":{"type":"LineString","coordinates":[[101.51761,3.01024],[101.51754,3.0104]]}},{"type":"Feature","properties":{"name":null,"waterway":"canal"},"geometry":{"type":"LineString","coordinates":[[101.37439,3.00309],[101.37446,3.00276]]}},{"type":"Feature","properties":{"name":null,"waterway":"canal"},"geometry":{"type":"LineString","coordinates":[[101.37446,3.00276],[101.3746,3.002]]}},{"type":"Feature","properties":{"name":null,"waterway":"canal"},"geometry":{"type":"LineString","coordinates":[[101.47242,2.94248],[101.47213,2.94243],[101.47211,2.9424],[101.47209,2.94231],[101.47172,2.94224],[101.47005,2.9419],[101.46842,2.94146],[101.46822,2.94137],[101.46813,2.9413],[101.46809,2.94123],[101.46792,2.94095],[101.46752,2.94011],[101.46748,2.94006],[101.46739,2.94005],[101.46616,2.94],[101.46413,2.93986],[101.46334,2.93989],[101.4608,2.93984],[101.45963,2.93981],[101.45893,2.9398],[101.45635,2.93973],[101.45567,2.93972],[101.45364,2.93965],[101.4533,2.93964],[101.4516,2.93967],[101.4505,2.93965],[101.44857,2.93962],[101.445,2.93956],[101.44229,2.93957],[101.44003,2.93957],[101.43924,2.93958],[101.43725,2.93954],[101.43446,2.93955],[101.43167,2.93954],[101.42919,2.93956],[101.42447,2.93951],[101.42416,2.93951],[101.42176,2.93952],[101.42117,2.93956],[101.42034,2.93973],[101.42015,2.93977],[101.41998,2.93978],[101.41986,2.93981],[101.41976,2.93986],[101.41959,2.93994],[101.41932,2.94004],[101.41912,2.94007],[101.41876,2.94012],[101.4185,2.94022],[101.41823,2.94044],[101.41799,2.94065],[101.41783,2.94085],[101.41771,2.94119],[101.41751,2.94181],[101.41749,2.942],[101.41754,2.94218],[101.41758,2.94236],[101.41756,2.94261],[101.41748,2.94283],[101.41731,2.94301],[101.41674,2.94353]]}},{"type":"Feature","properties":{"name":null,"waterway":"canal"},"geometry":{"type":"LineString","coordinates":[[101.47581,2.94955],[101.4758,2.94973]]}},{"type":"Feature","properties":{"name":null,"waterway":"canal"},"geometry":{"type":"LineString","coordinates":[[101.47732,2.92871],[101.47669,2.93742],[101.47581,2.94955]]}},{"type":"Feature","properties":{"name":"Sungai Klang","waterway":"river"},"geometry":{"type":"LineString","coordinates":[[101.6966,3.1501],[101.69654,3.14975],[101.69639,3.14944],[101.69628,3.14914]]}},{"type":"Feature","properties":{"name":"Sungai Kelang","waterway":"river"},"geometry":{"type":"LineString","coordinates":[[101.69628,3.14914],[101.69626,3.14911],[101.69611,3.14885],[101.696,3.14862],[101.6959,3.14842],[101.6958,3.14826],[101.69563,3.14805],[101.69538,3.14775],[101.69535,3.1477],[101.69529,3.1476]]}},{"type":"Feature","properties":{"name":null,"waterway":"canal"},"geometry":{"type":"LineString","coordinates":[[101.69569,3.17759],[101.69576,3.17737],[101.69577,3.17709],[101.69575,3.17683],[101.69573,3.1767]]}},{"type":"Feature","properties":{"name":null,"waterway":"canal"},"geometry":{"type":"LineString","coordinates":[[101.69521,3.17903],[101.69569,3.17759]]}},{"type":"Feature","properties":{"name":null,"waterway":"river"},"geometry":{"type":"LineString","coordinates":[[101.54757,3.00734],[101.54779,3.00735]]}},{"type":"Feature","properties":{"name":null,"waterway":"river"},"geometry":{"type":"LineString","coordinates":[[101.54779,3.00735],[101.548,3.00735],[101.54831,3.00734]]}},{"type":"Feature","properties":{"name":"Sungai Kandis","waterway":"river"},"geometry":{"type":"LineString","coordinates":[[101.49352,3.02395],[101.49354,3.02455],[101.49355,3.02481],[101.49359,3.02545],[101.49364,3.02636],[101.49368,3.02701],[101.49363,3.02723],[101.49367,3.02802],[101.49373,3.02932],[101.49379,3.03011],[101.49375,3.03049],[101.49373,3.03078],[101.49375,3.0311],[101.4938,3.03197],[101.49384,3.03296],[101.49383,3.03363],[101.49387,3.03382],[101.49384,3.03406],[101.49386,3.03427],[101.49385,3.03468],[101.49387,3.03501],[101.49394,3.03533],[101.49402,3.03602],[101.49402,3.03634],[101.49399,3.03652],[101.49396,3.03673],[101.49398,3.03693],[101.49404,3.03715],[101.49397,3.03749],[101.494,3.03834],[101.49409,3.039],[101.49409,3.03958],[101.49411,3.04003],[101.49417,3.04062],[101.49405,3.04114],[101.49405,3.04155],[101.49407,3.0419],[101.49409,3.04293],[101.49414,3.04376],[101.49417,3.04422],[101.49417,3.04432],[101.49412,3.04441],[101.49395,3.04472],[101.49336,3.04499]]}},{"type":"Feature","properties":{"name":null,"waterway":"river"},"geometry":{"type":"LineString","coordinates":[[101.49328,3.01895],[101.49328,3.01905]]}},{"type":"Feature","properties":{"name":null,"waterway":"river"},"geometry":{"type":"LineString","coordinates":[[101.49324,3.0178],[101.49324,3.0179]]}},{"type":"Feature","properties":{"name":"Sungai Kandis","waterway":"river"},"geometry":{"type":"LineString","coordinates":[[101.49324,3.0179],[101.49329,3.01848],[101.49328,3.01895]]}},{"type":"Feature","properties":{"name":null,"waterway":"river"},"geometry":{"type":"LineString","coordinates":[[101.75136,2.93274],[101.75138,2.93265]]}},{"type":"Feature","properties":{"name":"Sungai Merab Luar","waterway":"river"},"geometry":{"type":"LineString","coordinates":[[101.75379,2.92914],[101.75439,2.92891],[101.75473,2.92873],[101.75506,2.92851],[101.75526,2.92842],[101.75567,2.92831],[101.7559,2.92823],[101.7561,2.92809],[101.75633,2.92776],[101.7564,2.92766],[101.75644,2.92759],[101.75663,2.92736],[101.75671,2.92723],[101.75686,2.92669],[101.75687,2.92661],[101.75685,2.92589],[101.7568,2.92558],[101.75671,2.9252],[101.75672,2.9251],[101.75678,2.92467],[101.75676,2.92462],[101.75679,2.92439],[101.75675,2.92428],[101.75657,2.92395],[101.75632,2.92366],[101.75601,2.92332],[101.75574,2.9231],[101.75521,2.9226],[101.75501,2.92223],[101.75494,2.92206],[101.75487,2.92175],[101.75469,2.92142],[101.75458,2.9211],[101.7545,2.92076]]}},{"type":"Feature","properties":{"name":null,"waterway":"river"},"geometry":{"type":"LineString","coordinates":[[101.75369,2.92917],[101.75379,2.92914]]}},{"type":"Feature","properties":{"name":"Sungai Merab Luar","waterway":"river"},"geometry":{"type":"LineString","coordinates":[[101.7535,2.917],[101.75361,2.91662],[101.75368,2.91623]]}},{"type":"Feature","properties":{"name":"Sungai Merab Luar","waterway":"river"},"geometry":{"type":"LineString","coordinates":[[101.75368,2.91623],[101.75376,2.91612],[101.75382,2.91602],[101.75388,2.91586],[101.75397,2.91569],[101.75405,2.91557],[101.75422,2.91519],[101.7543,2.91504],[101.75442,2.91491],[101.75476,2.91487]]}},{"type":"Feature","properties":{"name":"Sungai Merab Luar","waterway":"river"},"geometry":{"type":"LineString","coordinates":[[101.7545,2.92076],[101.7543,2.92022],[101.75424,2.91982],[101.75419,2.91952],[101.75414,2.91931],[101.75406,2.91913],[101.75404,2.91904],[101.75405,2.91897],[101.75412,2.9189],[101.75416,2.91886],[101.75417,2.91882],[101.75417,2.9188],[101.75422,2.91874],[101.75422,2.91868],[101.75421,2.9186],[101.75417,2.91852],[101.75417,2.91847],[101.75414,2.91841],[101.7541,2.91838],[101.75402,2.91816],[101.75381,2.91769],[101.75372,2.91741],[101.75363,2.91718],[101.7535,2.917]]}},{"type":"Feature","properties":{"name":"Sungai Prah","waterway":"canal"},"geometry":{"type":"LineString","coordinates":[[101.73282,3.18693],[101.73274,3.18696]]}},{"type":"Feature","properties":{"name":"Sungai Prah","waterway":"canal"},"geometry":{"type":"LineString","coordinates":[[101.72862,3.18676],[101.72862,3.18676],[101.72865,3.1871],[101.72823,3.18753],[101.7277,3.18729],[101.72741,3.18633],[101.72731,3.18621],[101.72718,3.18614],[101.72703,3.18617],[101.72642,3.18654],[101.72624,3.18673],[101.72594,3.18735],[101.7257,3.18755],[101.72535,3.18765],[101.72516,3.1878],[101.72405,3.18837],[101.72396,3.18837],[101.72377,3.18829],[101.72371,3.18814],[101.7236,3.18805],[101.72335,3.18804]]}},{"type":"Feature","properties":{"name":"Sungai Prah","waterway":"canal"},"geometry":{"type":"LineString","coordinates":[[101.72861,3.1867],[101.72862,3.18676]]}},{"type":"Feature","properties":{"name":"Sungai Prah","waterway":"canal"},"geometry":{"type":"LineString","coordinates":[[101.72156,3.18795],[101.72142,3.18803]]}},{"type":"Feature","properties":{"name":"Sungai Prah","waterway":"canal"},"geometry":{"type":"LineString","coordinates":[[101.72314,3.18803],[101.72171,3.18791],[101.72156,3.18795]]}},{"type":"Feature","properties":{"name":"Sungai Prah","waterway":"canal"},"geometry":{"type":"LineString","coordinates":[[101.72142,3.18803],[101.72127,3.18814],[101.72104,3.18827],[101.72094,3.18828],[101.72062,3.18818]]}},{"type":"Feature","properties":{"name":"Sungai Prah","waterway":"canal"},"geometry":{"type":"LineString","coordinates":[[101.72335,3.18804],[101.72314,3.18803]]}},{"type":"Feature","properties":{"name":"Sungai Prah","waterway":"canal"},"geometry":{"type":"LineString","coordinates":[[101.73274,3.18696],[101.73266,3.18697],[101.73257,3.18693],[101.73247,3.18685],[101.73242,3.18676],[101.73236,3.18661],[101.73105,3.1857],[101.7302,3.1852],[101.72955,3.18508],[101.72858,3.18489],[101.72825,3.18495],[101.72776,3.18517],[101.72758,3.18531],[101.7278,3.18574],[101.72817,3.18567],[101.72848,3.18581],[101.72861,3.18669],[101.72861,3.1867]]}},{"type":"Feature","properties":{"name":"Sungai Lui","waterway":"river"},"geometry":{"type":"LineString","coordinates":[[101.92106,3.14532],[101.92099,3.14504],[101.92099,3.14462],[101.92092,3.14434],[101.9208,3.14418],[101.92063,3.1441],[101.92042,3.14408],[101.92024,3.14407],[101.92004,3.14414],[101.91987,3.14425],[101.91961,3.14442],[101.9195,3.14454],[101.91938,3.14461],[101.91923,3.14461],[101.91908,3.14459],[101.91889,3.14449],[101.91874,3.14436],[101.91864,3.14431],[101.9185,3.14428],[101.91832,3.14427],[101.91814,3.1443],[101.91789,3.14431],[101.91762,3.14426],[101.91745,3.14423],[101.91732,3.14423],[101.91718,3.14426],[101.91708,3.1443],[101.91704,3.14435],[101.91704,3.14442],[101.91706,3.14455],[101.91708,3.14475],[101.91706,3.14485],[101.917,3.14494],[101.91692,3.14501],[101.9168,3.14507],[101.91663,3.1452],[101.91644,3.14536],[101.91624,3.14542],[101.916,3.14555],[101.91587,3.14571],[101.91573,3.14592],[101.91569,3.1461],[101.91567,3.14632],[101.9156,3.14658],[101.9156,3.14669],[101.91576,3.14682],[101.9158,3.14689],[101.91577,3.14698],[101.91561,3.14709],[101.9155,3.14722],[101.91541,3.14727],[101.91531,3.14733],[101.9152,3.14734],[101.91498,3.14738],[101.9149,3.14743],[101.91482,3.14752],[101.91483,3.14767],[101.9149,3.14779],[101.91494,3.14786],[101.9149,3.14796],[101.91478,3.14804],[101.9146,3.14806],[101.91444,3.14809],[101.91431,3.14819],[101.91421,3.14822],[101.91385,3.14831],[101.91374,3.14831],[101.91365,3.14834],[101.91355,3.14843],[101.91347,3.14846],[101.91339,3.14844],[101.91324,3.14831],[101.91314,3.14826],[101.91302,3.14826],[101.91295,3.1483],[101.91292,3.14838],[101.91287,3.14848],[101.91283,3.14852],[101.91277,3.14852],[101.9127,3.14846],[101.91268,3.14838],[101.91271,3.14829],[101.91268,3.1482],[101.91254,3.14818],[101.91242,3.14816],[101.91233,3.1482],[101.91221,3.14825],[101.91209,3.14828],[101.9119,3.14829],[101.91174,3.14831],[101.91156,3.14839],[101.91145,3.14844],[101.91131,3.14844],[101.91116,3.14836],[101.911,3.14824],[101.91087,3.14815],[101.91074,3.14808],[101.91053,3.14799],[101.91032,3.148],[101.91013,3.14801],[101.91,3.1481],[101.90994,3.14824],[101.90995,3.14836],[101.90995,3.14859],[101.9099,3.14872],[101.90985,3.14887],[101.90975,3.14898],[101.9096,3.14905],[101.90936,3.14902],[101.90912,3.14903],[101.90891,3.14911],[101.90872,3.14922],[101.90857,3.14936],[101.90842,3.14947],[101.90826,3.14956],[101.90817,3.14977],[101.90819,3.14995],[101.90814,3.15004],[101.90797,3.1501],[101.90784,3.1501],[101.90767,3.1502],[101.90746,3.15041],[101.90732,3.15045],[101.9071,3.15042],[101.90685,3.15036],[101.90666,3.15036],[101.90653,3.15037],[101.90634,3.15041],[101.90608,3.15045],[101.90596,3.15045],[101.90589,3.15047],[101.90576,3.15051],[101.90567,3.15055],[101.90556,3.15057],[101.90549,3.15061],[101.90537,3.15065],[101.90525,3.15068],[101.90513,3.15068],[101.90492,3.15068],[101.90473,3.15072],[101.90439,3.15088],[101.90423,3.15097],[101.90421,3.15102],[101.90422,3.15109],[101.90431,3.15121],[101.90431,3.15137],[101.90438,3.15145],[101.90439,3.15154],[101.90432,3.15162],[101.90379,3.15173],[101.90357,3.15184],[101.90337,3.15207],[101.90318,3.15227],[101.90304,3.1524],[101.90289,3.15247],[101.90277,3.1525],[101.90268,3.1525],[101.90253,3.15248],[101.9024,3.15248],[101.90231,3.15256],[101.90217,3.15255],[101.90198,3.15254],[101.90188,3.15253],[101.90184,3.15259],[101.90187,3.15271],[101.90193,3.15286],[101.90201,3.15297],[101.90211,3.15304],[101.9022,3.1532],[101.90227,3.15329],[101.9024,3.15337],[101.90251,3.1535],[101.90257,3.1536],[101.9026,3.15365],[101.90267,3.15383],[101.90265,3.15402],[101.90257,3.15413],[101.90252,3.15422],[101.90245,3.15437],[101.90239,3.15461],[101.90228,3.15477],[101.90219,3.15487],[101.90217,3.15501],[101.90215,3.15515],[101.90211,3.15527],[101.90207,3.15538],[101.90201,3.15548],[101.90193,3.15557],[101.90181,3.15566],[101.90169,3.15571],[101.90156,3.15568],[101.90143,3.15554],[101.90133,3.15534],[101.90123,3.1552],[101.9011,3.15512],[101.90091,3.15507],[101.9007,3.15506],[101.90051,3.15505],[101.90038,3.15512],[101.9003,3.15523],[101.90023,3.15532],[101.9001,3.1553],[101.90001,3.15524],[101.89992,3.15506],[101.89982,3.15498],[101.89974,3.15493],[101.89964,3.15495],[101.89952,3.15495],[101.8994,3.15503],[101.89934,3.15513],[101.89927,3.15523],[101.89918,3.1553],[101.8991,3.15537],[101.89902,3.15541],[101.89891,3.15548],[101.89883,3.15549],[101.89875,3.15547],[101.89866,3.15541],[101.8986,3.15538],[101.89851,3.15539],[101.8984,3.15547],[101.89831,3.15547],[101.89823,3.15541],[101.89816,3.15531],[101.89811,3.15521],[101.89806,3.15508],[101.89801,3.15496],[101.89796,3.15481],[101.89796,3.1546],[101.89789,3.1544],[101.8979,3.15435],[101.89797,3.15431],[101.89805,3.15425],[101.89807,3.15419],[101.89803,3.15414],[101.89781,3.15413],[101.8977,3.15413],[101.89766,3.1542],[101.89763,3.15433],[101.89761,3.15452],[101.89758,3.15471],[101.89752,3.15484],[101.89744,3.1549],[101.89727,3.15493],[101.8971,3.15489],[101.89694,3.1549],[101.89684,3.15495],[101.89677,3.1551],[101.89674,3.15513],[101.89657,3.15515],[101.89645,3.15517],[101.89628,3.15525],[101.89617,3.15528],[101.89611,3.15529],[101.89599,3.1553],[101.89585,3.15527],[101.89579,3.15529],[101.89567,3.15534],[101.89563,3.15533],[101.89549,3.15533],[101.89528,3.15532],[101.89504,3.1553],[101.89484,3.15528],[101.89467,3.15524],[101.89452,3.15517],[101.89445,3.15509],[101.89446,3.15502],[101.89453,3.15494],[101.89457,3.15486],[101.89465,3.15471],[101.89461,3.15456],[101.89454,3.15444],[101.89447,3.15438],[101.89433,3.15437],[101.8942,3.15434],[101.89408,3.15432],[101.89396,3.15426],[101.89387,3.15419],[101.8938,3.15412],[101.89374,3.15403],[101.89374,3.15393],[101.89373,3.15386],[101.89376,3.1538],[101.89385,3.15372],[101.89394,3.15374],[101.89402,3.15377],[101.89409,3.15379],[101.89413,3.15375],[101.89416,3.15365],[101.89411,3.15353],[101.89398,3.15333],[101.89385,3.15316],[101.89368,3.15316],[101.89355,3.15335],[101.89345,3.15345],[101.89335,3.15347],[101.89325,3.15341],[101.89318,3.15336],[101.89312,3.15329],[101.89307,3.1532],[101.89292,3.15314],[101.89282,3.15311],[101.89272,3.15308],[101.89266,3.15311],[101.89261,3.15319],[101.89258,3.15336],[101.89256,3.15352],[101.89254,3.15369],[101.8925,3.15385],[101.89237,3.15415],[101.89238,3.15425],[101.89232,3.15439],[101.89224,3.15448],[101.89213,3.15454],[101.89181,3.1546],[101.89166,3.1546],[101.89152,3.15458],[101.8912,3.15444],[101.89112,3.15444],[101.89103,3.15451],[101.89104,3.15466],[101.89108,3.15478],[101.89098,3.15485],[101.89075,3.15483],[101.89057,3.15492],[101.89061,3.15512],[101.89083,3.15524],[101.89091,3.15535],[101.89089,3.15545],[101.89074,3.15552],[101.89063,3.15562],[101.89058,3.15573],[101.89058,3.15585],[101.89065,3.15594],[101.89075,3.15597],[101.89084,3.15597],[101.89097,3.15594],[101.89105,3.15591],[101.89109,3.15593],[101.89111,3.15597],[101.89109,3.1561],[101.89104,3.15626],[101.89093,3.15633],[101.89075,3.15631],[101.89062,3.15633],[101.89048,3.15632],[101.89042,3.15627],[101.89037,3.15624],[101.89033,3.1562],[101.89035,3.15615],[101.89039,3.15608],[101.89038,3.15605],[101.89034,3.15604],[101.89026,3.15608],[101.89018,3.15614],[101.89009,3.15616],[101.89,3.15614],[101.88992,3.15608],[101.88984,3.15604],[101.88973,3.15604],[101.88968,3.15608],[101.88968,3.15613],[101.88972,3.15618],[101.88983,3.15621],[101.88988,3.15627],[101.88995,3.15641],[101.88995,3.15656],[101.88989,3.15671],[101.88978,3.15676],[101.88966,3.15682],[101.88955,3.15686],[101.8895,3.15693],[101.88949,3.15703],[101.88952,3.15712],[101.88958,3.15719],[101.88964,3.15727],[101.88975,3.15732],[101.88986,3.15728],[101.88993,3.15725],[101.88999,3.15722],[101.89004,3.15724],[101.8901,3.15738],[101.89011,3.15751],[101.89006,3.15758],[101.88982,3.1576],[101.88964,3.1576],[101.88961,3.15766],[101.8896,3.15772],[101.88968,3.15782],[101.8897,3.15797],[101.88968,3.15818],[101.88966,3.15838],[101.88959,3.15852],[101.88946,3.15865],[101.88933,3.1588],[101.8893,3.159],[101.88928,3.15916],[101.88922,3.15927],[101.88909,3.15931],[101.88902,3.1593],[101.88885,3.15935],[101.88867,3.15944],[101.88854,3.15955],[101.88844,3.15965],[101.88834,3.15976],[101.88824,3.15988],[101.88815,3.16001],[101.88816,3.16019],[101.88816,3.1604],[101.88812,3.16054],[101.88805,3.16062],[101.88796,3.16067],[101.88786,3.16081],[101.88774,3.16098],[101.88766,3.16115],[101.88761,3.16132],[101.88753,3.16153],[101.88752,3.16168],[101.88751,3.16183],[101.88757,3.16197],[101.88778,3.16206],[101.88795,3.16211],[101.88809,3.16209],[101.88819,3.16208],[101.88834,3.16214],[101.88839,3.16222],[101.88855,3.16235],[101.88861,3.16256],[101.88866,3.16276],[101.88866,3.16297],[101.88863,3.16311],[101.88857,3.16321],[101.88861,3.16326],[101.8887,3.16335],[101.88877,3.1635],[101.88882,3.16366],[101.88884,3.16381],[101.88884,3.16397],[101.88883,3.16414],[101.8888,3.16429],[101.88875,3.16443],[101.88868,3.16455],[101.88856,3.16464],[101.88842,3.16479],[101.88837,3.16487],[101.88838,3.16494],[101.88855,3.16503],[101.88873,3.16511],[101.88885,3.16529],[101.88887,3.16539],[101.88886,3.16548],[101.88865,3.16553],[101.88849,3.16559],[101.88836,3.16573],[101.88816,3.16579],[101.88802,3.16584],[101.8879,3.16588],[101.88782,3.16596],[101.88776,3.16597],[101.88772,3.16593],[101.88764,3.16588],[101.88752,3.16583],[101.88738,3.16585],[101.88725,3.16594],[101.88717,3.16607],[101.88711,3.16618],[101.88702,3.16628],[101.8869,3.16639],[101.88679,3.16652],[101.88678,3.16664],[101.8868,3.1668],[101.88679,3.16692],[101.88678,3.16705],[101.88673,3.16718],[101.88666,3.16734],[101.88656,3.16747],[101.88645,3.16758],[101.88636,3.16766],[101.88627,3.16773],[101.88614,3.1678],[101.88603,3.16785],[101.88591,3.1679],[101.88576,3.16791],[101.88558,3.1679],[101.88546,3.16786],[101.88525,3.16779],[101.88493,3.16781],[101.88469,3.16786],[101.88446,3.16794],[101.88421,3.16808],[101.88402,3.16818],[101.8839,3.16822],[101.88381,3.16816],[101.88374,3.16808],[101.88362,3.16798],[101.88339,3.16785],[101.88318,3.16773],[101.88293,3.16765],[101.88272,3.16766],[101.88247,3.16765],[101.88226,3.16763],[101.88205,3.16757],[101.88189,3.16749],[101.88183,3.16743],[101.88174,3.16731],[101.88167,3.16718],[101.8816,3.16707],[101.88156,3.16698],[101.88149,3.16689],[101.88141,3.16687],[101.88134,3.16689],[101.88127,3.16692],[101.88117,3.16695],[101.88109,3.16694],[101.88103,3.16693],[101.88099,3.1669],[101.88091,3.16681],[101.88085,3.16675],[101.88082,3.16667],[101.88072,3.16654],[101.8806,3.16644],[101.88052,3.16636],[101.88042,3.16626],[101.88032,3.16621],[101.88021,3.16616],[101.88008,3.16609],[101.87997,3.16599],[101.87986,3.1659],[101.87962,3.16575],[101.87945,3.1656],[101.87934,3.16536],[101.87928,3.16531],[101.87915,3.16525],[101.87899,3.16529],[101.87886,3.16541],[101.87872,3.16553],[101.87864,3.16563],[101.87861,3.16572],[101.87857,3.16581],[101.87848,3.16597],[101.87843,3.16601],[101.87834,3.16603],[101.8782,3.16607],[101.87789,3.16614],[101.87753,3.1662],[101.87734,3.16618],[101.87721,3.16617],[101.87709,3.1662],[101.87699,3.16626],[101.87695,3.16636],[101.87696,3.16646],[101.87676,3.16664],[101.87656,3.16691],[101.87645,3.16707],[101.87636,3.16716],[101.87615,3.1672],[101.87603,3.16721],[101.87592,3.16724],[101.87562,3.1673],[101.87555,3.16738],[101.8755,3.16751],[101.87545,3.16762],[101.87543,3.16777],[101.87535,3.16803],[101.87531,3.16816],[101.87526,3.16825],[101.87517,3.16834],[101.8751,3.1684],[101.87498,3.16844],[101.87487,3.16848],[101.87475,3.16853],[101.87448,3.16858],[101.8743,3.16856],[101.87409,3.16847],[101.87388,3.16849],[101.87371,3.16851],[101.87344,3.16855],[101.87328,3.16866],[101.87308,3.16879],[101.87293,3.16896],[101.87283,3.16909],[101.87271,3.16925],[101.87256,3.16951],[101.87246,3.16969],[101.87245,3.16988],[101.87246,3.17012],[101.87243,3.1703],[101.87237,3.1704],[101.87217,3.17056],[101.87198,3.1707],[101.87174,3.17078],[101.87157,3.17086],[101.87151,3.17094],[101.87154,3.17105],[101.87156,3.17117],[101.87163,3.17137],[101.87166,3.17154],[101.87169,3.17174],[101.87162,3.17199],[101.87131,3.17275],[101.87122,3.17289],[101.87114,3.1729],[101.87099,3.17288],[101.87082,3.17289],[101.87067,3.17292],[101.87052,3.17301],[101.87041,3.17314],[101.87032,3.17321],[101.87022,3.17334],[101.8701,3.1734],[101.86979,3.17351],[101.86945,3.17357],[101.86915,3.17364],[101.86886,3.17367],[101.86852,3.17364],[101.8683,3.17362],[101.86808,3.17351],[101.86785,3.17338],[101.86771,3.17326],[101.86762,3.17312],[101.86745,3.17297],[101.867,3.1727],[101.86665,3.17254],[101.86644,3.17255],[101.86634,3.17264],[101.86627,3.17276],[101.86625,3.17285],[101.86628,3.17295],[101.8664,3.17302],[101.86646,3.17306],[101.86652,3.17313],[101.86651,3.1732],[101.86647,3.17323],[101.86639,3.17324],[101.86623,3.17323],[101.86606,3.17321],[101.86589,3.1732],[101.86569,3.17319],[101.86547,3.17323],[101.86536,3.17317],[101.86526,3.17308],[101.86519,3.17296],[101.86511,3.17273],[101.86506,3.17254],[101.86505,3.17241],[101.86502,3.17229],[101.86497,3.17216],[101.86486,3.1721],[101.86476,3.17214],[101.86466,3.17228],[101.86453,3.17249],[101.86443,3.17258],[101.86435,3.17264],[101.86428,3.17265],[101.86424,3.17263],[101.86417,3.17259],[101.86408,3.17255],[101.864,3.17256],[101.86388,3.1726],[101.8638,3.17266],[101.86367,3.17267],[101.86356,3.17262],[101.86342,3.17251],[101.86331,3.17244],[101.86309,3.17239],[101.86298,3.17236],[101.86285,3.17228],[101.86269,3.17205],[101.86254,3.1718],[101.86238,3.17155],[101.86219,3.17139],[101.86197,3.17136],[101.86155,3.17137],[101.86136,3.17133],[101.86121,3.1712],[101.86107,3.17115],[101.86094,3.17122],[101.86084,3.17136],[101.86075,3.17164],[101.86055,3.17173],[101.86021,3.1718],[101.85996,3.17184],[101.85977,3.17195],[101.85962,3.17208],[101.85944,3.17216],[101.85925,3.17219],[101.85905,3.17218],[101.85899,3.17214],[101.85894,3.17201],[101.85901,3.17186],[101.859,3.17168],[101.85877,3.17148],[101.8584,3.17127],[101.85812,3.17117],[101.85783,3.171],[101.85761,3.17079],[101.85747,3.17073],[101.85724,3.17055],[101.85695,3.17039],[101.85689,3.17028],[101.85689,3.17006],[101.857,3.16974],[101.85715,3.16967],[101.85744,3.16939],[101.85758,3.16913],[101.85787,3.16885],[101.85813,3.16863],[101.85826,3.16853],[101.85847,3.16836],[101.85865,3.16818],[101.8588,3.16793],[101.85918,3.16713],[101.85926,3.16694],[101.85922,3.16666],[101.85907,3.16653],[101.85879,3.16617],[101.85872,3.16586],[101.85884,3.16563],[101.85878,3.16545],[101.85877,3.16529],[101.85867,3.16519],[101.85851,3.16521],[101.85835,3.16526],[101.85817,3.16541],[101.85809,3.16549],[101.85801,3.16557],[101.85791,3.16561],[101.85777,3.16564],[101.85761,3.1657],[101.85745,3.16576],[101.85732,3.16581],[101.85723,3.16588],[101.85714,3.16601],[101.8571,3.16612],[101.8571,3.1662],[101.85713,3.16632],[101.85718,3.16644],[101.85721,3.16654],[101.85719,3.16662],[101.85712,3.16669],[101.85703,3.16671],[101.85692,3.16668],[101.85683,3.16663],[101.85675,3.16658],[101.8566,3.16658],[101.8564,3.16661],[101.85623,3.16665],[101.85603,3.16672],[101.85586,3.16682],[101.85563,3.16697],[101.85555,3.16701],[101.85541,3.16704],[101.85532,3.167],[101.85526,3.16686],[101.85524,3.16674],[101.85516,3.16656],[101.85511,3.16646],[101.855,3.16634],[101.85486,3.1662],[101.85474,3.1661],[101.85451,3.16605],[101.85422,3.16609],[101.85399,3.16614],[101.85379,3.16609],[101.85358,3.16601],[101.85342,3.16595],[101.8533,3.16584],[101.85322,3.16574],[101.85321,3.16562],[101.85322,3.16552],[101.85324,3.16545],[101.85324,3.16541],[101.85327,3.16529],[101.85334,3.16513],[101.85337,3.16496],[101.85337,3.16482],[101.85339,3.1647],[101.8534,3.16462],[101.85337,3.16454],[101.85334,3.16446],[101.85338,3.16432],[101.85334,3.16419],[101.8533,3.16405],[101.85329,3.16395],[101.85323,3.16381],[101.85309,3.16367],[101.853,3.16358],[101.85285,3.16343],[101.85278,3.16338],[101.8527,3.16338],[101.85259,3.16342],[101.85252,3.16352],[101.85241,3.16362],[101.85231,3.16364],[101.8522,3.16364],[101.85209,3.16362],[101.85199,3.16355],[101.85189,3.16346],[101.85178,3.16326],[101.85173,3.16319],[101.85165,3.16317],[101.85157,3.16321],[101.8515,3.1634],[101.85143,3.16351],[101.85134,3.16359],[101.85125,3.16366],[101.85118,3.16367],[101.85105,3.16365],[101.85093,3.16359],[101.85086,3.1635],[101.85081,3.16337],[101.85081,3.16328],[101.85085,3.16324],[101.85095,3.16324],[101.85102,3.16319],[101.85109,3.16311],[101.85112,3.16298],[101.85119,3.16281],[101.85116,3.16269],[101.85109,3.16259],[101.85099,3.16256],[101.85083,3.16257],[101.85069,3.1627],[101.85059,3.16279],[101.85049,3.16288],[101.85037,3.16292],[101.85023,3.16296],[101.85014,3.16292],[101.85006,3.16287],[101.85002,3.16279],[101.84998,3.16268],[101.85,3.16252],[101.84997,3.16241],[101.84989,3.16235],[101.84978,3.16234],[101.84969,3.16237],[101.84959,3.16244],[101.8495,3.16254],[101.84939,3.16269],[101.8493,3.16277],[101.8492,3.16282],[101.8491,3.16284],[101.84897,3.1628],[101.84883,3.16269],[101.84869,3.16262],[101.84858,3.16258],[101.8485,3.16256]]}},{"type":"Feature","properties":{"name":"Sungai Rasau","waterway":"river"},"geometry":{"type":"LineString","coordinates":[[101.48158,3.06108],[101.48131,3.06054]]}},{"type":"Feature","properties":{"name":"Sungai Rasau","waterway":"river"},"geometry":{"type":"LineString","coordinates":[[101.49217,3.07888],[101.49102,3.07557],[101.49051,3.07462],[101.48854,3.07304],[101.48836,3.07284],[101.48823,3.07265],[101.48815,3.07242],[101.4881,3.07212],[101.48821,3.06762],[101.48822,3.06731],[101.48821,3.06717],[101.4882,3.06705],[101.48816,3.06693],[101.48813,3.06686],[101.48808,3.06681],[101.48802,3.06678],[101.4879,3.06677],[101.48773,3.06676],[101.48648,3.06585],[101.48624,3.06557],[101.48635,3.0637],[101.48621,3.06342],[101.48588,3.06304],[101.48554,3.06292],[101.48534,3.06291],[101.48505,3.06303],[101.48476,3.06305],[101.48432,3.06289],[101.48361,3.06221],[101.48265,3.06187],[101.48207,3.06166],[101.48189,3.06153],[101.48171,3.06131],[101.48158,3.06108]]}},{"type":"Feature","properties":{"name":"Sungai Sekamat","waterway":"river"},"geometry":{"type":"LineString","coordinates":[[101.77578,3.0205],[101.7756,3.02043],[101.77429,3.02047],[101.77388,3.02048],[101.77327,3.02041],[101.77193,3.02018],[101.77121,3.02006],[101.76956,3.01964]]}},{"type":"Feature","properties":{"name":"Sungai Sekamat","waterway":"river"},"geometry":{"type":"LineString","coordinates":[[101.77599,3.02058],[101.77578,3.0205]]}},{"type":"Feature","properties":{"name":"Sungai Lamiar","waterway":"river"},"geometry":{"type":"LineString","coordinates":[[101.82186,2.76625],[101.82174,2.76621],[101.82161,2.76617],[101.82137,2.76612],[101.82107,2.76605],[101.82099,2.76603],[101.82091,2.76597],[101.8208,2.76585],[101.82059,2.76567],[101.8205,2.76557],[101.82037,2.76548],[101.8203,2.76546],[101.82025,2.76546],[101.82017,2.76544],[101.82008,2.76538],[101.82001,2.76533],[101.81992,2.76527],[101.81986,2.76525],[101.81979,2.76524],[101.81973,2.76523],[101.81965,2.76525],[101.81959,2.76527],[101.81949,2.76533],[101.81944,2.76535],[101.81938,2.76534],[101.81926,2.76528],[101.81919,2.76526],[101.81909,2.76524],[101.81902,2.76524],[101.81895,2.76523],[101.81884,2.76516],[101.81874,2.76511],[101.81861,2.76505],[101.81847,2.76501],[101.81826,2.76498],[101.81812,2.76496],[101.81802,2.76494],[101.81778,2.76491],[101.8175,2.76484],[101.81731,2.76479],[101.81716,2.76475],[101.81703,2.76473],[101.81691,2.76469],[101.81679,2.76468],[101.81666,2.76465],[101.81656,2.7646],[101.81637,2.76447],[101.81626,2.76441],[101.81617,2.76436],[101.81591,2.76425],[101.81572,2.76416],[101.81551,2.76407],[101.81526,2.76398],[101.81507,2.76399],[101.8149,2.76401],[101.8147,2.76402],[101.81459,2.764],[101.81438,2.76392],[101.8138,2.76364],[101.81325,2.76342],[101.81297,2.76337],[101.81286,2.76323],[101.81267,2.76318],[101.81217,2.76316],[101.81193,2.76316],[101.81178,2.76312],[101.81165,2.76297],[101.81155,2.76281],[101.81148,2.76268],[101.81137,2.76261],[101.81117,2.76254],[101.81094,2.76254],[101.8108,2.76263],[101.81073,2.76275],[101.81067,2.76279],[101.81059,2.76282],[101.81052,2.76282],[101.81048,2.7628],[101.81045,2.76268],[101.8104,2.7626],[101.81034,2.76256],[101.8103,2.76254],[101.81024,2.76256],[101.81012,2.76268],[101.81007,2.76271],[101.81,2.76271],[101.80984,2.76264],[101.80969,2.76254],[101.80952,2.76237],[101.8092,2.76208],[101.80898,2.76186],[101.80881,2.7616],[101.80878,2.76137],[101.80881,2.76114],[101.80872,2.76095],[101.80859,2.76082],[101.80847,2.76059]]}},{"type":"Feature","properties":{"name":null,"waterway":"river"},"geometry":{"type":"LineString","coordinates":[[101.65248,2.9934],[101.65243,2.99335],[101.65235,2.99335],[101.65226,2.99339],[101.65217,2.99338],[101.65195,2.99325],[101.65183,2.9932],[101.6517,2.99308],[101.65162,2.99293],[101.6516,2.99277],[101.65158,2.99275],[101.65145,2.99266],[101.65147,2.99113],[101.65149,2.99094],[101.65153,2.9907],[101.65158,2.99049],[101.65155,2.99038],[101.65147,2.99032],[101.6513,2.99028],[101.6512,2.99031],[101.65111,2.99036],[101.65103,2.99042],[101.65097,2.99046],[101.65087,2.99045],[101.65083,2.99042],[101.6508,2.99036],[101.65077,2.9903],[101.65074,2.99025],[101.65069,2.99023],[101.65063,2.99023],[101.65056,2.99025],[101.65051,2.9903],[101.65048,2.99036],[101.65041,2.99043],[101.6503,2.99043],[101.65019,2.99038],[101.65012,2.99029],[101.65009,2.9902],[101.6501,2.9901],[101.65009,2.98998],[101.65002,2.9899],[101.64992,2.98986],[101.64976,2.98982],[101.64962,2.98979],[101.64951,2.98976],[101.64939,2.9897],[101.64932,2.98963],[101.64928,2.98956],[101.64924,2.9895],[101.64924,2.98942],[101.64926,2.98934],[101.64928,2.98928],[101.64928,2.98923],[101.64924,2.98918],[101.64898,2.98904],[101.64889,2.98897],[101.6488,2.98887],[101.6487,2.98863],[101.64857,2.9884],[101.64845,2.98822],[101.6484,2.98807],[101.64839,2.988]]}},{"type":"Feature","properties":{"name":null,"waterway":"river"},"geometry":{"type":"LineString","coordinates":[[101.78552,2.93705],[101.7853,2.93705],[101.78453,2.93717],[101.78426,2.93726]]}},{"type":"Feature","properties":{"name":null,"waterway":"river"},"geometry":{"type":"LineString","coordinates":[[101.41909,3.02565],[101.41894,3.02549]]}},{"type":"Feature","properties":{"name":null,"waterway":"river"},"geometry":{"type":"LineString","coordinates":[[101.42386,3.02981],[101.42373,3.02975],[101.41909,3.02565]]}},{"type":"Feature","properties":{"name":null,"waterway":"canal"},"geometry":{"type":"LineString","coordinates":[[101.69444,3.18222],[101.69439,3.1818]]}},{"type":"Feature","properties":{"name":null,"waterway":"canal"},"geometry":{"type":"LineString","coordinates":[[101.69439,3.1818],[101.69442,3.18163],[101.69447,3.18135],[101.69481,3.18038],[101.69521,3.17903]]}},{"type":"Feature","properties":{"name":"Sungai Putih","waterway":"river"},"geometry":{"type":"LineString","coordinates":[[101.87078,2.85936],[101.87077,2.85955],[101.87091,2.86027],[101.87099,2.86053],[101.87101,2.86093],[101.87108,2.86113],[101.87106,2.86125],[101.87112,2.86132],[101.87115,2.86157],[101.87119,2.86172],[101.8712,2.86182],[101.87123,2.86286],[101.87088,2.86302],[101.87061,2.86318],[101.87063,2.86404],[101.87064,2.86484],[101.87071,2.86494],[101.8707,2.86513],[101.8706,2.86523],[101.87059,2.8654],[101.87053,2.86549],[101.87054,2.86558],[101.8705,2.86573],[101.87044,2.86597],[101.87036,2.86612],[101.87024,2.86625],[101.87008,2.86652],[101.86999,2.86657],[101.86992,2.86671],[101.86978,2.86686],[101.86965,2.86689],[101.8695,2.86697],[101.86942,2.86704],[101.86904,2.86732],[101.86886,2.8674],[101.86869,2.86753],[101.86842,2.86762],[101.86817,2.8677],[101.86773,2.86771],[101.86742,2.86774],[101.86712,2.86774],[101.86687,2.86785],[101.8666,2.86794],[101.86631,2.86803],[101.8661,2.86812],[101.86595,2.86826],[101.86581,2.86844],[101.8658,2.86854],[101.86583,2.86866],[101.86582,2.86881],[101.86575,2.86892],[101.86568,2.86895],[101.86561,2.86894],[101.86554,2.86889],[101.86542,2.86888],[101.86535,2.86886],[101.86516,2.86888],[101.86501,2.86885],[101.86484,2.86886],[101.86466,2.86891],[101.86455,2.86889],[101.86435,2.86889],[101.86423,2.86887],[101.86402,2.86895],[101.86387,2.86911],[101.86376,2.86917],[101.86371,2.86926],[101.86355,2.86941],[101.86348,2.86946],[101.86339,2.86946],[101.86327,2.86953],[101.86316,2.86953],[101.86306,2.86944],[101.86301,2.86944],[101.86296,2.86949],[101.86289,2.86951],[101.86256,2.8695]]}},{"type":"Feature","properties":{"name":"Sungai Aur","waterway":"river"},"geometry":{"type":"LineString","coordinates":[[101.4522,3.0006],[101.45199,3.0006]]}},{"type":"Feature","properties":{"name":"Sungai Aur","waterway":"river"},"geometry":{"type":"LineString","coordinates":[[101.455,3.00059],[101.45324,3.0006],[101.4522,3.0006]]}},{"type":"Feature","properties":{"name":"Sungai Aur","waterway":"river"},"geometry":{"type":"LineString","coordinates":[[101.45518,3.00059],[101.455,3.00059]]}},{"type":"Feature","properties":{"name":"Sungai Aur","waterway":"river"},"geometry":{"type":"LineString","coordinates":[[101.46441,3.01126],[101.46487,3.01108],[101.46427,3.00945],[101.46375,3.00805],[101.4632,3.00656],[101.46282,3.00551],[101.46264,3.00504],[101.46248,3.00457],[101.46223,3.00391],[101.46186,3.0029],[101.46155,3.0021],[101.46104,3.00072],[101.461,3.00064],[101.46097,3.00064],[101.46001,3.00063],[101.45979,3.00063],[101.45874,3.00061],[101.45853,3.00061],[101.45779,3.0006],[101.4575,3.00058],[101.45609,3.00057],[101.45518,3.00059]]}},{"type":"Feature","properties":{"name":"Sungai Aur","waterway":"river"},"geometry":{"type":"LineString","coordinates":[[101.45199,3.0006],[101.45098,3.0006],[101.45046,3.00059],[101.44995,3.00058],[101.44933,3.00058],[101.44929,3.00058],[101.44899,3.00057],[101.44874,3.00059],[101.44857,3.00057],[101.44825,3.00056],[101.44806,3.00053],[101.44772,3.00053],[101.44751,3.00052],[101.44701,3.00055],[101.44633,3.00056],[101.44596,3.00058],[101.44573,3.00054],[101.44555,3.00056],[101.44521,3.00055],[101.44486,3.00055],[101.44442,3.00056],[101.44434,3.00051],[101.44396,3.00052],[101.44368,3.0005],[101.44348,3.00051],[101.4433,3.00051],[101.44287,3.00045],[101.44256,3.00045],[101.44225,3.00046],[101.44179,3.00052],[101.44133,3.00054],[101.44101,3.00056],[101.44057,3.00057],[101.44026,3.00055],[101.43977,3.00057],[101.43922,3.0006],[101.43888,3.00062],[101.43826,3.00064],[101.43792,3.00065],[101.43761,3.00067]]}},{"type":"Feature","properties":{"name":"Sungai Aur","waterway":"river"},"geometry":{"type":"LineString","coordinates":[[101.43761,3.00067],[101.43731,3.0007]]}},{"type":"Feature","properties":{"name":"Sungai Saringgit","waterway":"river"},"geometry":{"type":"LineString","coordinates":[[101.88855,2.95914],[101.88849,2.95909],[101.88845,2.95898],[101.88831,2.95882],[101.88815,2.95859],[101.88791,2.95843],[101.88772,2.95831],[101.88747,2.95815],[101.88738,2.95808],[101.88725,2.95806],[101.88717,2.95807],[101.88709,2.9581],[101.88697,2.95812],[101.88686,2.95818],[101.88675,2.95826],[101.88668,2.95832],[101.88661,2.95834],[101.88651,2.95836],[101.88642,2.95841],[101.88638,2.95848],[101.88633,2.95854],[101.88631,2.95861],[101.88626,2.9587],[101.88627,2.95881],[101.88624,2.95893],[101.88623,2.95902],[101.88626,2.95907],[101.8863,2.9591],[101.8863,2.95914],[101.8863,2.95919],[101.88632,2.95927],[101.88634,2.95948],[101.88633,2.95966],[101.8863,2.95983],[101.88625,2.95995],[101.88609,2.96016],[101.88589,2.96032],[101.88555,2.96041],[101.88521,2.96045],[101.88495,2.96042],[101.88485,2.96042],[101.8847,2.96045],[101.88456,2.96051],[101.88451,2.96057],[101.88443,2.96067],[101.88436,2.96067],[101.88431,2.96068],[101.88425,2.96068],[101.88421,2.9607],[101.88416,2.96075],[101.88408,2.9608],[101.88401,2.96083],[101.88397,2.96083],[101.8839,2.96084],[101.88381,2.96088],[101.88374,2.9609],[101.88366,2.96091],[101.88361,2.96089],[101.88358,2.96085],[101.8836,2.9608],[101.88362,2.96076],[101.88362,2.96069],[101.88358,2.96064],[101.88351,2.96059],[101.88343,2.96058],[101.88336,2.96059],[101.8833,2.96057],[101.88324,2.96047],[101.88318,2.96036],[101.88313,2.96028],[101.88304,2.96023],[101.88297,2.96018],[101.88294,2.96008],[101.88288,2.96],[101.8828,2.95996],[101.88264,2.95994],[101.88243,2.95986],[101.88219,2.95976],[101.88202,2.95964],[101.88185,2.95947],[101.88171,2.95933],[101.88158,2.95921],[101.88145,2.95913],[101.88134,2.95909],[101.88121,2.95913],[101.88106,2.95921],[101.88094,2.95929],[101.88081,2.95932],[101.88073,2.9593],[101.88068,2.95921],[101.8806,2.95905],[101.88053,2.95865],[101.88052,2.95796],[101.88059,2.95777],[101.8806,2.95769],[101.88058,2.95763],[101.88045,2.95759],[101.88031,2.95738],[101.88011,2.95676],[101.88,2.95672],[101.87989,2.95642],[101.87982,2.95631],[101.87977,2.95615],[101.87953,2.95598],[101.87931,2.95592],[101.87915,2.9558],[101.87872,2.95557]]}},{"type":"Feature","properties":{"name":"Sungai Subang","waterway":"river"},"geometry":{"type":"LineString","coordinates":[[101.52209,3.18497],[101.52209,3.18548]]}},{"type":"Feature","properties":{"name":null,"waterway":"canal"},"geometry":{"type":"LineString","coordinates":[[101.41985,2.82725],[101.41982,2.82721],[101.41972,2.82701],[101.41955,2.8266],[101.41948,2.82643],[101.41939,2.82618],[101.41921,2.82569],[101.41905,2.8253],[101.41895,2.8251],[101.41893,2.82506],[101.41891,2.82503],[101.41888,2.82499],[101.41854,2.82467],[101.41845,2.82458],[101.41843,2.82454],[101.41842,2.82451],[101.41841,2.82446],[101.41835,2.82365],[101.4183,2.8231],[101.41826,2.82251],[101.41822,2.82205],[101.41819,2.82145],[101.41817,2.82092],[101.41815,2.82078],[101.41814,2.82071],[101.418,2.82021],[101.41789,2.81979],[101.41774,2.81929],[101.41758,2.81868],[101.41715,2.81716],[101.41686,2.81617],[101.41651,2.8149],[101.4165,2.81481],[101.4165,2.81475],[101.41651,2.8147],[101.41654,2.81464],[101.41659,2.81459],[101.41825,2.8133],[101.4183,2.81327],[101.41832,2.81321],[101.41832,2.81315],[101.41831,2.81303],[101.41811,2.81203]]}},{"type":"Feature","properties":{"name":null,"waterway":"river"},"geometry":{"type":"LineString","coordinates":[[101.4283,2.82976],[101.42814,2.82973],[101.42789,2.82966],[101.42679,2.82923],[101.42569,2.8288],[101.42375,2.82807],[101.41948,2.82643]]}},{"type":"Feature","properties":{"name":null,"waterway":"canal"},"geometry":{"type":"LineString","coordinates":[[101.43949,2.75912],[101.44015,2.76014],[101.44017,2.76021],[101.44017,2.76026],[101.44014,2.76031],[101.43985,2.76059]]}},{"type":"Feature","properties":{"name":null,"waterway":"canal"},"geometry":{"type":"LineString","coordinates":[[101.43985,2.76059],[101.43974,2.76044]]}},{"type":"Feature","properties":{"name":null,"waterway":"canal"},"geometry":{"type":"LineString","coordinates":[[101.43974,2.76044],[101.43969,2.76039]]}},{"type":"Feature","properties":{"name":null,"waterway":"canal"},"geometry":{"type":"LineString","coordinates":[[101.43969,2.76039],[101.43955,2.76024],[101.43929,2.76014],[101.43869,2.75989],[101.438,2.75971],[101.43727,2.75947],[101.43625,2.75901]]}},{"type":"Feature","properties":{"name":null,"waterway":"canal"},"geometry":{"type":"LineString","coordinates":[[101.44363,2.76333],[101.44347,2.76326],[101.44327,2.76315],[101.44252,2.76263],[101.44243,2.76255],[101.44217,2.76213],[101.4418,2.76179],[101.44157,2.76161],[101.4414,2.76154],[101.441,2.76147],[101.44069,2.76142],[101.44047,2.76136],[101.44037,2.76131],[101.44015,2.76104],[101.43985,2.76059]]}},{"type":"Feature","properties":{"name":null,"waterway":"canal"},"geometry":{"type":"LineString","coordinates":[[101.44375,2.76343],[101.44363,2.76333]]}},{"type":"Feature","properties":{"name":null,"waterway":"canal"},"geometry":{"type":"LineString","coordinates":[[101.45121,2.76652],[101.44996,2.76643],[101.44974,2.76641],[101.44938,2.7663],[101.4492,2.76625],[101.44862,2.76611],[101.44813,2.76599],[101.44777,2.76588],[101.44729,2.76576],[101.44688,2.76563],[101.44669,2.76559],[101.44652,2.76548],[101.44615,2.76519],[101.44588,2.76499],[101.44576,2.7649],[101.44533,2.7646],[101.44504,2.76437],[101.44457,2.76402],[101.44441,2.76386],[101.44424,2.7637],[101.44401,2.76354],[101.44387,2.76348],[101.44375,2.76343]]}},{"type":"Feature","properties":{"name":null,"waterway":"canal"},"geometry":{"type":"LineString","coordinates":[[101.43985,2.76059],[101.43838,2.76195],[101.43833,2.76199],[101.43828,2.762],[101.43822,2.762],[101.43756,2.76178],[101.4375,2.76177],[101.43744,2.76178],[101.43738,2.7618],[101.43732,2.76184],[101.43661,2.76258],[101.43603,2.76321],[101.43595,2.76331],[101.43585,2.76348],[101.43553,2.76418],[101.43486,2.76561],[101.4343,2.76674],[101.43384,2.76778],[101.43366,2.76814],[101.43319,2.76884],[101.43244,2.76995],[101.43192,2.77075],[101.43089,2.77221],[101.43043,2.77287],[101.42977,2.77386],[101.42896,2.77498],[101.42784,2.77666],[101.42703,2.77782],[101.42609,2.7792],[101.42583,2.77956],[101.42574,2.77966],[101.42538,2.78004],[101.42436,2.7811],[101.42326,2.78224],[101.42273,2.78278],[101.42265,2.78286],[101.4222,2.78316],[101.42099,2.78394],[101.41921,2.78501],[101.41633,2.78676],[101.41427,2.78803],[101.41296,2.78881],[101.4128,2.78896],[101.41278,2.78898],[101.41254,2.78982],[101.41219,2.79112],[101.41177,2.79276],[101.41149,2.79388],[101.41111,2.79523]]}},{"type":"Feature","properties":{"name":null,"waterway":"canal"},"geometry":{"type":"LineString","coordinates":[[101.41111,2.79523],[101.41087,2.79516]]}},{"type":"Feature","properties":{"name":null,"waterway":"canal"},"geometry":{"type":"LineString","coordinates":[[101.41087,2.79516],[101.40938,2.79477],[101.4083,2.79449],[101.40704,2.79418]]}},{"type":"Feature","properties":{"name":null,"waterway":"canal"},"geometry":{"type":"LineString","coordinates":[[101.41009,2.7993],[101.40991,2.79938]]}},{"type":"Feature","properties":{"name":null,"waterway":"canal"},"geometry":{"type":"LineString","coordinates":[[101.41018,2.79926],[101.41009,2.7993]]}},{"type":"Feature","properties":{"name":null,"waterway":"canal"},"geometry":{"type":"LineString","coordinates":[[101.40991,2.79938],[101.40948,2.79957],[101.40885,2.79982],[101.40861,2.79993],[101.4082,2.80012]]}},{"type":"Feature","properties":{"name":null,"waterway":"canal"},"geometry":{"type":"LineString","coordinates":[[101.41632,2.80298],[101.41637,2.80307],[101.41657,2.80404],[101.41678,2.80517],[101.41698,2.80631],[101.41721,2.80744],[101.41739,2.80842],[101.41756,2.80931],[101.4177,2.81004],[101.41789,2.81086],[101.41802,2.81148],[101.41811,2.81203]]}},{"type":"Feature","properties":{"name":null,"waterway":"canal"},"geometry":{"type":"LineString","coordinates":[[101.41632,2.80298],[101.41622,2.80288],[101.41479,2.80199],[101.41338,2.80116],[101.41179,2.80024],[101.41028,2.79934],[101.41018,2.79926],[101.41016,2.79918],[101.41018,2.79909],[101.41031,2.79856],[101.41047,2.79793],[101.41074,2.79689],[101.41099,2.79588],[101.41111,2.79523]]}},{"type":"Feature","properties":{"name":null,"waterway":"river"},"geometry":{"type":"LineString","coordinates":[[101.65513,2.94709],[101.65505,2.94688],[101.65494,2.94673],[101.65484,2.94651],[101.65466,2.94631],[101.65441,2.94606],[101.65425,2.94589],[101.65405,2.94578],[101.65363,2.94561],[101.65338,2.94546],[101.65291,2.94514],[101.65274,2.94499],[101.6526,2.94481],[101.65227,2.94441],[101.65213,2.94431],[101.65196,2.94425],[101.65172,2.9442],[101.65161,2.94412],[101.65154,2.944],[101.65148,2.94384],[101.65142,2.94371],[101.65104,2.94316],[101.65074,2.94278],[101.65059,2.94267],[101.65046,2.94261],[101.65018,2.94256],[101.64954,2.94244],[101.64932,2.94237],[101.64904,2.9422],[101.64875,2.94203],[101.64818,2.94179],[101.64732,2.94117],[101.64683,2.94158],[101.64675,2.94173]]}},{"type":"Feature","properties":{"name":null,"waterway":"canal"},"geometry":{"type":"LineString","coordinates":[[101.75292,2.69287],[101.75514,2.69227]]}},{"type":"Feature","properties":{"name":"Sungai Jimah","waterway":"river"},"geometry":{"type":"LineString","coordinates":[[101.85003,2.66518],[101.85006,2.66494],[101.85013,2.66487],[101.85021,2.66491],[101.85027,2.66502],[101.85039,2.66505],[101.85049,2.66496],[101.85054,2.66479],[101.85061,2.66469],[101.85074,2.66465],[101.85082,2.66446],[101.85078,2.66436],[101.8507,2.66429],[101.85075,2.66414],[101.85088,2.66398],[101.85094,2.66388],[101.85091,2.66377],[101.85078,2.66363],[101.85075,2.66347],[101.85079,2.6633],[101.85087,2.66311],[101.85093,2.66301],[101.85099,2.66293],[101.85097,2.66282],[101.85094,2.6627],[101.85099,2.66252],[101.85102,2.66236],[101.85102,2.66222],[101.8511,2.66206],[101.8511,2.66192],[101.85105,2.66181],[101.85101,2.66169],[101.85095,2.66157],[101.85093,2.66147],[101.85092,2.66138],[101.85084,2.66127],[101.85078,2.66118],[101.85081,2.66108],[101.85083,2.66098],[101.85075,2.66076],[101.85066,2.66047],[101.85053,2.66026],[101.8505,2.66007],[101.85049,2.65998],[101.85035,2.65988],[101.8503,2.65977],[101.85017,2.65972],[101.85008,2.65969],[101.84995,2.65959],[101.84983,2.65944],[101.84975,2.65935],[101.84973,2.65918],[101.84972,2.6591],[101.84971,2.65896],[101.84965,2.65877],[101.84969,2.65852],[101.84966,2.65837],[101.84957,2.65823],[101.84941,2.65804],[101.84902,2.65781],[101.84883,2.6576],[101.84881,2.65747],[101.8489,2.65714],[101.8488,2.65689],[101.84888,2.65674],[101.84897,2.65637],[101.84897,2.65599],[101.84883,2.65475],[101.84843,2.65424],[101.84841,2.65403],[101.84846,2.65387],[101.84853,2.65376],[101.84861,2.65367],[101.84869,2.65344],[101.84868,2.65314],[101.84838,2.65238],[101.8482,2.65184],[101.84793,2.6514],[101.84758,2.65123],[101.84714,2.65083],[101.84711,2.65057],[101.84732,2.65029],[101.84744,2.65014],[101.84739,2.64978],[101.84721,2.64918],[101.84703,2.64791],[101.84659,2.64585],[101.84635,2.64524],[101.84607,2.6451],[101.84585,2.64498],[101.84548,2.64465],[101.84526,2.64414],[101.84509,2.64379],[101.84493,2.64343],[101.84459,2.64287],[101.84429,2.64255],[101.84391,2.64219],[101.84323,2.64148],[101.84231,2.64048],[101.84193,2.64023],[101.84169,2.64006],[101.84154,2.63988],[101.84136,2.63957],[101.84096,2.63893],[101.84068,2.63842],[101.84047,2.63807],[101.84028,2.63798],[101.83975,2.63798],[101.83946,2.63787],[101.83923,2.63774],[101.83911,2.63761],[101.83902,2.63749],[101.83882,2.63724],[101.83833,2.63673],[101.83795,2.6362],[101.83767,2.6358],[101.83754,2.63552],[101.83744,2.635],[101.83736,2.63461],[101.83714,2.63421],[101.83672,2.63379],[101.83624,2.63319],[101.83615,2.63296],[101.83601,2.63261],[101.83571,2.63208],[101.83539,2.63103],[101.83528,2.6302],[101.83504,2.62923],[101.83496,2.62903],[101.8348,2.62887],[101.83454,2.62866],[101.83433,2.62846],[101.8342,2.62823],[101.83412,2.62792],[101.83393,2.62728],[101.83377,2.62663],[101.83373,2.62648],[101.83372,2.62629],[101.83385,2.62599],[101.83385,2.62555],[101.83384,2.62515],[101.83386,2.62481],[101.83387,2.62455],[101.83414,2.62411],[101.83417,2.62395],[101.83408,2.62257],[101.83405,2.62221],[101.83408,2.62182],[101.83414,2.62156],[101.83423,2.62141],[101.8344,2.6213],[101.83464,2.62124],[101.83561,2.62104],[101.83588,2.62094],[101.83599,2.62085],[101.83632,2.62036],[101.83659,2.61997],[101.8369,2.61963],[101.8372,2.61925],[101.83732,2.61882],[101.8374,2.61823],[101.83721,2.61697],[101.83668,2.61588],[101.836,2.61445],[101.83546,2.61335],[101.83523,2.61289],[101.8343,2.61088],[101.83384,2.61001],[101.83378,2.6098],[101.83385,2.60954],[101.83424,2.60818],[101.8345,2.60685],[101.83446,2.60657],[101.83365,2.60425],[101.83305,2.60272],[101.83292,2.60231]]}},{"type":"Feature","properties":{"name":"Sungai Gombak","waterway":"river"},"geometry":{"type":"LineString","coordinates":[[101.70068,3.18838],[101.70064,3.18772],[101.70062,3.18752],[101.70058,3.18724],[101.7005,3.18697],[101.70043,3.18673],[101.70034,3.18647],[101.70028,3.18626],[101.70022,3.18599],[101.70017,3.18574],[101.70015,3.18547],[101.70014,3.18523],[101.70017,3.18485],[101.7002,3.18457],[101.70025,3.18373],[101.70029,3.18326],[101.70033,3.18286],[101.70034,3.18264],[101.70036,3.18223],[101.70037,3.18197],[101.70034,3.18179],[101.70031,3.1816],[101.70025,3.18146],[101.70017,3.1813],[101.70002,3.1811],[101.6999,3.18092],[101.69975,3.18077],[101.69957,3.18045],[101.69945,3.18019],[101.69927,3.17978],[101.69921,3.17961],[101.69916,3.17942],[101.69911,3.17916],[101.69905,3.17894],[101.69893,3.17862],[101.69881,3.17833],[101.69867,3.1781],[101.69854,3.17792],[101.69843,3.17779],[101.6982,3.17758],[101.698,3.17739],[101.69783,3.17727],[101.69751,3.17706],[101.69736,3.17699],[101.6972,3.17694],[101.69702,3.17692],[101.69674,3.17689],[101.69649,3.17684],[101.6962,3.17677],[101.69595,3.17671],[101.69573,3.1767],[101.69563,3.17666],[101.69553,3.17659],[101.69543,3.1765],[101.69519,3.17632],[101.69481,3.17612],[101.69467,3.176],[101.69455,3.17585],[101.69442,3.17567],[101.69438,3.17548],[101.69438,3.17535],[101.6944,3.17524],[101.69444,3.17514],[101.69458,3.17482],[101.6947,3.17456],[101.69481,3.17429],[101.69488,3.17414],[101.69498,3.17388],[101.69502,3.17371],[101.69504,3.1736],[101.69507,3.17344],[101.69512,3.17316],[101.69518,3.17257],[101.69521,3.17225],[101.6952,3.172],[101.69519,3.1718],[101.69517,3.17158],[101.69514,3.17138],[101.69507,3.17113],[101.69502,3.17096],[101.69495,3.1708],[101.69479,3.17054],[101.69467,3.17038],[101.69425,3.16989],[101.69388,3.16946],[101.69359,3.16916],[101.6934,3.16893],[101.69326,3.16874],[101.69319,3.16863],[101.69314,3.16851],[101.6931,3.16829],[101.69306,3.16811],[101.69304,3.16786],[101.69306,3.16769],[101.69316,3.1675],[101.69331,3.16726],[101.69341,3.16699],[101.69341,3.16698]]}},{"type":"Feature","properties":{"name":"Sungai Gombak","waterway":"river"},"geometry":{"type":"LineString","coordinates":[[101.70077,3.18931],[101.7007,3.18857],[101.70068,3.18838]]}},{"type":"Feature","properties":{"name":null,"waterway":"river"},"geometry":{"type":"LineString","coordinates":[[101.65955,3.06088],[101.65943,3.06164],[101.6593,3.06179],[101.65871,3.06203],[101.65848,3.06208],[101.65807,3.06222],[101.6575,3.06255],[101.65697,3.06247],[101.6565,3.06287],[101.65557,3.06311]]}},{"type":"Feature","properties":{"name":"Sungai Sering","waterway":"river"},"geometry":{"type":"LineString","coordinates":[[101.76202,3.19361],[101.76192,3.19354],[101.76179,3.19328],[101.7616,3.19291],[101.76155,3.19288]]}},{"type":"Feature","properties":{"name":"Sungai Jenderam","waterway":"river"},"geometry":{"type":"LineString","coordinates":[[101.75964,2.84641],[101.75962,2.8464],[101.75952,2.84639],[101.75934,2.84638],[101.75867,2.84641],[101.7584,2.84642],[101.75821,2.84645],[101.75802,2.84644],[101.75762,2.84639],[101.75713,2.84639],[101.75685,2.84637],[101.7562,2.84623],[101.75586,2.84622],[101.75533,2.84621],[101.75502,2.84627],[101.75486,2.84636],[101.75488,2.84651],[101.75491,2.8467],[101.75472,2.8468],[101.75441,2.84717],[101.7541,2.84735],[101.754,2.8475],[101.75382,2.84752],[101.75368,2.84743],[101.7535,2.8474],[101.75345,2.84729],[101.7534,2.84717],[101.75324,2.84714],[101.75316,2.84726],[101.75292,2.84736],[101.75277,2.84734],[101.75258,2.84743],[101.75233,2.84754],[101.75216,2.8477],[101.75212,2.84786],[101.75198,2.84798],[101.75184,2.848],[101.75173,2.84804],[101.75165,2.8482],[101.75152,2.84824],[101.75132,2.84824],[101.75116,2.84836],[101.75095,2.84865],[101.75092,2.84882],[101.75098,2.84902],[101.75101,2.84918],[101.7509,2.84927],[101.75073,2.84935],[101.75045,2.84924],[101.75023,2.84916],[101.75001,2.84918],[101.74988,2.84932],[101.74995,2.8494],[101.75004,2.84956],[101.74991,2.84972],[101.74988,2.84984],[101.74976,2.84977],[101.74967,2.84965],[101.74961,2.84968],[101.74953,2.84977],[101.74958,2.8499],[101.74953,2.85002],[101.74931,2.85011],[101.74925,2.85026],[101.74935,2.85046],[101.74931,2.85064],[101.74922,2.8508],[101.74925,2.85099],[101.74931,2.85111],[101.74944,2.85118],[101.74951,2.85127],[101.74947,2.85137],[101.74937,2.85145],[101.74909,2.85135],[101.74867,2.85152],[101.74849,2.85149],[101.74821,2.85174],[101.74809,2.85209],[101.74797,2.85216],[101.74796,2.85226],[101.74809,2.85249],[101.74816,2.85268],[101.74817,2.85279],[101.7481,2.85286],[101.74792,2.8528],[101.74781,2.85274],[101.74773,2.85275],[101.74766,2.85283],[101.74753,2.85287],[101.74732,2.85309],[101.74726,2.85316],[101.74716,2.85319],[101.74681,2.85318],[101.7466,2.85337],[101.74656,2.85344],[101.74653,2.85359],[101.74642,2.85371],[101.74634,2.8539],[101.74627,2.85408],[101.74629,2.8542],[101.74639,2.85429],[101.74646,2.85436],[101.74647,2.85443],[101.74641,2.8545],[101.74632,2.85449],[101.7462,2.85443],[101.74606,2.85443],[101.74599,2.85437],[101.74594,2.85437],[101.74594,2.85451],[101.74589,2.85458],[101.74582,2.85468],[101.74579,2.85487],[101.74578,2.85493],[101.74565,2.85502],[101.74556,2.85502],[101.7455,2.85487],[101.74544,2.85479],[101.74541,2.85468],[101.74519,2.85459],[101.74508,2.85457],[101.745,2.8546],[101.74489,2.85465],[101.74487,2.85474],[101.74493,2.85484],[101.74505,2.85495],[101.74494,2.85505],[101.7448,2.85512],[101.74461,2.85506],[101.74449,2.85512],[101.7444,2.85517],[101.7444,2.85524],[101.74435,2.85525],[101.74424,2.85525],[101.74406,2.85522],[101.74397,2.85522],[101.7437,2.85512],[101.74358,2.85505],[101.74338,2.85506],[101.74332,2.85496],[101.74325,2.85494],[101.7431,2.85495],[101.74298,2.85491],[101.74289,2.85485],[101.74284,2.85472],[101.74273,2.85467],[101.74265,2.8546],[101.74259,2.85458],[101.74244,2.85458],[101.74239,2.85451],[101.74243,2.85442],[101.74243,2.85434],[101.74228,2.85428],[101.74219,2.85419],[101.74213,2.85405],[101.74211,2.85387],[101.74198,2.85359],[101.74192,2.85341],[101.74187,2.85327],[101.74182,2.85306],[101.74178,2.85303],[101.74171,2.85305],[101.74162,2.85306],[101.74153,2.85299],[101.74145,2.85287],[101.74137,2.85282],[101.74131,2.85281],[101.74119,2.85289],[101.74111,2.85291],[101.74081,2.85293],[101.74072,2.85294],[101.74053,2.85309],[101.74046,2.8532],[101.74037,2.85328],[101.74013,2.8535],[101.74006,2.8537],[101.74004,2.8538],[101.73995,2.85434],[101.73953,2.85506],[101.73911,2.85561],[101.73759,2.8575],[101.73721,2.85809],[101.73701,2.85845],[101.73578,2.86044],[101.7356,2.86075],[101.73526,2.86128],[101.7342,2.863],[101.73375,2.86368],[101.73366,2.8638],[101.73358,2.86383],[101.73333,2.86382],[101.73323,2.86389],[101.7331,2.86403],[101.73293,2.86408],[101.7324,2.86427],[101.732,2.86446],[101.73189,2.8645],[101.73183,2.8646],[101.73177,2.86497],[101.73169,2.86511],[101.73158,2.8652],[101.73136,2.86567],[101.73101,2.86626],[101.73073,2.8666],[101.7305,2.86672],[101.73027,2.86688],[101.73014,2.86698],[101.73003,2.867],[101.72993,2.86696],[101.72974,2.86674],[101.7296,2.86667],[101.72946,2.86662],[101.72904,2.8666],[101.72891,2.86662],[101.72794,2.86706],[101.72731,2.86736],[101.72642,2.86774],[101.72539,2.8682],[101.72468,2.86853],[101.72443,2.86888],[101.72402,2.86935],[101.72339,2.87011],[101.72307,2.87055],[101.72251,2.87121],[101.72201,2.87182],[101.72168,2.87222],[101.72144,2.87236],[101.72097,2.87255],[101.72018,2.87291],[101.7185,2.87371],[101.7182,2.87382],[101.71766,2.87371],[101.71681,2.87339],[101.71662,2.87337],[101.71651,2.87342],[101.71625,2.87357],[101.7158,2.87394],[101.71562,2.87411],[101.71518,2.87452],[101.71497,2.87472],[101.71446,2.87517],[101.71388,2.87571],[101.71335,2.87644],[101.71305,2.87692],[101.71284,2.87719],[101.71265,2.87753],[101.71245,2.878],[101.71237,2.87824],[101.71235,2.87877],[101.71233,2.87914],[101.71222,2.87942],[101.71199,2.88003],[101.71178,2.88052],[101.71162,2.88088],[101.7115,2.88105],[101.7112,2.88126],[101.71074,2.88161],[101.7102,2.8819],[101.70991,2.88211],[101.70925,2.88258],[101.70863,2.88303],[101.7083,2.88324],[101.70802,2.88349],[101.7073,2.88407],[101.70668,2.88475],[101.70535,2.88608],[101.7043,2.88714],[101.70421,2.8873],[101.704,2.88763],[101.70373,2.88778],[101.70355,2.88797],[101.70323,2.88835],[101.70281,2.88873],[101.70258,2.88897],[101.70234,2.88926],[101.70208,2.88943],[101.70195,2.88965],[101.70176,2.88982],[101.70133,2.8903],[101.70119,2.89062],[101.70105,2.89128],[101.70092,2.89173]]}},{"type":"Feature","properties":{"name":null,"waterway":"river"},"geometry":{"type":"LineString","coordinates":[[101.58189,2.8857],[101.57975,2.8838],[101.57887,2.883],[101.57878,2.88294],[101.57753,2.88295],[101.57604,2.88296],[101.57305,2.88296],[101.56967,2.88295],[101.56734,2.88294],[101.5672,2.88296],[101.56712,2.88305],[101.56685,2.88373],[101.56662,2.88409],[101.56642,2.88433],[101.56617,2.88454],[101.56593,2.88467],[101.56557,2.88483],[101.56511,2.88498],[101.56472,2.88507],[101.56405,2.88489],[101.56379,2.8849],[101.56312,2.88469],[101.56282,2.88463],[101.5626,2.88478],[101.56244,2.88489],[101.56204,2.8854],[101.56195,2.88547],[101.56185,2.8855],[101.56171,2.8855],[101.56088,2.8852],[101.56077,2.88525],[101.56049,2.88535],[101.56004,2.88537],[101.5599,2.8853],[101.55937,2.88494],[101.55866,2.88438],[101.55791,2.88399],[101.55737,2.8839],[101.55726,2.88389],[101.55701,2.88386],[101.55662,2.88363],[101.55613,2.88357],[101.55578,2.88339],[101.55551,2.88332],[101.55499,2.88302],[101.55468,2.88261],[101.55445,2.88247],[101.55403,2.88245],[101.5533,2.88237],[101.55315,2.88236],[101.55228,2.88201],[101.55211,2.88197],[101.55205,2.88186],[101.55193,2.88144],[101.55184,2.88118],[101.55186,2.87902],[101.55199,2.87841],[101.55188,2.87733],[101.55179,2.87717],[101.55162,2.87704],[101.55087,2.87624],[101.55065,2.87609],[101.5501,2.87578],[101.54953,2.87558],[101.54905,2.87539],[101.54822,2.87531],[101.54772,2.87531],[101.5469,2.87551],[101.54649,2.87555],[101.54599,2.87552],[101.54569,2.87545],[101.54541,2.87528],[101.54501,2.87504],[101.54479,2.87481],[101.54401,2.87393],[101.54396,2.87374],[101.54388,2.87281],[101.54373,2.87235],[101.54361,2.87201],[101.54348,2.87172],[101.54334,2.87139],[101.54327,2.87121],[101.54317,2.87089],[101.5431,2.87064],[101.54304,2.87044],[101.54294,2.87027],[101.54282,2.87011],[101.54256,2.86986],[101.54186,2.86906],[101.54148,2.86879],[101.54104,2.86863],[101.54087,2.86847],[101.54055,2.86813],[101.53998,2.86789],[101.53555,2.86552],[101.53534,2.86531],[101.53522,2.86509],[101.53504,2.86497],[101.53493,2.86497],[101.53479,2.8649],[101.53466,2.86472],[101.53451,2.86444],[101.53415,2.86406],[101.53405,2.86398],[101.53391,2.86373],[101.53377,2.86359],[101.53324,2.86322],[101.53289,2.86282],[101.5328,2.86269],[101.53283,2.86247],[101.5328,2.86234],[101.53219,2.86129],[101.532,2.86089],[101.53186,2.86049],[101.53145,2.85969],[101.53137,2.85939],[101.53137,2.85926],[101.5315,2.85885],[101.53151,2.85862],[101.5314,2.85823],[101.53122,2.85782],[101.53087,2.85738],[101.53057,2.85712],[101.53034,2.85704],[101.52987,2.85696],[101.52931,2.85683],[101.52882,2.85679],[101.52844,2.85691],[101.52824,2.85694],[101.52807,2.85691],[101.52793,2.85684],[101.52692,2.85583],[101.52619,2.85522],[101.52544,2.8548],[101.52458,2.85427],[101.52403,2.85384],[101.52328,2.85291],[101.52287,2.85226],[101.52267,2.85208],[101.52238,2.85191],[101.52148,2.85044],[101.52103,2.84987],[101.52079,2.84971],[101.52039,2.84959],[101.51976,2.8496],[101.51694,2.84956],[101.51624,2.8496],[101.51529,2.84998],[101.51486,2.8503],[101.51447,2.85106]]}},{"type":"Feature","properties":{"name":null,"waterway":"river"},"geometry":{"type":"LineString","coordinates":[[101.59208,2.88685],[101.59131,2.88682],[101.59097,2.88676],[101.59057,2.88674],[101.5899,2.88668],[101.58958,2.88662],[101.58833,2.88664],[101.58768,2.88662],[101.58724,2.88666],[101.58666,2.88674],[101.58608,2.88673],[101.58587,2.88668],[101.58574,2.88647],[101.58195,2.8866],[101.58185,2.88657],[101.5818,2.88652]]}},{"type":"Feature","properties":{"name":null,"waterway":"canal"},"geometry":{"type":"LineString","coordinates":[[101.49612,2.8161],[101.49654,2.81678],[101.49666,2.81704],[101.49679,2.81721],[101.49794,2.81832],[101.49888,2.81924],[101.49942,2.81974],[101.49972,2.82003],[101.50073,2.82104],[101.50138,2.82161],[101.50156,2.82181],[101.50208,2.82231],[101.50272,2.82267],[101.50409,2.8235],[101.50467,2.82389],[101.50666,2.82508],[101.50748,2.82553],[101.50799,2.82585],[101.50821,2.82605],[101.50948,2.82701],[101.50972,2.82725],[101.50985,2.82745],[101.50993,2.82769],[101.50994,2.82793],[101.5099,2.82812],[101.50971,2.82841],[101.50909,2.82934],[101.50857,2.83001],[101.5079,2.8308],[101.507,2.83188],[101.50659,2.83233],[101.50639,2.83261],[101.50605,2.83331],[101.5059,2.83366],[101.50586,2.83388],[101.50585,2.83417],[101.5059,2.83484],[101.50599,2.8351],[101.50689,2.83651],[101.50737,2.83719],[101.50767,2.83758],[101.50846,2.83847],[101.50872,2.83881],[101.50954,2.84039],[101.50967,2.84084],[101.50995,2.84185],[101.50999,2.84206],[101.50998,2.8423],[101.50993,2.84277],[101.50997,2.84341],[101.51009,2.84425],[101.51018,2.84571],[101.51029,2.84622],[101.51025,2.84633],[101.51026,2.84641],[101.51044,2.84687],[101.51063,2.84717],[101.51096,2.84744],[101.51147,2.84765],[101.51202,2.848]]}},{"type":"Feature","properties":{"name":null,"waterway":"canal"},"geometry":{"type":"LineString","coordinates":[[101.49605,2.81597],[101.49612,2.8161]]}},{"type":"Feature","properties":{"name":null,"waterway":"canal"},"geometry":{"type":"LineString","coordinates":[[101.49325,2.81145],[101.49333,2.81146],[101.49343,2.81152],[101.49354,2.81162],[101.49375,2.81192],[101.49414,2.81262],[101.49499,2.81411],[101.4955,2.815],[101.49576,2.81546],[101.49605,2.81597]]}},{"type":"Feature","properties":{"name":null,"waterway":"canal"},"geometry":{"type":"LineString","coordinates":[[101.49483,2.83694],[101.49489,2.83913],[101.49496,2.84136],[101.49497,2.84219],[101.49493,2.84261],[101.49494,2.84285],[101.49504,2.84303],[101.49517,2.84316],[101.49636,2.84413],[101.49745,2.84505],[101.49802,2.84548],[101.49844,2.84584],[101.49857,2.846],[101.49933,2.84667],[101.49977,2.84696],[101.50053,2.84761],[101.50086,2.8479],[101.50122,2.84819],[101.50146,2.84834],[101.50167,2.84844],[101.50187,2.8485],[101.50255,2.84863],[101.50331,2.84873],[101.50519,2.84889],[101.50557,2.84899],[101.50699,2.8494],[101.50758,2.84955],[101.50939,2.85009],[101.50993,2.8503],[101.51092,2.85062],[101.51128,2.85071],[101.51163,2.85075],[101.51186,2.85072],[101.51203,2.85065],[101.51219,2.85055],[101.51262,2.8501]]}},{"type":"Feature","properties":{"name":null,"waterway":"canal"},"geometry":{"type":"LineString","coordinates":[[101.49483,2.83686],[101.49483,2.83694]]}},{"type":"Feature","properties":{"name":null,"waterway":"canal"},"geometry":{"type":"LineString","coordinates":[[101.49468,2.83071],[101.4947,2.83162],[101.49473,2.83255],[101.49474,2.83315],[101.49477,2.83421],[101.49484,2.8352],[101.4948,2.83569],[101.4948,2.83627],[101.49483,2.83686]]}},{"type":"Feature","properties":{"name":null,"waterway":"canal"},"geometry":{"type":"LineString","coordinates":[[101.49468,2.83062],[101.49468,2.83071]]}},{"type":"Feature","properties":{"name":null,"waterway":"canal"},"geometry":{"type":"LineString","coordinates":[[101.49386,2.82473],[101.49389,2.82515],[101.49392,2.8253],[101.49398,2.82562],[101.49408,2.82628],[101.49423,2.82729],[101.49436,2.82822],[101.49439,2.82826],[101.49442,2.82859],[101.49449,2.82908],[101.49458,2.82968],[101.49463,2.82996],[101.49467,2.83029],[101.49468,2.83062]]}},{"type":"Feature","properties":{"name":null,"waterway":"canal"},"geometry":{"type":"LineString","coordinates":[[101.49385,2.82462],[101.49386,2.82473]]}},{"type":"Feature","properties":{"name":null,"waterway":"canal"},"geometry":{"type":"LineString","coordinates":[[101.68477,2.85785],[101.68469,2.85787],[101.68459,2.85788],[101.68447,2.85788],[101.68432,2.85784],[101.6842,2.8578],[101.684,2.85773],[101.68386,2.85766],[101.68372,2.8576]]}},{"type":"Feature","properties":{"name":null,"waterway":"canal"},"geometry":{"type":"LineString","coordinates":[[101.68497,2.85784],[101.68477,2.85785]]}},{"type":"Feature","properties":{"name":null,"waterway":"canal"},"geometry":{"type":"LineString","coordinates":[[101.68651,2.85783],[101.68638,2.85785],[101.686,2.85786],[101.68592,2.85782],[101.68579,2.85783],[101.68558,2.85782],[101.68497,2.85784]]}},{"type":"Feature","properties":{"name":null,"waterway":"canal"},"geometry":{"type":"LineString","coordinates":[[101.68702,2.8578],[101.68651,2.85783]]}},{"type":"Feature","properties":{"name":null,"waterway":"canal"},"geometry":{"type":"LineString","coordinates":[[101.6887,2.85779],[101.68859,2.85783],[101.68852,2.85784],[101.68845,2.85785],[101.68819,2.85783],[101.688,2.85782],[101.68753,2.85783],[101.68731,2.85782],[101.68718,2.8578],[101.68702,2.8578]]}},{"type":"Feature","properties":{"name":null,"waterway":"canal"},"geometry":{"type":"LineString","coordinates":[[101.68884,2.85774],[101.6887,2.85779]]}},{"type":"Feature","properties":{"name":null,"waterway":"canal"},"geometry":{"type":"LineString","coordinates":[[101.69178,2.8586],[101.69159,2.85859],[101.69125,2.85856],[101.69104,2.85854],[101.69091,2.85851],[101.69078,2.85847],[101.69063,2.85839],[101.68978,2.85776],[101.68968,2.85772],[101.68956,2.85768],[101.68936,2.85767],[101.68918,2.85767],[101.68904,2.85769],[101.68884,2.85774]]}},{"type":"Feature","properties":{"name":null,"waterway":"canal"},"geometry":{"type":"LineString","coordinates":[[101.67993,2.85049],[101.67927,2.85052],[101.67893,2.85048],[101.67856,2.8505]]}},{"type":"Feature","properties":{"name":null,"waterway":"canal"},"geometry":{"type":"LineString","coordinates":[[101.6801,2.85049],[101.67993,2.85049]]}},{"type":"Feature","properties":{"name":null,"waterway":"canal"},"geometry":{"type":"LineString","coordinates":[[101.68322,2.85048],[101.68316,2.85048],[101.68226,2.85046],[101.68148,2.85047],[101.68102,2.85047],[101.68031,2.85048],[101.6801,2.85049]]}},{"type":"Feature","properties":{"name":null,"waterway":"canal"},"geometry":{"type":"LineString","coordinates":[[101.6833,2.85048],[101.68322,2.85048]]}},{"type":"Feature","properties":{"name":null,"waterway":"canal"},"geometry":{"type":"LineString","coordinates":[[101.68483,2.85047],[101.6833,2.85048]]}},{"type":"Feature","properties":{"name":null,"waterway":"canal"},"geometry":{"type":"LineString","coordinates":[[101.68489,2.85047],[101.68483,2.85047]]}},{"type":"Feature","properties":{"name":null,"waterway":"canal"},"geometry":{"type":"LineString","coordinates":[[101.6869,2.85047],[101.68668,2.85045],[101.68647,2.85045],[101.68593,2.85046],[101.68535,2.85048],[101.68489,2.85047]]}},{"type":"Feature","properties":{"name":null,"waterway":"canal"},"geometry":{"type":"LineString","coordinates":[[101.68701,2.85052],[101.6869,2.85047]]}},{"type":"Feature","properties":{"name":null,"waterway":"canal"},"geometry":{"type":"LineString","coordinates":[[101.69004,2.85057],[101.68999,2.85054],[101.68992,2.85052],[101.68982,2.85051],[101.68926,2.85052],[101.68893,2.8505],[101.68807,2.85051],[101.68773,2.85053],[101.68722,2.85055],[101.68713,2.85055],[101.68708,2.85054],[101.68701,2.85052]]}},{"type":"Feature","properties":{"name":null,"waterway":"canal"},"geometry":{"type":"LineString","coordinates":[[101.6901,2.85065],[101.69004,2.85057]]}},{"type":"Feature","properties":{"name":null,"waterway":"canal"},"geometry":{"type":"LineString","coordinates":[[101.69019,2.85335],[101.69019,2.85305],[101.69018,2.85225],[101.69018,2.85172],[101.69017,2.85152],[101.69016,2.851],[101.69016,2.8509],[101.69017,2.85081],[101.69016,2.85075],[101.69013,2.85069],[101.6901,2.85065]]}},{"type":"Feature","properties":{"name":null,"waterway":"canal"},"geometry":{"type":"LineString","coordinates":[[101.69019,2.85343],[101.69019,2.85335]]}},{"type":"Feature","properties":{"name":null,"waterway":"canal"},"geometry":{"type":"LineString","coordinates":[[101.69024,2.85538],[101.69023,2.85534],[101.69019,2.85528],[101.69016,2.85519],[101.69015,2.85505],[101.69016,2.85484],[101.69019,2.85472],[101.6902,2.85452],[101.69019,2.85343]]}},{"type":"Feature","properties":{"name":null,"waterway":"canal"},"geometry":{"type":"LineString","coordinates":[[101.69023,2.85545],[101.69024,2.85538]]}},{"type":"Feature","properties":{"name":null,"waterway":"canal"},"geometry":{"type":"LineString","coordinates":[[101.69031,2.85667],[101.69024,2.85651],[101.69022,2.85641],[101.69023,2.85545]]}},{"type":"Feature","properties":{"name":null,"waterway":"canal"},"geometry":{"type":"LineString","coordinates":[[101.69035,2.85673],[101.69031,2.85667]]}},{"type":"Feature","properties":{"name":null,"waterway":"canal"},"geometry":{"type":"LineString","coordinates":[[101.69159,2.85859],[101.69132,2.85816],[101.69113,2.85788],[101.69076,2.85734],[101.69035,2.85673]]}},{"type":"Feature","properties":{"name":"Sungai Subang","waterway":"river"},"geometry":{"type":"LineString","coordinates":[[101.51885,3.18049],[101.51893,3.18048],[101.51917,3.1805],[101.51928,3.18058],[101.51948,3.18079],[101.5197,3.18096],[101.51982,3.18123],[101.51996,3.18201],[101.51997,3.18243],[101.51986,3.18302],[101.5198,3.18332],[101.51979,3.18347],[101.51987,3.18361],[101.52026,3.18393],[101.52061,3.18416],[101.52107,3.18424],[101.52137,3.18434],[101.52169,3.1845],[101.52191,3.18461],[101.52202,3.18468],[101.52209,3.18486],[101.52209,3.18497]]}},{"type":"Feature","properties":{"name":"Sungai Sering","waterway":"river"},"geometry":{"type":"LineString","coordinates":[[101.76851,3.07714],[101.76842,3.07669],[101.76839,3.07637],[101.76852,3.07617],[101.76942,3.07611],[101.76963,3.07599],[101.76987,3.07554],[101.76994,3.07531],[101.76996,3.07514],[101.76982,3.07407],[101.76975,3.07386],[101.76971,3.07358],[101.76961,3.07331],[101.76956,3.07307],[101.76952,3.07293],[101.76953,3.0728],[101.76957,3.07268],[101.7696,3.07239],[101.76958,3.07232],[101.76958,3.07222],[101.76971,3.07206],[101.76978,3.07195],[101.76981,3.07176],[101.7698,3.07152],[101.76989,3.07131],[101.76993,3.07116],[101.77,3.0711],[101.77008,3.07108],[101.77025,3.07108],[101.77032,3.07106],[101.7705,3.07082],[101.77059,3.07054],[101.77072,3.07023],[101.77086,3.06994],[101.77097,3.06968],[101.77098,3.06948],[101.77097,3.06929],[101.77146,3.06863],[101.77154,3.06848],[101.77157,3.06828],[101.77179,3.06798],[101.77269,3.06807],[101.77346,3.06805],[101.77468,3.06781],[101.77512,3.06761],[101.77844,3.0655],[101.77932,3.06487],[101.77973,3.06437],[101.78011,3.06399],[101.7805,3.06367],[101.78087,3.06329],[101.78132,3.0629]]}},{"type":"Feature","properties":{"name":null,"waterway":"canal"},"geometry":{"type":"LineString","coordinates":[[101.57095,2.81879],[101.5681,2.81838],[101.56422,2.81845]]}},{"type":"Feature","properties":{"name":null,"waterway":"canal"},"geometry":{"type":"LineString","coordinates":[[101.53165,2.96464],[101.53155,2.96464]]}},{"type":"Feature","properties":{"name":null,"waterway":"river"},"geometry":{"type":"LineString","coordinates":[[101.62653,2.79224],[101.62655,2.79216]]}},{"type":"Feature","properties":{"name":null,"waterway":"river"},"geometry":{"type":"LineString","coordinates":[[101.6265,2.79247],[101.62651,2.79237],[101.62653,2.79224]]}},{"type":"Feature","properties":{"name":null,"waterway":"river"},"geometry":{"type":"LineString","coordinates":[[101.61922,2.89276],[101.61914,2.89268]]}},{"type":"Feature","properties":{"name":null,"waterway":"river"},"geometry":{"type":"LineString","coordinates":[[101.61933,2.89288],[101.61922,2.89276]]}},{"type":"Feature","properties":{"name":"Sungai Gombak","waterway":"river"},"geometry":{"type":"LineString","coordinates":[[101.69362,3.16612],[101.69362,3.16609],[101.69365,3.16585],[101.69362,3.16567],[101.69358,3.16548],[101.6935,3.16511],[101.69341,3.16475],[101.69332,3.16446],[101.69319,3.16414],[101.69302,3.16381],[101.69285,3.16354],[101.69274,3.16333],[101.69268,3.16319],[101.69266,3.16312],[101.69264,3.16274],[101.69261,3.16242],[101.6926,3.16216],[101.69266,3.16168],[101.69275,3.16119],[101.6928,3.16092],[101.6929,3.16062],[101.69307,3.16018]]}},{"type":"Feature","properties":{"name":"Sungai Air Hitam","waterway":"river"},"geometry":{"type":"LineString","coordinates":[[101.59437,2.98015],[101.59198,2.98006],[101.58713,2.98007],[101.58653,2.98006],[101.58545,2.97997],[101.58369,2.97985],[101.583,2.97977],[101.58164,2.97969],[101.58131,2.97965],[101.58102,2.97956],[101.5809,2.97958],[101.5807,2.97971],[101.58045,2.97977],[101.58024,2.97977],[101.5801,2.97973],[101.57971,2.97924],[101.57958,2.97919],[101.57945,2.97921],[101.57906,2.97934],[101.57892,2.97934],[101.5785,2.97915],[101.57805,2.97888],[101.57746,2.97859],[101.57705,2.97868],[101.57688,2.97882],[101.5768,2.97886],[101.57663,2.97886],[101.57643,2.97908],[101.57612,2.97925]]}},{"type":"Feature","properties":{"name":"Sungai Air Hitam","waterway":"river"},"geometry":{"type":"LineString","coordinates":[[101.60316,2.97941],[101.60271,2.97938]]}},{"type":"Feature","properties":{"name":"Sungai Ampang","waterway":"river"},"geometry":{"type":"LineString","coordinates":[[101.75181,3.16304],[101.75156,3.16324],[101.75108,3.16347],[101.74833,3.16458],[101.74754,3.1647],[101.74658,3.165],[101.74496,3.16564],[101.74438,3.16575],[101.74397,3.16593],[101.74377,3.16589],[101.74333,3.1659]]}},{"type":"Feature","properties":{"name":null,"waterway":"river"},"geometry":{"type":"LineString","coordinates":[[101.85002,2.66542],[101.85003,2.66518]]}},{"type":"Feature","properties":{"name":null,"waterway":"river"},"geometry":{"type":"LineString","coordinates":[[101.85188,2.66917],[101.85183,2.66906],[101.85194,2.66884],[101.85197,2.66855],[101.85196,2.66833],[101.85187,2.66816],[101.85171,2.66791],[101.85152,2.66778],[101.85127,2.66759],[101.85099,2.66733],[101.85083,2.66704],[101.85068,2.66669],[101.85053,2.66638],[101.85043,2.66628],[101.85036,2.66606],[101.85028,2.66596],[101.85019,2.6659],[101.85009,2.66599],[101.85001,2.66603],[101.84983,2.66594],[101.84978,2.66588],[101.84991,2.66575],[101.84998,2.66566],[101.85002,2.66542]]}},{"type":"Feature","properties":{"name":null,"waterway":"river"},"geometry":{"type":"LineString","coordinates":[[101.85216,2.66941],[101.85188,2.66917]]}},{"type":"Feature","properties":{"name":null,"waterway":"river"},"geometry":{"type":"LineString","coordinates":[[101.85348,2.67123],[101.853,2.67077],[101.85263,2.67043],[101.8523,2.67015],[101.85216,2.66941]]}},{"type":"Feature","properties":{"name":"Sungai Parit Tampoi","waterway":"river"},"geometry":{"type":"LineString","coordinates":[[101.6529,2.89434],[101.65302,2.8941],[101.65326,2.8938],[101.65385,2.89337],[101.65421,2.89311],[101.65437,2.89289],[101.65449,2.89261],[101.65457,2.89209],[101.65472,2.89099],[101.65475,2.89018],[101.65476,2.88997],[101.65479,2.88922],[101.65483,2.8889],[101.65494,2.88865],[101.65506,2.88849],[101.6559,2.88788],[101.6566,2.88737],[101.65683,2.8873],[101.65711,2.88726],[101.65754,2.8873],[101.6577,2.88729],[101.65796,2.88719],[101.65852,2.88666],[101.65892,2.88609],[101.65939,2.88531],[101.66008,2.88422],[101.66091,2.88309],[101.66185,2.8818],[101.66231,2.88116],[101.66251,2.88081],[101.66261,2.88048],[101.66257,2.87994],[101.66254,2.87921],[101.66252,2.87879],[101.66258,2.87863],[101.6628,2.87835],[101.66289,2.87815],[101.66299,2.87797],[101.66309,2.87777],[101.66364,2.87709],[101.66424,2.87641],[101.66451,2.87622],[101.6651,2.87599],[101.6655,2.87587],[101.666,2.87537],[101.66602,2.87479],[101.66633,2.87405],[101.66725,2.87287],[101.66759,2.87246],[101.66774,2.87227],[101.66798,2.87187],[101.66829,2.8713],[101.66847,2.87096],[101.66857,2.87069],[101.66859,2.87048],[101.66855,2.87013],[101.66846,2.86967],[101.66849,2.8694],[101.66863,2.8691],[101.66877,2.86876],[101.66897,2.86834],[101.66907,2.86809],[101.66907,2.86788],[101.66905,2.86766],[101.66896,2.86749],[101.66891,2.86737],[101.6688,2.86723],[101.66857,2.8671],[101.66836,2.86689],[101.66827,2.86674],[101.66821,2.86657],[101.6682,2.8664],[101.66826,2.86618],[101.66839,2.86592],[101.66866,2.86554],[101.66904,2.86496],[101.66929,2.86457],[101.66959,2.86423],[101.67001,2.86379],[101.67057,2.86327],[101.6711,2.8628],[101.67149,2.86241],[101.67188,2.86206],[101.6723,2.86168],[101.67258,2.86139],[101.67293,2.86109],[101.67324,2.86083],[101.67339,2.86059],[101.6736,2.86037],[101.67368,2.86014],[101.6737,2.85999],[101.67367,2.85983],[101.67359,2.85963],[101.6735,2.8595],[101.67338,2.85939],[101.67319,2.85915],[101.6731,2.85897],[101.67301,2.85866],[101.67291,2.85817],[101.67283,2.8578],[101.67275,2.85741],[101.67269,2.85716],[101.67268,2.85689],[101.67266,2.85669],[101.67261,2.85643],[101.67259,2.85609],[101.67246,2.85535],[101.67252,2.8549],[101.6727,2.85446],[101.67289,2.8539],[101.67308,2.85334],[101.67333,2.85293],[101.67359,2.85262],[101.6741,2.85202],[101.67444,2.85181],[101.67514,2.85139],[101.67577,2.85095],[101.67644,2.85056],[101.67714,2.85025],[101.67743,2.85016],[101.6776,2.85016],[101.67785,2.84999],[101.67843,2.8497]]}},{"type":"Feature","properties":{"name":"Sungai Balak","waterway":"river"},"geometry":{"type":"LineString","coordinates":[[101.74872,3.02623],[101.74898,3.02588],[101.74946,3.02565],[101.75004,3.02543],[101.75032,3.02529],[101.75048,3.02517],[101.75055,3.02508],[101.75054,3.02469],[101.75058,3.0244],[101.75068,3.02422],[101.75082,3.02412],[101.75135,3.02401],[101.75189,3.02378],[101.75294,3.02315],[101.7536,3.02273],[101.75412,3.02233],[101.75433,3.02227],[101.75455,3.02227],[101.75494,3.02239],[101.75526,3.02244],[101.75543,3.02244],[101.75553,3.02238],[101.75561,3.02224],[101.75559,3.02161],[101.75558,3.02134],[101.75559,3.02116],[101.75567,3.02091],[101.75586,3.02045],[101.75619,3.01994],[101.75636,3.01966],[101.75645,3.01905],[101.75663,3.01853],[101.7568,3.01813],[101.75691,3.01789],[101.75728,3.01785],[101.75766,3.01765],[101.75809,3.01719],[101.75939,3.01585],[101.75979,3.01546],[101.75992,3.01542],[101.76002,3.0154],[101.76012,3.01542],[101.76041,3.01559],[101.76076,3.01593],[101.76114,3.01603],[101.76199,3.01617],[101.76224,3.01632],[101.76255,3.0164],[101.76279,3.0164],[101.76325,3.01624],[101.76379,3.01607],[101.76518,3.01576],[101.76627,3.01554],[101.76731,3.01534],[101.76839,3.0151],[101.76912,3.01504],[101.76933,3.01505],[101.76954,3.01512],[101.76979,3.01517],[101.7701,3.01509]]}},{"type":"Feature","properties":{"name":"Sungai Gahal","waterway":"river"},"geometry":{"type":"LineString","coordinates":[[101.81348,3.13544],[101.8135,3.13537],[101.81351,3.1353],[101.81352,3.13518],[101.81353,3.13503],[101.81352,3.13492],[101.81353,3.13486],[101.81354,3.13484],[101.81358,3.13478],[101.81363,3.13474],[101.81368,3.13464],[101.81371,3.13456],[101.81377,3.13448],[101.81383,3.13437],[101.81389,3.1343],[101.81398,3.13426],[101.81404,3.13423],[101.8141,3.13421],[101.81415,3.13417],[101.8142,3.13411],[101.81424,3.13404],[101.81429,3.13395],[101.81432,3.13383],[101.81433,3.13377],[101.81433,3.1337],[101.81432,3.13362],[101.8143,3.13353],[101.81429,3.13347],[101.8143,3.13342],[101.81432,3.13336],[101.81433,3.13331],[101.81434,3.13319],[101.81435,3.13314],[101.81437,3.13304],[101.81438,3.13291],[101.81438,3.13278],[101.8144,3.13268],[101.81441,3.1326],[101.81441,3.13249],[101.81441,3.1324],[101.81441,3.13233],[101.81442,3.13225],[101.81444,3.13217],[101.81447,3.13206],[101.81449,3.13194],[101.81448,3.13186],[101.81448,3.13178],[101.81447,3.13173],[101.81447,3.13169],[101.81449,3.13161],[101.8145,3.13156],[101.8145,3.13153],[101.81449,3.13146],[101.8145,3.13141],[101.81453,3.1313],[101.81453,3.13121],[101.81454,3.13112],[101.81457,3.131],[101.81459,3.1309],[101.81462,3.1308],[101.81464,3.13069],[101.81467,3.13059],[101.81471,3.13051],[101.81473,3.13041],[101.81481,3.13034],[101.81484,3.1303],[101.81485,3.13023],[101.81482,3.13017],[101.81477,3.13005],[101.81473,3.1298],[101.81462,3.12946],[101.81454,3.12933],[101.81443,3.12923],[101.81432,3.12916],[101.81423,3.12908],[101.81414,3.12896],[101.81413,3.12885],[101.81415,3.12877],[101.81414,3.12867],[101.8141,3.12852],[101.81411,3.12843],[101.81417,3.12834],[101.81421,3.12826],[101.81424,3.12816],[101.81422,3.12806],[101.81425,3.12797],[101.81434,3.12791],[101.81447,3.12782],[101.81459,3.12776],[101.81469,3.12762],[101.81473,3.12749],[101.81476,3.12728],[101.8148,3.1271],[101.81485,3.12701],[101.81492,3.12693],[101.81499,3.12686],[101.81505,3.12674],[101.81506,3.12659],[101.81506,3.12644],[101.81508,3.12623],[101.81509,3.12606],[101.81505,3.12595],[101.81496,3.12586],[101.81489,3.12572],[101.81484,3.12561],[101.81485,3.12553],[101.81484,3.12543],[101.81481,3.1253],[101.81485,3.12513],[101.81494,3.12493],[101.81509,3.1248],[101.81514,3.12465],[101.81529,3.12452],[101.81538,3.1245],[101.81546,3.12453],[101.81558,3.12465],[101.81567,3.12468],[101.81576,3.12468],[101.81626,3.12445],[101.81632,3.1244],[101.81634,3.12432],[101.81628,3.12421],[101.8162,3.1241],[101.8162,3.12405],[101.81622,3.12401],[101.81627,3.12398],[101.81631,3.12394],[101.81639,3.12392],[101.81651,3.12394],[101.81658,3.12394],[101.81664,3.12388],[101.81666,3.12377],[101.81674,3.12338],[101.81702,3.12315],[101.81707,3.12306],[101.81709,3.1229],[101.81705,3.1226],[101.81697,3.12236],[101.81697,3.12229],[101.81709,3.12195],[101.81713,3.12188],[101.8173,3.12179],[101.81746,3.12164],[101.81752,3.12152],[101.81757,3.1213],[101.81765,3.12115],[101.81779,3.12103],[101.81787,3.12102],[101.81799,3.12102],[101.81821,3.12085],[101.81838,3.12085],[101.81852,3.12089],[101.81855,3.12093],[101.81855,3.12099],[101.81858,3.12102],[101.81863,3.12101],[101.81869,3.12099],[101.81873,3.12095],[101.81876,3.12084],[101.81875,3.12067],[101.8188,3.1205],[101.8188,3.1204],[101.81885,3.1203],[101.81887,3.12014],[101.81885,3.12],[101.81863,3.1195],[101.81864,3.11942],[101.81869,3.11934],[101.81892,3.11909],[101.81905,3.119],[101.81916,3.11885],[101.81934,3.1187],[101.81961,3.1185],[101.81971,3.11848],[101.81982,3.11849],[101.81993,3.11845],[101.82005,3.11834],[101.82019,3.11817],[101.82023,3.11814],[101.82039,3.11812],[101.82052,3.11809],[101.82068,3.11801],[101.82077,3.11788],[101.82084,3.11771],[101.8209,3.11762],[101.82101,3.11756],[101.82113,3.11752],[101.82121,3.11744],[101.82125,3.11735]]}},{"type":"Feature","properties":{"name":"Sungai Ampang","waterway":"river"},"geometry":{"type":"LineString","coordinates":[[101.79371,3.15114],[101.79357,3.15099],[101.79351,3.15079]]}},{"type":"Feature","properties":{"name":"Sungai Ampang","waterway":"river"},"geometry":{"type":"LineString","coordinates":[[101.79457,3.16987],[101.79507,3.16931],[101.79535,3.16897],[101.79563,3.16849],[101.79577,3.16762],[101.79622,3.16679],[101.79654,3.16626],[101.79677,3.16577],[101.79721,3.16514],[101.79771,3.16451],[101.7985,3.16329],[101.79887,3.16291],[101.79909,3.16269],[101.79924,3.16238],[101.79931,3.16213],[101.79927,3.16186],[101.79923,3.1616],[101.79931,3.16132],[101.79943,3.16113],[101.7996,3.16095],[101.79981,3.16071],[101.79986,3.1604],[101.80004,3.1601],[101.80003,3.15987],[101.79998,3.15973],[101.79984,3.15953],[101.7996,3.15934],[101.79929,3.15913],[101.79911,3.1589],[101.799,3.15861],[101.79897,3.15825],[101.79898,3.15793],[101.79894,3.15771],[101.79872,3.15728],[101.79865,3.15708],[101.79845,3.15681],[101.79819,3.15658],[101.7979,3.15629],[101.79751,3.15599],[101.79711,3.15573],[101.79675,3.15546],[101.79655,3.15499],[101.79646,3.15483],[101.79627,3.15421],[101.79599,3.15397],[101.79566,3.15371],[101.79526,3.15322],[101.79487,3.1528],[101.79474,3.15265],[101.79457,3.15239],[101.79435,3.15215],[101.79384,3.15128],[101.79371,3.15114]]}},{"type":"Feature","properties":{"name":null,"waterway":"canal"},"geometry":{"type":"LineString","coordinates":[[101.69511,3.18639],[101.69529,3.18541]]}},{"type":"Feature","properties":{"name":null,"waterway":"canal"},"geometry":{"type":"LineString","coordinates":[[101.69529,3.18541],[101.69533,3.18515],[101.69536,3.18487],[101.69537,3.18463],[101.69537,3.18442],[101.69532,3.18422],[101.6952,3.18389],[101.69481,3.18319],[101.69466,3.18294],[101.69456,3.18274],[101.69451,3.18254],[101.69444,3.18222]]}},{"type":"Feature","properties":{"name":null,"waterway":"river"},"geometry":{"type":"LineString","coordinates":[[101.78396,2.93746],[101.78358,2.93774]]}},{"type":"Feature","properties":{"name":null,"waterway":"river"},"geometry":{"type":"LineString","coordinates":[[101.78426,2.93726],[101.78396,2.93746]]}},{"type":"Feature","properties":{"name":"Sungai Toba","waterway":"river"},"geometry":{"type":"LineString","coordinates":[[101.65528,3.18717],[101.6557,3.18727]]}},{"type":"Feature","properties":{"name":"Sungai Toba","waterway":"river"},"geometry":{"type":"LineString","coordinates":[[101.6557,3.18727],[101.65767,3.18775],[101.65782,3.18778],[101.65795,3.18777],[101.65829,3.18768],[101.65841,3.18768],[101.65859,3.18772],[101.65878,3.18779],[101.65935,3.18803],[101.65967,3.18815],[101.65978,3.18818],[101.6599,3.1882],[101.6608,3.18827],[101.66098,3.18823],[101.66129,3.18803],[101.66159,3.18784],[101.66169,3.18781],[101.66179,3.18781],[101.6619,3.18784],[101.66202,3.18793],[101.6621,3.18802]]}},{"type":"Feature","properties":{"name":"Sungai Toba","waterway":"river"},"geometry":{"type":"LineString","coordinates":[[101.65386,3.18681],[101.65397,3.18684]]}},{"type":"Feature","properties":{"name":"Sungai Toba","waterway":"river"},"geometry":{"type":"LineString","coordinates":[[101.65397,3.18684],[101.65528,3.18717]]}},{"type":"Feature","properties":{"name":null,"waterway":"canal"},"geometry":{"type":"LineString","coordinates":[[101.61186,3.11046],[101.61159,3.11052]]}},{"type":"Feature","properties":{"name":null,"waterway":"canal"},"geometry":{"type":"LineString","coordinates":[[101.61159,3.11052],[101.60634,3.11163],[101.60554,3.11179],[101.60314,3.11235],[101.602,3.11264],[101.60159,3.11314]]}},{"type":"Feature","properties":{"name":null,"waterway":"canal"},"geometry":{"type":"LineString","coordinates":[[101.61529,3.11008],[101.61521,3.11]]}},{"type":"Feature","properties":{"name":"Sungai Toba","waterway":"river"},"geometry":{"type":"LineString","coordinates":[[101.6486,3.16491],[101.64854,3.16543],[101.64859,3.16572],[101.64869,3.16635],[101.64873,3.16656],[101.64893,3.16764],[101.64909,3.16849],[101.64932,3.1691],[101.64935,3.1693],[101.64938,3.16961],[101.64941,3.16984],[101.64945,3.17002],[101.6495,3.17016],[101.64967,3.17037],[101.64984,3.17057],[101.65001,3.17062]]}},{"type":"Feature","properties":{"name":null,"waterway":"river"},"geometry":{"type":"LineString","coordinates":[[101.69899,2.99946],[101.69883,2.99964],[101.6982,3.0001],[101.69797,3.00031],[101.69777,3.0005],[101.69737,3.00079],[101.69686,3.00099]]}},{"type":"Feature","properties":{"name":null,"waterway":"river"},"geometry":{"type":"LineString","coordinates":[[101.65554,2.94945],[101.65529,2.94804],[101.65517,2.94724],[101.65513,2.94709]]}},{"type":"Feature","properties":{"name":"Sungai Palembang","waterway":"river"},"geometry":{"type":"LineString","coordinates":[[101.74004,2.82889],[101.73998,2.82933],[101.73997,2.82944],[101.7401,2.83],[101.74021,2.83044],[101.74037,2.83106],[101.74042,2.83133],[101.74043,2.83152],[101.74043,2.83217],[101.74029,2.8331],[101.74022,2.83367],[101.74022,2.83416],[101.74022,2.83442],[101.74022,2.83458],[101.74023,2.8348],[101.74067,2.83552],[101.74065,2.8374],[101.74061,2.83817],[101.74039,2.83876],[101.74022,2.83926],[101.74018,2.83972],[101.74017,2.84038],[101.74029,2.84098],[101.74024,2.84114],[101.74009,2.84133],[101.7399,2.84151],[101.73978,2.84175],[101.73967,2.84222],[101.73944,2.84269],[101.73925,2.84312],[101.73916,2.84393],[101.73902,2.84415],[101.73889,2.84443],[101.73883,2.8446],[101.73874,2.84499],[101.7387,2.84552],[101.73872,2.8457],[101.73887,2.84602],[101.73922,2.84656],[101.73927,2.84737],[101.73934,2.84782],[101.73949,2.84879],[101.7395,2.84886],[101.73936,2.85014],[101.73931,2.85117],[101.73929,2.85147],[101.73925,2.85165],[101.73924,2.85204],[101.73962,2.85304],[101.73995,2.8535],[101.74004,2.8538]]}},{"type":"Feature","properties":{"name":"Sungai Machang","waterway":"river"},"geometry":{"type":"LineString","coordinates":[[101.88473,2.86992],[101.8846,2.86996],[101.88445,2.87004],[101.88428,2.87009],[101.88413,2.87009],[101.88377,2.87003],[101.88366,2.87002],[101.88356,2.86999],[101.8835,2.86992],[101.88342,2.86981],[101.88328,2.8697],[101.88317,2.86964],[101.88309,2.86963],[101.88297,2.86965],[101.88285,2.86968],[101.88278,2.86973],[101.88274,2.86977],[101.88274,2.86981],[101.88276,2.86985],[101.88277,2.86992],[101.88266,2.87008],[101.88266,2.87013],[101.88266,2.87018],[101.88261,2.87022],[101.88256,2.87026],[101.88248,2.87033],[101.88242,2.87039],[101.88232,2.87046],[101.8822,2.87044],[101.88211,2.87047],[101.88207,2.87049],[101.88202,2.87051],[101.88184,2.8705],[101.88177,2.87054],[101.88167,2.87055],[101.88158,2.87053],[101.88142,2.87058],[101.88137,2.87061],[101.88122,2.87065],[101.88114,2.87064],[101.88112,2.87066],[101.88107,2.87066],[101.88101,2.87065],[101.88096,2.87066],[101.88094,2.87069],[101.88094,2.87074],[101.88093,2.87079],[101.88092,2.87086],[101.88089,2.87093],[101.8809,2.87098],[101.88088,2.87103],[101.88085,2.87105],[101.88082,2.87105],[101.88075,2.87102],[101.88071,2.87102],[101.88065,2.871],[101.88063,2.871],[101.88062,2.87103],[101.88063,2.87105],[101.88065,2.8711],[101.88064,2.87115],[101.88064,2.87121],[101.88067,2.87137],[101.88064,2.8714],[101.88054,2.87146],[101.88046,2.8715],[101.88043,2.87153],[101.88042,2.87158],[101.88047,2.87169],[101.88047,2.87175],[101.88046,2.87177],[101.88042,2.8718],[101.88038,2.87187],[101.88034,2.87188],[101.8803,2.87187],[101.88025,2.87187],[101.88019,2.87193],[101.8801,2.87211],[101.8801,2.87218],[101.88007,2.87223],[101.88003,2.87227],[101.87997,2.8723],[101.87986,2.87232],[101.87971,2.87231],[101.87928,2.87227],[101.87888,2.87227],[101.87847,2.87217],[101.87834,2.8722],[101.87819,2.87225],[101.87813,2.87227],[101.87768,2.87218],[101.8776,2.87218],[101.8775,2.87221],[101.8774,2.87222],[101.87731,2.8722],[101.87725,2.87218],[101.87719,2.87215],[101.87714,2.87209],[101.8771,2.87206],[101.87705,2.87206],[101.87699,2.87207],[101.87695,2.87209],[101.87688,2.87233],[101.87683,2.8724],[101.8768,2.87242],[101.87678,2.87242],[101.87677,2.8724],[101.87674,2.87238],[101.8767,2.87238],[101.87668,2.87241],[101.87667,2.87246],[101.87667,2.87252],[101.87669,2.87258],[101.87673,2.8726],[101.87677,2.8726],[101.8768,2.87261],[101.87682,2.87266],[101.87682,2.8727],[101.87677,2.87273],[101.87669,2.87277],[101.87661,2.87281],[101.8766,2.87284],[101.87655,2.87291],[101.87653,2.87297],[101.87649,2.87303],[101.87644,2.87308],[101.87641,2.87311],[101.87638,2.87311],[101.8763,2.87309],[101.87626,2.87306],[101.87622,2.87306],[101.87619,2.87306],[101.87617,2.87302],[101.87617,2.87302],[101.87613,2.87299],[101.8761,2.87298],[101.87606,2.87299],[101.87602,2.87301],[101.876,2.87305],[101.876,2.87309],[101.87598,2.87316],[101.876,2.87336],[101.876,2.87356],[101.876,2.87363],[101.87597,2.87367],[101.87593,2.8737],[101.8759,2.87371],[101.87586,2.87374],[101.87577,2.87385],[101.87572,2.87388],[101.87565,2.87389],[101.87559,2.8739],[101.87554,2.87393],[101.87548,2.874],[101.87536,2.87406],[101.87509,2.87412]]}},{"type":"Feature","properties":{"name":"Sungai Sompo","waterway":"river"},"geometry":{"type":"LineString","coordinates":[[101.87134,2.87268],[101.87127,2.8727],[101.87111,2.87269],[101.87101,2.87271],[101.87063,2.87289],[101.87039,2.87291],[101.87023,2.87283],[101.86981,2.87241],[101.86965,2.87223],[101.86944,2.87212],[101.86933,2.87214],[101.86902,2.87234],[101.86892,2.87236],[101.86851,2.87236],[101.86793,2.87238],[101.86763,2.87232],[101.86746,2.87236],[101.86729,2.87255],[101.86714,2.87263],[101.86696,2.87262],[101.86641,2.87241],[101.86614,2.87238],[101.86585,2.87241],[101.86563,2.87235],[101.86558,2.87228],[101.86544,2.87224],[101.86498,2.87217],[101.86454,2.87186],[101.86444,2.87166],[101.86434,2.8715],[101.86408,2.87124],[101.86393,2.87115],[101.86381,2.87116],[101.86375,2.87113],[101.86371,2.87103],[101.86371,2.87081],[101.86364,2.87058],[101.8634,2.87036],[101.86288,2.86991],[101.86269,2.86971],[101.86256,2.8695],[101.86242,2.86945],[101.8622,2.86945],[101.86201,2.86948],[101.86183,2.86964],[101.86157,2.86994],[101.86102,2.87033],[101.86084,2.87048],[101.8608,2.87069],[101.86093,2.87096],[101.86098,2.87115],[101.86094,2.87138],[101.86089,2.87154],[101.86076,2.87162],[101.86064,2.87164],[101.86051,2.87162],[101.8604,2.87168],[101.86035,2.87178],[101.86029,2.87182],[101.86028,2.872],[101.86023,2.87206],[101.86015,2.8721],[101.86006,2.87208],[101.86002,2.87202],[101.85995,2.87187],[101.85988,2.87179],[101.85976,2.87178],[101.85966,2.87182],[101.85954,2.87184],[101.85941,2.87182],[101.8593,2.87186],[101.8592,2.87194],[101.85916,2.87205],[101.85917,2.87223],[101.85921,2.87249],[101.85917,2.87259],[101.85907,2.87271],[101.85886,2.87285],[101.85841,2.87305],[101.85818,2.87304],[101.8579,2.87309],[101.85775,2.87318],[101.85754,2.87323],[101.85738,2.87323],[101.8571,2.87303],[101.85701,2.87296],[101.85693,2.87295],[101.85661,2.873],[101.85641,2.87292],[101.85624,2.87295],[101.85602,2.87304],[101.85591,2.87305],[101.8558,2.87299],[101.8557,2.87289],[101.85549,2.87289],[101.85539,2.87289],[101.85533,2.87283],[101.85534,2.87275],[101.85539,2.87268],[101.85539,2.87261],[101.85529,2.87252],[101.85515,2.87254],[101.855,2.87262],[101.85486,2.87263],[101.85474,2.87259],[101.8546,2.87247],[101.85454,2.87239],[101.85444,2.87237],[101.85429,2.87242],[101.85422,2.87249],[101.85416,2.87271],[101.85408,2.87282],[101.85397,2.87286],[101.8539,2.87284],[101.85385,2.87281],[101.85376,2.87284],[101.8537,2.87291],[101.85363,2.87315],[101.85357,2.87322],[101.85345,2.87322],[101.85331,2.87317],[101.85302,2.87316],[101.85283,2.87323],[101.85258,2.87335],[101.85241,2.87341]]}},{"type":"Feature","properties":{"name":"Sungai Pajam","waterway":"river"},"geometry":{"type":"LineString","coordinates":[[101.88092,2.82361],[101.88083,2.82362],[101.88069,2.82367],[101.8806,2.8238],[101.88039,2.82395],[101.88029,2.82408],[101.8802,2.82414],[101.88005,2.82413],[101.87974,2.82416],[101.87952,2.82424],[101.87928,2.82421],[101.87918,2.82425],[101.87911,2.82434],[101.87882,2.82456],[101.87868,2.82456],[101.87856,2.82464],[101.87851,2.82482],[101.87841,2.8249],[101.87822,2.82493],[101.87792,2.82509],[101.87763,2.82545],[101.87745,2.82557],[101.87718,2.82577],[101.87692,2.82586],[101.87674,2.82604],[101.87632,2.8262],[101.87599,2.82636],[101.87509,2.82642],[101.87458,2.82663],[101.87422,2.82684],[101.87362,2.82736],[101.8732,2.82751],[101.87296,2.82767],[101.8705,2.82804],[101.87025,2.82796],[101.86996,2.82786],[101.86939,2.82777],[101.86886,2.82803],[101.86873,2.82805],[101.86851,2.82802],[101.86829,2.82805],[101.86806,2.82816],[101.8677,2.82823],[101.86743,2.82822],[101.86686,2.82805],[101.86635,2.82813],[101.86543,2.82822],[101.8649,2.82817],[101.86472,2.82819],[101.8645,2.82829],[101.86425,2.82826],[101.86401,2.82828],[101.86368,2.82847],[101.86327,2.82856],[101.863,2.82868],[101.86274,2.82888],[101.86265,2.82894],[101.86256,2.82895],[101.8623,2.82889],[101.86216,2.82889],[101.86195,2.82897],[101.86158,2.82919],[101.86145,2.82922],[101.86124,2.8292],[101.86112,2.82918],[101.86105,2.82921],[101.86096,2.82931],[101.86082,2.82934],[101.86067,2.82932],[101.86051,2.82924],[101.86033,2.82913],[101.86021,2.8291],[101.86003,2.82911],[101.85993,2.8292],[101.85974,2.82928],[101.85935,2.82939],[101.85912,2.82941],[101.85889,2.82942],[101.85884,2.82945],[101.8588,2.82951],[101.85878,2.82959],[101.85881,2.82966],[101.85897,2.82989],[101.85899,2.82996],[101.85898,2.83003],[101.85881,2.83019],[101.85858,2.83035],[101.85847,2.83038],[101.85833,2.83038],[101.85828,2.83041],[101.85815,2.83061],[101.85815,2.83072],[101.85819,2.83084],[101.85818,2.83094],[101.85812,2.83101],[101.85793,2.83132],[101.85778,2.83159],[101.85772,2.83175],[101.85761,2.83187],[101.8575,2.83213],[101.85738,2.83229],[101.85728,2.83243],[101.85723,2.83246],[101.85708,2.83251],[101.857,2.83257],[101.85689,2.83268],[101.85683,2.83286],[101.85682,2.83309],[101.85679,2.8332],[101.85679,2.83331],[101.85677,2.83343],[101.85671,2.83354],[101.85664,2.83362],[101.85662,2.83372],[101.85668,2.83381],[101.85675,2.83392],[101.85678,2.83409],[101.85678,2.83431],[101.85689,2.83454],[101.85697,2.83475],[101.85699,2.83514],[101.85696,2.83529],[101.85685,2.83547],[101.85678,2.83561],[101.8565,2.83603],[101.85643,2.83616],[101.85641,2.83627],[101.85635,2.83638],[101.85626,2.8365],[101.85609,2.83664],[101.85606,2.83673],[101.85603,2.83715],[101.85599,2.83727],[101.85591,2.83733],[101.85577,2.83737],[101.85573,2.83744],[101.8557,2.83783],[101.85562,2.83804],[101.85551,2.83816],[101.85534,2.83832],[101.85501,2.83854],[101.85483,2.83862],[101.85474,2.83863],[101.85468,2.83858],[101.85457,2.83857],[101.85443,2.83861],[101.85422,2.83872],[101.85404,2.83885],[101.85389,2.83901],[101.85379,2.83917],[101.8536,2.83928],[101.85348,2.83936],[101.85334,2.8395],[101.85326,2.83953],[101.85302,2.8396],[101.85292,2.83963],[101.8528,2.83974],[101.85274,2.83978],[101.85265,2.83975],[101.85258,2.83968],[101.85249,2.83964],[101.85236,2.83966],[101.85214,2.83975],[101.85196,2.83988],[101.85195,2.83994],[101.85185,2.84011],[101.85174,2.84014],[101.85148,2.84014],[101.85121,2.84022],[101.85107,2.84018],[101.85092,2.84007],[101.8507,2.83982],[101.85046,2.83979],[101.85025,2.83984],[101.85005,2.83996],[101.8499,2.84],[101.84974,2.83994],[101.8495,2.83978],[101.84936,2.83973],[101.8492,2.83978],[101.84907,2.83993],[101.84894,2.84001],[101.84869,2.84001],[101.84851,2.84005],[101.84831,2.84014],[101.84795,2.8404],[101.84779,2.84044],[101.84759,2.84049],[101.84747,2.84065],[101.84735,2.84079],[101.84726,2.84106],[101.84715,2.84113],[101.84701,2.84117],[101.84668,2.84116],[101.84655,2.84122],[101.84647,2.84131],[101.84643,2.84149],[101.84643,2.84158],[101.84636,2.84169],[101.84624,2.84175],[101.84602,2.84197],[101.84593,2.84211],[101.84581,2.84248],[101.84553,2.84294],[101.8453,2.8432],[101.84526,2.84337],[101.84524,2.84353],[101.84519,2.84365],[101.8448,2.84411],[101.84468,2.84443],[101.84462,2.84472],[101.84463,2.8449],[101.84472,2.84502],[101.84474,2.84521],[101.84472,2.84538],[101.84466,2.84554],[101.84456,2.84566],[101.84443,2.84622],[101.84432,2.84737],[101.84407,2.84782],[101.84393,2.84809],[101.84383,2.8484],[101.84388,2.84883],[101.84381,2.84963],[101.84379,2.84987],[101.84372,2.85062],[101.84378,2.8511],[101.84381,2.85155],[101.84369,2.85233],[101.84355,2.85288],[101.84333,2.85325],[101.84316,2.85332],[101.84254,2.85436],[101.84223,2.85535],[101.84211,2.85557],[101.84203,2.85579],[101.84203,2.85594],[101.84207,2.85609],[101.84219,2.85618],[101.84241,2.85622],[101.84263,2.85634],[101.8427,2.85644],[101.84269,2.85661],[101.84265,2.85708],[101.84262,2.85725],[101.84259,2.85739],[101.84261,2.85751],[101.84265,2.85758],[101.8427,2.85762],[101.84278,2.8576],[101.84295,2.85756],[101.84312,2.8576],[101.84328,2.85775],[101.84348,2.85808],[101.84353,2.85834],[101.84351,2.85862],[101.84336,2.85884],[101.84333,2.85922],[101.84327,2.85953],[101.84324,2.85988],[101.84321,2.86014],[101.84316,2.86027],[101.84316,2.86034],[101.8431,2.86043],[101.84295,2.86048],[101.84284,2.86062],[101.84279,2.86094],[101.84271,2.86111],[101.84263,2.86124],[101.84263,2.8613],[101.84267,2.86134],[101.84272,2.86137],[101.84273,2.86142],[101.84272,2.86151],[101.84264,2.86166],[101.84254,2.86178],[101.84237,2.86188],[101.84231,2.86196],[101.8422,2.86203],[101.84213,2.86214],[101.84208,2.86231],[101.8421,2.8625],[101.84216,2.86267],[101.84215,2.86276],[101.84207,2.86297],[101.84194,2.86315],[101.84197,2.86333],[101.84204,2.86349],[101.84204,2.86355],[101.84201,2.86363],[101.84201,2.86371],[101.84203,2.86387],[101.842,2.86395],[101.84198,2.86398],[101.84188,2.86398],[101.84171,2.86401],[101.84164,2.86408],[101.84167,2.86416],[101.84173,2.86424],[101.84172,2.86452],[101.84163,2.8646],[101.84147,2.86468],[101.8413,2.86474],[101.84117,2.86476],[101.84108,2.86484],[101.84095,2.86498],[101.84073,2.86509],[101.84064,2.86516],[101.84048,2.86527],[101.84032,2.86539],[101.8402,2.86548],[101.84002,2.86554],[101.83984,2.86555],[101.83972,2.8656],[101.83956,2.8657],[101.83934,2.86581],[101.83914,2.8659],[101.83848,2.86617],[101.83815,2.86647],[101.83798,2.86651],[101.83779,2.86661],[101.83764,2.86673],[101.83749,2.86678],[101.83733,2.86682],[101.83723,2.86693],[101.83718,2.86703],[101.83723,2.86711],[101.8373,2.86722],[101.83729,2.8673],[101.83723,2.86738],[101.83712,2.86754],[101.837,2.86762],[101.83693,2.86774],[101.83688,2.86776],[101.83679,2.86775],[101.83645,2.86762],[101.83631,2.86759],[101.83624,2.86761],[101.83594,2.86783],[101.83582,2.86794],[101.83579,2.86802],[101.83581,2.86811],[101.83589,2.86819],[101.83599,2.86829],[101.83608,2.86831],[101.83618,2.86832],[101.83627,2.86828],[101.8364,2.86822],[101.83658,2.86824],[101.83672,2.86835],[101.8368,2.86848],[101.83679,2.86857],[101.83672,2.86863],[101.83654,2.86868],[101.8364,2.86876],[101.83629,2.8689],[101.8362,2.86913],[101.83606,2.86922],[101.83596,2.86935],[101.83584,2.8694],[101.83571,2.86936],[101.83561,2.86936],[101.83551,2.86953],[101.83549,2.86968],[101.83549,2.86977],[101.83546,2.87],[101.83544,2.87018],[101.83542,2.87035],[101.83545,2.87045],[101.83556,2.8705],[101.83571,2.87054],[101.83599,2.87077],[101.83623,2.87108],[101.83632,2.8712],[101.83641,2.87133],[101.83641,2.87145],[101.83632,2.87152],[101.83617,2.87155],[101.83593,2.87152],[101.83568,2.8716],[101.83552,2.87169],[101.83545,2.87181],[101.83546,2.87194],[101.83552,2.87201],[101.83571,2.87207],[101.83593,2.87219],[101.83619,2.87224],[101.83629,2.87226],[101.83642,2.87232],[101.83648,2.87246],[101.83643,2.87261],[101.83632,2.87269],[101.83619,2.87276],[101.83606,2.87276],[101.83583,2.87267],[101.83568,2.87266],[101.83559,2.87272],[101.83557,2.87282],[101.83563,2.87287],[101.83576,2.87295],[101.8359,2.87308],[101.83596,2.87328],[101.83611,2.87345],[101.83637,2.87402],[101.83655,2.87425],[101.83684,2.87464],[101.83687,2.87477],[101.83686,2.8749],[101.83682,2.87501],[101.83672,2.87514],[101.83673,2.87524],[101.83711,2.87572],[101.83744,2.87623],[101.83756,2.87634],[101.83782,2.87652],[101.83803,2.8766],[101.83814,2.87657],[101.8382,2.87651],[101.83822,2.87643],[101.83828,2.87639],[101.83853,2.87629],[101.83877,2.87619],[101.83888,2.87611],[101.83904,2.87606],[101.83917,2.8761],[101.83923,2.8762],[101.83934,2.87647],[101.83946,2.87673],[101.8397,2.87702],[101.83988,2.87722],[101.84009,2.87746],[101.8403,2.87759],[101.84052,2.87761],[101.84076,2.87768]]}},{"type":"Feature","properties":{"name":"Sungai Rambai","waterway":"river"},"geometry":{"type":"LineString","coordinates":[[101.76446,2.67984],[101.7642,2.67958],[101.76275,2.67881],[101.76181,2.67829],[101.76121,2.67796],[101.7603,2.67748],[101.75943,2.67705],[101.75918,2.677],[101.75872,2.67709],[101.75819,2.67725],[101.75794,2.67722],[101.75777,2.67726],[101.75323,2.67743],[101.75284,2.67759],[101.75258,2.67792],[101.75244,2.6785],[101.75235,2.67901],[101.75211,2.67942],[101.75177,2.6796],[101.75132,2.67966],[101.75103,2.67954],[101.74779,2.67568],[101.74647,2.6752],[101.74352,2.67472],[101.74137,2.6759]]}},{"type":"Feature","properties":{"name":null,"waterway":"river"},"geometry":{"type":"LineString","coordinates":[[101.8709,2.74086],[101.87078,2.74088],[101.87067,2.74088],[101.87058,2.74083],[101.87041,2.7407],[101.87031,2.74067],[101.87021,2.74068],[101.86944,2.74095],[101.86904,2.74104],[101.86877,2.74105],[101.86841,2.74116],[101.86822,2.7412],[101.86812,2.7412],[101.86789,2.74116],[101.86778,2.74118],[101.86747,2.74138],[101.86732,2.74141],[101.86716,2.7414],[101.86704,2.74135],[101.86681,2.74119],[101.86652,2.74119]]}},{"type":"Feature","properties":{"name":null,"waterway":"river"},"geometry":{"type":"LineString","coordinates":[[101.86652,2.74119],[101.86642,2.74126],[101.86633,2.74142],[101.86614,2.74149],[101.86584,2.74177],[101.86563,2.74205],[101.86556,2.74217],[101.86555,2.74233],[101.86551,2.74266],[101.86536,2.7429],[101.86523,2.74297],[101.86485,2.74312],[101.86431,2.74328]]}},{"type":"Feature","properties":{"name":"Sungai Mahang","waterway":"river"},"geometry":{"type":"LineString","coordinates":[[101.82442,2.84539],[101.82461,2.84546]]}},{"type":"Feature","properties":{"name":"Sungai Mahang","waterway":"river"},"geometry":{"type":"LineString","coordinates":[[101.82431,2.84381],[101.8242,2.84411],[101.82409,2.84451],[101.8242,2.84513],[101.8243,2.84528],[101.82442,2.84539]]}},{"type":"Feature","properties":{"name":"Sungai Mahang","waterway":"river"},"geometry":{"type":"LineString","coordinates":[[101.82373,2.83894],[101.82406,2.83943],[101.82438,2.84031],[101.82525,2.84198],[101.82523,2.8421],[101.8244,2.84353]]}},{"type":"Feature","properties":{"name":"Sungai Mahang","waterway":"river"},"geometry":{"type":"LineString","coordinates":[[101.82359,2.83874],[101.82373,2.83894]]}},{"type":"Feature","properties":{"name":"Sungai Mahang","waterway":"river"},"geometry":{"type":"LineString","coordinates":[[101.8244,2.84353],[101.82431,2.84381]]}},{"type":"Feature","properties":{"name":"Sungai Mahang","waterway":"river"},"geometry":{"type":"LineString","coordinates":[[101.81166,2.83458],[101.81359,2.83369],[101.81367,2.83369],[101.81373,2.8337],[101.81477,2.83441],[101.81635,2.83465],[101.81633,2.83479],[101.81796,2.83504],[101.81809,2.83512],[101.81816,2.83513],[101.81944,2.8351],[101.81955,2.83521],[101.81956,2.83524],[101.8195,2.8353],[101.8195,2.83534],[101.81954,2.83551],[101.81965,2.83559],[101.81971,2.8356],[101.81993,2.83551],[101.82094,2.83556],[101.8214,2.83587],[101.82259,2.83727],[101.82276,2.83767],[101.82359,2.83874]]}},{"type":"Feature","properties":{"name":"Sungai Rinching","waterway":"river"},"geometry":{"type":"LineString","coordinates":[[101.88899,2.93421],[101.88897,2.93402],[101.88904,2.93387],[101.889,2.93377],[101.88885,2.93361],[101.88875,2.93351],[101.88853,2.93349],[101.88833,2.93354],[101.88827,2.93359],[101.88821,2.93358],[101.88813,2.93351],[101.88807,2.93336],[101.88804,2.93321],[101.88796,2.93309],[101.88775,2.933],[101.88748,2.93298],[101.8874,2.93291],[101.88732,2.93275],[101.8871,2.93269],[101.88703,2.93266],[101.887,2.93254],[101.88692,2.93251],[101.88686,2.93246],[101.8868,2.9323],[101.88663,2.9322],[101.88638,2.93223],[101.88629,2.93222],[101.88608,2.93199],[101.88601,2.93177],[101.88596,2.9317],[101.88581,2.93166],[101.88504,2.93155],[101.88431,2.93143],[101.88401,2.93144],[101.88348,2.93123],[101.88266,2.93083],[101.88222,2.93053],[101.8818,2.93007],[101.88156,2.9299],[101.88123,2.92972],[101.88099,2.92972],[101.88074,2.92961],[101.88061,2.92949],[101.88048,2.92944],[101.88035,2.92948],[101.88028,2.92957],[101.88015,2.92961],[101.87999,2.92958],[101.87974,2.92948],[101.87956,2.92931],[101.87944,2.92919],[101.87927,2.92911],[101.87888,2.92917],[101.8782,2.92921],[101.87806,2.92921],[101.87799,2.92916],[101.87798,2.92901],[101.87768,2.92877],[101.87747,2.92866],[101.87707,2.9286],[101.87688,2.92859],[101.87679,2.92869],[101.8767,2.92873],[101.87651,2.92862],[101.87636,2.9285],[101.87629,2.92838],[101.87627,2.92823],[101.87607,2.92805],[101.87597,2.92803],[101.87589,2.92809],[101.87579,2.92808],[101.8755,2.92784],[101.87537,2.9278],[101.87503,2.92784],[101.87442,2.92771],[101.87427,2.92763],[101.87419,2.92754],[101.87419,2.92744],[101.8742,2.92735],[101.87418,2.92728],[101.87405,2.92718],[101.87389,2.92714],[101.87371,2.92719],[101.87363,2.92725],[101.87356,2.92724],[101.87349,2.92717],[101.87344,2.92705],[101.87341,2.92691],[101.87334,2.92682],[101.87303,2.9267],[101.87284,2.92651],[101.87273,2.92644],[101.87268,2.92627],[101.87237,2.92603],[101.87216,2.92588],[101.8719,2.92566],[101.87172,2.92547],[101.87141,2.92526],[101.87092,2.92497],[101.87063,2.92477],[101.87039,2.92457],[101.87016,2.92434],[101.87003,2.92406],[101.86976,2.92384],[101.86964,2.9236],[101.86958,2.92348],[101.86957,2.92321],[101.86946,2.92306],[101.86916,2.92291],[101.86886,2.92248],[101.86873,2.92217],[101.86873,2.92192],[101.86847,2.92147],[101.8684,2.92111],[101.86844,2.9207],[101.86853,2.92051],[101.86863,2.92037],[101.86864,2.92027],[101.86862,2.92023],[101.86844,2.92014],[101.86835,2.92],[101.86832,2.91992],[101.86827,2.91984],[101.86808,2.91975],[101.86794,2.91964],[101.86729,2.91886],[101.86718,2.91879],[101.86665,2.91871],[101.8665,2.91872],[101.86632,2.91867],[101.86593,2.91859],[101.86564,2.91844],[101.86546,2.91843],[101.86536,2.91851],[101.86509,2.91857],[101.86483,2.91873],[101.86464,2.91876],[101.8643,2.91881],[101.86405,2.91889],[101.86384,2.91886],[101.86362,2.9187],[101.8633,2.91862],[101.86309,2.91853],[101.86292,2.91842],[101.86264,2.91834],[101.86225,2.91822],[101.86199,2.91817],[101.86168,2.91815],[101.86146,2.91804],[101.86118,2.91808],[101.86073,2.91793],[101.86038,2.91788],[101.86015,2.91788],[101.85965,2.91775],[101.8594,2.91779],[101.85885,2.91774],[101.85858,2.91778],[101.85831,2.9177],[101.85808,2.91764],[101.85781,2.91759],[101.85762,2.91759],[101.85748,2.91758],[101.85732,2.91762],[101.85717,2.91764],[101.85703,2.91764],[101.85682,2.91771],[101.8563,2.91768],[101.8561,2.91772],[101.8558,2.91774],[101.85558,2.91777],[101.85544,2.9178],[101.85526,2.9178],[101.85504,2.91779],[101.85484,2.9178],[101.85471,2.9178],[101.85458,2.91783],[101.8545,2.91785],[101.85436,2.91787],[101.8541,2.91791],[101.85399,2.91794],[101.85389,2.91798],[101.85377,2.91797],[101.85368,2.91797],[101.8536,2.918],[101.85354,2.91804],[101.85345,2.9181],[101.85336,2.91812],[101.85327,2.91811],[101.85306,2.91809],[101.85294,2.9181],[101.85285,2.91812],[101.85274,2.91815],[101.85263,2.9182],[101.85246,2.91824],[101.85217,2.91824],[101.85194,2.91822],[101.85166,2.9182],[101.85144,2.91819],[101.85124,2.91819],[101.85109,2.9182],[101.85096,2.91819],[101.85081,2.91818],[101.85046,2.91815],[101.85027,2.91813],[101.85006,2.91811],[101.84989,2.91812],[101.84971,2.91815],[101.84958,2.91817],[101.84945,2.91826],[101.84935,2.91835],[101.84926,2.91838],[101.84918,2.91838],[101.84908,2.91844],[101.84899,2.9185],[101.84874,2.91856],[101.84859,2.91855],[101.84848,2.91852],[101.84837,2.91848],[101.84825,2.91847],[101.84814,2.91849],[101.84803,2.91855],[101.84789,2.91861],[101.84777,2.91864],[101.84761,2.91866],[101.8475,2.91863],[101.8474,2.91856],[101.8473,2.91847],[101.84719,2.9184],[101.84698,2.91835],[101.84683,2.91836],[101.84667,2.91836],[101.84653,2.91832],[101.84641,2.91831],[101.84628,2.91831],[101.8461,2.91832],[101.84595,2.91834],[101.84585,2.91834],[101.84575,2.91831],[101.84569,2.9183],[101.84558,2.9182],[101.84543,2.91812],[101.84527,2.91799],[101.84512,2.9179],[101.84501,2.91785],[101.84492,2.91776],[101.84484,2.91763],[101.84475,2.91753],[101.84462,2.91745],[101.84445,2.91736],[101.8443,2.91731],[101.84417,2.91733],[101.84401,2.91738],[101.84391,2.91744],[101.8438,2.91744],[101.84369,2.91745],[101.84348,2.9175],[101.84336,2.91757],[101.84324,2.91765],[101.84311,2.91768],[101.84299,2.91768],[101.84282,2.91767],[101.84266,2.91765],[101.84252,2.91761],[101.84233,2.91754],[101.84184,2.91738],[101.84171,2.91737],[101.84153,2.91735],[101.84135,2.91741],[101.84122,2.91744],[101.84102,2.91749],[101.84086,2.91751],[101.84068,2.91758],[101.84048,2.91768],[101.84029,2.91777],[101.84017,2.91785],[101.83994,2.91796],[101.83977,2.91805],[101.83961,2.91817],[101.83937,2.91829],[101.83915,2.91838],[101.83895,2.91841],[101.8388,2.9184],[101.83868,2.91835],[101.83858,2.91828],[101.83848,2.91814],[101.83839,2.91805],[101.83827,2.91802],[101.83809,2.91805],[101.83792,2.91812],[101.83771,2.91817],[101.83752,2.91821],[101.83738,2.91822],[101.83722,2.91824],[101.83706,2.91831],[101.83688,2.91838],[101.83672,2.91843],[101.83649,2.91847],[101.83635,2.91843],[101.83619,2.91839],[101.83609,2.91833],[101.83596,2.91823],[101.83582,2.91805],[101.83575,2.91795],[101.83566,2.9178],[101.83556,2.91772],[101.83546,2.91757],[101.83539,2.91746],[101.83536,2.91734],[101.83531,2.9172],[101.83527,2.91705],[101.83523,2.91697],[101.83513,2.91686],[101.83502,2.91682],[101.83491,2.91675],[101.83483,2.91668],[101.83473,2.91656],[101.83466,2.91647],[101.8346,2.91637],[101.83455,2.91623],[101.83451,2.91607],[101.83447,2.91589],[101.83441,2.91563],[101.83436,2.91553],[101.83433,2.91544],[101.8343,2.91533],[101.83431,2.9152],[101.8343,2.91511],[101.83427,2.91498],[101.83423,2.91488],[101.83413,2.91475],[101.83404,2.91468],[101.83394,2.91457],[101.83384,2.9145],[101.83372,2.91442],[101.83358,2.91437],[101.83348,2.9143],[101.83344,2.91422],[101.83335,2.91411],[101.83329,2.914],[101.83325,2.91387],[101.83321,2.9137],[101.83319,2.91358],[101.83315,2.91344],[101.8331,2.91331],[101.83303,2.91322],[101.83295,2.91314],[101.83283,2.91311],[101.83272,2.91313],[101.83265,2.91318],[101.83257,2.9133],[101.83251,2.91339],[101.83241,2.91343],[101.83231,2.91345],[101.83218,2.91341],[101.83207,2.9134],[101.83191,2.91338],[101.83172,2.9134],[101.83151,2.91343],[101.8312,2.91343],[101.83097,2.9135],[101.83073,2.91347]]}},{"type":"Feature","properties":{"name":"Sungai Rinching","waterway":"river"},"geometry":{"type":"LineString","coordinates":[[101.88969,2.9375],[101.88959,2.93707]]}},{"type":"Feature","properties":{"name":"Sungai Rinching","waterway":"river"},"geometry":{"type":"LineString","coordinates":[[101.89078,2.93941],[101.89059,2.93927],[101.89039,2.93919],[101.89035,2.93917],[101.89033,2.93917],[101.89032,2.9392],[101.89034,2.93922],[101.89033,2.93924],[101.89027,2.93928],[101.8901,2.93931],[101.88994,2.93931],[101.88978,2.93934],[101.88971,2.93933],[101.88967,2.93928],[101.88958,2.9389],[101.88959,2.93869],[101.8897,2.93851],[101.88983,2.93842],[101.88994,2.93841],[101.88999,2.93834],[101.89,2.93826],[101.88993,2.93815],[101.88984,2.93785],[101.88969,2.9375]]}},{"type":"Feature","properties":{"name":"Sungai Rinching","waterway":"river"},"geometry":{"type":"LineString","coordinates":[[101.89157,2.94033],[101.89153,2.94029]]}},{"type":"Feature","properties":{"name":"Sungai Rinching","waterway":"river"},"geometry":{"type":"LineString","coordinates":[[101.89239,2.94302],[101.89237,2.94296],[101.89232,2.94292],[101.89228,2.94289],[101.89222,2.94275],[101.89221,2.94222],[101.89224,2.94142],[101.8922,2.94127],[101.89216,2.94119],[101.89201,2.94099],[101.89188,2.94066],[101.89157,2.94033]]}},{"type":"Feature","properties":{"name":"Sungai Rinching","waterway":"river"},"geometry":{"type":"LineString","coordinates":[[101.89242,2.94311],[101.89239,2.94302]]}},{"type":"Feature","properties":{"name":"Sungai Rinching","waterway":"river"},"geometry":{"type":"LineString","coordinates":[[101.89254,2.94552],[101.89249,2.94544],[101.89228,2.94503],[101.8922,2.94483],[101.89224,2.94458],[101.89218,2.94444],[101.89217,2.94429],[101.8923,2.94376],[101.8923,2.9434],[101.89235,2.9432],[101.89242,2.94311]]}},{"type":"Feature","properties":{"name":"Sungai Rinching","waterway":"river"},"geometry":{"type":"LineString","coordinates":[[101.8926,2.94561],[101.89254,2.94552]]}},{"type":"Feature","properties":{"name":"Sungai Batang Benar","waterway":"river"},"geometry":{"type":"LineString","coordinates":[[101.82456,2.84747],[101.82453,2.84791]]}},{"type":"Feature","properties":{"name":"Sungai Batang Benar","waterway":"river"},"geometry":{"type":"LineString","coordinates":[[101.82458,2.84731],[101.82456,2.84747]]}},{"type":"Feature","properties":{"name":"Sungai Batang Benar","waterway":"river"},"geometry":{"type":"LineString","coordinates":[[101.82453,2.84791],[101.82462,2.84821]]}},{"type":"Feature","properties":{"name":"Sungai Batang Benar","waterway":"river"},"geometry":{"type":"LineString","coordinates":[[101.82473,2.8455],[101.82479,2.84559],[101.82479,2.84572],[101.82471,2.84591],[101.82452,2.84613],[101.82446,2.84651],[101.82459,2.84669],[101.82467,2.84686],[101.82458,2.84731]]}},{"type":"Feature","properties":{"name":"Sungai Hampar","waterway":"river"},"geometry":{"type":"LineString","coordinates":[[101.567,3.19102],[101.56583,3.18796],[101.5657,3.18784],[101.56555,3.18775],[101.56534,3.18771],[101.56516,3.18776],[101.56465,3.1879],[101.56417,3.18799],[101.56405,3.18799],[101.5639,3.18792],[101.56282,3.1873],[101.56244,3.18724],[101.56198,3.1871],[101.5615,3.18689],[101.56128,3.18686],[101.56037,3.18687],[101.55993,3.18686],[101.55932,3.1868],[101.55919,3.18677],[101.55894,3.18677],[101.55867,3.18681],[101.55833,3.18684],[101.55817,3.1869],[101.55751,3.18732],[101.55704,3.18738],[101.55686,3.18744],[101.55638,3.18776],[101.55629,3.18786],[101.55609,3.18797],[101.55593,3.188],[101.55557,3.18814],[101.55532,3.1883],[101.55493,3.1885],[101.55449,3.18867],[101.55417,3.18869],[101.55386,3.18875],[101.55333,3.18879],[101.55311,3.18882],[101.553,3.18885],[101.55279,3.18897],[101.55255,3.18917],[101.55253,3.18924],[101.5524,3.18933],[101.55227,3.18935],[101.55212,3.18933],[101.55203,3.18932],[101.55193,3.1893],[101.55179,3.18927],[101.55155,3.18923],[101.55139,3.18917],[101.55125,3.18911],[101.55081,3.18889],[101.55043,3.18875],[101.55024,3.18868],[101.5498,3.18846],[101.54967,3.18842],[101.54946,3.18842],[101.54925,3.18845],[101.54893,3.18839],[101.54871,3.18836],[101.54846,3.18823],[101.54806,3.18798],[101.54762,3.1878],[101.54739,3.18776],[101.54695,3.18778],[101.5468,3.18777],[101.54629,3.18737],[101.54617,3.18731],[101.5457,3.18725],[101.54526,3.18717],[101.54488,3.18716],[101.5448,3.18715],[101.54456,3.18687],[101.54438,3.18673],[101.54408,3.18649]]}},{"type":"Feature","properties":{"name":"Sungai Midah","waterway":"river"},"geometry":{"type":"LineString","coordinates":[[101.70678,3.06414],[101.70752,3.06439],[101.70793,3.06445]]}},{"type":"Feature","properties":{"name":"Sungai Air Hitam","waterway":"river"},"geometry":{"type":"LineString","coordinates":[[101.59491,2.98015],[101.59437,2.98015]]}},{"type":"Feature","properties":{"name":"Sungai Air Hitam","waterway":"river"},"geometry":{"type":"LineString","coordinates":[[101.60271,2.97938],[101.60235,2.97942],[101.60211,2.97947],[101.6016,2.97941],[101.60065,2.9795],[101.60053,2.97956],[101.60035,2.97966],[101.60018,2.9797],[101.60002,2.97965],[101.59996,2.97946],[101.59989,2.97939],[101.59969,2.97931],[101.59954,2.97934],[101.59934,2.97964],[101.59911,2.97976],[101.59873,2.97981],[101.59798,2.98008],[101.59768,2.98014],[101.59579,2.98014],[101.59523,2.98013],[101.59491,2.98015]]}},{"type":"Feature","properties":{"name":"Sungai Sering","waterway":"river"},"geometry":{"type":"LineString","coordinates":[[101.7625,3.19374],[101.76202,3.19361]]}},{"type":"Feature","properties":{"name":null,"waterway":"canal"},"geometry":{"type":"LineString","coordinates":[[101.53223,2.96464],[101.53215,2.96464]]}},{"type":"Feature","properties":{"name":null,"waterway":"canal"},"geometry":{"type":"LineString","coordinates":[[101.53215,2.96464],[101.53165,2.96464]]}},{"type":"Feature","properties":{"name":null,"waterway":"river"},"geometry":{"type":"LineString","coordinates":[[101.5923,2.88683],[101.59208,2.88685]]}},{"type":"Feature","properties":{"name":null,"waterway":"river"},"geometry":{"type":"LineString","coordinates":[[101.58195,2.88576],[101.58189,2.8857]]}},{"type":"Feature","properties":{"name":null,"waterway":"river"},"geometry":{"type":"LineString","coordinates":[[101.69661,3.00101],[101.69589,3.00096],[101.69575,3.00099],[101.69568,3.00105],[101.69557,3.00131]]}},{"type":"Feature","properties":{"name":null,"waterway":"river"},"geometry":{"type":"LineString","coordinates":[[101.69686,3.00099],[101.69661,3.00101]]}},{"type":"Feature","properties":{"name":"Sungai Baru","waterway":"river"},"geometry":{"type":"LineString","coordinates":[[101.52715,3.11707],[101.52737,3.11705],[101.52787,3.11699],[101.52862,3.11717],[101.52936,3.11753],[101.52946,3.11777]]}},{"type":"Feature","properties":{"name":"Sungai Baru","waterway":"river"},"geometry":{"type":"LineString","coordinates":[[101.52672,3.11712],[101.52715,3.11707]]}},{"type":"Feature","properties":{"name":null,"waterway":"river"},"geometry":{"type":"LineString","coordinates":[[101.53324,2.86322],[101.53712,2.86031],[101.53787,2.85932],[101.53851,2.85856],[101.54008,2.85707],[101.5405,2.85616],[101.54058,2.85522],[101.54103,2.85242],[101.54122,2.85177],[101.54148,2.85097],[101.54153,2.85065],[101.54135,2.84882],[101.54097,2.84712],[101.54095,2.84292]]}},{"type":"Feature","properties":{"name":"Sungai Labu","waterway":"river"},"geometry":{"type":"LineString","coordinates":[[101.76163,2.79319],[101.76077,2.79269],[101.76062,2.79259],[101.7604,2.79229],[101.76018,2.79205],[101.75997,2.79203],[101.75985,2.79208],[101.75921,2.79205],[101.75894,2.79199],[101.75878,2.79185],[101.75866,2.79152],[101.75857,2.79134],[101.75839,2.79122],[101.75794,2.79108],[101.75738,2.79103],[101.75675,2.79085],[101.75631,2.79074],[101.75588,2.79077],[101.75567,2.79074],[101.75538,2.79062],[101.75489,2.79034],[101.75476,2.79016],[101.7546,2.78984],[101.75456,2.78939],[101.75449,2.78908],[101.75429,2.78884],[101.75412,2.78876],[101.75376,2.78872],[101.75352,2.78856],[101.75317,2.78816],[101.75272,2.78769],[101.75234,2.78744],[101.7519,2.78728],[101.75143,2.78714],[101.751,2.78702],[101.75059,2.78696],[101.7501,2.78697],[101.7486,2.7869],[101.74809,2.7869],[101.74514,2.78675],[101.74458,2.78677],[101.74393,2.7867],[101.74366,2.78675],[101.74344,2.78692],[101.74322,2.78716],[101.74203,2.78805],[101.73991,2.78962],[101.73967,2.78972],[101.7393,2.78971],[101.73843,2.78946],[101.73814,2.78937],[101.73765,2.7893],[101.73664,2.78924],[101.73639,2.78915],[101.73611,2.78921],[101.73488,2.78971],[101.73428,2.78971],[101.73343,2.78959],[101.73114,2.78899],[101.73067,2.78873],[101.73001,2.78828],[101.72887,2.78762],[101.72869,2.78752],[101.72836,2.78714],[101.72805,2.78669],[101.72694,2.78469],[101.72618,2.78349],[101.72582,2.7831],[101.72531,2.7827],[101.72434,2.78206],[101.72062,2.77988],[101.72011,2.77954],[101.71946,2.77919],[101.71891,2.77882],[101.71461,2.77682],[101.71402,2.77677],[101.71285,2.77675],[101.7115,2.77676],[101.70816,2.77713],[101.70669,2.77754],[101.70555,2.77815],[101.70503,2.77859],[101.70424,2.78017],[101.70417,2.78062],[101.70405,2.78121],[101.70326,2.78304],[101.7022,2.78559],[101.70206,2.78593],[101.70175,2.78663],[101.70122,2.78783],[101.70107,2.78818],[101.7003,2.78931],[101.69985,2.78974],[101.69963,2.78977],[101.69902,2.78986],[101.69859,2.78993],[101.69836,2.78997],[101.69778,2.79019],[101.69711,2.79098],[101.69604,2.79323],[101.69598,2.79347],[101.69553,2.79538],[101.695,2.7967],[101.69344,2.80038],[101.69159,2.80474],[101.69077,2.80587],[101.68881,2.80851],[101.68725,2.81053],[101.6848,2.81315],[101.68352,2.81389],[101.68297,2.81432],[101.68237,2.81487],[101.68167,2.81557],[101.67924,2.81714],[101.67705,2.81878],[101.67408,2.82207],[101.6735,2.82262],[101.67298,2.82293],[101.67225,2.8232],[101.6714,2.82321],[101.67032,2.82359],[101.66819,2.82366],[101.66637,2.82347],[101.66605,2.82336],[101.66578,2.82322],[101.66516,2.82284]]}},{"type":"Feature","properties":{"name":null,"waterway":"river"},"geometry":{"type":"LineString","coordinates":[[101.63301,3.18572],[101.63338,3.18567],[101.63368,3.18568],[101.63388,3.18574],[101.63406,3.18587],[101.63404,3.18619],[101.63407,3.18652],[101.63417,3.18685],[101.63428,3.18709],[101.63456,3.18741],[101.63469,3.18784]]}},{"type":"Feature","properties":{"name":null,"waterway":"river"},"geometry":{"type":"LineString","coordinates":[[101.64132,3.18911],[101.64164,3.18979],[101.64207,3.1904],[101.64249,3.19094]]}},{"type":"Feature","properties":{"name":null,"waterway":"river"},"geometry":{"type":"LineString","coordinates":[[101.64249,3.19094],[101.64305,3.19169]]}},{"type":"Feature","properties":{"name":null,"waterway":"river"},"geometry":{"type":"LineString","coordinates":[[101.64305,3.19169],[101.64428,3.19336]]}},{"type":"Feature","properties":{"name":null,"waterway":"river"},"geometry":{"type":"LineString","coordinates":[[101.64428,3.19336],[101.64496,3.19389]]}},{"type":"Feature","properties":{"name":"Sungai Damansara","waterway":"river"},"geometry":{"type":"LineString","coordinates":[[101.5546,3.07363],[101.5546,3.07348],[101.55457,3.07311],[101.55444,3.0726],[101.55435,3.07242],[101.55425,3.07227],[101.55402,3.07208],[101.55228,3.07102],[101.55203,3.07083],[101.55191,3.07072],[101.55178,3.07057],[101.55169,3.07043],[101.55148,3.06986],[101.55127,3.06887],[101.55125,3.06873],[101.55126,3.06861],[101.55145,3.06806],[101.5515,3.06778],[101.55156,3.06754],[101.55184,3.06699],[101.55189,3.06683],[101.55201,3.06632],[101.55227,3.06574],[101.55276,3.065],[101.55289,3.06479],[101.55307,3.06449],[101.55342,3.06386],[101.55371,3.06338],[101.55424,3.06264],[101.55433,3.06248],[101.55438,3.06237],[101.55441,3.06224],[101.55441,3.06208],[101.55441,3.06159],[101.55439,3.0613]]}},{"type":"Feature","properties":{"name":"Sungai Subang","waterway":"river"},"geometry":{"type":"LineString","coordinates":[[101.51852,3.18052],[101.51885,3.18049]]}},{"type":"Feature","properties":{"name":"Sungai Subang","waterway":"river"},"geometry":{"type":"LineString","coordinates":[[101.52212,3.18599],[101.52229,3.18617]]}},{"type":"Feature","properties":{"name":"Sungai Subang","waterway":"river"},"geometry":{"type":"LineString","coordinates":[[101.52209,3.18548],[101.52208,3.18581],[101.52212,3.18599]]}},{"type":"Feature","properties":{"name":"Sungai Subang","waterway":"river"},"geometry":{"type":"LineString","coordinates":[[101.52434,3.1876],[101.52471,3.18772]]}},{"type":"Feature","properties":{"name":"Sungai Subang","waterway":"river"},"geometry":{"type":"LineString","coordinates":[[101.52229,3.18617],[101.52242,3.18624],[101.52271,3.1865],[101.52304,3.18679],[101.52345,3.18715],[101.52361,3.18728],[101.52394,3.18741],[101.52418,3.18752],[101.52434,3.1876]]}},{"type":"Feature","properties":{"name":"Sungai Rasau","waterway":"river"},"geometry":{"type":"LineString","coordinates":[[101.64849,2.98712],[101.64849,2.98677],[101.64851,2.98649],[101.64857,2.98622],[101.64859,2.98601],[101.64857,2.9858],[101.64856,2.98568],[101.64859,2.98554],[101.6486,2.98544],[101.64863,2.98535],[101.6487,2.98528],[101.64884,2.98529],[101.64893,2.98536],[101.64907,2.98556],[101.64918,2.98564],[101.64925,2.98562],[101.64929,2.98555],[101.6493,2.98538],[101.64934,2.98505],[101.64945,2.98475],[101.64957,2.9846],[101.64978,2.98439],[101.64993,2.98423],[101.64999,2.98413],[101.65002,2.98403],[101.65003,2.98394],[101.64994,2.98378],[101.64989,2.98364],[101.64979,2.98324],[101.6497,2.98308],[101.64959,2.98297],[101.64917,2.98267],[101.64901,2.98253],[101.64885,2.98224],[101.64876,2.98169],[101.64871,2.98129],[101.64871,2.98072],[101.64866,2.98064],[101.64856,2.98056],[101.6482,2.98035],[101.64773,2.98016],[101.64746,2.97988],[101.64716,2.97953],[101.6469,2.97919],[101.64684,2.97912],[101.64675,2.97899],[101.64658,2.97894],[101.6464,2.97889],[101.64632,2.97884],[101.64627,2.9788],[101.64609,2.97877],[101.64589,2.97871],[101.64579,2.97859],[101.64576,2.97847],[101.6458,2.97835],[101.64581,2.97819],[101.64581,2.97816],[101.6458,2.97807],[101.64562,2.97767],[101.64545,2.97743],[101.64511,2.97713],[101.64481,2.97696],[101.64451,2.9768],[101.64413,2.97656],[101.6438,2.97637],[101.64364,2.97632],[101.64337,2.97626],[101.64312,2.97611],[101.64306,2.97603],[101.64303,2.97594],[101.64303,2.97588],[101.64299,2.97578],[101.64283,2.97572],[101.64259,2.97554],[101.64246,2.97538],[101.64241,2.97527],[101.64236,2.97498],[101.64227,2.97478],[101.64208,2.97448],[101.64182,2.97406],[101.64145,2.97358],[101.64117,2.97323],[101.64086,2.97292],[101.64057,2.97262],[101.64054,2.97254],[101.64054,2.97239],[101.64049,2.97228],[101.64028,2.97194],[101.63979,2.97128],[101.63937,2.97069],[101.6393,2.97052],[101.63928,2.97037],[101.63928,2.97009],[101.63937,2.96973],[101.63937,2.96935],[101.63933,2.96922],[101.63916,2.96905],[101.63876,2.96872],[101.63821,2.9682],[101.63754,2.96756],[101.63712,2.9669],[101.63683,2.96642],[101.63623,2.96581],[101.63597,2.96547],[101.63579,2.96518],[101.6357,2.9649],[101.63551,2.96448],[101.63525,2.9642],[101.63419,2.96359],[101.63361,2.96338],[101.63338,2.96321],[101.63308,2.96292],[101.63272,2.96241],[101.63251,2.96215],[101.63234,2.96186],[101.63227,2.96161],[101.63224,2.96135],[101.63213,2.96107],[101.63194,2.96089],[101.63149,2.96068],[101.63133,2.96053],[101.63126,2.96037],[101.63123,2.95998],[101.63115,2.95974],[101.63105,2.9596],[101.63093,2.95946],[101.63086,2.95939],[101.63058,2.95893],[101.63035,2.9586],[101.62997,2.9582],[101.62933,2.95751],[101.62895,2.95709],[101.62883,2.95688],[101.62875,2.95655],[101.62846,2.95566],[101.6282,2.95519],[101.62761,2.95456],[101.62713,2.95406],[101.62689,2.95379],[101.62679,2.95359],[101.62673,2.95335],[101.62676,2.95297],[101.62674,2.95269],[101.62661,2.95234],[101.62644,2.95213],[101.62621,2.95196],[101.6261,2.95193],[101.62592,2.952],[101.62565,2.95206],[101.62516,2.95206],[101.6236,2.95202],[101.62271,2.952],[101.62174,2.95198],[101.62116,2.95194],[101.62048,2.95197],[101.62038,2.95198],[101.61947,2.95167],[101.61809,2.95171],[101.61676,2.95182],[101.61566,2.95185],[101.59952,2.95476]]}},{"type":"Feature","properties":{"name":null,"waterway":"river"},"geometry":{"type":"LineString","coordinates":[[101.65159,2.98473],[101.65144,2.98465]]}},{"type":"Feature","properties":{"name":null,"waterway":"river"},"geometry":{"type":"LineString","coordinates":[[101.65941,2.98746],[101.65857,2.98747],[101.65767,2.98748],[101.65732,2.98752],[101.65709,2.9875],[101.65699,2.98747],[101.65688,2.9875],[101.65672,2.98762],[101.65658,2.9877],[101.65646,2.98782],[101.65624,2.98807],[101.6562,2.98829],[101.6561,2.98849],[101.65603,2.98853],[101.65595,2.9885],[101.65582,2.98843],[101.65569,2.98831],[101.65551,2.98798],[101.65527,2.9877],[101.65517,2.98758],[101.65504,2.98734],[101.65501,2.98725],[101.655,2.98716],[101.65494,2.98706],[101.65491,2.98696],[101.65485,2.9869],[101.65467,2.98679],[101.65455,2.98658],[101.65447,2.98631],[101.6544,2.9862],[101.65431,2.98614],[101.6542,2.98613],[101.65409,2.98616],[101.65401,2.98622],[101.6538,2.98655],[101.65372,2.98662],[101.65367,2.98662],[101.65357,2.98659],[101.65347,2.98647],[101.65325,2.98603],[101.65301,2.98575],[101.65279,2.98545],[101.65266,2.98518],[101.6525,2.98501],[101.65236,2.98489],[101.65223,2.98486],[101.65214,2.98488],[101.652,2.98494],[101.65189,2.98493],[101.65179,2.98484],[101.6517,2.98479],[101.65159,2.98473]]}},{"type":"Feature","properties":{"name":null,"waterway":"river"},"geometry":{"type":"LineString","coordinates":[[101.66002,2.98749],[101.65941,2.98746]]}},{"type":"Feature","properties":{"name":null,"waterway":"river"},"geometry":{"type":"LineString","coordinates":[[101.66063,2.98723],[101.66002,2.98749]]}},{"type":"Feature","properties":{"name":null,"waterway":"river"},"geometry":{"type":"LineString","coordinates":[[101.66103,2.9871],[101.66063,2.98723]]}},{"type":"Feature","properties":{"name":null,"waterway":"river"},"geometry":{"type":"LineString","coordinates":[[101.66198,2.98664],[101.66154,2.98686],[101.66103,2.9871]]}},{"type":"Feature","properties":{"name":null,"waterway":"river"},"geometry":{"type":"LineString","coordinates":[[101.66215,2.98655],[101.66198,2.98664]]}},{"type":"Feature","properties":{"name":null,"waterway":"river"},"geometry":{"type":"LineString","coordinates":[[101.66401,2.98586],[101.66347,2.98597],[101.66317,2.98606],[101.66255,2.98636],[101.66215,2.98655]]}},{"type":"Feature","properties":{"name":null,"waterway":"canal"},"geometry":{"type":"LineString","coordinates":[[101.61196,2.78989],[101.61193,2.7888]]}},{"type":"Feature","properties":{"name":"Sungai Penchala","waterway":"river"},"geometry":{"type":"LineString","coordinates":[[101.63447,3.0968],[101.63424,3.09636]]}},{"type":"Feature","properties":{"name":"Sungai Penchala","waterway":"river"},"geometry":{"type":"LineString","coordinates":[[101.63449,3.10066],[101.63439,3.10027],[101.63439,3.10012],[101.63441,3.0999],[101.63441,3.09987],[101.63438,3.09957],[101.63431,3.09934],[101.63424,3.09916],[101.63422,3.09896],[101.6346,3.09731],[101.63462,3.09719],[101.63459,3.09702],[101.63447,3.0968]]}},{"type":"Feature","properties":{"name":null,"waterway":"canal"},"geometry":{"type":"LineString","coordinates":[[101.70496,2.79532],[101.70498,2.79523]]}},{"type":"Feature","properties":{"name":null,"waterway":"canal"},"geometry":{"type":"LineString","coordinates":[[101.70459,2.79626],[101.70466,2.79616],[101.70496,2.79532]]}},{"type":"Feature","properties":{"name":null,"waterway":"canal"},"geometry":{"type":"LineString","coordinates":[[101.70138,2.78784],[101.7015,2.78776]]}},{"type":"Feature","properties":{"name":null,"waterway":"canal"},"geometry":{"type":"LineString","coordinates":[[101.70122,2.78783],[101.70134,2.78785],[101.70138,2.78784]]}},{"type":"Feature","properties":{"name":null,"waterway":"canal"},"geometry":{"type":"LineString","coordinates":[[101.70993,2.78843],[101.71021,2.78853],[101.71116,2.78884],[101.71134,2.7889]]}},{"type":"Feature","properties":{"name":null,"waterway":"canal"},"geometry":{"type":"LineString","coordinates":[[101.70982,2.78839],[101.70993,2.78843]]}},{"type":"Feature","properties":{"name":null,"waterway":"canal"},"geometry":{"type":"LineString","coordinates":[[101.7015,2.78776],[101.70174,2.78762],[101.70369,2.78643],[101.70374,2.78643],[101.70537,2.78696],[101.70545,2.78697],[101.70569,2.78705],[101.70652,2.78731],[101.70755,2.78766],[101.70885,2.78807],[101.70982,2.78839]]}},{"type":"Feature","properties":{"name":null,"waterway":"canal"},"geometry":{"type":"LineString","coordinates":[[101.70533,2.78712],[101.70537,2.78696]]}},{"type":"Feature","properties":{"name":null,"waterway":"canal"},"geometry":{"type":"LineString","coordinates":[[101.70531,2.78718],[101.70533,2.78712]]}},{"type":"Feature","properties":{"name":null,"waterway":"canal"},"geometry":{"type":"LineString","coordinates":[[101.70393,2.79117],[101.70401,2.79107],[101.70423,2.79056],[101.70484,2.7887],[101.70508,2.78792],[101.70516,2.78762],[101.70531,2.78718]]}},{"type":"Feature","properties":{"name":null,"waterway":"canal"},"geometry":{"type":"LineString","coordinates":[[101.70417,2.79128],[101.70603,2.79189],[101.7073,2.79228],[101.70845,2.79265]]}},{"type":"Feature","properties":{"name":null,"waterway":"canal"},"geometry":{"type":"LineString","coordinates":[[101.70404,2.79124],[101.70417,2.79128]]}},{"type":"Feature","properties":{"name":null,"waterway":"canal"},"geometry":{"type":"LineString","coordinates":[[101.69992,2.78992],[101.70002,2.78995]]}},{"type":"Feature","properties":{"name":null,"waterway":"canal"},"geometry":{"type":"LineString","coordinates":[[101.69963,2.78977],[101.69973,2.78985],[101.69992,2.78992]]}},{"type":"Feature","properties":{"name":null,"waterway":"canal"},"geometry":{"type":"LineString","coordinates":[[101.70855,2.79268],[101.71117,2.79353]]}},{"type":"Feature","properties":{"name":null,"waterway":"canal"},"geometry":{"type":"LineString","coordinates":[[101.70845,2.79265],[101.70855,2.79268]]}},{"type":"Feature","properties":{"name":null,"waterway":"canal"},"geometry":{"type":"LineString","coordinates":[[101.71117,2.79353],[101.71127,2.79356]]}},{"type":"Feature","properties":{"name":null,"waterway":"canal"},"geometry":{"type":"LineString","coordinates":[[101.70002,2.78995],[101.70113,2.79023],[101.70206,2.79053],[101.7026,2.79068],[101.70276,2.79072],[101.70393,2.79117],[101.70404,2.79124]]}},{"type":"Feature","properties":{"name":null,"waterway":"canal"},"geometry":{"type":"LineString","coordinates":[[101.71652,2.79529],[101.71658,2.79483],[101.71662,2.79441],[101.71661,2.79364]]}},{"type":"Feature","properties":{"name":null,"waterway":"canal"},"geometry":{"type":"LineString","coordinates":[[101.71127,2.79356],[101.71282,2.79406],[101.71497,2.79478],[101.71611,2.79516],[101.71652,2.79529],[101.71747,2.79559],[101.71778,2.79568],[101.71786,2.79567],[101.71813,2.79537]]}},{"type":"Feature","properties":{"name":null,"waterway":"canal"},"geometry":{"type":"LineString","coordinates":[[101.70602,2.79193],[101.70603,2.79189]]}},{"type":"Feature","properties":{"name":null,"waterway":"canal"},"geometry":{"type":"LineString","coordinates":[[101.70599,2.79201],[101.70602,2.79193]]}},{"type":"Feature","properties":{"name":null,"waterway":"canal"},"geometry":{"type":"LineString","coordinates":[[101.70498,2.79523],[101.70546,2.79375],[101.70569,2.79302],[101.70599,2.79201]]}},{"type":"Feature","properties":{"name":null,"waterway":"canal"},"geometry":{"type":"LineString","coordinates":[[101.70481,2.79633],[101.70651,2.79687]]}},{"type":"Feature","properties":{"name":null,"waterway":"canal"},"geometry":{"type":"LineString","coordinates":[[101.70468,2.79629],[101.70481,2.79633]]}},{"type":"Feature","properties":{"name":null,"waterway":"canal"},"geometry":{"type":"LineString","coordinates":[[101.70664,2.79692],[101.70894,2.79765],[101.71002,2.79801]]}},{"type":"Feature","properties":{"name":null,"waterway":"canal"},"geometry":{"type":"LineString","coordinates":[[101.70651,2.79687],[101.70664,2.79692]]}},{"type":"Feature","properties":{"name":null,"waterway":"canal"},"geometry":{"type":"LineString","coordinates":[[101.71012,2.79804],[101.71148,2.7985],[101.71154,2.7985],[101.71159,2.79852]]}},{"type":"Feature","properties":{"name":null,"waterway":"canal"},"geometry":{"type":"LineString","coordinates":[[101.71002,2.79801],[101.71012,2.79804]]}},{"type":"Feature","properties":{"name":null,"waterway":"canal"},"geometry":{"type":"LineString","coordinates":[[101.71168,2.79857],[101.71178,2.79858],[101.71312,2.79901]]}},{"type":"Feature","properties":{"name":null,"waterway":"canal"},"geometry":{"type":"LineString","coordinates":[[101.71159,2.79852],[101.71168,2.79857]]}},{"type":"Feature","properties":{"name":null,"waterway":"canal"},"geometry":{"type":"LineString","coordinates":[[101.69598,2.79347],[101.69615,2.79352],[101.69622,2.79355],[101.6963,2.79356],[101.69679,2.79371],[101.69863,2.79431],[101.70086,2.79501],[101.70289,2.79568],[101.70459,2.79626],[101.70468,2.79629]]}},{"type":"Feature","properties":{"name":"Sungai Palembang","waterway":"river"},"geometry":{"type":"LineString","coordinates":[[101.74007,2.82879],[101.74004,2.82889]]}},{"type":"Feature","properties":{"name":"Sungai Palembang","waterway":"river"},"geometry":{"type":"LineString","coordinates":[[101.74177,2.82523],[101.74145,2.82613],[101.74124,2.82667],[101.74114,2.82682],[101.74068,2.82729],[101.74023,2.82827],[101.74007,2.82879]]}},{"type":"Feature","properties":{"name":null,"waterway":"river"},"geometry":{"type":"LineString","coordinates":[[101.41106,3.00054],[101.41105,3.0004],[101.41097,3.00027],[101.41092,3.00007],[101.41079,2.99962],[101.41063,2.99902],[101.41053,2.99846],[101.41041,2.99797],[101.41025,2.99749],[101.4102,2.99706],[101.41006,2.99673],[101.41,2.99642],[101.41001,2.99617]]}},{"type":"Feature","properties":{"name":"Sungai Che Lela","waterway":"river"},"geometry":{"type":"LineString","coordinates":[[101.40249,2.99868],[101.40257,2.99853],[101.40263,2.99839],[101.40263,2.99821],[101.4026,2.99788],[101.40262,2.99756],[101.40267,2.99739],[101.40279,2.99712],[101.40285,2.99687],[101.40285,2.99659],[101.40296,2.99636],[101.40316,2.9962],[101.40354,2.99587],[101.4039,2.99552],[101.40409,2.99539],[101.40423,2.99516],[101.40436,2.99495],[101.4046,2.99473],[101.40468,2.99462],[101.40479,2.99433],[101.40501,2.99395]]}},{"type":"Feature","properties":{"name":"Sungai Che Jeriah","waterway":"river"},"geometry":{"type":"LineString","coordinates":[[101.40746,2.99873],[101.40749,2.99864],[101.40754,2.99858],[101.40768,2.99852],[101.40777,2.99845],[101.40793,2.9984],[101.40807,2.99828],[101.40823,2.99803],[101.4084,2.99776],[101.40854,2.99766],[101.40874,2.99757],[101.40906,2.99746],[101.40929,2.9973],[101.40943,2.99715],[101.40954,2.9969],[101.40957,2.99663],[101.40955,2.99625],[101.40953,2.99578]]}},{"type":"Feature","properties":{"name":"Sungai Pantai","waterway":"river"},"geometry":{"type":"LineString","coordinates":[[101.66338,3.11839],[101.66345,3.11833],[101.66362,3.11805],[101.66372,3.11789],[101.6639,3.11752]]}},{"type":"Feature","properties":{"name":null,"waterway":"river"},"geometry":{"type":"LineString","coordinates":[[101.5153,3.03106],[101.51548,3.03131],[101.51578,3.03173]]}},{"type":"Feature","properties":{"name":null,"waterway":"canal"},"geometry":{"type":"LineString","coordinates":[[101.73526,2.68217],[101.73533,2.68207]]}},{"type":"Feature","properties":{"name":null,"waterway":"canal"},"geometry":{"type":"LineString","coordinates":[[101.73453,2.68301],[101.73526,2.68217]]}},{"type":"Feature","properties":{"name":null,"waterway":"canal"},"geometry":{"type":"LineString","coordinates":[[101.73533,2.68207],[101.73566,2.68166],[101.73582,2.68168],[101.73685,2.68166],[101.73821,2.68164],[101.73894,2.68162],[101.73966,2.68144],[101.73974,2.68134],[101.7399,2.68062],[101.74008,2.67995],[101.74039,2.67889],[101.7407,2.6778],[101.74093,2.67705]]}},{"type":"Feature","properties":{"name":"Sungai Jelutong","waterway":"canal"},"geometry":{"type":"LineString","coordinates":[[101.73677,2.6748],[101.73756,2.67447],[101.73767,2.67448],[101.73851,2.67472],[101.73915,2.67482],[101.73933,2.67476]]}},{"type":"Feature","properties":{"name":null,"waterway":"canal"},"geometry":{"type":"LineString","coordinates":[[101.73681,2.67428],[101.73864,2.67355],[101.7387,2.6735],[101.73875,2.67341],[101.73878,2.67324],[101.73884,2.67315]]}},{"type":"Feature","properties":{"name":null,"waterway":"canal"},"geometry":{"type":"LineString","coordinates":[[101.7459,2.68303],[101.74603,2.68258]]}},{"type":"Feature","properties":{"name":null,"waterway":"canal"},"geometry":{"type":"LineString","coordinates":[[101.74587,2.68314],[101.7459,2.68303]]}},{"type":"Feature","properties":{"name":null,"waterway":"canal"},"geometry":{"type":"LineString","coordinates":[[101.74508,2.68601],[101.7452,2.68556],[101.74546,2.68459],[101.74587,2.68314]]}},{"type":"Feature","properties":{"name":"Sungai Keroh","waterway":"canal"},"geometry":{"type":"LineString","coordinates":[[101.74413,2.68715],[101.74418,2.68702],[101.74424,2.68689],[101.74446,2.68671],[101.74484,2.68638],[101.74502,2.68619],[101.74508,2.68601],[101.74518,2.68602],[101.74522,2.68598],[101.74546,2.68577],[101.74575,2.68555],[101.74643,2.68487],[101.74695,2.68435],[101.74743,2.68368],[101.7475,2.68355],[101.74772,2.68326],[101.74786,2.68287]]}},{"type":"Feature","properties":{"name":null,"waterway":"canal"},"geometry":{"type":"LineString","coordinates":[[101.74795,2.68274],[101.74799,2.68263]]}},{"type":"Feature","properties":{"name":null,"waterway":"canal"},"geometry":{"type":"LineString","coordinates":[[101.74786,2.68287],[101.74768,2.68281],[101.74752,2.6827],[101.74722,2.68249],[101.74648,2.68235],[101.74582,2.68191]]}},{"type":"Feature","properties":{"name":null,"waterway":"canal"},"geometry":{"type":"LineString","coordinates":[[101.74582,2.68191],[101.74574,2.68186]]}},{"type":"Feature","properties":{"name":"Sungai Gasi","waterway":"river"},"geometry":{"type":"LineString","coordinates":[[101.61869,3.1969],[101.6187,3.19721],[101.61869,3.19738],[101.61865,3.1975],[101.61854,3.19766],[101.61842,3.1978],[101.61829,3.1979],[101.61823,3.19811],[101.61579,3.19969],[101.6154,3.19985],[101.61514,3.19994],[101.6145,3.20004],[101.61386,3.20006],[101.61328,3.19995],[101.61284,3.19982],[101.61221,3.19945],[101.61187,3.19922],[101.61103,3.19871],[101.61058,3.19849],[101.61023,3.19838],[101.61011,3.19834],[101.60962,3.19823],[101.60915,3.19817],[101.6072,3.198],[101.60617,3.19799],[101.60418,3.1984],[101.60196,3.19885],[101.6016,3.19885],[101.60145,3.19888],[101.60124,3.19893],[101.60111,3.19901],[101.60103,3.1991],[101.60068,3.19942],[101.6003,3.19964],[101.5998,3.19987],[101.5994,3.19997],[101.59892,3.2],[101.5984,3.19996],[101.59703,3.19964],[101.59635,3.19944],[101.5961,3.19938],[101.59596,3.19934],[101.59577,3.19931],[101.59555,3.19931],[101.5952,3.19936],[101.59498,3.1994],[101.59435,3.19955],[101.5942,3.19959],[101.59409,3.19964],[101.59362,3.19994],[101.59323,3.2001],[101.59221,3.20035],[101.5918,3.20044],[101.59137,3.20047],[101.59095,3.20053],[101.59075,3.20052],[101.59053,3.20053],[101.59039,3.20064],[101.59014,3.20091],[101.59,3.20098],[101.58987,3.20101],[101.58975,3.20104],[101.58962,3.20104],[101.58948,3.20103],[101.58895,3.20114],[101.58863,3.20124],[101.58844,3.20127],[101.5883,3.20127],[101.58803,3.20124],[101.58778,3.20125],[101.58757,3.20127],[101.58744,3.20135],[101.58723,3.20158],[101.58688,3.20192],[101.58664,3.20214],[101.58597,3.20244],[101.58487,3.20307],[101.5843,3.2034],[101.58404,3.20355],[101.58393,3.20364],[101.5838,3.20375],[101.58363,3.20404],[101.58347,3.20426],[101.58325,3.20436],[101.58307,3.20435],[101.58292,3.20431],[101.58255,3.2044],[101.58232,3.20455],[101.58179,3.20485],[101.58145,3.205],[101.58123,3.20505],[101.58001,3.20509]]}},{"type":"Feature","properties":{"name":"Sungai Renggam","waterway":"river"},"geometry":{"type":"LineString","coordinates":[[101.5195,3.06202],[101.51972,3.06126],[101.51965,3.06076],[101.51829,3.05777],[101.51764,3.0561],[101.51736,3.05576],[101.51573,3.05456],[101.51564,3.05449],[101.51556,3.05441],[101.51553,3.05435],[101.51551,3.05428],[101.51551,3.0542],[101.5155,3.0541],[101.51551,3.054],[101.51553,3.05387],[101.51559,3.05357]]}},{"type":"Feature","properties":{"name":"Sungai Ampang","waterway":"river"},"geometry":{"type":"LineString","coordinates":[[101.75239,3.16187],[101.75237,3.16191],[101.7522,3.16236],[101.75216,3.16254],[101.75211,3.16269],[101.75181,3.16304]]}},{"type":"Feature","properties":{"name":"Sungai Rumput","waterway":"river"},"geometry":{"type":"LineString","coordinates":[[101.59243,3.14732],[101.59206,3.14731],[101.59153,3.14741],[101.5911,3.14736],[101.59088,3.14741],[101.59072,3.14767],[101.59036,3.14791],[101.5902,3.14826],[101.59006,3.14844],[101.58956,3.14844],[101.5892,3.14834],[101.58901,3.1483],[101.58871,3.14837],[101.5886,3.14845],[101.58826,3.14876],[101.58801,3.14892],[101.58775,3.14894],[101.58732,3.14896],[101.58704,3.14911],[101.58666,3.14941],[101.58632,3.14952],[101.58614,3.14951],[101.5859,3.14957],[101.58526,3.14962],[101.58495,3.14965],[101.58423,3.14967],[101.58369,3.14967],[101.5833,3.14973],[101.58286,3.1497],[101.58248,3.14968],[101.58184,3.14972],[101.58161,3.14974],[101.58139,3.1497],[101.58114,3.14959],[101.58106,3.14951],[101.58097,3.14941],[101.58082,3.14926],[101.58055,3.1491],[101.58018,3.1491],[101.58001,3.14904],[101.57993,3.14896],[101.57961,3.14826],[101.5792,3.14776],[101.57827,3.14735],[101.57697,3.147],[101.57666,3.1469],[101.57644,3.14676],[101.57628,3.14664],[101.57596,3.1464],[101.57582,3.14635],[101.57567,3.1463],[101.57558,3.14621],[101.5754,3.14596],[101.57523,3.14569],[101.57513,3.14557],[101.57501,3.14546],[101.5745,3.145],[101.57449,3.1449],[101.57442,3.14481],[101.57425,3.14482],[101.57401,3.14481],[101.57396,3.14477],[101.57396,3.1447],[101.57385,3.14442],[101.57373,3.14429],[101.57352,3.14411],[101.57244,3.14257],[101.57224,3.14243],[101.57199,3.14199],[101.57189,3.14176],[101.5718,3.14136],[101.57167,3.14103],[101.57151,3.14073],[101.57133,3.14035],[101.57128,3.14012],[101.5713,3.13973],[101.57128,3.13956],[101.57113,3.13912],[101.57095,3.13872],[101.57087,3.13853],[101.57079,3.1379],[101.5707,3.13769],[101.57047,3.13749],[101.57027,3.1372],[101.57002,3.1371],[101.56985,3.13698],[101.56976,3.13675],[101.56957,3.13648],[101.56878,3.13591],[101.5687,3.13501],[101.56872,3.13465],[101.56839,3.13355],[101.56844,3.133],[101.56829,3.13158],[101.5683,3.13112],[101.56833,3.13083],[101.56835,3.13068]]}},{"type":"Feature","properties":{"name":null,"waterway":"canal"},"geometry":{"type":"LineString","coordinates":[[101.70885,2.98027],[101.70855,2.98041]]}},{"type":"Feature","properties":{"name":null,"waterway":"river"},"geometry":{"type":"LineString","coordinates":[[101.75343,3.19932],[101.75267,3.2002],[101.75266,3.20045]]}},{"type":"Feature","properties":{"name":"Sungai Gasi","waterway":"river"},"geometry":{"type":"LineString","coordinates":[[101.61909,3.18336],[101.61914,3.18381],[101.61924,3.18462],[101.61933,3.18533],[101.61942,3.1861],[101.61947,3.18659],[101.61957,3.18756],[101.61963,3.188],[101.61963,3.18843],[101.6195,3.18936]]}},{"type":"Feature","properties":{"name":"Sungai Gasi","waterway":"river"},"geometry":{"type":"LineString","coordinates":[[101.6195,3.18936],[101.61939,3.19019],[101.6192,3.19143]]}},{"type":"Feature","properties":{"name":"Sungai Gasi","waterway":"river"},"geometry":{"type":"LineString","coordinates":[[101.61946,3.18337],[101.61909,3.18336]]}},{"type":"Feature","properties":{"name":"Sungai Gasi","waterway":"river"},"geometry":{"type":"LineString","coordinates":[[101.61957,3.18341],[101.61946,3.18337]]}},{"type":"Feature","properties":{"name":"Sungai Bohol","waterway":"river"},"geometry":{"type":"LineString","coordinates":[[101.66556,3.03062],[101.66543,3.0305],[101.66534,3.03046],[101.66526,3.03042],[101.66518,3.03035],[101.66513,3.03031],[101.66494,3.03018],[101.66476,3.03009],[101.66465,3.03004],[101.66455,3.02996],[101.66451,3.02991],[101.66447,3.02986],[101.66441,3.02984],[101.66429,3.02985],[101.6642,3.02987],[101.66398,3.02996],[101.66379,3.03005],[101.66366,3.03012],[101.66358,3.03028],[101.66347,3.03057],[101.66341,3.03082],[101.66336,3.03092],[101.66328,3.03103],[101.66314,3.03114],[101.66296,3.03128],[101.66276,3.03135],[101.66256,3.03143],[101.66236,3.03154],[101.66225,3.03166],[101.66215,3.03174],[101.66205,3.03178],[101.66186,3.03179],[101.66179,3.03182],[101.66168,3.03183],[101.66152,3.03185],[101.66138,3.03193],[101.66101,3.03223],[101.6609,3.03235],[101.6608,3.03253],[101.66063,3.03281],[101.66059,3.03289],[101.6606,3.03301],[101.66061,3.03315],[101.66057,3.03331],[101.66047,3.03354],[101.66044,3.03367],[101.66044,3.03388],[101.66042,3.03403],[101.66037,3.03413],[101.66029,3.03426],[101.66003,3.03454],[101.65998,3.0346],[101.65998,3.03467],[101.65998,3.03467],[101.66,3.03471],[101.66003,3.03476]]}},{"type":"Feature","properties":{"name":null,"waterway":"canal"},"geometry":{"type":"LineString","coordinates":[[101.69453,3.1877],[101.69456,3.1876],[101.69459,3.1875],[101.6947,3.18738],[101.69497,3.18705],[101.69499,3.18699],[101.69501,3.18694],[101.69511,3.18639]]}},{"type":"Feature","properties":{"name":null,"waterway":"canal"},"geometry":{"type":"LineString","coordinates":[[101.69427,3.19141],[101.69432,3.19091]]}},{"type":"Feature","properties":{"name":null,"waterway":"canal"},"geometry":{"type":"LineString","coordinates":[[101.69427,3.19314],[101.69426,3.19233],[101.69427,3.19141]]}},{"type":"Feature","properties":{"name":null,"waterway":"canal"},"geometry":{"type":"LineString","coordinates":[[101.69427,3.19338],[101.69427,3.19314]]}},{"type":"Feature","properties":{"name":null,"waterway":"canal"},"geometry":{"type":"LineString","coordinates":[[101.69432,3.19091],[101.69427,3.19043],[101.69425,3.19031]]}},{"type":"Feature","properties":{"name":null,"waterway":"canal"},"geometry":{"type":"LineString","coordinates":[[101.69425,3.19031],[101.69425,3.18932],[101.69433,3.18907]]}},{"type":"Feature","properties":{"name":null,"waterway":"canal"},"geometry":{"type":"LineString","coordinates":[[101.69444,3.18874],[101.69447,3.18859],[101.69449,3.18797],[101.69453,3.1877]]}},{"type":"Feature","properties":{"name":null,"waterway":"river"},"geometry":{"type":"LineString","coordinates":[[101.44199,3.05908],[101.44179,3.05882],[101.44172,3.05881],[101.44163,3.05882],[101.44158,3.0588],[101.44161,3.0587],[101.44162,3.05861],[101.44158,3.05848],[101.44158,3.05837],[101.44165,3.05825],[101.44168,3.05819],[101.44157,3.05802],[101.44134,3.05773],[101.44094,3.05742],[101.44064,3.05722],[101.44035,3.05711],[101.43981,3.05681],[101.43912,3.05649]]}},{"type":"Feature","properties":{"name":"Sungai Air Hitam","waterway":"canal"},"geometry":{"type":"LineString","coordinates":[[101.72846,2.65774],[101.72961,2.65776],[101.73097,2.65696],[101.73471,2.65272],[101.73568,2.65063]]}},{"type":"Feature","properties":{"name":null,"waterway":"canal"},"geometry":{"type":"LineString","coordinates":[[101.74786,2.68287],[101.74795,2.68274]]}},{"type":"Feature","properties":{"name":null,"waterway":"river"},"geometry":{"type":"LineString","coordinates":[[101.86431,2.74328],[101.86389,2.74335],[101.86358,2.74339],[101.86335,2.74341],[101.86311,2.74342],[101.86293,2.74342],[101.86281,2.7434],[101.86271,2.74331],[101.86264,2.74315],[101.86255,2.74296],[101.86244,2.74289],[101.86231,2.74287],[101.86216,2.7428],[101.86198,2.74279],[101.8618,2.74282],[101.86159,2.74293],[101.86151,2.74299],[101.86138,2.743],[101.86114,2.74294],[101.86096,2.74282],[101.86078,2.74285],[101.86053,2.74301],[101.86039,2.74305],[101.86024,2.743],[101.86001,2.74276],[101.85991,2.74275],[101.85985,2.74281],[101.85977,2.74313],[101.85959,2.74328],[101.85946,2.74329],[101.85931,2.74333],[101.85923,2.74353],[101.85927,2.74371],[101.85924,2.74388],[101.85912,2.74397],[101.85887,2.74389],[101.85867,2.74393],[101.85853,2.74399],[101.85833,2.74404],[101.85816,2.74397],[101.85795,2.74399],[101.85753,2.74393],[101.85721,2.74389],[101.85704,2.74392],[101.85686,2.74402],[101.85651,2.74401],[101.85628,2.74407],[101.85585,2.74408],[101.85556,2.74413],[101.85542,2.74424],[101.85524,2.74429],[101.855,2.74439],[101.85472,2.7444],[101.85446,2.74444],[101.85418,2.74442],[101.85403,2.74446],[101.85384,2.74435],[101.85376,2.74421],[101.85357,2.74411],[101.85342,2.74396],[101.8533,2.74399],[101.85302,2.74415],[101.85289,2.74415],[101.8526,2.74394],[101.85244,2.74394],[101.85231,2.74405],[101.85208,2.74411],[101.85171,2.74418],[101.85155,2.74435],[101.85153,2.74452],[101.85133,2.74466],[101.85098,2.7448],[101.85073,2.74484]]}},{"type":"Feature","properties":{"name":"Sungai Toba","waterway":"river"},"geometry":{"type":"LineString","coordinates":[[101.65221,3.1793],[101.6523,3.17951]]}},{"type":"Feature","properties":{"name":"Sungai Toba","waterway":"river"},"geometry":{"type":"LineString","coordinates":[[101.65206,3.17878],[101.65208,3.17887],[101.65221,3.1793]]}},{"type":"Feature","properties":{"name":null,"waterway":"canal"},"geometry":{"type":"LineString","coordinates":[[101.6976,2.71573],[101.69764,2.71564],[101.69772,2.71557],[101.69797,2.71546],[101.69874,2.71527],[101.69926,2.71521],[101.70012,2.71507],[101.70057,2.715],[101.70081,2.71494],[101.70095,2.71487],[101.70108,2.71475],[101.70123,2.71454],[101.70136,2.71423],[101.7015,2.71391]]}},{"type":"Feature","properties":{"name":null,"waterway":"canal"},"geometry":{"type":"LineString","coordinates":[[101.7015,2.71391],[101.70154,2.71381]]}},{"type":"Feature","properties":{"name":null,"waterway":"canal"},"geometry":{"type":"LineString","coordinates":[[101.70154,2.71381],[101.7016,2.71368],[101.70223,2.71303],[101.70248,2.71274],[101.70266,2.71236],[101.70281,2.71192],[101.70289,2.71136],[101.7029,2.71131],[101.70289,2.71126],[101.70287,2.71121],[101.70284,2.71115],[101.70263,2.71091],[101.70161,2.70989],[101.7013,2.7096],[101.70119,2.70942],[101.70113,2.70922],[101.70112,2.70897],[101.70113,2.70871],[101.70114,2.70804],[101.70117,2.70716],[101.70117,2.70702],[101.70115,2.70656],[101.70108,2.70635],[101.70091,2.70611],[101.7005,2.70582],[101.70041,2.70576],[101.69974,2.70534],[101.69923,2.70498],[101.69834,2.70436],[101.69821,2.70426]]}},{"type":"Feature","properties":{"name":null,"waterway":"canal"},"geometry":{"type":"LineString","coordinates":[[101.69821,2.70426],[101.69798,2.70408]]}},{"type":"Feature","properties":{"name":null,"waterway":"canal"},"geometry":{"type":"LineString","coordinates":[[101.68268,2.70379],[101.68268,2.70279],[101.68266,2.70233]]}},{"type":"Feature","properties":{"name":null,"waterway":"canal"},"geometry":{"type":"LineString","coordinates":[[101.69798,2.70408],[101.69785,2.70398],[101.69761,2.70386],[101.69724,2.70364],[101.69712,2.70362],[101.69701,2.70363],[101.69687,2.70369],[101.69681,2.70377],[101.69667,2.70416],[101.69651,2.70454],[101.69621,2.70507],[101.69606,2.70529]]}},{"type":"Feature","properties":{"name":null,"waterway":"canal"},"geometry":{"type":"LineString","coordinates":[[101.69606,2.70529],[101.69495,2.70497],[101.69302,2.70446],[101.69104,2.70393],[101.68974,2.70356],[101.68854,2.70325],[101.68789,2.70305],[101.68772,2.70301],[101.68758,2.70298],[101.68737,2.70299],[101.68686,2.703],[101.68661,2.70298],[101.68631,2.70292],[101.68555,2.70276],[101.68492,2.70267],[101.68388,2.70247],[101.68314,2.70234],[101.68297,2.70232],[101.68284,2.70233],[101.68278,2.70233],[101.68266,2.70233],[101.68233,2.70233],[101.68217,2.70232]]}},{"type":"Feature","properties":{"name":null,"waterway":"canal"},"geometry":{"type":"LineString","coordinates":[[101.67746,2.73306],[101.67774,2.7326],[101.67892,2.73083],[101.67995,2.72933],[101.681,2.72775],[101.68219,2.726],[101.68328,2.72437],[101.68421,2.72297],[101.68511,2.72165],[101.68602,2.72028],[101.68693,2.71893],[101.68782,2.71759],[101.68853,2.71654],[101.68927,2.71543],[101.69019,2.71406],[101.69133,2.71236],[101.69243,2.71074],[101.69326,2.70948],[101.69418,2.70811],[101.69502,2.70685],[101.69572,2.7058],[101.69606,2.70529]]}},{"type":"Feature","properties":{"name":null,"waterway":"canal"},"geometry":{"type":"LineString","coordinates":[[101.67741,2.73314],[101.67746,2.73306]]}},{"type":"Feature","properties":{"name":null,"waterway":"canal"},"geometry":{"type":"LineString","coordinates":[[101.67292,2.74113],[101.67278,2.74103],[101.67261,2.74086],[101.67255,2.74077],[101.6725,2.74066],[101.67251,2.74053],[101.67252,2.74041],[101.67258,2.7403],[101.67304,2.73963],[101.67375,2.73855],[101.67462,2.73726],[101.67547,2.736],[101.6762,2.73489],[101.67665,2.73424],[101.67741,2.73314]]}},{"type":"Feature","properties":{"name":"Sungai Bohol","waterway":"river"},"geometry":{"type":"LineString","coordinates":[[101.66904,3.02808],[101.66885,3.02812]]}},{"type":"Feature","properties":{"name":"Sungai Bohol","waterway":"river"},"geometry":{"type":"LineString","coordinates":[[101.66885,3.02812],[101.66807,3.02849],[101.66681,3.0292],[101.66666,3.02998],[101.66639,3.03041],[101.66628,3.03045],[101.66616,3.03057],[101.6661,3.03072],[101.666,3.03077],[101.66593,3.03077]]}},{"type":"Feature","properties":{"name":"Sungai Bohol","waterway":"river"},"geometry":{"type":"LineString","coordinates":[[101.66593,3.03077],[101.66556,3.03062]]}},{"type":"Feature","properties":{"name":null,"waterway":"canal"},"geometry":{"type":"LineString","coordinates":[[101.63935,3.10295],[101.63748,3.10179],[101.63728,3.10166],[101.63706,3.10157],[101.63548,3.10143],[101.63533,3.10139],[101.63519,3.1013],[101.63475,3.10087],[101.63449,3.10066]]}},{"type":"Feature","properties":{"name":null,"waterway":"canal"},"geometry":{"type":"LineString","coordinates":[[101.64088,3.10376],[101.63935,3.10295]]}},{"type":"Feature","properties":{"name":"Sungai Air Hitam","waterway":"canal"},"geometry":{"type":"LineString","coordinates":[[101.72599,2.65746],[101.72739,2.65749],[101.72772,2.65751],[101.72781,2.65752],[101.72824,2.65767]]}},{"type":"Feature","properties":{"name":"Sungai Air Hitam","waterway":"canal"},"geometry":{"type":"LineString","coordinates":[[101.72824,2.65767],[101.72846,2.65774]]}},{"type":"Feature","properties":{"name":"Sungai Gabai","waterway":"river"},"geometry":{"type":"LineString","coordinates":[[101.91041,3.16678],[101.9097,3.16661],[101.90915,3.1665],[101.90886,3.16639],[101.9087,3.16631],[101.90855,3.16618],[101.90851,3.16603],[101.90836,3.1659],[101.90806,3.16577],[101.90776,3.16575],[101.90754,3.16577],[101.90734,3.16575],[101.90715,3.16582],[101.90694,3.16582],[101.90657,3.16586],[101.90629,3.16579],[101.90606,3.1657],[101.90585,3.16572],[101.90557,3.16547],[101.90533,3.16535],[101.90502,3.16528],[101.9048,3.16528],[101.9046,3.16519],[101.90432,3.16496],[101.90402,3.16483],[101.90381,3.16482],[101.90367,3.16493],[101.90352,3.16496],[101.90339,3.16489],[101.90329,3.16481],[101.90322,3.16462],[101.90321,3.16439],[101.90326,3.16429],[101.90326,3.16416],[101.90303,3.16389],[101.903,3.16368],[101.90285,3.16336],[101.9028,3.163],[101.90257,3.16276],[101.90244,3.16263],[101.90227,3.16255],[101.90215,3.16258],[101.90214,3.16272],[101.90196,3.16293],[101.90179,3.16303],[101.90158,3.16307],[101.90135,3.16293],[101.90127,3.16287],[101.90117,3.16272],[101.90109,3.16238],[101.90105,3.16215],[101.90096,3.16204],[101.90087,3.16201],[101.90073,3.16204],[101.90068,3.16214],[101.90049,3.16227],[101.90009,3.16229],[101.89969,3.16217],[101.8994,3.16226],[101.89918,3.16239],[101.89908,3.16242],[101.89895,3.16243],[101.89879,3.16241],[101.89855,3.1624],[101.89839,3.16238],[101.89821,3.16241],[101.89804,3.16244],[101.8976,3.16245],[101.89743,3.16238],[101.89735,3.16226],[101.89734,3.16215],[101.8974,3.1621],[101.89741,3.162],[101.89741,3.16191],[101.89735,3.16178],[101.89721,3.16174],[101.89701,3.16165],[101.8969,3.16148],[101.8968,3.16104],[101.8967,3.16076],[101.89654,3.16044],[101.89626,3.16027],[101.89609,3.16017],[101.89582,3.16003],[101.89557,3.15986],[101.89511,3.15969],[101.89482,3.15959],[101.89448,3.15952],[101.89422,3.15927],[101.89417,3.15914],[101.89421,3.15902],[101.89424,3.1589],[101.8942,3.15862],[101.89416,3.15832],[101.89414,3.15822],[101.89411,3.15813],[101.89406,3.15802],[101.89399,3.158],[101.89386,3.15802],[101.89372,3.15802],[101.89338,3.15809],[101.89309,3.15812],[101.89289,3.15804],[101.89269,3.15793],[101.89247,3.15774],[101.89234,3.15753],[101.89228,3.15748],[101.8922,3.15751],[101.8921,3.15761],[101.8919,3.15781],[101.89169,3.15797],[101.8914,3.15801],[101.89118,3.15798],[101.89084,3.1578],[101.89064,3.15775],[101.89055,3.15779],[101.89049,3.15801],[101.8904,3.15816],[101.89025,3.15826],[101.88983,3.1583],[101.88966,3.15838]]}},{"type":"Feature","properties":{"name":"Sungai Tuntung","waterway":"river"},"geometry":{"type":"LineString","coordinates":[[101.89957,3.14401],[101.89962,3.14405],[101.89972,3.14423],[101.89964,3.14434],[101.89943,3.14445],[101.89943,3.1445],[101.8995,3.14463],[101.8996,3.14473],[101.89967,3.14473],[101.89979,3.14464],[101.89988,3.14462],[101.89994,3.14471],[101.89985,3.14498],[101.89993,3.14528],[101.89991,3.14571],[101.89986,3.14585],[101.89926,3.14604],[101.89903,3.14622],[101.89879,3.14658],[101.89863,3.14666],[101.89835,3.14672],[101.89809,3.14683],[101.89801,3.14695],[101.89802,3.14707],[101.89795,3.1472],[101.89785,3.14727],[101.89765,3.14762],[101.89765,3.14768],[101.8977,3.14777],[101.89767,3.14783],[101.89767,3.14794],[101.89755,3.14801],[101.89747,3.14811],[101.89747,3.14825],[101.89744,3.14834],[101.89736,3.14837],[101.89731,3.1485],[101.89711,3.14896],[101.89683,3.14943],[101.89674,3.14976],[101.89646,3.1501],[101.8962,3.15041],[101.89605,3.15053],[101.89595,3.15055],[101.89587,3.15059]]}},{"type":"Feature","properties":{"name":"Sungai Pajam","waterway":"river"},"geometry":{"type":"LineString","coordinates":[[101.87918,2.80804],[101.87926,2.80804],[101.87936,2.80806],[101.87944,2.80811],[101.87955,2.80823],[101.87959,2.80828],[101.87956,2.80839],[101.87955,2.80847],[101.87962,2.80854],[101.87979,2.80859],[101.8799,2.80864],[101.88,2.80865],[101.88011,2.80859],[101.88014,2.80845],[101.8802,2.80836],[101.88027,2.80835],[101.88036,2.80839],[101.88048,2.80851],[101.88061,2.80855],[101.8808,2.80864],[101.88093,2.80878],[101.88105,2.80888],[101.88104,2.80894],[101.881,2.80898],[101.88095,2.80905],[101.881,2.80918],[101.88111,2.80928],[101.88129,2.80934],[101.88139,2.80934],[101.88146,2.80928],[101.88151,2.80919],[101.88156,2.80907],[101.88157,2.80893],[101.8816,2.80883],[101.88163,2.80876],[101.88171,2.80871],[101.88185,2.80875],[101.88206,2.80883],[101.88222,2.80888],[101.88234,2.80898],[101.88245,2.80911],[101.88256,2.80937],[101.8826,2.80943],[101.88267,2.80943],[101.88279,2.80943],[101.88286,2.80951],[101.88296,2.80962],[101.8831,2.8097],[101.88323,2.80984],[101.88318,2.81012],[101.88318,2.81022],[101.8832,2.81031],[101.88328,2.81041],[101.88339,2.81048],[101.88364,2.81059],[101.88436,2.81115],[101.88458,2.81124],[101.88476,2.81126],[101.88486,2.81134],[101.88484,2.81139]]}},{"type":"Feature","properties":{"name":"Sungai Perigi Nanas","waterway":"river"},"geometry":{"type":"LineString","coordinates":[[101.31398,2.94942],[101.3141,2.95003],[101.31422,2.95034],[101.31506,2.95165],[101.31537,2.95217],[101.31554,2.95361],[101.31561,2.95389],[101.3157,2.95415],[101.31582,2.95436],[101.31599,2.95458],[101.31615,2.95473],[101.31672,2.95515],[101.31738,2.95568],[101.31766,2.95667],[101.31809,2.95786],[101.31824,2.9583],[101.31839,2.95873],[101.3185,2.95917],[101.31852,2.95939],[101.31852,2.95961],[101.3185,2.9599],[101.31846,2.96021],[101.3184,2.96051],[101.31829,2.96083],[101.31802,2.96136],[101.31776,2.96185]]}},{"type":"Feature","properties":{"name":"Sungai Perigi Nanas","waterway":"river"},"geometry":{"type":"LineString","coordinates":[[101.3175,2.96246],[101.31723,2.96325],[101.317,2.96376],[101.31687,2.96403],[101.31673,2.96429],[101.31657,2.96453],[101.3164,2.96476],[101.31616,2.96496],[101.31586,2.9651],[101.3155,2.96523],[101.3151,2.96555],[101.31486,2.96595]]}},{"type":"Feature","properties":{"name":"Sungai Chondong Besar","waterway":"river"},"geometry":{"type":"LineString","coordinates":[[101.32016,3.0001],[101.32012,2.9987],[101.32022,2.99747],[101.32025,2.99697],[101.32012,2.99658],[101.31989,2.99611],[101.31989,2.99578],[101.32005,2.99551],[101.32026,2.99539],[101.3205,2.99543],[101.32112,2.99585],[101.32138,2.99602],[101.32171,2.99613],[101.32234,2.99615],[101.32315,2.99615],[101.32349,2.99607],[101.32362,2.99587],[101.32363,2.99563],[101.32351,2.99536],[101.32283,2.99493],[101.32238,2.99463],[101.32223,2.99435],[101.32217,2.99405],[101.32224,2.99373],[101.32248,2.99296],[101.32257,2.99212],[101.32255,2.99132]]}},{"type":"Feature","properties":{"name":"Sungai Chondong Kechil","waterway":"river"},"geometry":{"type":"LineString","coordinates":[[101.31603,3.00254],[101.31618,3.00166],[101.31636,3.00098],[101.31637,3.00071],[101.31629,3.00049],[101.31598,3.00028],[101.3157,3.00011],[101.31544,2.99974],[101.31525,2.99931],[101.31521,2.99902],[101.31523,2.99881],[101.31538,2.9986],[101.31563,2.99833],[101.3157,2.99808],[101.31567,2.99777],[101.31571,2.99741],[101.31615,2.99666],[101.31625,2.99631],[101.3163,2.99534],[101.31647,2.99466],[101.31671,2.99421],[101.31709,2.99398],[101.31783,2.99402],[101.31831,2.99398],[101.31847,2.99375],[101.31847,2.99348],[101.31819,2.99314],[101.31758,2.99268],[101.31732,2.99232],[101.31724,2.99189],[101.31724,2.99148],[101.31744,2.99086],[101.31777,2.99036],[101.31857,2.98932]]}},{"type":"Feature","properties":{"name":"Sungai Gajah","waterway":"river"},"geometry":{"type":"LineString","coordinates":[[101.30939,2.99931],[101.30954,2.99847],[101.30973,2.99728],[101.30997,2.99668],[101.31069,2.99602],[101.31103,2.99557],[101.31125,2.99502],[101.31126,2.99448],[101.31114,2.99363],[101.31119,2.99285],[101.31145,2.99217],[101.31197,2.9914],[101.31218,2.99084],[101.31226,2.98996],[101.31203,2.9889],[101.31161,2.98771],[101.31128,2.98684],[101.31109,2.98632],[101.31129,2.98568],[101.31247,2.98432]]}},{"type":"Feature","properties":{"name":"Sungai Bakau Chondong","waterway":"river"},"geometry":{"type":"LineString","coordinates":[[101.29914,2.99868],[101.29878,2.99832],[101.29867,2.99808],[101.29864,2.99783],[101.29883,2.99742],[101.29908,2.99695],[101.29954,2.99652],[101.29991,2.99613],[101.30017,2.9957],[101.30043,2.99504],[101.30049,2.99457],[101.30036,2.99407],[101.29996,2.99343],[101.29958,2.99294],[101.29878,2.99252],[101.29764,2.99196],[101.29707,2.99156],[101.29666,2.99106],[101.2964,2.99039],[101.29634,2.98979],[101.29635,2.98853],[101.29622,2.98795],[101.29606,2.98767],[101.29539,2.98697],[101.29442,2.98556],[101.29392,2.98421],[101.29397,2.98294],[101.29442,2.98168],[101.29487,2.98083],[101.2952,2.98022],[101.29528,2.97986],[101.29523,2.97954],[101.29513,2.97923],[101.29489,2.97896],[101.29369,2.97829],[101.29253,2.97769],[101.29225,2.97722],[101.29229,2.97701],[101.29238,2.97651]]}},{"type":"Feature","properties":{"name":"Sungai Terusan Tiram","waterway":"river"},"geometry":{"type":"LineString","coordinates":[[101.30915,3.02148],[101.30993,3.0207],[101.31091,3.02007],[101.31123,3.01991],[101.3117,3.01979],[101.31388,3.01971],[101.31446,3.01952],[101.315,3.01892],[101.31515,3.01819],[101.31469,3.01699],[101.31416,3.01605],[101.31399,3.01528],[101.31405,3.01459],[101.31431,3.01399],[101.31493,3.01354],[101.31643,3.01226]]}},{"type":"Feature","properties":{"name":"Sungai Tiram Besar","waterway":"river"},"geometry":{"type":"LineString","coordinates":[[101.31663,3.02762],[101.31816,3.02768],[101.31848,3.02742],[101.31869,3.02698],[101.31871,3.02666],[101.31849,3.02623],[101.3181,3.02574],[101.31806,3.0252],[101.31826,3.02464],[101.31873,3.02441],[101.31965,3.02434],[101.32066,3.02434],[101.3222,3.02389],[101.32476,3.02269],[101.32658,3.02149],[101.32735,3.02053],[101.32761,3.01971],[101.32751,3.01905],[101.32663,3.01776],[101.32594,3.01648],[101.32571,3.01597],[101.32555,3.01545],[101.32552,3.01511],[101.3256,3.01479],[101.32573,3.01453],[101.32596,3.01429],[101.32621,3.01409],[101.32658,3.01395],[101.32694,3.01394],[101.32738,3.01401],[101.32905,3.01487],[101.33238,3.01654],[101.33435,3.01733],[101.33562,3.01753],[101.33653,3.01744]]}},{"type":"Feature","properties":{"name":"Sungai Nyiris Besar","waterway":"river"},"geometry":{"type":"LineString","coordinates":[[101.31816,3.02768],[101.31831,3.02834],[101.31863,3.02904],[101.31893,3.02958],[101.31904,3.02991],[101.31895,3.03015],[101.31871,3.03041],[101.31866,3.03064],[101.3188,3.03111],[101.31888,3.03158],[101.31883,3.03194],[101.31865,3.03212],[101.31827,3.03224],[101.31803,3.03247],[101.31796,3.0327],[101.31801,3.0331],[101.31828,3.03337],[101.31842,3.03377],[101.31835,3.03422],[101.31757,3.03658],[101.31725,3.03717],[101.31688,3.03752],[101.3163,3.03777],[101.31547,3.03805],[101.31519,3.03868],[101.31508,3.03994],[101.31549,3.04097],[101.31641,3.04217],[101.32045,3.04628],[101.32156,3.04699],[101.32291,3.04727],[101.32399,3.04725],[101.32594,3.04673],[101.32718,3.0465],[101.32838,3.04656],[101.33021,3.04705],[101.33197,3.04759],[101.33311,3.0478],[101.3342,3.04763],[101.336,3.04714],[101.33728,3.04704]]}},{"type":"Feature","properties":{"name":"Sungai Keramat","waterway":"river"},"geometry":{"type":"LineString","coordinates":[[101.32057,3.05862],[101.3207,3.05847],[101.32083,3.05834],[101.32104,3.05826],[101.32165,3.05817],[101.32187,3.05808],[101.32207,3.05804],[101.32224,3.05808],[101.32244,3.05821],[101.32258,3.05821],[101.32282,3.05813],[101.32319,3.05782],[101.32344,3.05761],[101.32371,3.05752],[101.3241,3.05747],[101.32476,3.05738],[101.32497,3.05728],[101.32523,3.05698],[101.32547,3.05672],[101.32569,3.0567],[101.32597,3.05678],[101.32617,3.0568],[101.32636,3.05671],[101.32663,3.05649],[101.32679,3.05644],[101.3271,3.05649],[101.32779,3.05667],[101.32862,3.05676],[101.32919,3.05672],[101.32977,3.05669],[101.33029,3.05679],[101.33073,3.0571],[101.33147,3.05811],[101.33193,3.0587],[101.33241,3.05904],[101.33284,3.05918],[101.33346,3.05922],[101.33463,3.05915],[101.33597,3.05915],[101.3372,3.05927]]}},{"type":"Feature","properties":{"name":"Sungai Hantu Laut","waterway":"river"},"geometry":{"type":"LineString","coordinates":[[101.31765,3.05604],[101.31718,3.05567],[101.31682,3.05516],[101.31633,3.05454],[101.31593,3.05422],[101.3152,3.05384],[101.31449,3.05357],[101.31372,3.05333],[101.31305,3.05327],[101.31244,3.0534],[101.31152,3.05374],[101.3107,3.0542],[101.30777,3.05636],[101.30541,3.05854],[101.30406,3.05942],[101.30292,3.06013]]}},{"type":"Feature","properties":{"name":"Sungai Bohol","waterway":"river"},"geometry":{"type":"LineString","coordinates":[[101.65894,3.03663],[101.6588,3.03668],[101.65863,3.03681],[101.65838,3.03697],[101.65768,3.03727],[101.65719,3.03748],[101.65692,3.03761],[101.65679,3.03768],[101.65648,3.03799],[101.65637,3.03818],[101.65633,3.03838],[101.65633,3.03845],[101.65628,3.03857],[101.65621,3.03865],[101.65609,3.03869],[101.65597,3.03872],[101.65593,3.03873],[101.65584,3.03879],[101.65569,3.03889],[101.65556,3.039],[101.65547,3.03914],[101.65542,3.03927],[101.65537,3.03953],[101.65535,3.03978],[101.65538,3.04002],[101.65543,3.04023],[101.65552,3.04044],[101.65556,3.04061],[101.65551,3.0408],[101.65538,3.04096],[101.65515,3.04117],[101.65492,3.04134],[101.6547,3.04146],[101.6545,3.04155],[101.65437,3.0416],[101.65418,3.04175],[101.65406,3.04195],[101.65386,3.0421],[101.65351,3.04225],[101.65332,3.04231],[101.65324,3.04231],[101.65322,3.04232],[101.65317,3.04236],[101.65316,3.04238],[101.65313,3.0424],[101.65304,3.04243],[101.65301,3.04244],[101.65297,3.04247],[101.65293,3.0425],[101.65281,3.04256],[101.65274,3.04262],[101.65267,3.04269],[101.65264,3.04279],[101.65262,3.04288],[101.65261,3.04297],[101.65263,3.04312],[101.65265,3.04328],[101.65267,3.04337],[101.65267,3.04354],[101.65265,3.04366],[101.65258,3.04383],[101.65245,3.04398],[101.65223,3.04409],[101.65198,3.04415],[101.65167,3.04426],[101.65109,3.04447],[101.65091,3.0446],[101.65076,3.04475],[101.65062,3.04483],[101.6504,3.04491],[101.65013,3.04495],[101.64992,3.045],[101.64965,3.04514],[101.64948,3.04529],[101.64931,3.04547],[101.64908,3.04586],[101.64899,3.04614],[101.64901,3.04637],[101.64916,3.04703],[101.64922,3.04734],[101.64924,3.04757],[101.64921,3.04771],[101.64913,3.04785],[101.64912,3.04803],[101.64917,3.04827],[101.6492,3.04854],[101.64921,3.04873],[101.64927,3.04921],[101.6494,3.04975],[101.64939,3.05021]]}},{"type":"Feature","properties":{"name":"Sungai Pasir Putih","waterway":"river"},"geometry":{"type":"LineString","coordinates":[[101.61902,3.02081],[101.61899,3.02076],[101.61875,3.01939],[101.61874,3.01935],[101.6187,3.01931],[101.61862,3.01929],[101.61825,3.01922],[101.61716,3.0193],[101.61697,3.01938],[101.61682,3.01942],[101.61669,3.01947],[101.61655,3.01951],[101.61647,3.01958],[101.61636,3.01963],[101.61623,3.01964],[101.61608,3.01961],[101.61551,3.01971],[101.61538,3.01974],[101.61525,3.01972],[101.61518,3.01967],[101.61509,3.01961],[101.61505,3.01952],[101.61502,3.0194],[101.615,3.01928],[101.61497,3.01926],[101.61399,3.01941],[101.61343,3.01964],[101.61318,3.01968],[101.6131,3.01968],[101.61306,3.01962],[101.61206,3.01394],[101.61197,3.01382],[101.611,3.01362],[101.6104,3.01358],[101.60448,3.01358],[101.60147,3.01356],[101.601,3.01351],[101.59992,3.01365],[101.59897,3.01371],[101.59855,3.01367],[101.59813,3.01354],[101.59657,3.01354],[101.59637,3.01346],[101.59446,3.0117],[101.59317,3.01051],[101.59301,3.01049],[101.59263,3.01078]]}},{"type":"Feature","properties":{"name":"Anak Sungai Kuyoh","waterway":"river"},"geometry":{"type":"LineString","coordinates":[[101.71002,3.01122],[101.71003,3.0113],[101.71002,3.01139],[101.71,3.01143],[101.70994,3.0115],[101.70988,3.01159],[101.70988,3.01168],[101.70989,3.01177],[101.70992,3.0119],[101.70991,3.01197],[101.70989,3.01211],[101.71007,3.01266],[101.71022,3.013],[101.71028,3.01313],[101.71033,3.01322],[101.71039,3.0133],[101.71047,3.01338],[101.71054,3.01349],[101.71058,3.01363],[101.71058,3.01374],[101.71055,3.0139],[101.71047,3.01438],[101.71041,3.01475]]}},{"type":"Feature","properties":{"name":"Sungai Ramal","waterway":"river"},"geometry":{"type":"LineString","coordinates":[[101.74736,2.99169],[101.74761,2.99139],[101.74775,2.99126],[101.74795,2.99113],[101.74817,2.99106],[101.74849,2.99104],[101.7493,2.99107],[101.74963,2.99107],[101.74998,2.99088],[101.75021,2.99076],[101.75044,2.9907],[101.75062,2.99067],[101.75111,2.99066],[101.75149,2.99066],[101.75192,2.99065],[101.75219,2.99062],[101.75252,2.99055],[101.75288,2.99048],[101.75312,2.99044],[101.75336,2.99044],[101.75355,2.99046],[101.75366,2.99051],[101.7538,2.99062],[101.75393,2.99078],[101.75408,2.99105],[101.75415,2.99127]]}},{"type":"Feature","properties":{"name":"Sungai Ramal","waterway":"river"},"geometry":{"type":"LineString","coordinates":[[101.75415,2.99127],[101.75418,2.9916]]}},{"type":"Feature","properties":{"name":null,"waterway":"river"},"geometry":{"type":"LineString","coordinates":[[101.78943,2.86488],[101.78942,2.86493],[101.78931,2.86514],[101.78921,2.86522],[101.78907,2.8654],[101.78905,2.86555],[101.78905,2.86569],[101.7891,2.8658],[101.78917,2.86597],[101.78917,2.86606],[101.78913,2.86618],[101.78903,2.86629],[101.78898,2.86642],[101.78881,2.8667],[101.78867,2.86688],[101.78851,2.86708],[101.78805,2.86761],[101.78789,2.86779],[101.78766,2.86802],[101.78747,2.86822],[101.78728,2.86842],[101.78697,2.86882],[101.78675,2.86909],[101.78657,2.86922],[101.78628,2.86929],[101.786,2.8693],[101.78578,2.86947],[101.7855,2.8696],[101.78511,2.8698],[101.78489,2.86992],[101.78478,2.87008],[101.78471,2.87027],[101.78479,2.87044],[101.78492,2.87065],[101.78507,2.87079],[101.78522,2.87083],[101.78528,2.87097],[101.78529,2.87127],[101.78521,2.87172],[101.78519,2.87191],[101.78507,2.8721],[101.78491,2.8722],[101.78474,2.87231],[101.78461,2.87232],[101.78436,2.87229],[101.78413,2.87223],[101.78393,2.87221],[101.78377,2.87226],[101.78362,2.87238],[101.78355,2.87253],[101.78357,2.87272],[101.78351,2.87284],[101.78343,2.87293],[101.78328,2.87305],[101.7832,2.87317],[101.7832,2.87333],[101.78327,2.87349],[101.78336,2.87371],[101.78343,2.87393],[101.78339,2.87406],[101.78333,2.87413],[101.78319,2.87425],[101.78315,2.87436],[101.78313,2.87456],[101.78285,2.87504],[101.7827,2.87521],[101.78257,2.87535],[101.78245,2.87544],[101.78227,2.87549],[101.7821,2.87549],[101.78183,2.87546],[101.78168,2.87555],[101.78158,2.87572],[101.78157,2.87593],[101.7816,2.87613],[101.78163,2.87627],[101.78151,2.87658],[101.78142,2.87679],[101.78137,2.87699],[101.78142,2.87744],[101.78145,2.87765],[101.78141,2.87779],[101.78132,2.87783],[101.78116,2.87787],[101.78098,2.87787],[101.78082,2.87782],[101.78062,2.87774],[101.78048,2.87779],[101.78031,2.87787],[101.77989,2.87807],[101.77963,2.87811],[101.77952,2.87815],[101.77937,2.87828],[101.77912,2.87835],[101.7789,2.87832],[101.77834,2.87862],[101.77817,2.87882],[101.77776,2.87905],[101.77752,2.87929],[101.77684,2.87972],[101.77656,2.87989],[101.77632,2.88001],[101.77611,2.88004],[101.77593,2.88016],[101.77585,2.88026],[101.77507,2.88055],[101.77481,2.88064],[101.77466,2.88073],[101.7746,2.88087],[101.77452,2.88103],[101.77452,2.88116],[101.77444,2.88135],[101.77433,2.88146],[101.77415,2.88156],[101.77398,2.88163],[101.77389,2.88167],[101.7738,2.88181],[101.77372,2.88196],[101.77357,2.88208],[101.77343,2.88217],[101.77326,2.88219],[101.77306,2.88216],[101.773,2.88216],[101.77292,2.88223],[101.77279,2.88225],[101.7726,2.88231],[101.77228,2.8825],[101.77201,2.88259],[101.7716,2.88265],[101.7713,2.88271],[101.77102,2.88283],[101.77077,2.88296],[101.77066,2.88309],[101.77064,2.88323],[101.77058,2.88331],[101.77043,2.88331],[101.77026,2.88342],[101.76992,2.88361],[101.76971,2.88373],[101.76946,2.88378],[101.76912,2.88383],[101.76908,2.8839],[101.76902,2.884],[101.76889,2.88409],[101.76877,2.88412],[101.76866,2.88422],[101.76858,2.88442],[101.76858,2.88455],[101.76863,2.88479],[101.76863,2.88494],[101.76857,2.88506],[101.76847,2.88515],[101.76841,2.88521],[101.76841,2.88536],[101.76838,2.88552],[101.76834,2.88566],[101.76824,2.88578],[101.76808,2.8859],[101.76791,2.8861],[101.76783,2.88625],[101.76779,2.8864],[101.76776,2.88651],[101.76769,2.88663],[101.76759,2.88676],[101.7675,2.88683],[101.7673,2.88683],[101.76714,2.88681],[101.76703,2.88675],[101.76692,2.88669],[101.76681,2.8867],[101.76674,2.88678],[101.76649,2.88698],[101.76601,2.8873],[101.76587,2.88744],[101.76583,2.8876],[101.76582,2.88791],[101.76578,2.88814],[101.76561,2.8887],[101.76557,2.8889],[101.7656,2.88908],[101.76562,2.88931],[101.76555,2.88944],[101.76537,2.88967],[101.76517,2.89017],[101.76504,2.89068],[101.76488,2.89127],[101.7647,2.89193],[101.76459,2.89215],[101.76443,2.89222],[101.76381,2.89226],[101.76372,2.89229]]}},{"type":"Feature","properties":{"name":null,"waterway":"canal"},"geometry":{"type":"LineString","coordinates":[[101.69772,2.75198],[101.69768,2.75167],[101.69764,2.7515],[101.69758,2.75138]]}},{"type":"Feature","properties":{"name":null,"waterway":"canal"},"geometry":{"type":"LineString","coordinates":[[101.69758,2.75138],[101.69734,2.7509]]}},{"type":"Feature","properties":{"name":"Sungai Rasau","waterway":"river"},"geometry":{"type":"LineString","coordinates":[[101.63846,3.0273],[101.63861,3.02723],[101.63885,3.02709],[101.63922,3.02703],[101.63962,3.02707],[101.6399,3.02708],[101.63994,3.02707],[101.63995,3.02707],[101.6403,3.02687],[101.64058,3.0267],[101.64104,3.02649],[101.64116,3.02646],[101.64155,3.02649],[101.64191,3.02644],[101.64216,3.02642],[101.64253,3.02635],[101.64286,3.02639],[101.64297,3.02642],[101.64305,3.02643],[101.64325,3.02652],[101.64333,3.02664],[101.64337,3.0267],[101.64349,3.02675],[101.644,3.02674],[101.64439,3.02674],[101.64461,3.02674],[101.64471,3.02668],[101.64477,3.02661],[101.64485,3.0263],[101.64474,3.02594],[101.64491,3.02532],[101.64492,3.02479],[101.64521,3.02393],[101.64559,3.02316],[101.64549,3.02243],[101.64548,3.02186],[101.64555,3.02134],[101.64566,3.02105],[101.64629,3.02029],[101.64639,3.0201],[101.64664,3.01969],[101.6468,3.01921],[101.64685,3.01907],[101.64782,3.01831],[101.64787,3.01767],[101.64774,3.01732],[101.64773,3.01717],[101.64783,3.01713],[101.64797,3.01716],[101.64813,3.01722],[101.64828,3.01717],[101.64851,3.01678],[101.64855,3.0164],[101.64856,3.01616],[101.64845,3.01595],[101.64783,3.0154],[101.64777,3.01533],[101.64763,3.01525],[101.64737,3.01468],[101.64743,3.01407],[101.64756,3.01344],[101.64747,3.01302],[101.64697,3.0129],[101.64663,3.01255],[101.64657,3.01225],[101.64672,3.01192],[101.64696,3.01173],[101.64703,3.01156],[101.64693,3.01147],[101.64679,3.01119],[101.64633,3.01057],[101.64561,3.00984],[101.64544,3.00865],[101.6455,3.00825],[101.64538,3.00787],[101.64516,3.00754],[101.64432,3.00645],[101.64369,3.00506],[101.64387,3.00394],[101.64432,3.00297],[101.6442,3.00233],[101.6445,3.00198],[101.64448,3.00157],[101.64454,3.00119],[101.64468,3.00103],[101.64512,3.00033],[101.64506,2.99966],[101.64486,2.99939],[101.64465,2.99896],[101.6447,2.99862],[101.64494,2.99834],[101.64488,2.99798],[101.64466,2.9976],[101.64434,2.99728],[101.64383,2.99698],[101.6436,2.99681],[101.6435,2.99646],[101.64351,2.99609],[101.64354,2.9959],[101.64369,2.99537],[101.64387,2.99514],[101.64408,2.99483],[101.64406,2.99455],[101.64401,2.99421],[101.64419,2.99392],[101.64434,2.99385],[101.64441,2.99369],[101.6443,2.99337],[101.64428,2.99294],[101.64431,2.99275],[101.64441,2.9926],[101.64452,2.99243],[101.64456,2.99226],[101.6445,2.99195],[101.64439,2.99177],[101.64432,2.99156],[101.64427,2.99132],[101.64433,2.9911],[101.64426,2.99092],[101.64428,2.99072],[101.64422,2.99047],[101.6442,2.99029],[101.64428,2.9901],[101.64446,2.98991],[101.64458,2.98986],[101.64466,2.98967]]}},{"type":"Feature","properties":{"name":"Sungai Ampang","waterway":"river"},"geometry":{"type":"LineString","coordinates":[[101.79549,3.21119],[101.79547,3.21118],[101.79543,3.21119],[101.79538,3.21118],[101.79519,3.21103],[101.79504,3.21086],[101.7951,3.21041],[101.79491,3.20962],[101.79481,3.20918],[101.79487,3.20885],[101.79491,3.20845],[101.79481,3.20776],[101.79465,3.20736],[101.79424,3.20678],[101.79407,3.20635],[101.79389,3.2058],[101.79365,3.20532],[101.79353,3.2049],[101.79289,3.20397],[101.79236,3.20301],[101.79196,3.20237],[101.79179,3.20173],[101.79145,3.2012],[101.79088,3.20059],[101.79081,3.20027],[101.79067,3.19996],[101.79065,3.19975],[101.79047,3.19951],[101.79014,3.19932],[101.79001,3.19914],[101.78993,3.19891],[101.78981,3.19876],[101.78976,3.19861],[101.78976,3.19833],[101.78964,3.19783],[101.78937,3.197],[101.78894,3.19591],[101.78872,3.19558],[101.7887,3.19519],[101.7888,3.19476],[101.78882,3.19447],[101.78872,3.19363],[101.78848,3.19286],[101.78828,3.1921],[101.78821,3.19114],[101.78822,3.19098],[101.78818,3.19089],[101.78806,3.19081],[101.78792,3.19062],[101.78786,3.1905],[101.78793,3.19023],[101.78798,3.19011],[101.78799,3.18988],[101.78791,3.18976],[101.78791,3.18962],[101.78809,3.18947],[101.78832,3.18933],[101.78844,3.18902],[101.78852,3.18884],[101.78849,3.18866],[101.78842,3.18845],[101.7884,3.18821],[101.78842,3.18799],[101.78849,3.18776],[101.78844,3.18749],[101.78834,3.18723],[101.78831,3.18689],[101.7882,3.18674],[101.7882,3.18655],[101.78772,3.18466],[101.78731,3.18389],[101.78751,3.18334],[101.78764,3.18304],[101.78753,3.1827],[101.78753,3.18078],[101.78809,3.17956],[101.78934,3.17798],[101.7895,3.17725],[101.79016,3.1768],[101.79067,3.17657],[101.79119,3.17657],[101.79156,3.17635],[101.79199,3.17564],[101.79206,3.17488],[101.79212,3.17387],[101.79233,3.17357],[101.79273,3.17345],[101.79329,3.17272],[101.79356,3.1721],[101.79362,3.17167],[101.79375,3.17148],[101.79384,3.17124],[101.79397,3.17097],[101.79429,3.17045],[101.79447,3.17023],[101.79457,3.16987]]}},{"type":"Feature","properties":{"name":null,"waterway":"river"},"geometry":{"type":"LineString","coordinates":[[101.83443,2.77112],[101.83435,2.77104]]}},{"type":"Feature","properties":{"name":null,"waterway":"canal"},"geometry":{"type":"LineString","coordinates":[[101.52427,2.96467],[101.52412,2.96467]]}},{"type":"Feature","properties":{"name":null,"waterway":"canal"},"geometry":{"type":"LineString","coordinates":[[101.52412,2.96467],[101.52402,2.96467]]}},{"type":"Feature","properties":{"name":null,"waterway":"canal"},"geometry":{"type":"LineString","coordinates":[[101.5243,2.96467],[101.52427,2.96467]]}},{"type":"Feature","properties":{"name":"Sungai Batangsi","waterway":"river"},"geometry":{"type":"LineString","coordinates":[[101.91042,3.03361],[101.91008,3.03303],[101.90942,3.03237],[101.90872,3.03185],[101.90834,3.03161],[101.90788,3.03145],[101.90749,3.03134],[101.90709,3.03113],[101.90676,3.03092],[101.90638,3.03083],[101.90618,3.03082],[101.90601,3.03086],[101.90597,3.03098],[101.90597,3.03106],[101.90603,3.03114],[101.90605,3.03123],[101.90603,3.03133],[101.906,3.03143],[101.90592,3.03146],[101.90581,3.0314],[101.90562,3.03124],[101.90542,3.03107],[101.90528,3.03093],[101.90515,3.03069],[101.90487,3.03041],[101.9048,3.03034],[101.90476,3.03015],[101.90476,3.03004],[101.90467,3.02995],[101.90451,3.02993],[101.90445,3.03004],[101.90438,3.03016],[101.90423,3.03026],[101.904,3.03034],[101.90375,3.03039],[101.90353,3.03037],[101.90336,3.0303],[101.90325,3.03009],[101.90324,3.02981],[101.90318,3.02954],[101.90312,3.02928],[101.90307,3.02916],[101.90294,3.0291],[101.90264,3.02916],[101.90251,3.02927],[101.90233,3.02933],[101.90219,3.02931],[101.90204,3.02923],[101.90193,3.02912],[101.90166,3.02904],[101.90133,3.029],[101.90112,3.02891],[101.90091,3.02883],[101.90068,3.02868],[101.90043,3.02857],[101.90036,3.02855],[101.90019,3.02845],[101.90001,3.02832],[101.89982,3.02814],[101.89964,3.02793],[101.89953,3.02776],[101.89945,3.02757],[101.89932,3.02732],[101.89919,3.02704],[101.89909,3.02687],[101.89902,3.02675],[101.89892,3.02668],[101.89846,3.02649],[101.89829,3.02648],[101.89806,3.02651],[101.89766,3.02647],[101.89745,3.02643],[101.89726,3.02627],[101.89719,3.02604],[101.8971,3.02588],[101.89679,3.02572],[101.89654,3.02569],[101.8963,3.02569],[101.89621,3.0257],[101.89615,3.02573],[101.89613,3.0258],[101.89614,3.02589],[101.89619,3.02592],[101.89622,3.02598],[101.8962,3.02603],[101.89616,3.02607],[101.8961,3.02606],[101.89603,3.02604],[101.89595,3.02604],[101.89589,3.02607],[101.89576,3.02617],[101.89569,3.02632],[101.89562,3.02641],[101.89553,3.02647],[101.89528,3.02653],[101.89517,3.02659],[101.89504,3.0266],[101.89485,3.02651],[101.89474,3.02633],[101.89459,3.02605],[101.89451,3.0258],[101.89457,3.02556],[101.89472,3.02531],[101.89486,3.02516],[101.89493,3.02499],[101.89494,3.0248],[101.89489,3.02464],[101.89481,3.0244],[101.89478,3.02409],[101.89472,3.02394],[101.89455,3.02354],[101.89446,3.02321],[101.89437,3.02304],[101.89422,3.02278],[101.894,3.02258],[101.89382,3.02244],[101.89368,3.0223],[101.89355,3.02222],[101.89351,3.02206],[101.89355,3.02184],[101.89346,3.02169],[101.89327,3.0216],[101.89316,3.02162],[101.89309,3.02172],[101.89312,3.02183],[101.89309,3.0219],[101.89305,3.02193],[101.893,3.02195],[101.89297,3.02191],[101.89286,3.02192],[101.8928,3.02198],[101.89275,3.02216],[101.89263,3.02224],[101.89261,3.02236],[101.89249,3.02246],[101.89238,3.0225],[101.89225,3.02247],[101.89211,3.0223],[101.89201,3.02206],[101.89189,3.02194],[101.89164,3.02184],[101.89146,3.02183],[101.8913,3.0219],[101.89114,3.02214],[101.89099,3.02228],[101.89092,3.02228],[101.89087,3.02224],[101.89078,3.02224],[101.89073,3.02233],[101.89061,3.02243],[101.89029,3.0226],[101.88999,3.02273],[101.88975,3.02281],[101.88952,3.02281],[101.88941,3.02276],[101.88925,3.02246],[101.88896,3.02217],[101.88873,3.02206],[101.88859,3.02188],[101.88845,3.02163],[101.88824,3.02162],[101.88796,3.02175],[101.88777,3.02192],[101.88775,3.02217],[101.88785,3.02242],[101.88793,3.0225],[101.88792,3.0226],[101.8878,3.02276],[101.88769,3.02296],[101.88761,3.02318],[101.88759,3.02336],[101.88761,3.02357],[101.88756,3.02374],[101.88741,3.02377],[101.88727,3.02367],[101.88708,3.02363],[101.88679,3.02371],[101.8865,3.02389],[101.88625,3.02393],[101.88595,3.02402],[101.88563,3.02408],[101.88542,3.02405],[101.8852,3.02404],[101.88507,3.02414],[101.88499,3.02445],[101.88488,3.02466],[101.88471,3.0248],[101.88453,3.02479],[101.88437,3.02469],[101.88421,3.02457],[101.884,3.02449],[101.88378,3.02452],[101.88364,3.02459],[101.88345,3.02465],[101.88327,3.02473],[101.88311,3.02472],[101.88299,3.02459],[101.88292,3.02431],[101.88284,3.02409],[101.88278,3.02388],[101.88282,3.02366],[101.88286,3.02344],[101.88289,3.02327],[101.88282,3.02312],[101.88269,3.023],[101.88248,3.0229],[101.88215,3.02273],[101.88184,3.02255],[101.88142,3.02234],[101.88107,3.02216],[101.88084,3.02199],[101.88053,3.02168],[101.88037,3.02148],[101.8803,3.02125],[101.88014,3.02092],[101.87993,3.02065],[101.87977,3.02047],[101.87959,3.02024],[101.87947,3.02009],[101.87925,3.01999],[101.87879,3.01993],[101.87857,3.02002],[101.87833,3.02022],[101.87806,3.02025],[101.8778,3.02033],[101.87773,3.02037],[101.8777,3.02042],[101.87764,3.02044],[101.87757,3.02042],[101.8775,3.02034],[101.87744,3.02],[101.87742,3.01945],[101.87733,3.01927],[101.87719,3.01905],[101.8772,3.01892],[101.87705,3.01867],[101.87709,3.01856],[101.87688,3.01804],[101.87664,3.01765],[101.87657,3.01733],[101.87643,3.01715],[101.87642,3.01704],[101.87635,3.01693],[101.87621,3.01684],[101.87614,3.01673],[101.87605,3.01667],[101.87598,3.01665],[101.87594,3.01659],[101.87589,3.01658],[101.87578,3.0166],[101.87571,3.01664],[101.87557,3.01665],[101.87545,3.01669],[101.87511,3.01678],[101.87489,3.01689],[101.8747,3.01699],[101.87462,3.01718],[101.87456,3.0172],[101.87441,3.01714],[101.87433,3.01716],[101.87423,3.01729],[101.87388,3.01776],[101.87371,3.01801],[101.87357,3.01821],[101.87338,3.01861],[101.87329,3.01909],[101.87304,3.01946],[101.87296,3.01953],[101.87289,3.01955],[101.8728,3.01951],[101.87276,3.01945],[101.87269,3.01941],[101.87265,3.01933],[101.87258,3.01927],[101.87252,3.01925],[101.87211,3.01926],[101.87202,3.01924],[101.87196,3.01919],[101.87188,3.01902],[101.87163,3.01893],[101.87136,3.01891],[101.87103,3.01891],[101.87075,3.01881],[101.87061,3.01878],[101.87047,3.01871],[101.87039,3.01862],[101.87035,3.01853],[101.87036,3.01842],[101.87041,3.01827],[101.87041,3.0181],[101.87044,3.01793],[101.87039,3.01786],[101.87026,3.01782],[101.87008,3.0178],[101.86999,3.01776],[101.86991,3.0176],[101.86979,3.01748],[101.86955,3.0172],[101.8693,3.01712],[101.86908,3.01704],[101.86888,3.01696],[101.86874,3.01688],[101.86855,3.01685],[101.86835,3.01688],[101.86819,3.01689],[101.86807,3.01692],[101.868,3.01691],[101.86782,3.01682],[101.86742,3.01677],[101.86726,3.01678],[101.86718,3.01674]]}},{"type":"Feature","properties":{"name":"Sungai Semenyih","waterway":"river"},"geometry":{"type":"LineString","coordinates":[[101.87231,3.04994],[101.87221,3.04993]]}},{"type":"Feature","properties":{"name":"Z Ambezi River","waterway":"river"},"geometry":{"type":"LineString","coordinates":[[101.60683,3.07111],[101.6068,3.07108],[101.60679,3.07104],[101.60679,3.07099],[101.6068,3.07096],[101.60683,3.07091],[101.60689,3.07086],[101.60695,3.07082],[101.60706,3.0708],[101.60716,3.0708],[101.60724,3.07081],[101.60733,3.07082],[101.60741,3.07084],[101.60745,3.07085],[101.60749,3.07086]]}},{"type":"Feature","properties":{"name":null,"waterway":"river"},"geometry":{"type":"LineString","coordinates":[[101.60749,3.07086],[101.60779,3.07112]]}},{"type":"Feature","properties":{"name":"Z Ambezi River","waterway":"river"},"geometry":{"type":"LineString","coordinates":[[101.60779,3.07112],[101.60786,3.07118],[101.60789,3.0712],[101.60789,3.07123],[101.60785,3.07131],[101.6078,3.0714],[101.60778,3.07141],[101.60772,3.07139],[101.60766,3.07138],[101.60752,3.07137],[101.60736,3.07137],[101.60722,3.07136],[101.60719,3.07134],[101.6071,3.0713],[101.60697,3.07122],[101.60683,3.07111]]}},{"type":"Feature","properties":{"name":null,"waterway":"canal"},"geometry":{"type":"LineString","coordinates":[[101.53155,2.96464],[101.53116,2.96464],[101.53069,2.96464],[101.53058,2.96464]]}},{"type":"Feature","properties":{"name":null,"waterway":"canal"},"geometry":{"type":"LineString","coordinates":[[101.53058,2.96464],[101.53047,2.96465]]}},{"type":"Feature","properties":{"name":null,"waterway":"canal"},"geometry":{"type":"LineString","coordinates":[[101.52873,2.96464],[101.52865,2.96466],[101.52801,2.96466],[101.52746,2.96466]]}},{"type":"Feature","properties":{"name":null,"waterway":"canal"},"geometry":{"type":"LineString","coordinates":[[101.52746,2.96466],[101.52736,2.96466]]}},{"type":"Feature","properties":{"name":null,"waterway":"canal"},"geometry":{"type":"LineString","coordinates":[[101.51987,2.96468],[101.51879,2.96468],[101.51773,2.96467]]}},{"type":"Feature","properties":{"name":null,"waterway":"canal"},"geometry":{"type":"LineString","coordinates":[[101.51773,2.96467],[101.51763,2.96467]]}},{"type":"Feature","properties":{"name":null,"waterway":"canal"},"geometry":{"type":"LineString","coordinates":[[101.77815,3.16692],[101.77786,3.16678]]}},{"type":"Feature","properties":{"name":"Sungai Perdek","waterway":"river"},"geometry":{"type":"LineString","coordinates":[[101.85702,3.18084],[101.85705,3.18073],[101.85709,3.18055],[101.85716,3.18032]]}},{"type":"Feature","properties":{"name":"Sungai Perdek","waterway":"river"},"geometry":{"type":"LineString","coordinates":[[101.857,3.18089],[101.85702,3.18084]]}},{"type":"Feature","properties":{"name":"Sungai Perdek","waterway":"river"},"geometry":{"type":"LineString","coordinates":[[101.8471,3.19428],[101.84722,3.19423],[101.8473,3.19418],[101.84744,3.19405],[101.84754,3.19389],[101.84766,3.19381],[101.84777,3.19369],[101.84783,3.19356],[101.8479,3.19338],[101.84798,3.19327],[101.84805,3.19326],[101.84823,3.19331],[101.84829,3.19327],[101.84834,3.19321],[101.84836,3.19315],[101.84839,3.19307],[101.84845,3.19294],[101.84853,3.19279],[101.84858,3.19267],[101.84862,3.19252],[101.84866,3.19238],[101.84867,3.19223],[101.84873,3.19208],[101.84884,3.19193],[101.84889,3.19182],[101.84899,3.19169],[101.84909,3.19164],[101.84926,3.19161],[101.84958,3.19153],[101.8499,3.19134],[101.85011,3.19107],[101.85038,3.19063],[101.85066,3.19019],[101.8509,3.18979],[101.85104,3.18955],[101.85114,3.18937],[101.8513,3.18919],[101.8514,3.18907],[101.85143,3.18901],[101.85143,3.18891],[101.85142,3.18885],[101.85144,3.18872],[101.85147,3.18866],[101.85151,3.18853],[101.85151,3.18843],[101.85156,3.18831],[101.85162,3.18822],[101.85174,3.18816],[101.85186,3.18812],[101.85195,3.18801],[101.85197,3.18793],[101.85203,3.18787],[101.85211,3.18783],[101.85218,3.18777],[101.85219,3.18771],[101.85222,3.18764],[101.85227,3.18755],[101.85229,3.18749],[101.85226,3.1874],[101.85223,3.1873],[101.85226,3.18714],[101.85231,3.187],[101.85242,3.18693],[101.85253,3.18694],[101.85267,3.18698],[101.85282,3.18703],[101.85295,3.18706],[101.85307,3.18701],[101.85315,3.18695],[101.85321,3.18685],[101.85325,3.18672],[101.85322,3.18663],[101.85326,3.18651],[101.85331,3.18641],[101.85328,3.18632],[101.85331,3.18622],[101.85334,3.1861],[101.85334,3.18599],[101.85337,3.1858],[101.85346,3.18556],[101.85359,3.18534],[101.85386,3.18518],[101.85404,3.18508],[101.85429,3.18505],[101.8544,3.18505],[101.85447,3.18502],[101.85448,3.18497],[101.85449,3.18482],[101.85455,3.18468],[101.85463,3.18454],[101.85467,3.18435],[101.85467,3.18424],[101.85464,3.18414],[101.8546,3.18407],[101.85457,3.18401],[101.85454,3.18392],[101.85454,3.18386],[101.85458,3.1838],[101.85469,3.18376],[101.8548,3.18369],[101.85487,3.18368],[101.85502,3.18365],[101.85519,3.18367],[101.85531,3.18368],[101.85546,3.1837],[101.85565,3.18381],[101.85582,3.18384],[101.85596,3.1838],[101.856,3.18371],[101.85598,3.1835],[101.85592,3.18313],[101.85604,3.18283],[101.85623,3.18261],[101.85639,3.1824],[101.85649,3.18221],[101.85656,3.18202],[101.85659,3.18191],[101.85666,3.18184],[101.85674,3.18176],[101.85678,3.18165],[101.85676,3.18142],[101.85675,3.18136],[101.85677,3.18132],[101.85681,3.18125],[101.85686,3.18115],[101.85693,3.18106],[101.857,3.18089]]}},{"type":"Feature","properties":{"name":"Sungai Resam","waterway":"river"},"geometry":{"type":"LineString","coordinates":[[101.81489,3.17487],[101.8153,3.17482],[101.81576,3.17455],[101.81612,3.17412],[101.81635,3.17382],[101.8164,3.17352],[101.81621,3.17301],[101.81585,3.17254],[101.81582,3.17203],[101.81611,3.17172],[101.81664,3.17141],[101.81723,3.17135],[101.8179,3.17118],[101.81872,3.17056],[101.81896,3.17011],[101.81919,3.16989],[101.81952,3.16977],[101.81981,3.16981],[101.82011,3.17],[101.82039,3.17038],[101.82057,3.17094],[101.82058,3.17146],[101.82057,3.17193],[101.82069,3.17236],[101.82081,3.17263],[101.821,3.17288],[101.82128,3.17308],[101.82155,3.1733],[101.82163,3.1736],[101.8218,3.17401],[101.82211,3.17416],[101.82292,3.1741],[101.82325,3.17424],[101.82368,3.17442],[101.82381,3.17445],[101.8239,3.17447],[101.82406,3.17449],[101.82411,3.17446],[101.82419,3.17435],[101.82434,3.17425],[101.8245,3.17419],[101.8246,3.17422],[101.82463,3.17427],[101.82464,3.17437],[101.82488,3.17447],[101.8251,3.1745],[101.82526,3.1745],[101.82539,3.17444],[101.82544,3.17444],[101.82582,3.17442],[101.82597,3.17431]]}},{"type":"Feature","properties":{"name":"Sungai Serai","waterway":"river"},"geometry":{"type":"LineString","coordinates":[[101.79553,3.09054],[101.79573,3.09044],[101.79593,3.09032],[101.79607,3.09022],[101.79606,3.09015],[101.79607,3.09005],[101.79607,3.08998],[101.7961,3.08991],[101.79614,3.0898]]}},{"type":"Feature","properties":{"name":"Sungai Serai","waterway":"river"},"geometry":{"type":"LineString","coordinates":[[101.7955,3.09056],[101.79553,3.09054]]}},{"type":"Feature","properties":{"name":"Sungai Serai","waterway":"river"},"geometry":{"type":"LineString","coordinates":[[101.79616,3.08974],[101.79623,3.08961],[101.79627,3.0895],[101.7963,3.08943],[101.79633,3.08927]]}},{"type":"Feature","properties":{"name":"Sungai Serai","waterway":"river"},"geometry":{"type":"LineString","coordinates":[[101.79614,3.0898],[101.79616,3.08974]]}},{"type":"Feature","properties":{"name":"Sungai Serai","waterway":"river"},"geometry":{"type":"LineString","coordinates":[[101.79161,3.09315],[101.79171,3.09304]]}},{"type":"Feature","properties":{"name":"Sungai Serai","waterway":"river"},"geometry":{"type":"LineString","coordinates":[[101.79029,3.0939],[101.79032,3.09388],[101.79033,3.09382],[101.79032,3.09378],[101.79031,3.09373],[101.79034,3.09368],[101.79038,3.09361],[101.79043,3.09353],[101.79047,3.09347],[101.79056,3.09343],[101.79071,3.09344],[101.79117,3.09331],[101.79161,3.09315]]}},{"type":"Feature","properties":{"name":"Sungai Air Jernih","waterway":"river"},"geometry":{"type":"LineString","coordinates":[[101.79409,3.09359],[101.79421,3.09343],[101.79425,3.09337],[101.79434,3.09324],[101.79438,3.09316]]}},{"type":"Feature","properties":{"name":"Sungai Air Jernih","waterway":"river"},"geometry":{"type":"LineString","coordinates":[[101.79405,3.09364],[101.79409,3.09359]]}},{"type":"Feature","properties":{"name":"Sungai Air Jernih","waterway":"river"},"geometry":{"type":"LineString","coordinates":[[101.79486,3.09609],[101.79487,3.096],[101.79483,3.09595],[101.7948,3.0959],[101.79479,3.09587],[101.79476,3.09579],[101.79477,3.09573],[101.79478,3.09563],[101.79477,3.0956],[101.7947,3.09556],[101.79463,3.09553],[101.79458,3.09547],[101.79457,3.09539],[101.79459,3.09532],[101.79463,3.09528],[101.79465,3.09525],[101.79468,3.09519],[101.79469,3.09513],[101.79468,3.09511],[101.79465,3.09512],[101.79463,3.09511],[101.79462,3.09508],[101.79462,3.09504],[101.79461,3.09503],[101.7946,3.09503],[101.7946,3.09504],[101.79458,3.09504],[101.79457,3.09504],[101.79456,3.09502],[101.79456,3.095],[101.79458,3.09496],[101.79456,3.09485],[101.79399,3.09405],[101.79391,3.09391],[101.79389,3.09386],[101.7939,3.09382],[101.79405,3.09364]]}},{"type":"Feature","properties":{"name":"Sungai Serai","waterway":"river"},"geometry":{"type":"LineString","coordinates":[[101.79171,3.09304],[101.7918,3.09294],[101.79193,3.0927],[101.79195,3.09265],[101.792,3.09258],[101.79206,3.09252],[101.79214,3.0925],[101.79226,3.09251],[101.79285,3.09262],[101.79289,3.09262],[101.79291,3.09261],[101.79294,3.09255],[101.79309,3.0921],[101.79363,3.0916],[101.79377,3.09158],[101.79421,3.09144]]}},{"type":"Feature","properties":{"name":"Sungai Air Jernih","waterway":"river"},"geometry":{"type":"LineString","coordinates":[[101.79523,3.09258],[101.7953,3.09253],[101.79544,3.09239],[101.79559,3.09222],[101.79573,3.09196],[101.79581,3.09172],[101.79591,3.09149],[101.79595,3.09124],[101.79595,3.09068],[101.79604,3.09045],[101.79608,3.09033],[101.79607,3.09022]]}},{"type":"Feature","properties":{"name":null,"waterway":"river"},"geometry":{"type":"LineString","coordinates":[[101.80885,3.0556],[101.80875,3.05528]]}},{"type":"Feature","properties":{"name":"Sungai Long","waterway":"river"},"geometry":{"type":"LineString","coordinates":[[101.81095,3.0599],[101.8105,3.05958],[101.81039,3.0586],[101.80904,3.05666],[101.80891,3.05653],[101.80878,3.05628],[101.80879,3.05608],[101.80883,3.05594],[101.80889,3.05577],[101.80885,3.0556]]}},{"type":"Feature","properties":{"name":null,"waterway":"river"},"geometry":{"type":"LineString","coordinates":[[101.81112,3.06003],[101.81095,3.0599]]}},{"type":"Feature","properties":{"name":"Sungai Long","waterway":"river"},"geometry":{"type":"LineString","coordinates":[[101.81242,3.0612],[101.81176,3.06056],[101.81131,3.06014],[101.81112,3.06003]]}},{"type":"Feature","properties":{"name":"Sungai Long","waterway":"river"},"geometry":{"type":"LineString","coordinates":[[101.80875,3.05528],[101.80634,3.05483],[101.80595,3.05481],[101.80576,3.05482],[101.80564,3.05482],[101.80325,3.05435],[101.80284,3.05366],[101.80216,3.05089],[101.80211,3.0508],[101.79781,3.04727],[101.79295,3.04321],[101.79247,3.04286],[101.79232,3.04281],[101.79122,3.0426],[101.79065,3.04214],[101.78859,3.0407],[101.78834,3.04018],[101.78787,3.03987],[101.78753,3.03946],[101.78705,3.03839],[101.78567,3.0368],[101.78526,3.03631],[101.78332,3.03407],[101.77985,3.02802],[101.77925,3.02707],[101.77918,3.02687],[101.77919,3.0265],[101.77813,3.02554],[101.77729,3.0247],[101.77402,3.02325],[101.77272,3.02301],[101.77008,3.02175]]}},{"type":"Feature","properties":{"name":null,"waterway":"river"},"geometry":{"type":"LineString","coordinates":[[101.81393,3.06328],[101.81343,3.0629]]}},{"type":"Feature","properties":{"name":"Sungai Limbat","waterway":"river"},"geometry":{"type":"LineString","coordinates":[[101.86524,3.11596],[101.8652,3.1159],[101.86512,3.11584],[101.86508,3.1158],[101.86502,3.11573],[101.86497,3.1157],[101.86493,3.11569],[101.86486,3.11569],[101.8648,3.11564],[101.86468,3.11557],[101.86459,3.1155],[101.8644,3.11537],[101.8642,3.11531],[101.86403,3.11528],[101.8639,3.11523],[101.86383,3.11519],[101.86379,3.11503],[101.86375,3.11493],[101.86342,3.11472],[101.86324,3.11451],[101.86305,3.11448],[101.86289,3.11444],[101.86277,3.11438],[101.86271,3.1143],[101.86265,3.1142],[101.86254,3.11415],[101.86236,3.11415],[101.86229,3.11419],[101.86223,3.11434],[101.86215,3.11443],[101.86199,3.11444],[101.86185,3.11438],[101.86178,3.11427],[101.86169,3.11418],[101.86152,3.11413],[101.86139,3.11416],[101.86129,3.11416],[101.8612,3.11415],[101.86115,3.11408],[101.86115,3.11397],[101.86118,3.11384],[101.86115,3.11373],[101.86116,3.11365],[101.86117,3.11348],[101.86115,3.11319],[101.86115,3.11289],[101.86107,3.1127],[101.86091,3.11245],[101.86077,3.11217],[101.86065,3.11206],[101.86054,3.11203],[101.86043,3.11205],[101.86029,3.11213],[101.8602,3.11226],[101.86013,3.11238],[101.85991,3.11244],[101.85968,3.11237],[101.85948,3.11226],[101.85944,3.11216],[101.85945,3.11205],[101.85944,3.11199],[101.85939,3.11186],[101.85928,3.11178],[101.85922,3.11172],[101.85912,3.11166],[101.85909,3.11165],[101.85904,3.11168],[101.85898,3.11175],[101.85887,3.11182],[101.85876,3.11185],[101.85869,3.11182],[101.8586,3.11177],[101.85851,3.1117],[101.85836,3.1116],[101.85817,3.11155],[101.85797,3.11155],[101.85779,3.11158],[101.85769,3.11166],[101.85761,3.11182],[101.85754,3.11197],[101.85746,3.11207],[101.85737,3.11211],[101.85728,3.11212],[101.85716,3.11217],[101.85708,3.11225],[101.85705,3.11239],[101.85701,3.1125],[101.85698,3.1126],[101.85692,3.11269],[101.85685,3.11273],[101.85678,3.11273],[101.85669,3.1127],[101.85657,3.11265],[101.85642,3.11263],[101.8563,3.11257],[101.85621,3.11251],[101.85612,3.11245],[101.85601,3.11244],[101.85595,3.11246],[101.85589,3.11252],[101.85582,3.11255],[101.85578,3.11253],[101.85571,3.1125],[101.8556,3.11241],[101.85547,3.11234],[101.85534,3.11233],[101.85523,3.11236],[101.85512,3.11239],[101.85502,3.11242],[101.85485,3.11249],[101.85455,3.11262],[101.8544,3.11269],[101.85428,3.11269],[101.85416,3.11264],[101.85408,3.11252],[101.85401,3.11236],[101.85393,3.11211],[101.85388,3.112],[101.85379,3.11189],[101.85363,3.11178],[101.85348,3.1116],[101.85339,3.11151],[101.85328,3.11132],[101.85315,3.11117],[101.85302,3.111],[101.85293,3.1109],[101.85284,3.11077],[101.85274,3.11067],[101.85268,3.1106],[101.85261,3.11051],[101.85258,3.11042],[101.85251,3.11034],[101.85246,3.11029],[101.85243,3.11022],[101.85239,3.11013],[101.85237,3.11002],[101.85233,3.10988],[101.85226,3.10964],[101.85223,3.10954],[101.8522,3.10937],[101.85219,3.10927],[101.85216,3.10919],[101.85211,3.10915],[101.85205,3.1091],[101.85198,3.10905],[101.85195,3.10897]]}},{"type":"Feature","properties":{"name":null,"waterway":"river"},"geometry":{"type":"LineString","coordinates":[[101.57326,3.04851],[101.57325,3.04851]]}},{"type":"Feature","properties":{"name":null,"waterway":"river"},"geometry":{"type":"LineString","coordinates":[[101.57334,3.04851],[101.57326,3.04851]]}},{"type":"Feature","properties":{"name":null,"waterway":"river"},"geometry":{"type":"LineString","coordinates":[[101.57377,3.04851],[101.57375,3.04851]]}},{"type":"Feature","properties":{"name":null,"waterway":"river"},"geometry":{"type":"LineString","coordinates":[[101.57398,3.04851],[101.57377,3.04851]]}},{"type":"Feature","properties":{"name":null,"waterway":"river"},"geometry":{"type":"LineString","coordinates":[[101.57399,3.04851],[101.57398,3.04851]]}},{"type":"Feature","properties":{"name":null,"waterway":"river"},"geometry":{"type":"LineString","coordinates":[[101.57336,3.04851],[101.57334,3.04851]]}},{"type":"Feature","properties":{"name":"Sungai Midah","waterway":"river"},"geometry":{"type":"LineString","coordinates":[[101.71233,3.07851],[101.71212,3.0789]]}},{"type":"Feature","properties":{"name":"Sungai Aur","waterway":"river"},"geometry":{"type":"LineString","coordinates":[[101.42159,3.00107],[101.42119,3.00108],[101.4208,3.00109],[101.42041,3.0011],[101.42036,3.00109]]}},{"type":"Feature","properties":{"name":"Sungai Aur","waterway":"canal"},"geometry":{"type":"LineString","coordinates":[[101.42159,3.00107],[101.42138,3.00083],[101.42107,3.00084],[101.42102,3.00084],[101.4208,3.00109]]}},{"type":"Feature","properties":{"name":"Sungai Midah","waterway":"river"},"geometry":{"type":"LineString","coordinates":[[101.72177,3.08032],[101.72044,3.08085],[101.7202,3.08097],[101.72005,3.081],[101.71975,3.08097],[101.71927,3.08086],[101.7177,3.07999],[101.71732,3.07992]]}},{"type":"Feature","properties":{"name":"Sungai Subang","waterway":"river"},"geometry":{"type":"LineString","coordinates":[[101.51548,3.18018],[101.51836,3.18052]]}},{"type":"Feature","properties":{"name":"Sungai Subang","waterway":"river"},"geometry":{"type":"LineString","coordinates":[[101.49593,3.17261],[101.49595,3.17251],[101.49606,3.17227],[101.49616,3.17219],[101.49632,3.17217],[101.49686,3.17213],[101.49744,3.17216],[101.49783,3.17229],[101.49826,3.1725],[101.49874,3.17268],[101.49899,3.17279],[101.49904,3.1729],[101.49904,3.17297],[101.49906,3.17299],[101.49912,3.17296],[101.4993,3.1729],[101.49966,3.17292],[101.50013,3.17298],[101.50051,3.17306],[101.50083,3.1732],[101.50126,3.17335],[101.50174,3.17339],[101.50201,3.17341],[101.50253,3.17345],[101.50292,3.17353],[101.50313,3.17362],[101.50345,3.17383],[101.50376,3.17412],[101.50403,3.17446],[101.50424,3.17494],[101.50448,3.17543],[101.50499,3.1758],[101.50533,3.17591],[101.50606,3.17613],[101.50657,3.17637],[101.50709,3.17665],[101.50774,3.1771],[101.50818,3.17754],[101.50852,3.17783],[101.5088,3.17814],[101.50935,3.17853],[101.50977,3.17867],[101.51025,3.17878],[101.5107,3.17881],[101.51104,3.17872],[101.51157,3.1785],[101.51174,3.17847],[101.51236,3.17847],[101.51287,3.17856],[101.51342,3.17886],[101.51364,3.17906],[101.51388,3.17937],[101.51435,3.17973],[101.51505,3.1801],[101.51523,3.18012],[101.5153,3.1801],[101.51539,3.18011],[101.51548,3.18018]]}},{"type":"Feature","properties":{"name":"Sungai Subang","waterway":"river"},"geometry":{"type":"LineString","coordinates":[[101.51836,3.18052],[101.51844,3.18053],[101.51852,3.18052]]}},{"type":"Feature","properties":{"name":null,"waterway":"canal"},"geometry":{"type":"LineString","coordinates":[[101.68772,3.09819],[101.68839,3.09684]]}},{"type":"Feature","properties":{"name":null,"waterway":"canal"},"geometry":{"type":"LineString","coordinates":[[101.68764,3.10351],[101.68766,3.10094]]}},{"type":"Feature","properties":{"name":null,"waterway":"canal"},"geometry":{"type":"LineString","coordinates":[[101.68766,3.10094],[101.68766,3.10084]]}},{"type":"Feature","properties":{"name":null,"waterway":"canal"},"geometry":{"type":"LineString","coordinates":[[101.68766,3.10084],[101.68766,3.10064],[101.6877,3.09835]]}},{"type":"Feature","properties":{"name":null,"waterway":"canal"},"geometry":{"type":"LineString","coordinates":[[101.6877,3.09835],[101.68772,3.09819]]}},{"type":"Feature","properties":{"name":null,"waterway":"canal"},"geometry":{"type":"LineString","coordinates":[[101.68841,3.09657],[101.68844,3.09561],[101.68857,3.09552],[101.6886,3.09498]]}},{"type":"Feature","properties":{"name":null,"waterway":"canal"},"geometry":{"type":"LineString","coordinates":[[101.68839,3.09684],[101.68841,3.09657]]}},{"type":"Feature","properties":{"name":null,"waterway":"canal"},"geometry":{"type":"LineString","coordinates":[[101.60417,3.1964],[101.60418,3.1984]]}},{"type":"Feature","properties":{"name":"Sungai Batang Benar","waterway":"river"},"geometry":{"type":"LineString","coordinates":[[101.82953,2.83668],[101.82946,2.83684],[101.82938,2.83696],[101.82935,2.83707],[101.82939,2.83714],[101.83002,2.83784],[101.83002,2.83788],[101.82993,2.83807],[101.82989,2.83809],[101.82967,2.83808],[101.82958,2.83811],[101.82946,2.83833],[101.82943,2.83843],[101.82939,2.83844],[101.82933,2.83844],[101.8292,2.83843],[101.82915,2.83846],[101.82912,2.83853],[101.82912,2.83865],[101.82907,2.83959],[101.82904,2.83969],[101.8289,2.84042],[101.82881,2.84049],[101.82853,2.84048],[101.82829,2.84044],[101.8281,2.84056],[101.82742,2.84121],[101.82682,2.84172],[101.82608,2.84245],[101.8257,2.8429],[101.82538,2.84337],[101.82512,2.84387],[101.82498,2.84425],[101.82495,2.84436],[101.82489,2.8446],[101.82488,2.84477],[101.82479,2.84494],[101.82474,2.84521],[101.82473,2.84537],[101.82473,2.8455]]}},{"type":"Feature","properties":{"name":"Sungai Batang Benar","waterway":"river"},"geometry":{"type":"LineString","coordinates":[[101.82953,2.83655],[101.82953,2.83668]]}},{"type":"Feature","properties":{"name":"Sungai Batang Benar","waterway":"river"},"geometry":{"type":"LineString","coordinates":[[101.82921,2.8352],[101.82917,2.83535]]}},{"type":"Feature","properties":{"name":"Sungai Batang Benar","waterway":"river"},"geometry":{"type":"LineString","coordinates":[[101.82934,2.83409],[101.82948,2.83429],[101.82954,2.83452],[101.82946,2.83482],[101.82929,2.83505],[101.82921,2.8352]]}},{"type":"Feature","properties":{"name":"Sungai Batang Benar","waterway":"river"},"geometry":{"type":"LineString","coordinates":[[101.82929,2.8339],[101.82934,2.83409]]}},{"type":"Feature","properties":{"name":"Sungai Batang Benar","waterway":"river"},"geometry":{"type":"LineString","coordinates":[[101.82918,2.83296],[101.82925,2.83315],[101.82928,2.83331],[101.82928,2.8335],[101.82928,2.83377],[101.82929,2.8339]]}},{"type":"Feature","properties":{"name":"Sungai Batang Benar","waterway":"river"},"geometry":{"type":"LineString","coordinates":[[101.82913,2.83284],[101.82918,2.83296]]}},{"type":"Feature","properties":{"name":"Sungai Batang Benar","waterway":"river"},"geometry":{"type":"LineString","coordinates":[[101.82882,2.83202],[101.82892,2.83226],[101.82898,2.83241],[101.82909,2.83267],[101.82913,2.83284]]}},{"type":"Feature","properties":{"name":"Sungai Batang Benar","waterway":"river"},"geometry":{"type":"LineString","coordinates":[[101.82876,2.83185],[101.82882,2.83202]]}},{"type":"Feature","properties":{"name":"Sungai Batang Benar","waterway":"river"},"geometry":{"type":"LineString","coordinates":[[101.82843,2.83083],[101.8285,2.83114],[101.82857,2.83134],[101.82876,2.83185]]}},{"type":"Feature","properties":{"name":"Sungai Batang Benar","waterway":"river"},"geometry":{"type":"LineString","coordinates":[[101.82837,2.83066],[101.82843,2.83083]]}},{"type":"Feature","properties":{"name":"Sungai Batang Benar","waterway":"river"},"geometry":{"type":"LineString","coordinates":[[101.82678,2.82443],[101.82676,2.82459],[101.82678,2.82474],[101.82682,2.82484],[101.82682,2.82499],[101.82685,2.82518],[101.82691,2.82531],[101.82704,2.82545],[101.82711,2.82557],[101.82725,2.82573],[101.82742,2.82594],[101.82754,2.82615],[101.82758,2.82628],[101.82769,2.82642],[101.82783,2.82651],[101.82791,2.82665],[101.8281,2.82695],[101.82822,2.82713],[101.82828,2.82734],[101.82841,2.82781],[101.8287,2.82857],[101.82872,2.82865],[101.82872,2.82899],[101.82861,2.8299],[101.82854,2.83002],[101.8284,2.8302],[101.82833,2.83036],[101.82833,2.83051],[101.82837,2.83066]]}},{"type":"Feature","properties":{"name":"Sungai Batang Benar","waterway":"river"},"geometry":{"type":"LineString","coordinates":[[101.82677,2.82433],[101.82678,2.82443]]}},{"type":"Feature","properties":{"name":"Sungai Batang Benar","waterway":"river"},"geometry":{"type":"LineString","coordinates":[[101.82836,2.8151],[101.8283,2.81524],[101.82826,2.81529],[101.82814,2.8154],[101.82804,2.81549],[101.82799,2.81559],[101.82802,2.81573],[101.82818,2.81591],[101.8283,2.81604],[101.82852,2.81626],[101.82859,2.81633],[101.82866,2.8164],[101.82866,2.81646],[101.82863,2.81653],[101.82862,2.81658],[101.82862,2.81663],[101.82868,2.81665],[101.82874,2.81667],[101.82876,2.81671],[101.82873,2.81677],[101.82866,2.81686],[101.82861,2.81693],[101.82859,2.81705],[101.82855,2.81714],[101.82847,2.81721],[101.82841,2.81728],[101.82833,2.81742],[101.82827,2.81746],[101.8281,2.81749],[101.82807,2.8176],[101.82811,2.81769],[101.82822,2.81781],[101.8283,2.8179],[101.82831,2.81804],[101.82822,2.81822],[101.82812,2.8184],[101.82807,2.81846],[101.82796,2.81861],[101.82794,2.8187],[101.82795,2.81878],[101.82801,2.81882],[101.82806,2.81888],[101.82803,2.81894],[101.82797,2.81896],[101.82795,2.81904],[101.82796,2.81912],[101.82797,2.81926],[101.82793,2.81935],[101.8279,2.81937],[101.82786,2.81944],[101.82789,2.8195],[101.82786,2.81954],[101.82778,2.81961],[101.82777,2.81969],[101.82774,2.81976],[101.82767,2.81979],[101.82766,2.81987],[101.82769,2.81992],[101.82771,2.82001],[101.8277,2.82006],[101.82768,2.82014],[101.82772,2.82022],[101.82779,2.82025],[101.82791,2.82031],[101.82793,2.8204],[101.82789,2.82056],[101.82782,2.82064],[101.8277,2.8208],[101.82774,2.82097],[101.82771,2.82112],[101.82764,2.82129],[101.82757,2.82143],[101.82769,2.82168],[101.82768,2.82173],[101.82753,2.82185],[101.82746,2.82202],[101.8275,2.82223],[101.82741,2.82245],[101.82736,2.82273],[101.82736,2.82312],[101.82739,2.82331],[101.82734,2.8235],[101.82722,2.82364],[101.82706,2.82373],[101.82698,2.82377],[101.82691,2.82388],[101.82684,2.82408],[101.82677,2.82433]]}},{"type":"Feature","properties":{"name":"Sungai Batang Benar","waterway":"river"},"geometry":{"type":"LineString","coordinates":[[101.82917,2.83535],[101.82918,2.83546],[101.82922,2.83552],[101.82944,2.83561],[101.82976,2.8357],[101.8299,2.83577],[101.82998,2.83586],[101.82997,2.83595],[101.82987,2.83604],[101.82975,2.83614],[101.82964,2.8363],[101.82953,2.83655]]}},{"type":"Feature","properties":{"name":"Sungai Batang Benar","waterway":"river"},"geometry":{"type":"LineString","coordinates":[[101.83061,2.81128],[101.83068,2.81146]]}},{"type":"Feature","properties":{"name":"Sungai Batang Benar","waterway":"river"},"geometry":{"type":"LineString","coordinates":[[101.8284,2.81503],[101.82836,2.8151]]}},{"type":"Feature","properties":{"name":"Sungai Batang Benar","waterway":"river"},"geometry":{"type":"LineString","coordinates":[[101.82893,2.81518],[101.82866,2.81509],[101.82856,2.81504],[101.82844,2.81501],[101.8284,2.81503]]}},{"type":"Feature","properties":{"name":"Sungai Batang Benar","waterway":"river"},"geometry":{"type":"LineString","coordinates":[[101.829,2.81524],[101.82893,2.81518]]}},{"type":"Feature","properties":{"name":"Sungai Batang Benar","waterway":"river"},"geometry":{"type":"LineString","coordinates":[[101.83068,2.81146],[101.83065,2.81159],[101.83062,2.81167],[101.83059,2.81178],[101.83059,2.81189],[101.83055,2.81199],[101.83053,2.81206],[101.83052,2.81211],[101.83055,2.81215],[101.83059,2.81224],[101.83061,2.81225],[101.83061,2.81229],[101.83065,2.81229],[101.83074,2.81235],[101.83076,2.81243],[101.83071,2.81251],[101.83074,2.81259],[101.83072,2.81263],[101.83072,2.81272],[101.83069,2.81285],[101.8307,2.81302],[101.83071,2.81317],[101.83073,2.81331],[101.83077,2.81341],[101.83073,2.8135],[101.83074,2.81357],[101.83081,2.81364],[101.83089,2.81375],[101.83088,2.81398],[101.83087,2.81419],[101.83086,2.81436],[101.83086,2.81448],[101.83083,2.81457],[101.83079,2.81459],[101.83076,2.81455],[101.83073,2.81441],[101.83069,2.81434],[101.83058,2.81432],[101.83037,2.81443],[101.83024,2.81454],[101.8301,2.81462],[101.82993,2.81477],[101.82989,2.81486],[101.82988,2.81492],[101.82991,2.81508],[101.82992,2.81524],[101.82989,2.81528],[101.82985,2.81529],[101.82977,2.81528],[101.82969,2.81523],[101.82956,2.81521],[101.82946,2.8152],[101.82937,2.81526],[101.82928,2.81533],[101.82914,2.81534],[101.82905,2.81532],[101.829,2.81524]]}},{"type":"Feature","properties":{"name":null,"waterway":"canal"},"geometry":{"type":"LineString","coordinates":[[101.69433,3.18907],[101.69444,3.18874]]}},{"type":"Feature","properties":{"name":null,"waterway":"canal"},"geometry":{"type":"LineString","coordinates":[[101.57545,3.15939],[101.5757,3.15888],[101.57592,3.15846],[101.57619,3.15792],[101.57637,3.15754],[101.5765,3.1573],[101.57667,3.15694],[101.57675,3.15681],[101.57678,3.15631],[101.57679,3.15611],[101.5768,3.15592],[101.57684,3.15571]]}},{"type":"Feature","properties":{"name":"Sungai Beting","waterway":"river"},"geometry":{"type":"LineString","coordinates":[[101.40467,2.98735],[101.40452,2.98738],[101.40431,2.98745],[101.40419,2.98753],[101.40407,2.98757],[101.40387,2.98761],[101.4037,2.98761],[101.40342,2.98768],[101.40314,2.98788],[101.40308,2.988],[101.40296,2.98812],[101.40272,2.98824]]}},{"type":"Feature","properties":{"name":"Sungai Kedondong","waterway":"river"},"geometry":{"type":"LineString","coordinates":[[101.5529,3.18078],[101.55254,3.18096],[101.55218,3.18108],[101.55182,3.18119],[101.55146,3.18138],[101.55106,3.18171],[101.55084,3.1819],[101.55063,3.18202],[101.55052,3.18209],[101.55027,3.18229],[101.55013,3.18236],[101.54993,3.18242],[101.54977,3.18253],[101.54959,3.18276],[101.54935,3.18292],[101.54887,3.18315],[101.54841,3.18333],[101.54766,3.18367],[101.54738,3.18376],[101.54721,3.18378],[101.54703,3.18385],[101.5469,3.18394],[101.54676,3.18396],[101.54659,3.18392],[101.54638,3.1839],[101.54618,3.18389],[101.54602,3.18395],[101.54587,3.18404],[101.54566,3.18413],[101.54535,3.18436],[101.54521,3.1846],[101.54507,3.18494],[101.54496,3.18517],[101.54484,3.18534],[101.54466,3.18551],[101.5445,3.18564],[101.54435,3.18573],[101.54433,3.18577],[101.54434,3.18582],[101.54433,3.1859],[101.54428,3.18608],[101.54421,3.18624],[101.54408,3.18649],[101.54395,3.18646],[101.54385,3.18648],[101.54372,3.18656],[101.54357,3.1867],[101.54339,3.18714],[101.54322,3.18746],[101.54319,3.18803],[101.54315,3.18828],[101.54308,3.18839],[101.54296,3.1885],[101.54291,3.18851],[101.54268,3.18851],[101.54258,3.18854],[101.54245,3.18857],[101.54234,3.18864],[101.54229,3.18872],[101.54228,3.18878],[101.54226,3.18881],[101.54222,3.18885],[101.54218,3.18886],[101.54215,3.18889],[101.54213,3.18899],[101.54204,3.18907],[101.54181,3.1892],[101.54172,3.18935],[101.54171,3.18946],[101.54173,3.18957],[101.54182,3.18974],[101.54189,3.18993],[101.54183,3.19014],[101.54168,3.19039],[101.54157,3.19053],[101.54124,3.1908],[101.54111,3.19087],[101.54056,3.19123],[101.54033,3.19153],[101.54017,3.19171],[101.54003,3.19201],[101.53993,3.19213],[101.53973,3.19227],[101.53947,3.19241],[101.53849,3.1926],[101.5384,3.19264],[101.53832,3.19274],[101.5382,3.19299],[101.53808,3.19316],[101.53797,3.19325],[101.53784,3.19332],[101.53767,3.19332],[101.53753,3.19329],[101.53738,3.19323],[101.5373,3.19324],[101.53719,3.1933],[101.53683,3.19365],[101.53674,3.19374],[101.53658,3.19401],[101.53647,3.1941],[101.53629,3.19423],[101.53596,3.19434],[101.5357,3.19444],[101.53546,3.19448],[101.53501,3.19447],[101.5347,3.19443],[101.53405,3.19429],[101.53377,3.19427],[101.53296,3.19448],[101.53282,3.19459],[101.53269,3.1949],[101.5326,3.19503],[101.53255,3.19517],[101.53247,3.19546],[101.53246,3.19581],[101.53254,3.19595],[101.53271,3.19607],[101.53276,3.19623]]}},{"type":"Feature","properties":{"name":"Sungai Long","waterway":"river"},"geometry":{"type":"LineString","coordinates":[[101.81343,3.0629],[101.81337,3.06286],[101.81335,3.06278],[101.81333,3.06269],[101.81326,3.06258],[101.81319,3.06243],[101.81317,3.06223],[101.81314,3.06203],[101.81299,3.06179],[101.81258,3.06135]]}},{"type":"Feature","properties":{"name":"Sungai Long","waterway":"river"},"geometry":{"type":"LineString","coordinates":[[101.81258,3.06135],[101.81242,3.0612]]}},{"type":"Feature","properties":{"name":null,"waterway":"canal"},"geometry":{"type":"LineString","coordinates":[[101.69784,2.94108],[101.69884,2.94208]]}},{"type":"Feature","properties":{"name":"Sungai Sekamat","waterway":"river"},"geometry":{"type":"LineString","coordinates":[[101.82976,3.05717],[101.82836,3.0542]]}},{"type":"Feature","properties":{"name":"Sungai Penchala","waterway":"river"},"geometry":{"type":"LineString","coordinates":[[101.63079,3.13227],[101.6307,3.13217],[101.6307,3.13139],[101.63053,3.13125],[101.63013,3.13102],[101.63001,3.13057]]}},{"type":"Feature","properties":{"name":"Sungai Penchala","waterway":"river"},"geometry":{"type":"LineString","coordinates":[[101.63182,3.13608],[101.63185,3.13588],[101.63183,3.13578],[101.63178,3.1357],[101.63149,3.13529],[101.63131,3.13509],[101.63093,3.13478],[101.63088,3.13472],[101.63084,3.13467],[101.63083,3.13457],[101.63083,3.1326],[101.63083,3.13244],[101.63079,3.13227]]}},{"type":"Feature","properties":{"name":"Sungai Tambul","waterway":"river"},"geometry":{"type":"LineString","coordinates":[[101.57717,3.15589],[101.57694,3.15578]]}},{"type":"Feature","properties":{"name":"Sungai Tambul","waterway":"river"},"geometry":{"type":"LineString","coordinates":[[101.57743,3.15602],[101.57717,3.15589]]}},{"type":"Feature","properties":{"name":"Sungai Hampar","waterway":"river"},"geometry":{"type":"LineString","coordinates":[[101.59246,3.18709],[101.58995,3.18878]]}},{"type":"Feature","properties":{"name":"Sungai Hampar","waterway":"river"},"geometry":{"type":"LineString","coordinates":[[101.59548,3.18632],[101.59537,3.18628],[101.59525,3.18625],[101.59519,3.18624],[101.59514,3.18625],[101.5949,3.18631],[101.59479,3.18633],[101.59472,3.18635],[101.59463,3.1864],[101.59456,3.18642],[101.59446,3.18643],[101.59437,3.18646],[101.59423,3.18651],[101.59412,3.18655],[101.59396,3.18662],[101.59387,3.18666],[101.59375,3.18668],[101.59362,3.18669],[101.59356,3.1867],[101.59334,3.18678],[101.59317,3.18683],[101.59297,3.18689],[101.59279,3.18695],[101.59257,3.187],[101.59246,3.18709]]}},{"type":"Feature","properties":{"name":"Sungai Pelampas","waterway":"river"},"geometry":{"type":"LineString","coordinates":[[101.52138,3.15325],[101.52209,3.15382]]}},{"type":"Feature","properties":{"name":"Sungai Pelampas","waterway":"river"},"geometry":{"type":"LineString","coordinates":[[101.50932,3.14854],[101.50929,3.14872],[101.5093,3.14876],[101.50958,3.14905],[101.50979,3.14921],[101.50995,3.14942],[101.51062,3.1501],[101.51071,3.15015],[101.51113,3.15022],[101.51124,3.15021],[101.51181,3.1502],[101.51247,3.1502],[101.51294,3.15029],[101.51309,3.15028],[101.51354,3.15017],[101.51362,3.15018],[101.51408,3.15042],[101.51418,3.15046],[101.51597,3.15042],[101.51808,3.15044],[101.51821,3.1505],[101.51828,3.15056],[101.51854,3.15094],[101.51944,3.1517],[101.51989,3.15194],[101.5201,3.15203],[101.52014,3.15211],[101.52015,3.15216],[101.52019,3.15222],[101.52026,3.15223],[101.52035,3.15224],[101.52047,3.15229],[101.52061,3.15254],[101.52077,3.15265],[101.52086,3.15279],[101.52138,3.15325]]}},{"type":"Feature","properties":{"name":"Sungai Sementa Kechil","waterway":"river"},"geometry":{"type":"LineString","coordinates":[[101.37588,3.07128],[101.37583,3.07114],[101.37577,3.07093],[101.3757,3.07056],[101.3754,3.07029],[101.3753,3.07017],[101.37516,3.06966],[101.37506,3.06949],[101.37491,3.06935],[101.37454,3.06914],[101.37419,3.06904],[101.37404,3.06891],[101.37395,3.06872],[101.37396,3.06812],[101.37386,3.06789],[101.37371,3.06771],[101.37335,3.06748],[101.3728,3.06732],[101.37243,3.06731],[101.37204,3.06732],[101.37183,3.06739],[101.37152,3.06769],[101.3712,3.06798],[101.36925,3.06844],[101.36838,3.06851],[101.36755,3.06886],[101.36715,3.06924],[101.36655,3.07051],[101.36639,3.07069],[101.36626,3.07078],[101.36611,3.07085],[101.36587,3.07089],[101.36571,3.07087],[101.36556,3.07082],[101.36535,3.07069],[101.36509,3.07034],[101.36478,3.07003],[101.36441,3.06977],[101.36414,3.06962],[101.36385,3.06951],[101.36372,3.06949],[101.36359,3.0695],[101.36341,3.06956],[101.36324,3.06969],[101.36316,3.06981],[101.36311,3.06995],[101.36308,3.07027],[101.36307,3.0704],[101.36315,3.07083],[101.36322,3.07149],[101.36323,3.07211],[101.36322,3.07231],[101.3632,3.07239],[101.36314,3.07256],[101.363,3.07279],[101.36287,3.07292],[101.36263,3.07305],[101.36246,3.07311],[101.36219,3.07312],[101.36202,3.0731],[101.36173,3.07307],[101.36146,3.07297],[101.36128,3.07293],[101.36091,3.07281],[101.36055,3.07266],[101.36021,3.07248],[101.35997,3.07232]]}},{"type":"Feature","properties":{"name":"Sungai Pagoh","waterway":"river"},"geometry":{"type":"LineString","coordinates":[[101.88899,3.17447],[101.88895,3.17441]]}},{"type":"Feature","properties":{"name":"Sungai Pagoh","waterway":"river"},"geometry":{"type":"LineString","coordinates":[[101.88945,3.17539],[101.88923,3.1751],[101.88928,3.1747],[101.88925,3.17458],[101.88918,3.17453],[101.88899,3.17447]]}},{"type":"Feature","properties":{"name":"Sungai Pagoh","waterway":"river"},"geometry":{"type":"LineString","coordinates":[[101.88748,3.17354],[101.88743,3.17344],[101.88716,3.17288],[101.8868,3.17208],[101.88642,3.17131],[101.88629,3.17072],[101.88623,3.17037],[101.88607,3.17],[101.88607,3.16986],[101.88611,3.16937],[101.88609,3.16844],[101.88591,3.1679]]}},{"type":"Feature","properties":{"name":"Sungai Pagoh","waterway":"river"},"geometry":{"type":"LineString","coordinates":[[101.88748,3.17364],[101.88748,3.17354]]}},{"type":"Feature","properties":{"name":"Sungai Pagoh","waterway":"river"},"geometry":{"type":"LineString","coordinates":[[101.89482,3.18824],[101.8942,3.18721],[101.89384,3.186],[101.89361,3.18484],[101.89327,3.18424],[101.89253,3.18344],[101.89226,3.18294],[101.89161,3.18247],[101.89052,3.18192],[101.88987,3.18106],[101.88952,3.18065],[101.88893,3.18028],[101.88875,3.18001],[101.88864,3.1795],[101.88884,3.17867],[101.88883,3.1782],[101.88871,3.17758],[101.88883,3.17705],[101.88927,3.1764],[101.88945,3.17592],[101.88945,3.17539]]}},{"type":"Feature","properties":{"name":"Sungai Pagoh","waterway":"river"},"geometry":{"type":"LineString","coordinates":[[101.88895,3.17441],[101.88878,3.17417],[101.88849,3.17399],[101.88816,3.1739],[101.88797,3.17395],[101.88793,3.17401],[101.88784,3.17404],[101.88766,3.17403],[101.8876,3.17394],[101.88753,3.17379],[101.88748,3.17364]]}},{"type":"Feature","properties":{"name":"Sungai Chinarek","waterway":"river"},"geometry":{"type":"LineString","coordinates":[[101.88192,3.1629],[101.88184,3.163]]}},{"type":"Feature","properties":{"name":"Sungai Chinarek","waterway":"river"},"geometry":{"type":"LineString","coordinates":[[101.88391,3.15676],[101.88387,3.15712],[101.88387,3.15733],[101.88395,3.15751],[101.88411,3.15773],[101.88412,3.15792],[101.88402,3.15808],[101.88385,3.15821],[101.88382,3.15837],[101.88373,3.15848],[101.88365,3.15875],[101.88335,3.15902],[101.88315,3.15937],[101.88292,3.1598],[101.8829,3.16031],[101.88286,3.16114],[101.88254,3.1621],[101.88192,3.1629]]}},{"type":"Feature","properties":{"name":"Sungai Chinarek","waterway":"river"},"geometry":{"type":"LineString","coordinates":[[101.88184,3.163],[101.88174,3.16314],[101.88163,3.16318],[101.88159,3.16331],[101.88148,3.16341],[101.88147,3.16348],[101.88149,3.16358],[101.88143,3.16377],[101.88127,3.16392],[101.88118,3.16413],[101.88103,3.16428],[101.88099,3.16442],[101.88094,3.16451],[101.88072,3.16463],[101.88051,3.16482],[101.88025,3.16503],[101.87993,3.16516],[101.87954,3.16532],[101.87934,3.16536]]}},{"type":"Feature","properties":{"name":"Sungai Tuntung","waterway":"river"},"geometry":{"type":"LineString","coordinates":[[101.89579,3.15062],[101.89565,3.15067],[101.89552,3.15079],[101.89541,3.15092],[101.89535,3.15094],[101.89524,3.15091],[101.89508,3.15091],[101.89495,3.15101],[101.8949,3.15117],[101.89492,3.15134],[101.89478,3.1515],[101.89434,3.15162],[101.89415,3.15176],[101.89391,3.15189],[101.89379,3.15192],[101.89365,3.15197],[101.89347,3.1521],[101.89336,3.15227],[101.89333,3.15244],[101.89327,3.15255],[101.89327,3.15272],[101.89328,3.15297],[101.8933,3.15307],[101.89325,3.15318],[101.89312,3.15329]]}},{"type":"Feature","properties":{"name":"Sungai Tuntung","waterway":"river"},"geometry":{"type":"LineString","coordinates":[[101.89587,3.15059],[101.89579,3.15062]]}},{"type":"Feature","properties":{"name":"Sungai Semenyih","waterway":"river"},"geometry":{"type":"LineString","coordinates":[[101.92412,3.09335],[101.92407,3.09391],[101.92385,3.0943],[101.92353,3.09436],[101.92322,3.09433],[101.92279,3.09453],[101.92241,3.09471],[101.92191,3.09511],[101.92176,3.09534],[101.92157,3.09538],[101.92125,3.09537],[101.92093,3.09557],[101.92074,3.0957],[101.92046,3.09586],[101.92032,3.09591],[101.92014,3.0959],[101.92001,3.0958],[101.91987,3.09568],[101.9198,3.09566],[101.91974,3.09568],[101.91968,3.09575],[101.91949,3.0958],[101.91924,3.09582],[101.91801,3.09656],[101.91624,3.0966],[101.91195,3.09418],[101.90507,3.09575],[101.90238,3.09636],[101.88589,3.07827],[101.88436,3.07659]]}},{"type":"Feature","properties":{"name":"Sungai Semenyih","waterway":"river"},"geometry":{"type":"LineString","coordinates":[[101.88313,3.07527],[101.88247,3.07457],[101.88235,3.07451],[101.88219,3.07419],[101.88201,3.07362],[101.88195,3.07353],[101.88189,3.07334],[101.88183,3.07307],[101.88181,3.07292],[101.88176,3.07258],[101.88161,3.07093],[101.88139,3.06944],[101.88135,3.0693],[101.88082,3.06831],[101.88026,3.0682],[101.87992,3.06799],[101.87994,3.06788],[101.8797,3.06728],[101.87949,3.06706],[101.87933,3.06682],[101.87919,3.06673],[101.87864,3.06661],[101.87855,3.06658]]}},{"type":"Feature","properties":{"name":"Sungai Semenyih","waterway":"river"},"geometry":{"type":"LineString","coordinates":[[101.88436,3.07659],[101.88313,3.07527]]}},{"type":"Feature","properties":{"name":"Sungai Lanjut","waterway":"river"},"geometry":{"type":"LineString","coordinates":[[101.90476,3.06828],[101.90401,3.06788],[101.90353,3.06757],[101.90295,3.06751],[101.9021,3.06783],[101.90164,3.06799],[101.90133,3.06809],[101.90085,3.06825],[101.90033,3.06858],[101.89983,3.06868],[101.89972,3.06882],[101.89969,3.06945],[101.89696,3.07072],[101.88589,3.07827]]}},{"type":"Feature","properties":{"name":"Sungai Lalang","waterway":"river"},"geometry":{"type":"LineString","coordinates":[[101.88111,2.99797],[101.88094,2.99791],[101.8808,2.99786],[101.88073,2.9978],[101.88071,2.99771],[101.88066,2.99756],[101.88053,2.99742],[101.88039,2.9973],[101.88026,2.99719],[101.88014,2.99711],[101.88003,2.99704],[101.87994,2.99699],[101.87973,2.99692],[101.87959,2.99684],[101.87952,2.99681],[101.87945,2.99676],[101.87939,2.99669],[101.87934,2.99665],[101.87927,2.99663],[101.87919,2.99662],[101.87912,2.99663],[101.87905,2.99665],[101.87901,2.99667],[101.87895,2.99667],[101.87891,2.99667],[101.87888,2.99664],[101.87887,2.9966],[101.87886,2.99655],[101.87886,2.99648],[101.87884,2.99642],[101.87881,2.99639],[101.87877,2.99637],[101.87872,2.99639],[101.87868,2.99639],[101.87864,2.99637],[101.87861,2.99632],[101.87863,2.99626],[101.87867,2.99622],[101.87871,2.9962],[101.87872,2.99616],[101.87872,2.99611],[101.8787,2.99605],[101.87864,2.99592],[101.87861,2.99588],[101.87857,2.99586],[101.87854,2.99586],[101.87849,2.99588],[101.87845,2.9959],[101.87842,2.99591],[101.87837,2.99589],[101.87829,2.99585],[101.87821,2.9958],[101.87815,2.99577],[101.87811,2.99577],[101.87809,2.99578],[101.87807,2.99581],[101.87808,2.99583],[101.87809,2.99587],[101.87808,2.9959],[101.87805,2.99594],[101.87799,2.99596],[101.87793,2.99597],[101.87789,2.99597],[101.87785,2.99598],[101.87781,2.99603],[101.87781,2.99607],[101.87781,2.99612],[101.87779,2.99617],[101.87771,2.99621],[101.8776,2.99623],[101.87749,2.99623],[101.87743,2.99624],[101.87731,2.99625],[101.87725,2.99624],[101.87711,2.99619],[101.87701,2.99616],[101.8769,2.99616],[101.87681,2.99617],[101.87666,2.99615],[101.87645,2.99612],[101.8763,2.99605],[101.8762,2.99602],[101.87611,2.99602],[101.87583,2.996],[101.8756,2.99598],[101.87542,2.99592],[101.87517,2.99588],[101.87479,2.99584],[101.87471,2.99582],[101.87467,2.99578],[101.87463,2.99575],[101.87459,2.99575],[101.87453,2.99577],[101.87444,2.99577],[101.87436,2.99574],[101.87426,2.99568],[101.8742,2.99561]]}},{"type":"Feature","properties":{"name":"Sungai Lalang","waterway":"river"},"geometry":{"type":"LineString","coordinates":[[101.88123,2.99801],[101.88111,2.99797]]}},{"type":"Feature","properties":{"name":null,"waterway":"river"},"geometry":{"type":"LineString","coordinates":[[101.89535,3.01026],[101.89544,3.01022]]}},{"type":"Feature","properties":{"name":null,"waterway":"river"},"geometry":{"type":"LineString","coordinates":[[101.89544,3.01022],[101.89553,3.01018],[101.89568,3.01007],[101.89581,3.00998],[101.89586,3.00996],[101.89589,3.00996],[101.89595,3.00994],[101.89598,3.00991]]}},{"type":"Feature","properties":{"name":null,"waterway":"river"},"geometry":{"type":"LineString","coordinates":[[101.89598,3.00991],[101.89597,3.00985]]}},{"type":"Feature","properties":{"name":null,"waterway":"river"},"geometry":{"type":"LineString","coordinates":[[101.89597,3.00985],[101.89596,3.00976],[101.89596,3.00968],[101.89598,3.00958],[101.89601,3.00955],[101.89607,3.00953],[101.89614,3.00951],[101.89618,3.00948],[101.8962,3.00945],[101.89628,3.0094],[101.89632,3.00939],[101.89637,3.00938],[101.89641,3.00935],[101.89644,3.00932],[101.89648,3.00931],[101.89657,3.00927],[101.89668,3.0092],[101.89673,3.00913],[101.89675,3.00907],[101.89676,3.009],[101.89676,3.00889],[101.89678,3.00878],[101.8968,3.00867],[101.89684,3.00859],[101.89686,3.00853]]}},{"type":"Feature","properties":{"name":"Sungai Lalang","waterway":"river"},"geometry":{"type":"LineString","coordinates":[[101.90554,3.0152],[101.90543,3.01528],[101.90525,3.0154],[101.9051,3.01549],[101.90498,3.01554],[101.90487,3.01555],[101.90469,3.01555],[101.90458,3.01552],[101.90445,3.01547],[101.90433,3.01537],[101.90424,3.01531],[101.90412,3.01525],[101.90392,3.01517],[101.90371,3.01514],[101.90342,3.01506],[101.90323,3.01501],[101.90299,3.0149],[101.90287,3.01481],[101.90281,3.01478],[101.90271,3.01475],[101.90261,3.01475],[101.90255,3.01476],[101.90246,3.01483],[101.90239,3.01488],[101.90226,3.01492],[101.90217,3.0149],[101.90211,3.01483],[101.90206,3.01482],[101.90197,3.01482],[101.90191,3.01484],[101.90183,3.01481],[101.90167,3.01474],[101.90158,3.01472],[101.90144,3.01467],[101.9013,3.01463],[101.90117,3.0146],[101.90102,3.01462],[101.90091,3.0146],[101.90068,3.01452],[101.90056,3.0144],[101.90042,3.0142],[101.90031,3.01399],[101.90025,3.01383],[101.90022,3.01374],[101.90018,3.01368],[101.90012,3.01358],[101.90003,3.01344],[101.89998,3.01334],[101.8999,3.01324],[101.89989,3.01316],[101.89979,3.01294],[101.89962,3.0128],[101.89953,3.01263],[101.8992,3.01239],[101.899,3.01211],[101.89889,3.01187],[101.89878,3.01158],[101.89874,3.01147],[101.89869,3.01139],[101.89865,3.01127],[101.89859,3.01114],[101.89854,3.01107],[101.89834,3.01087],[101.89805,3.01047],[101.89782,3.01014],[101.89755,3.00979],[101.89732,3.00952],[101.89716,3.00935],[101.89702,3.00916],[101.89695,3.00906],[101.89694,3.00893],[101.89695,3.00882],[101.89693,3.0087],[101.8969,3.00864],[101.89686,3.00853],[101.89683,3.00844],[101.8968,3.00835],[101.89675,3.00828],[101.89671,3.00825],[101.89667,3.00823],[101.89666,3.00817],[101.89665,3.00812],[101.89662,3.00806],[101.89655,3.00799],[101.89648,3.00791],[101.89645,3.00785],[101.89641,3.0078],[101.8964,3.00775],[101.89636,3.00771],[101.8963,3.00761],[101.89626,3.00758],[101.89624,3.00755],[101.8962,3.00749],[101.89617,3.00743],[101.89614,3.0074],[101.8961,3.00736],[101.89604,3.00731],[101.89597,3.00722],[101.89594,3.00713],[101.89589,3.00704],[101.89584,3.00697],[101.89579,3.0069],[101.89577,3.00686],[101.89574,3.00681],[101.89567,3.00673],[101.8956,3.00667],[101.89552,3.0066],[101.89548,3.00655],[101.89544,3.00648],[101.89541,3.00641],[101.89536,3.00634],[101.89529,3.00629],[101.89524,3.00625],[101.89521,3.00619],[101.89517,3.00616],[101.89512,3.00614],[101.89506,3.00612],[101.89497,3.00609],[101.89494,3.00607],[101.8949,3.00602],[101.89487,3.00598],[101.89481,3.00596],[101.89476,3.00596],[101.89473,3.00598],[101.8947,3.00599],[101.89466,3.00596],[101.8946,3.00593],[101.89457,3.00587],[101.89457,3.0058],[101.89459,3.00575],[101.89458,3.00568],[101.89457,3.00563],[101.89454,3.00559],[101.89451,3.00554],[101.8945,3.00547],[101.89448,3.00543],[101.89445,3.00538],[101.89444,3.00529],[101.89441,3.00523],[101.89434,3.00521],[101.89427,3.00516],[101.89425,3.00512],[101.8942,3.00502],[101.89414,3.00496],[101.89399,3.00488],[101.89384,3.00482],[101.89363,3.00475],[101.89351,3.0047],[101.89342,3.00466],[101.89331,3.00461],[101.89317,3.00455],[101.89296,3.00449],[101.89264,3.00446],[101.89241,3.00447],[101.89226,3.00449],[101.89224,3.00453],[101.89223,3.00458],[101.89219,3.00461],[101.89212,3.00461],[101.89203,3.00459],[101.89199,3.00456],[101.89194,3.00447],[101.89187,3.0044],[101.89179,3.00436],[101.89162,3.00427],[101.8915,3.00417],[101.89143,3.00408],[101.89133,3.00398],[101.89121,3.00391],[101.89109,3.00379],[101.89076,3.0036],[101.89059,3.0035],[101.89039,3.0034],[101.89029,3.00335],[101.88998,3.0032],[101.88985,3.00312],[101.88968,3.00299],[101.8895,3.00282],[101.88948,3.00272],[101.88948,3.00257],[101.88942,3.0023],[101.88931,3.00218],[101.88917,3.00205],[101.88912,3.00199],[101.88907,3.0019],[101.88901,3.00176],[101.88898,3.00168],[101.88895,3.00162],[101.8889,3.00157],[101.88886,3.00155],[101.8888,3.00152],[101.88876,3.00148],[101.88866,3.00135],[101.8886,3.00125],[101.88857,3.00117],[101.88858,3.00107],[101.88858,3.00102],[101.88853,3.00096],[101.88846,3.00092],[101.88845,3.00088],[101.88846,3.00082],[101.88849,3.00076],[101.88849,3.00069],[101.88846,3.00064],[101.88843,3.0006],[101.88841,3.00053],[101.88839,3.00043],[101.88838,3.00036],[101.88835,3.0003],[101.88831,3.00025],[101.88827,3.00023],[101.88823,3.00024],[101.88821,3.00028],[101.88823,3.00032],[101.88824,3.00035],[101.88821,3.00038],[101.88816,3.0004],[101.88812,3.00039],[101.88806,3.00036],[101.88804,3.0003],[101.88804,3.00025],[101.88806,3.00019],[101.88806,3.00013],[101.88802,3.00007],[101.88796,3.00001],[101.88791,2.99996],[101.88783,2.99995],[101.88771,2.99991],[101.88759,2.99982],[101.8875,2.9997],[101.88745,2.99957],[101.88741,2.99945],[101.88735,2.99939],[101.88731,2.99938],[101.88727,2.99941],[101.88725,2.99946],[101.88724,2.99956],[101.88722,2.99961],[101.88717,2.99967],[101.88713,2.99972],[101.8871,2.99976],[101.88708,2.99979],[101.88701,2.9998],[101.88696,2.99977],[101.8869,2.99971],[101.8869,2.9996],[101.88691,2.99948],[101.88692,2.99942],[101.88687,2.9994],[101.88682,2.99941],[101.8867,2.99945],[101.8866,2.99947],[101.88655,2.99946],[101.88653,2.99941],[101.88655,2.99936],[101.88658,2.99927],[101.88659,2.9992],[101.88657,2.99914],[101.88653,2.99912],[101.88643,2.99914],[101.88638,2.99913],[101.88627,2.99912],[101.88615,2.99913],[101.88609,2.99912],[101.88602,2.99911],[101.88597,2.99911],[101.88591,2.9991],[101.88585,2.99908],[101.88581,2.99906],[101.88577,2.99906],[101.88572,2.99906],[101.88569,2.99906],[101.88566,2.99904],[101.8856,2.99905],[101.88556,2.99905],[101.8855,2.99903],[101.88547,2.99902],[101.88541,2.99902],[101.88536,2.99903],[101.88522,2.99905],[101.88509,2.99906],[101.88498,2.99907],[101.88489,2.99905],[101.88484,2.99904],[101.88481,2.999],[101.88475,2.99894],[101.88468,2.9989],[101.8846,2.99886],[101.88453,2.99886],[101.88444,2.99887],[101.88434,2.99893],[101.88428,2.99896],[101.88425,2.999],[101.8842,2.99905],[101.88416,2.9991],[101.88413,2.99911],[101.8841,2.9991],[101.88406,2.99906],[101.884,2.99899],[101.88392,2.99894],[101.88387,2.99892],[101.8838,2.99891],[101.88376,2.99894],[101.88374,2.99898],[101.88373,2.99904],[101.88372,2.99911],[101.88369,2.99914],[101.88363,2.99915],[101.88358,2.99913],[101.88355,2.99909],[101.88354,2.99903],[101.88353,2.99897],[101.88351,2.99892],[101.88347,2.99889],[101.88342,2.99889],[101.88336,2.9989],[101.8833,2.99893],[101.88328,2.99897],[101.88329,2.99901],[101.88329,2.99905],[101.88327,2.99908],[101.88323,2.99909],[101.88318,2.99908],[101.88312,2.99906],[101.88302,2.99906],[101.88294,2.99908],[101.88287,2.99916],[101.88277,2.99919],[101.88255,2.99918],[101.88233,2.99916],[101.8821,2.9991],[101.88188,2.99905],[101.88168,2.999],[101.88155,2.99898],[101.88147,2.99892],[101.88145,2.9988],[101.88143,2.99866],[101.88144,2.99856],[101.8815,2.99846],[101.88152,2.99838],[101.88146,2.99825],[101.88135,2.99813],[101.88131,2.99806],[101.88123,2.99801]]}},{"type":"Feature","properties":{"name":"Sungai Kacau","waterway":"river"},"geometry":{"type":"LineString","coordinates":[[101.89002,2.99904],[101.88997,2.9991],[101.88988,2.99913],[101.88985,2.99914],[101.88985,2.99917],[101.88983,2.99919],[101.88977,2.9992],[101.8897,2.99918],[101.88967,2.99919],[101.88965,2.99921],[101.88966,2.99922],[101.88975,2.99933],[101.88975,2.99937],[101.88973,2.9994],[101.88967,2.99942],[101.8896,2.99943],[101.88959,2.99945],[101.8896,2.99948],[101.88964,2.99952],[101.88965,2.99957],[101.88969,2.99961],[101.88972,2.99965],[101.88972,2.99968],[101.8897,2.99974],[101.8897,2.99978],[101.88972,2.9998],[101.88973,2.99982],[101.88972,2.99985],[101.88967,2.99986],[101.88959,2.99986],[101.88954,2.99984],[101.88952,2.99984],[101.88949,2.99981],[101.88948,2.99978],[101.88947,2.99975],[101.88946,2.99973],[101.88944,2.99972],[101.88942,2.99972],[101.8894,2.99974],[101.88936,2.99975],[101.88934,2.99974],[101.88932,2.99971],[101.88932,2.99967],[101.88932,2.99962],[101.88932,2.99959],[101.8893,2.99957],[101.88928,2.99956],[101.88926,2.99957],[101.88922,2.99961],[101.88918,2.99962],[101.88916,2.99962],[101.88913,2.99959],[101.88913,2.99956],[101.88913,2.99954],[101.88911,2.99953],[101.88909,2.99954],[101.88904,2.99954],[101.88899,2.99954],[101.88891,2.99952],[101.88882,2.99948],[101.88872,2.99944],[101.88864,2.99943],[101.88854,2.99943],[101.8885,2.99945],[101.88848,2.99947],[101.88846,2.99951],[101.88843,2.99956],[101.88834,2.99961],[101.88819,2.99966],[101.88815,2.99971],[101.88812,2.9998],[101.88802,2.9999],[101.88791,2.99996]]}},{"type":"Feature","properties":{"name":"Sungai Kacau","waterway":"river"},"geometry":{"type":"LineString","coordinates":[[101.89006,2.99895],[101.89002,2.99904]]}},{"type":"Feature","properties":{"name":"Sungai Kacau","waterway":"river"},"geometry":{"type":"LineString","coordinates":[[101.90179,2.98966],[101.90173,2.98969],[101.90168,2.98974],[101.90165,2.98979],[101.90164,2.98981],[101.90163,2.98981],[101.90162,2.9898],[101.90161,2.98979],[101.9016,2.98974],[101.90154,2.98971],[101.90152,2.98969],[101.90152,2.98967],[101.90149,2.98965],[101.90142,2.98966],[101.90136,2.98968],[101.90134,2.98972],[101.90129,2.98986],[101.90119,2.99002],[101.90115,2.99005],[101.90113,2.99021],[101.90107,2.99031],[101.90115,2.99036],[101.90118,2.99043],[101.90112,2.99062],[101.90104,2.9908],[101.90093,2.99114],[101.9008,2.99147],[101.90078,2.99155],[101.90075,2.99158],[101.90074,2.99161],[101.90074,2.99162],[101.90077,2.99164],[101.90082,2.99169],[101.90084,2.99172],[101.90083,2.99175],[101.90079,2.99177],[101.90071,2.99183],[101.90065,2.992],[101.90061,2.99202],[101.90004,2.99211],[101.89976,2.99231],[101.89969,2.99241],[101.89973,2.99261],[101.89976,2.99269],[101.89974,2.99274],[101.89967,2.99278],[101.89944,2.99288],[101.89925,2.99305],[101.899,2.99312],[101.89867,2.99326],[101.89837,2.99346],[101.89812,2.99366],[101.89802,2.99385],[101.89795,2.99396],[101.89797,2.99405],[101.89785,2.99417],[101.89751,2.99432],[101.89725,2.99449],[101.8972,2.99456],[101.89723,2.99469],[101.89723,2.99476],[101.89718,2.99482],[101.89688,2.995],[101.89669,2.99513],[101.89644,2.99518],[101.89628,2.99513],[101.89591,2.99509],[101.89565,2.99504],[101.8954,2.9951],[101.8951,2.99524],[101.89483,2.99548],[101.89466,2.99555],[101.89457,2.99558],[101.89455,2.99561],[101.89456,2.99571],[101.89462,2.99582],[101.89461,2.99589],[101.89457,2.99595],[101.8944,2.99608],[101.89419,2.99619],[101.89384,2.99629],[101.89368,2.99632],[101.89353,2.9964],[101.8934,2.99645],[101.89272,2.99682],[101.89263,2.99694],[101.89256,2.99697],[101.89248,2.99706],[101.89238,2.99711],[101.89221,2.99716],[101.8921,2.99725],[101.89208,2.99728],[101.89206,2.99738],[101.89204,2.99741],[101.89197,2.99746],[101.89189,2.99752],[101.89184,2.99753],[101.8918,2.99757],[101.89178,2.99757],[101.89177,2.99756],[101.89175,2.99754],[101.89175,2.99751],[101.89173,2.99748],[101.89171,2.99745],[101.89168,2.99744],[101.89165,2.99745],[101.8916,2.99749],[101.89154,2.99751],[101.89151,2.99756],[101.89149,2.99762],[101.89146,2.99764],[101.89144,2.99763],[101.8914,2.99758],[101.89138,2.99757],[101.89136,2.99757],[101.89133,2.9976],[101.8913,2.9977],[101.89126,2.99773],[101.8912,2.99773],[101.89114,2.99773],[101.89111,2.99774],[101.89109,2.99778],[101.89105,2.99779],[101.89102,2.99778],[101.89095,2.99774],[101.8909,2.99774],[101.89086,2.99776],[101.89084,2.9978],[101.89085,2.99784],[101.89087,2.99786],[101.89091,2.99786],[101.89094,2.99788],[101.89096,2.99791],[101.89095,2.99794],[101.89094,2.99796],[101.89088,2.99797],[101.89084,2.99799],[101.89082,2.99804],[101.89077,2.99812],[101.89071,2.99817],[101.89055,2.99819],[101.89037,2.99816],[101.8903,2.99817],[101.89008,2.99826],[101.89005,2.99828],[101.89003,2.99832],[101.89,2.99833],[101.88996,2.99833],[101.88992,2.99832],[101.88988,2.99829],[101.8898,2.99832],[101.8897,2.99833],[101.88963,2.99837],[101.88962,2.99841],[101.88965,2.99846],[101.88969,2.99847],[101.88971,2.99849],[101.88973,2.99853],[101.88968,2.99857],[101.88968,2.99863],[101.8897,2.99866],[101.88978,2.99868],[101.88979,2.99872],[101.8898,2.99875],[101.88981,2.99878],[101.88983,2.99878],[101.88986,2.99876],[101.88989,2.99874],[101.88992,2.99874],[101.88998,2.99877],[101.89,2.9988],[101.89,2.99887],[101.89005,2.99891],[101.89006,2.99895]]}},{"type":"Feature","properties":{"name":"Sungai Perdek","waterway":"river"},"geometry":{"type":"LineString","coordinates":[[101.84362,3.19927],[101.84369,3.19918]]}},{"type":"Feature","properties":{"name":"Sungai Perdek","waterway":"river"},"geometry":{"type":"LineString","coordinates":[[101.84261,3.2002],[101.84271,3.20018],[101.84275,3.20014],[101.8428,3.20007],[101.84283,3.20002],[101.84283,3.19994],[101.84286,3.19984],[101.84296,3.19973],[101.84303,3.19965],[101.84311,3.19954],[101.84329,3.19941],[101.84341,3.19933],[101.84352,3.19928],[101.84362,3.19927]]}},{"type":"Feature","properties":{"name":"Sungai Perdek","waterway":"river"},"geometry":{"type":"LineString","coordinates":[[101.84369,3.19918],[101.84372,3.1991],[101.8437,3.19891],[101.84368,3.19865],[101.84363,3.19845],[101.84359,3.1982],[101.84369,3.19801],[101.84391,3.19783],[101.84406,3.19768],[101.84435,3.19761],[101.84462,3.19734],[101.84486,3.19701],[101.84533,3.19673],[101.84649,3.19496],[101.84664,3.19482],[101.84675,3.19458],[101.84683,3.1944],[101.84694,3.19432],[101.8471,3.19428]]}},{"type":"Feature","properties":{"name":"Sungai Gahal","waterway":"river"},"geometry":{"type":"LineString","coordinates":[[101.81348,3.1355],[101.81348,3.13544]]}},{"type":"Feature","properties":{"name":"Sungai Gahal","waterway":"river"},"geometry":{"type":"LineString","coordinates":[[101.81359,3.13887],[101.81346,3.13879],[101.81337,3.13872],[101.81332,3.13863],[101.81331,3.13855],[101.81326,3.1384],[101.81325,3.13821],[101.81322,3.138],[101.81319,3.13777],[101.81317,3.13749],[101.81317,3.13733],[101.81315,3.13718],[101.81313,3.1371],[101.81312,3.13705],[101.81314,3.13697],[101.81317,3.13691],[101.81326,3.13684],[101.81332,3.13678],[101.81334,3.13673],[101.81335,3.13666],[101.81337,3.13657],[101.81341,3.13647],[101.81342,3.13636],[101.81343,3.1363],[101.81343,3.1362],[101.81344,3.13611],[101.81346,3.13606],[101.8135,3.13599],[101.81352,3.13593],[101.81348,3.1355]]}},{"type":"Feature","properties":{"name":"Sungai Gahal","waterway":"river"},"geometry":{"type":"LineString","coordinates":[[101.81363,3.13892],[101.81359,3.13887]]}},{"type":"Feature","properties":{"name":"Sungai Gahal","waterway":"river"},"geometry":{"type":"LineString","coordinates":[[101.81378,3.13927],[101.81375,3.13919],[101.81363,3.13892]]}},{"type":"Feature","properties":{"name":"Sungai Gahal","waterway":"river"},"geometry":{"type":"LineString","coordinates":[[101.81381,3.13933],[101.81378,3.13927]]}},{"type":"Feature","properties":{"name":"Sungai Gahal","waterway":"river"},"geometry":{"type":"LineString","coordinates":[[101.81386,3.13953],[101.81383,3.13947],[101.81383,3.13941],[101.81381,3.13933]]}},{"type":"Feature","properties":{"name":"Sungai Gahal","waterway":"river"},"geometry":{"type":"LineString","coordinates":[[101.81389,3.13958],[101.81386,3.13953]]}},{"type":"Feature","properties":{"name":"Sungai Gahal","waterway":"river"},"geometry":{"type":"LineString","coordinates":[[101.81495,3.14528],[101.81492,3.1451],[101.81491,3.14496],[101.81486,3.14479],[101.81482,3.14463],[101.81478,3.14453],[101.81474,3.14442],[101.81472,3.14429],[101.81472,3.1441],[101.8147,3.14398],[101.81465,3.14384],[101.81462,3.14379],[101.81458,3.1437],[101.81455,3.14365],[101.81452,3.14359],[101.81443,3.14338],[101.81434,3.1431],[101.8143,3.14302],[101.81424,3.14287],[101.81419,3.14261],[101.81415,3.14229],[101.81407,3.14204],[101.81396,3.14187],[101.81392,3.14174],[101.81392,3.14157],[101.81391,3.14142],[101.81387,3.14129],[101.81382,3.14121],[101.81375,3.14115],[101.8137,3.14107],[101.81367,3.14093],[101.81362,3.14077],[101.8136,3.14065],[101.81358,3.1406],[101.81355,3.14056],[101.81355,3.14049],[101.81357,3.14044],[101.81361,3.14042],[101.81365,3.14042],[101.81368,3.14042],[101.81375,3.14036],[101.81391,3.14019],[101.81397,3.14009],[101.81399,3.14004],[101.81399,3.13998],[101.81396,3.13994],[101.81396,3.13986],[101.81394,3.13982],[101.81391,3.13975],[101.81392,3.1397],[101.81392,3.13969],[101.8139,3.13966],[101.81391,3.13962],[101.81389,3.13958]]}},{"type":"Feature","properties":{"name":"Sungai Gahal","waterway":"river"},"geometry":{"type":"LineString","coordinates":[[101.81497,3.14537],[101.81495,3.14528]]}},{"type":"Feature","properties":{"name":"Sungai Gahal","waterway":"river"},"geometry":{"type":"LineString","coordinates":[[101.81504,3.14562],[101.81505,3.14557],[101.81506,3.14552],[101.81503,3.14548],[101.81497,3.14537]]}},{"type":"Feature","properties":{"name":"Sungai Makau","waterway":"river"},"geometry":{"type":"LineString","coordinates":[[101.83262,3.11674],[101.83256,3.11674]]}},{"type":"Feature","properties":{"name":"Sungai Makau","waterway":"river"},"geometry":{"type":"LineString","coordinates":[[101.83359,3.1169],[101.83351,3.11685],[101.83345,3.1168],[101.83339,3.11678],[101.83331,3.11675],[101.83328,3.11672],[101.83322,3.11672],[101.83319,3.11674],[101.83314,3.11676],[101.83304,3.11677],[101.83296,3.11675],[101.83278,3.11672],[101.83262,3.11674]]}},{"type":"Feature","properties":{"name":"Sungai Makau","waterway":"river"},"geometry":{"type":"LineString","coordinates":[[101.83362,3.11691],[101.83359,3.1169]]}},{"type":"Feature","properties":{"name":"Sungai Makau","waterway":"river"},"geometry":{"type":"LineString","coordinates":[[101.836,3.12026],[101.83561,3.11989],[101.83509,3.11924],[101.83443,3.11878],[101.83434,3.1187],[101.83428,3.11852],[101.83431,3.11829],[101.83434,3.11802],[101.83416,3.11759],[101.83415,3.11747],[101.83401,3.11733],[101.83398,3.11724],[101.83396,3.11715],[101.83393,3.11708],[101.83385,3.11701],[101.83377,3.11696],[101.83362,3.11691]]}},{"type":"Feature","properties":{"name":"Sungai Makau","waterway":"river"},"geometry":{"type":"LineString","coordinates":[[101.83256,3.11674],[101.83241,3.11675],[101.83233,3.11672],[101.83226,3.11667],[101.83217,3.11658],[101.8321,3.11652],[101.832,3.11648],[101.83192,3.11646],[101.83179,3.1166],[101.83169,3.1169],[101.83166,3.117],[101.83162,3.11709],[101.83154,3.1171],[101.83146,3.11708],[101.83139,3.11702],[101.8313,3.11697],[101.8312,3.11691],[101.83111,3.11689],[101.83098,3.11691],[101.83086,3.11691],[101.83072,3.11682],[101.83059,3.1167],[101.83029,3.11657],[101.83021,3.11657],[101.83013,3.11661],[101.83005,3.11673],[101.82994,3.11685],[101.82984,3.11691],[101.8298,3.11694],[101.82976,3.11698],[101.82972,3.117],[101.82965,3.11699],[101.82961,3.11696],[101.82959,3.11693],[101.82959,3.11691],[101.82951,3.11686],[101.82947,3.11683],[101.82945,3.11676],[101.82943,3.1167],[101.82936,3.11665],[101.82922,3.11664]]}},{"type":"Feature","properties":{"name":"Sungai Tekali","waterway":"river"},"geometry":{"type":"LineString","coordinates":[[101.86549,3.11644],[101.86551,3.11642],[101.86558,3.11633],[101.86558,3.11622],[101.86552,3.11613],[101.86544,3.11608],[101.8653,3.11606],[101.86524,3.11596]]}},{"type":"Feature","properties":{"name":"Sungai Tekali","waterway":"river"},"geometry":{"type":"LineString","coordinates":[[101.86539,3.11645],[101.86549,3.11644]]}},{"type":"Feature","properties":{"name":"Sungai Muchok","waterway":"river"},"geometry":{"type":"LineString","coordinates":[[101.83024,3.11175],[101.83025,3.11199]]}},{"type":"Feature","properties":{"name":"Sungai Muchok","waterway":"river"},"geometry":{"type":"LineString","coordinates":[[101.83008,3.1094],[101.83,3.10962],[101.83024,3.11175]]}},{"type":"Feature","properties":{"name":"Sungai Muchok","waterway":"river"},"geometry":{"type":"LineString","coordinates":[[101.83025,3.11199],[101.82895,3.11411],[101.82894,3.11424],[101.82903,3.11442],[101.82912,3.1146],[101.82915,3.11472]]}},{"type":"Feature","properties":{"name":"Sungai Muchok","waterway":"river"},"geometry":{"type":"LineString","coordinates":[[101.83011,3.10925],[101.83008,3.1094]]}},{"type":"Feature","properties":{"name":"Sungai Muchok","waterway":"river"},"geometry":{"type":"LineString","coordinates":[[101.83156,3.10576],[101.8316,3.10588]]}},{"type":"Feature","properties":{"name":"Sungai Muchok","waterway":"river"},"geometry":{"type":"LineString","coordinates":[[101.83098,3.10355],[101.83093,3.10361],[101.83088,3.10367],[101.83084,3.10376],[101.83085,3.10387],[101.8309,3.10394],[101.83099,3.10401],[101.8311,3.10408],[101.83121,3.10411],[101.83134,3.10409],[101.83141,3.1041],[101.83146,3.10415],[101.83146,3.10423],[101.83143,3.10433],[101.83143,3.10443],[101.83147,3.10452],[101.83147,3.10462],[101.83147,3.10474],[101.83148,3.10489],[101.83149,3.10514],[101.8315,3.10541],[101.83153,3.10561],[101.83156,3.10576]]}},{"type":"Feature","properties":{"name":"Sungai Tekali","waterway":"river"},"geometry":{"type":"LineString","coordinates":[[101.86573,3.12294],[101.86556,3.12275],[101.86556,3.12257],[101.86561,3.12241],[101.86568,3.12226],[101.86563,3.12184],[101.86547,3.12143],[101.86528,3.12124],[101.8652,3.12112],[101.86514,3.12099],[101.86509,3.12084],[101.86509,3.12071],[101.86504,3.12063],[101.86496,3.12063],[101.86487,3.12064],[101.86479,3.12066],[101.86467,3.12065],[101.86459,3.12061],[101.86452,3.12053],[101.86451,3.12041],[101.86452,3.1202],[101.86453,3.12006],[101.86457,3.11996],[101.86463,3.11985],[101.86474,3.11975],[101.86483,3.11964],[101.86495,3.11947],[101.86511,3.11934],[101.86522,3.11928],[101.86527,3.11917]]}},{"type":"Feature","properties":{"name":"Sungai Tekali","waterway":"river"},"geometry":{"type":"LineString","coordinates":[[101.8658,3.12297],[101.86573,3.12294]]}},{"type":"Feature","properties":{"name":"Sungai Tekali","waterway":"river"},"geometry":{"type":"LineString","coordinates":[[101.86601,3.12322],[101.86594,3.12312],[101.8658,3.12297]]}},{"type":"Feature","properties":{"name":"Sungai Tekali","waterway":"river"},"geometry":{"type":"LineString","coordinates":[[101.86605,3.12328],[101.86601,3.12322]]}},{"type":"Feature","properties":{"name":"Sungai Tekali","waterway":"river"},"geometry":{"type":"LineString","coordinates":[[101.8678,3.13891],[101.86766,3.13889]]}},{"type":"Feature","properties":{"name":"Sungai Tekali","waterway":"river"},"geometry":{"type":"LineString","coordinates":[[101.86766,3.13889],[101.86724,3.13882],[101.86706,3.13873],[101.8669,3.13855],[101.86665,3.1383],[101.8665,3.13803],[101.86638,3.13764],[101.86638,3.13739],[101.86642,3.13735],[101.86649,3.13728],[101.86663,3.13723],[101.86672,3.13713],[101.86674,3.13697],[101.86677,3.13683],[101.86678,3.13668]]}},{"type":"Feature","properties":{"name":"Sungai Tekali","waterway":"river"},"geometry":{"type":"LineString","coordinates":[[101.86678,3.13668],[101.86684,3.13658]]}},{"type":"Feature","properties":{"name":null,"waterway":"river"},"geometry":{"type":"LineString","coordinates":[[101.87018,3.12296],[101.87004,3.1229]]}},{"type":"Feature","properties":{"name":null,"waterway":"river"},"geometry":{"type":"LineString","coordinates":[[101.86623,3.11872],[101.86614,3.11871],[101.8661,3.11861],[101.86611,3.11855],[101.86606,3.11845],[101.86594,3.11838],[101.86586,3.1184]]}},{"type":"Feature","properties":{"name":null,"waterway":"river"},"geometry":{"type":"LineString","coordinates":[[101.86632,3.11871],[101.86623,3.11872]]}},{"type":"Feature","properties":{"name":null,"waterway":"river"},"geometry":{"type":"LineString","coordinates":[[101.86573,3.11839],[101.86558,3.11832],[101.86551,3.11827]]}},{"type":"Feature","properties":{"name":null,"waterway":"river"},"geometry":{"type":"LineString","coordinates":[[101.86586,3.1184],[101.86573,3.11839]]}},{"type":"Feature","properties":{"name":null,"waterway":"river"},"geometry":{"type":"LineString","coordinates":[[101.87004,3.1229],[101.86982,3.12275],[101.86965,3.12261],[101.86957,3.12247],[101.86957,3.12227],[101.86968,3.12208],[101.86968,3.12195],[101.86947,3.12187],[101.86929,3.12169],[101.86915,3.12158],[101.86891,3.12153],[101.86873,3.12142],[101.86851,3.12114],[101.86842,3.12098],[101.86835,3.12083],[101.86819,3.12069],[101.86818,3.12051],[101.8681,3.12037],[101.86794,3.12025],[101.86785,3.1201],[101.86782,3.11989],[101.86779,3.11978],[101.86762,3.11975],[101.86744,3.1197],[101.8672,3.11951],[101.86715,3.11931],[101.86711,3.11925],[101.86705,3.11921],[101.86702,3.11915],[101.86693,3.11905],[101.86684,3.11888],[101.86673,3.11877],[101.86667,3.1187],[101.86658,3.11866],[101.86652,3.11869],[101.86646,3.1187],[101.86638,3.11869],[101.86632,3.11871]]}},{"type":"Feature","properties":{"name":"Sungai Tekali","waterway":"river"},"geometry":{"type":"LineString","coordinates":[[101.86684,3.13658],[101.8669,3.13651],[101.86695,3.13641],[101.86695,3.13629],[101.86697,3.13619],[101.86705,3.13605],[101.86708,3.13591],[101.86704,3.13575],[101.86694,3.13562],[101.86693,3.13543],[101.86699,3.13528],[101.86713,3.13523],[101.86727,3.13512],[101.86736,3.13494],[101.86739,3.1348],[101.86731,3.13468],[101.86728,3.13454],[101.86726,3.13435],[101.8672,3.13419],[101.86712,3.13407],[101.86701,3.13399],[101.86691,3.13389],[101.8669,3.13376],[101.86695,3.13365],[101.86699,3.13349],[101.86696,3.13336],[101.86689,3.13321],[101.86687,3.13309],[101.86678,3.1329],[101.86663,3.13278],[101.86656,3.13264],[101.86653,3.13252],[101.8665,3.13241],[101.86643,3.13229],[101.86628,3.13215],[101.86617,3.13206],[101.86613,3.13193],[101.86608,3.1317],[101.86609,3.13151],[101.86608,3.13139],[101.86604,3.1313],[101.866,3.1311],[101.86599,3.13091],[101.86595,3.13068],[101.86599,3.1305],[101.86606,3.13039],[101.86612,3.13025],[101.86614,3.13005],[101.86622,3.12992],[101.86631,3.1298],[101.86634,3.12969],[101.86633,3.12954],[101.8663,3.1294],[101.86628,3.12929],[101.86621,3.12917],[101.86621,3.12907],[101.86624,3.12902],[101.86626,3.12892],[101.86611,3.12865],[101.86601,3.12839],[101.86603,3.12822],[101.86609,3.12803],[101.86614,3.12783],[101.86625,3.12754],[101.86633,3.12738],[101.86632,3.1273],[101.8663,3.12709],[101.86618,3.12691],[101.86608,3.12683],[101.86605,3.12674],[101.86605,3.1266],[101.86608,3.12654],[101.86609,3.1263],[101.86613,3.1261],[101.86616,3.12571],[101.86612,3.12548],[101.86598,3.12521],[101.86592,3.12488],[101.86593,3.12452],[101.86591,3.12439],[101.86589,3.12427],[101.86589,3.12416],[101.86594,3.1239],[101.86595,3.12381],[101.86598,3.12368],[101.86605,3.12345],[101.86605,3.12328]]}},{"type":"Feature","properties":{"name":"Sungai Tekali","waterway":"river"},"geometry":{"type":"LineString","coordinates":[[101.86527,3.11917],[101.86529,3.11892],[101.86527,3.11883],[101.86527,3.11872],[101.86535,3.11866],[101.86543,3.11866],[101.86551,3.11865],[101.86552,3.11858],[101.86551,3.11827],[101.86551,3.11817],[101.86552,3.11809],[101.86549,3.11804],[101.86545,3.11796],[101.86543,3.11789],[101.86539,3.11784],[101.86535,3.11771],[101.86537,3.11758],[101.86546,3.11741],[101.8655,3.11727],[101.86549,3.11716],[101.86542,3.11703],[101.86532,3.11684],[101.86522,3.11662],[101.8652,3.11658],[101.86521,3.11655],[101.86522,3.11654],[101.86524,3.11651],[101.86523,3.11649],[101.86523,3.11647],[101.86526,3.11645],[101.86532,3.11644],[101.86539,3.11645]]}},{"type":"Feature","properties":{"name":"Sungai Muchok","waterway":"river"},"geometry":{"type":"LineString","coordinates":[[101.8316,3.10588],[101.83161,3.10604],[101.8316,3.10628],[101.83155,3.10644],[101.83148,3.10661],[101.83143,3.1067],[101.8314,3.10683],[101.83135,3.107],[101.83128,3.10719],[101.8312,3.10731],[101.83114,3.1074],[101.83107,3.10753],[101.83108,3.10763],[101.83107,3.10773],[101.83104,3.10779],[101.83099,3.10789],[101.83096,3.10796],[101.83087,3.10804],[101.83079,3.10813],[101.83077,3.10822],[101.83067,3.10829],[101.8306,3.10836],[101.83057,3.10846],[101.83052,3.10851],[101.83043,3.10856],[101.8303,3.10861],[101.8302,3.10869],[101.83017,3.10878],[101.83019,3.10889],[101.83016,3.10915],[101.83011,3.10925]]}},{"type":"Feature","properties":{"name":"Sungai Kapur","waterway":"river"},"geometry":{"type":"LineString","coordinates":[[101.83624,3.11103],[101.83618,3.11121],[101.83615,3.11129],[101.83604,3.11137],[101.8359,3.11142],[101.83583,3.11148],[101.83576,3.11158]]}},{"type":"Feature","properties":{"name":"Sungai Kapur","waterway":"river"},"geometry":{"type":"LineString","coordinates":[[101.83631,3.11085],[101.83624,3.11103]]}},{"type":"Feature","properties":{"name":"Sungai Kapur","waterway":"river"},"geometry":{"type":"LineString","coordinates":[[101.83741,3.10155],[101.83741,3.10175]]}},{"type":"Feature","properties":{"name":"Sungai Kapur","waterway":"river"},"geometry":{"type":"LineString","coordinates":[[101.83802,3.09527],[101.83797,3.09538],[101.83797,3.09546],[101.83802,3.09559],[101.83798,3.09572],[101.83796,3.09587],[101.83786,3.09598],[101.83784,3.09609],[101.83778,3.09628],[101.83772,3.09698],[101.83796,3.09756],[101.83812,3.098],[101.83816,3.09857],[101.83809,3.09907],[101.83803,3.0999],[101.83777,3.10016],[101.83766,3.10023],[101.83755,3.10037],[101.83743,3.10048],[101.83739,3.10057],[101.83741,3.10067],[101.83739,3.10077],[101.83738,3.10097],[101.83734,3.10101],[101.83733,3.10105],[101.83734,3.10108],[101.83738,3.1011],[101.83739,3.10112],[101.83739,3.1012],[101.83744,3.10132],[101.83741,3.10155]]}},{"type":"Feature","properties":{"name":"Sungai Kapur","waterway":"river"},"geometry":{"type":"LineString","coordinates":[[101.83741,3.10175],[101.83738,3.10212],[101.83729,3.10233],[101.8372,3.10249],[101.83718,3.10264],[101.83705,3.10296],[101.83706,3.10315],[101.83699,3.10333],[101.837,3.10356],[101.83706,3.10378],[101.83704,3.10401],[101.83702,3.10422],[101.83695,3.10436],[101.83696,3.10445],[101.83706,3.10464],[101.83721,3.10471],[101.83746,3.10477],[101.83759,3.10486],[101.8377,3.10524],[101.8376,3.10648],[101.83771,3.10709],[101.838,3.1076],[101.838,3.10797],[101.83791,3.10835],[101.83784,3.10857],[101.83773,3.1088],[101.83761,3.10889],[101.83752,3.109],[101.83737,3.10934],[101.8373,3.1097],[101.83732,3.10981],[101.8374,3.10994],[101.8374,3.11003],[101.83735,3.11009],[101.83719,3.11016],[101.83704,3.11032],[101.83686,3.11041],[101.83665,3.11044],[101.83658,3.11049],[101.83642,3.11063],[101.83631,3.11085]]}},{"type":"Feature","properties":{"name":"Sungai Tekali","waterway":"river"},"geometry":{"type":"LineString","coordinates":[[101.83697,3.11144],[101.8368,3.11136],[101.83668,3.11136],[101.83659,3.11138],[101.83645,3.11144],[101.83628,3.11152],[101.83595,3.11158],[101.83576,3.11158],[101.83557,3.11156],[101.83541,3.11152],[101.83532,3.1115],[101.83526,3.11149],[101.8352,3.11152],[101.83513,3.11161],[101.83506,3.11176],[101.83452,3.1123],[101.83399,3.1124],[101.83347,3.11273],[101.83297,3.11301],[101.83249,3.1131],[101.83225,3.11316],[101.83198,3.1133],[101.83175,3.11344],[101.83135,3.1136],[101.83069,3.11397],[101.83006,3.11429],[101.82957,3.11454],[101.82915,3.11472],[101.82913,3.11479],[101.82914,3.11488],[101.82926,3.11502],[101.82934,3.1151],[101.82937,3.1152],[101.82941,3.11549],[101.82938,3.11586],[101.82932,3.11639],[101.82927,3.11657],[101.82922,3.11664],[101.82916,3.11668],[101.82893,3.11675],[101.82868,3.11678],[101.82843,3.11687],[101.82819,3.11695],[101.82791,3.11696],[101.82775,3.11696],[101.8273,3.11694],[101.82705,3.11695],[101.82677,3.11701],[101.82647,3.1171],[101.82613,3.1172],[101.82604,3.1172],[101.82587,3.11717],[101.82575,3.11708],[101.82563,3.11708],[101.82556,3.11712],[101.82541,3.11727],[101.8253,3.11748],[101.82506,3.11769],[101.82487,3.11773],[101.82466,3.11778],[101.82456,3.11786],[101.82441,3.11795],[101.82402,3.11812],[101.82385,3.11815]]}},{"type":"Feature","properties":{"name":"Sungai Tekali","waterway":"river"},"geometry":{"type":"LineString","coordinates":[[101.837,3.11154],[101.83697,3.11144]]}},{"type":"Feature","properties":{"name":null,"waterway":"river"},"geometry":{"type":"LineString","coordinates":[[101.85381,3.06437],[101.85439,3.06462],[101.85477,3.06504],[101.85569,3.0659],[101.85614,3.06633],[101.8565,3.06664],[101.85703,3.06718],[101.85778,3.06793],[101.85819,3.06793],[101.85836,3.06767],[101.85849,3.06718],[101.85829,3.06676],[101.85828,3.06624],[101.85853,3.06551],[101.85868,3.065],[101.8591,3.06475],[101.85958,3.06434],[101.85955,3.06388],[101.8597,3.06335],[101.86004,3.06299],[101.86054,3.06272],[101.86097,3.06251],[101.86136,3.06233],[101.86174,3.06206],[101.86211,3.06189],[101.86275,3.0619],[101.86322,3.06177],[101.86359,3.06141],[101.86396,3.0612],[101.86441,3.06111],[101.8647,3.06096],[101.86514,3.06074],[101.86574,3.0606],[101.86596,3.06056],[101.86625,3.06058],[101.86653,3.06067],[101.86701,3.06109],[101.86733,3.06123],[101.86763,3.0612]]}},{"type":"Feature","properties":{"name":"Sungai Tekala","waterway":"river"},"geometry":{"type":"LineString","coordinates":[[101.86763,3.0612],[101.8677,3.06093],[101.86781,3.06067],[101.86799,3.0605],[101.86841,3.06046],[101.86858,3.0604],[101.86888,3.06023],[101.86912,3.05999],[101.86951,3.0598],[101.86969,3.05977],[101.87029,3.05948],[101.87109,3.05909],[101.87181,3.0585],[101.87223,3.0581],[101.87241,3.05786],[101.87247,3.05764],[101.87246,3.05745],[101.87251,3.05729],[101.87266,3.05719],[101.87287,3.05713],[101.87295,3.05709],[101.873,3.05712],[101.87305,3.05727],[101.87312,3.05734],[101.8732,3.05739],[101.87326,3.05743],[101.87331,3.05753],[101.87338,3.0576],[101.87341,3.05766],[101.87339,3.05777],[101.87342,3.05786],[101.87347,3.05793],[101.87356,3.05796],[101.87371,3.05794],[101.87387,3.05786]]}},{"type":"Feature","properties":{"name":"Sungai Sering","waterway":"river"},"geometry":{"type":"LineString","coordinates":[[101.76625,3.0859],[101.76666,3.08214]]}},{"type":"Feature","properties":{"name":"Sungai Sering","waterway":"river"},"geometry":{"type":"LineString","coordinates":[[101.76637,3.08813],[101.76568,3.08727],[101.76625,3.0859]]}},{"type":"Feature","properties":{"name":"Sungai Sering","waterway":"river"},"geometry":{"type":"LineString","coordinates":[[101.76615,3.08947],[101.76625,3.08845],[101.76637,3.08813]]}},{"type":"Feature","properties":{"name":"Sungai Sering","waterway":"river"},"geometry":{"type":"LineString","coordinates":[[101.76613,3.08961],[101.76615,3.08947]]}},{"type":"Feature","properties":{"name":null,"waterway":"river"},"geometry":{"type":"LineString","coordinates":[[101.75811,3.07604],[101.75809,3.07595]]}},{"type":"Feature","properties":{"name":"Sungai Raya","waterway":"river"},"geometry":{"type":"LineString","coordinates":[[101.75887,3.07577],[101.75927,3.07568]]}},{"type":"Feature","properties":{"name":"Sungai Raya","waterway":"river"},"geometry":{"type":"LineString","coordinates":[[101.75855,3.07585],[101.75887,3.07577]]}},{"type":"Feature","properties":{"name":"Sungai Raya","waterway":"river"},"geometry":{"type":"LineString","coordinates":[[101.75927,3.07568],[101.75949,3.07564]]}},{"type":"Feature","properties":{"name":"Sungai Raya","waterway":"river"},"geometry":{"type":"LineString","coordinates":[[101.75723,3.07625],[101.75739,3.0761],[101.75809,3.07595],[101.75855,3.07585]]}},{"type":"Feature","properties":{"name":"Sungai Raya","waterway":"river"},"geometry":{"type":"LineString","coordinates":[[101.75244,3.07802],[101.75276,3.07793]]}},{"type":"Feature","properties":{"name":"Sungai Raya","waterway":"river"},"geometry":{"type":"LineString","coordinates":[[101.75113,3.07859],[101.75161,3.07828],[101.75244,3.07802]]}},{"type":"Feature","properties":{"name":"Sungai Raya","waterway":"river"},"geometry":{"type":"LineString","coordinates":[[101.75067,3.07889],[101.75113,3.07859]]}},{"type":"Feature","properties":{"name":"Sungai Raya","waterway":"river"},"geometry":{"type":"LineString","coordinates":[[101.74997,3.07952],[101.75005,3.07935],[101.75016,3.07922],[101.75032,3.07912],[101.75048,3.07905],[101.75067,3.07889]]}},{"type":"Feature","properties":{"name":"Sungai Raya","waterway":"river"},"geometry":{"type":"LineString","coordinates":[[101.75641,3.07699],[101.75649,3.07684],[101.75665,3.07677],[101.75711,3.07636]]}},{"type":"Feature","properties":{"name":"Sungai Raya","waterway":"river"},"geometry":{"type":"LineString","coordinates":[[101.75638,3.07704],[101.75641,3.07699]]}},{"type":"Feature","properties":{"name":"Sungai Raya","waterway":"river"},"geometry":{"type":"LineString","coordinates":[[101.75711,3.07636],[101.75723,3.07625]]}},{"type":"Feature","properties":{"name":"Sungai Raya","waterway":"river"},"geometry":{"type":"LineString","coordinates":[[101.75276,3.07793],[101.75356,3.07784],[101.75427,3.07755],[101.75581,3.07739],[101.75604,3.07736],[101.75623,3.07728],[101.75638,3.07704]]}},{"type":"Feature","properties":{"name":"Sungai Sering","waterway":"river"},"geometry":{"type":"LineString","coordinates":[[101.7657,3.09249],[101.76591,3.09192],[101.76611,3.09152],[101.76615,3.09127],[101.76609,3.09102],[101.7661,3.09074],[101.76614,3.09041],[101.76613,3.09018],[101.76612,3.08999],[101.76613,3.08961]]}},{"type":"Feature","properties":{"name":"Sungai Sering","waterway":"river"},"geometry":{"type":"LineString","coordinates":[[101.76562,3.09282],[101.7657,3.09249]]}},{"type":"Feature","properties":{"name":"Sungai Sering","waterway":"river"},"geometry":{"type":"LineString","coordinates":[[101.76465,3.09633],[101.76469,3.09619]]}},{"type":"Feature","properties":{"name":"Sungai Sering","waterway":"river"},"geometry":{"type":"LineString","coordinates":[[101.76385,3.09872],[101.76374,3.09851],[101.76367,3.09845],[101.76363,3.0984],[101.76358,3.09833],[101.76353,3.09822],[101.76354,3.09817],[101.7636,3.09809],[101.76366,3.09802],[101.7642,3.09737],[101.76447,3.09691],[101.76465,3.09633]]}},{"type":"Feature","properties":{"name":"Sungai Sering","waterway":"river"},"geometry":{"type":"LineString","coordinates":[[101.76389,3.09884],[101.76385,3.09872]]}},{"type":"Feature","properties":{"name":"Sungai Sering","waterway":"river"},"geometry":{"type":"LineString","coordinates":[[101.76407,3.10044],[101.76396,3.09899],[101.76389,3.09884]]}},{"type":"Feature","properties":{"name":"Sungai Sering","waterway":"river"},"geometry":{"type":"LineString","coordinates":[[101.76666,3.08214],[101.76689,3.0819],[101.76787,3.08195],[101.7682,3.08098],[101.76837,3.08048]]}},{"type":"Feature","properties":{"name":"Sungai Sering","waterway":"river"},"geometry":{"type":"LineString","coordinates":[[101.76469,3.09619],[101.7648,3.09585],[101.76484,3.0956],[101.76484,3.09551],[101.76488,3.09541],[101.76494,3.09532],[101.76499,3.09525],[101.76499,3.09518],[101.76504,3.09507],[101.76508,3.09495],[101.76508,3.09487],[101.76513,3.09475],[101.76519,3.09465],[101.76518,3.0945],[101.76518,3.0943],[101.76524,3.09415],[101.76528,3.09406],[101.7653,3.09396],[101.76533,3.09388],[101.76534,3.09379],[101.76536,3.09369],[101.76541,3.09361],[101.76544,3.0935],[101.76546,3.09331],[101.76551,3.09317],[101.76558,3.09296],[101.76562,3.09282]]}},{"type":"Feature","properties":{"name":"Sungai Sering","waterway":"river"},"geometry":{"type":"LineString","coordinates":[[101.76837,3.08048],[101.76896,3.07854],[101.76872,3.07811],[101.76868,3.07756],[101.76851,3.07714]]}},{"type":"Feature","properties":{"name":"Sungai Air Jernih","waterway":"river"},"geometry":{"type":"LineString","coordinates":[[101.79425,3.1011],[101.79438,3.10074],[101.7948,3.10063],[101.79507,3.10043],[101.79531,3.1001],[101.79548,3.09961],[101.79556,3.09909],[101.79549,3.09892],[101.79521,3.09854],[101.79512,3.09838],[101.79516,3.0982],[101.79516,3.09808],[101.79507,3.09793],[101.79501,3.09764],[101.79501,3.09719],[101.79487,3.09628],[101.79486,3.09609]]}},{"type":"Feature","properties":{"name":"Sungai Serai","waterway":"river"},"geometry":{"type":"LineString","coordinates":[[101.78535,3.10269],[101.78568,3.10161],[101.78579,3.10115],[101.78591,3.10059],[101.78598,3.09991],[101.78599,3.09953],[101.7861,3.099],[101.7863,3.09858],[101.78662,3.09814],[101.7869,3.09789],[101.78712,3.09739],[101.78719,3.09699],[101.78725,3.09629],[101.78733,3.09589],[101.78748,3.09554],[101.78779,3.0951],[101.78805,3.09449],[101.78838,3.09427],[101.7888,3.09419],[101.78923,3.09415],[101.78979,3.09404],[101.79013,3.09394],[101.79029,3.0939]]}},{"type":"Feature","properties":{"name":"Sungai Michu","waterway":"river"},"geometry":{"type":"LineString","coordinates":[[101.81195,3.10902],[101.81196,3.10894],[101.81197,3.10883],[101.81196,3.10868],[101.81199,3.10853],[101.81206,3.10837],[101.81213,3.1082]]}},{"type":"Feature","properties":{"name":"Sungai Michu","waterway":"river"},"geometry":{"type":"LineString","coordinates":[[101.81185,3.10938],[101.81195,3.10902]]}},{"type":"Feature","properties":{"name":"Sungai Michu","waterway":"river"},"geometry":{"type":"LineString","coordinates":[[101.80489,3.12167],[101.80496,3.12052],[101.8049,3.12043],[101.80487,3.12026],[101.80497,3.12002],[101.80493,3.11982],[101.80504,3.11959],[101.80507,3.11873],[101.80517,3.11838],[101.80532,3.11803],[101.80547,3.11771],[101.80573,3.1171],[101.80574,3.11701],[101.80571,3.11682],[101.80581,3.1166],[101.80584,3.11639],[101.80593,3.11619],[101.80584,3.11599],[101.80574,3.11588],[101.80576,3.11584],[101.80582,3.1158],[101.80592,3.1158],[101.80597,3.11573],[101.80597,3.1156],[101.80604,3.11546],[101.80608,3.11546],[101.80614,3.11547],[101.8062,3.11547],[101.80623,3.11542],[101.80633,3.11519],[101.80631,3.11502],[101.80621,3.11486],[101.80608,3.11474],[101.80608,3.1146],[101.80605,3.11455]]}},{"type":"Feature","properties":{"name":null,"waterway":"river"},"geometry":{"type":"LineString","coordinates":[[101.77154,3.08188],[101.77118,3.08186]]}},{"type":"Feature","properties":{"name":null,"waterway":"river"},"geometry":{"type":"LineString","coordinates":[[101.77173,3.08189],[101.77154,3.08188]]}},{"type":"Feature","properties":{"name":null,"waterway":"river"},"geometry":{"type":"LineString","coordinates":[[101.77237,3.08293],[101.77194,3.08287]]}},{"type":"Feature","properties":{"name":null,"waterway":"river"},"geometry":{"type":"LineString","coordinates":[[101.77243,3.08294],[101.77237,3.08293]]}},{"type":"Feature","properties":{"name":null,"waterway":"river"},"geometry":{"type":"LineString","coordinates":[[101.77336,3.08329],[101.77297,3.08301]]}},{"type":"Feature","properties":{"name":null,"waterway":"river"},"geometry":{"type":"LineString","coordinates":[[101.77352,3.0837],[101.77336,3.08329]]}},{"type":"Feature","properties":{"name":null,"waterway":"river"},"geometry":{"type":"LineString","coordinates":[[101.77355,3.08388],[101.77352,3.0837]]}},{"type":"Feature","properties":{"name":null,"waterway":"river"},"geometry":{"type":"LineString","coordinates":[[101.77387,3.08515],[101.77349,3.0843],[101.77354,3.08409],[101.77355,3.08388]]}},{"type":"Feature","properties":{"name":null,"waterway":"river"},"geometry":{"type":"LineString","coordinates":[[101.77182,3.08286],[101.77179,3.08285],[101.77176,3.08282],[101.77178,3.08197],[101.77173,3.08189]]}},{"type":"Feature","properties":{"name":null,"waterway":"river"},"geometry":{"type":"LineString","coordinates":[[101.77194,3.08287],[101.77182,3.08286]]}},{"type":"Feature","properties":{"name":null,"waterway":"river"},"geometry":{"type":"LineString","coordinates":[[101.77107,3.08183],[101.77067,3.08174]]}},{"type":"Feature","properties":{"name":null,"waterway":"river"},"geometry":{"type":"LineString","coordinates":[[101.77118,3.08186],[101.77107,3.08183]]}},{"type":"Feature","properties":{"name":null,"waterway":"river"},"geometry":{"type":"LineString","coordinates":[[101.76961,3.08147],[101.76869,3.08124],[101.76829,3.08103]]}},{"type":"Feature","properties":{"name":null,"waterway":"river"},"geometry":{"type":"LineString","coordinates":[[101.76972,3.0815],[101.76961,3.08147]]}},{"type":"Feature","properties":{"name":null,"waterway":"river"},"geometry":{"type":"LineString","coordinates":[[101.76982,3.08152],[101.76972,3.0815]]}},{"type":"Feature","properties":{"name":null,"waterway":"river"},"geometry":{"type":"LineString","coordinates":[[101.77067,3.08174],[101.76982,3.08152]]}},{"type":"Feature","properties":{"name":null,"waterway":"river"},"geometry":{"type":"LineString","coordinates":[[101.76829,3.08103],[101.7682,3.08098]]}},{"type":"Feature","properties":{"name":null,"waterway":"river"},"geometry":{"type":"LineString","coordinates":[[101.77297,3.08301],[101.77284,3.083],[101.77243,3.08294]]}},{"type":"Feature","properties":{"name":"Sungai Michu","waterway":"river"},"geometry":{"type":"LineString","coordinates":[[101.80601,3.11451],[101.806,3.11449],[101.80601,3.11446],[101.80603,3.11443],[101.8061,3.11427],[101.80615,3.11414],[101.80616,3.11404],[101.80623,3.11393],[101.80632,3.11387],[101.80649,3.11368],[101.80674,3.1136],[101.80681,3.11356]]}},{"type":"Feature","properties":{"name":"Sungai Michu","waterway":"river"},"geometry":{"type":"LineString","coordinates":[[101.80605,3.11455],[101.80601,3.11451]]}},{"type":"Feature","properties":{"name":"Sungai Michu","waterway":"river"},"geometry":{"type":"LineString","coordinates":[[101.80689,3.11351],[101.80692,3.11346],[101.80696,3.11344],[101.80738,3.11334],[101.80741,3.1133],[101.8074,3.11325],[101.80736,3.11317],[101.80736,3.11308],[101.80739,3.11301],[101.80746,3.1129],[101.80754,3.11286],[101.80761,3.11285],[101.80773,3.1129],[101.80785,3.11291],[101.808,3.11288],[101.80815,3.11281],[101.80825,3.1128],[101.80831,3.11276],[101.80834,3.11265],[101.80834,3.11222],[101.80835,3.11205],[101.8084,3.11187],[101.80843,3.11185],[101.80848,3.11185],[101.80851,3.11188],[101.80855,3.11197],[101.80862,3.11203],[101.8087,3.11206],[101.80877,3.11205],[101.80881,3.11203],[101.80883,3.11199]]}},{"type":"Feature","properties":{"name":"Sungai Michu","waterway":"river"},"geometry":{"type":"LineString","coordinates":[[101.80681,3.11356],[101.80689,3.11351]]}},{"type":"Feature","properties":{"name":"Sungai Michu","waterway":"river"},"geometry":{"type":"LineString","coordinates":[[101.80895,3.11188],[101.809,3.11185],[101.80904,3.11178],[101.80904,3.1117],[101.80903,3.1116],[101.80906,3.1115],[101.8091,3.11143],[101.80915,3.11131],[101.80918,3.11117],[101.80926,3.11101],[101.80939,3.11082],[101.80952,3.11075],[101.80962,3.11073],[101.80972,3.11062],[101.80987,3.11049],[101.81016,3.1103],[101.81024,3.11027],[101.8103,3.1103],[101.81034,3.11029],[101.8104,3.11025],[101.81047,3.11023],[101.81052,3.11017],[101.81064,3.11011],[101.81072,3.11008],[101.81079,3.11002],[101.81094,3.1099],[101.81099,3.10984],[101.81106,3.1098],[101.81112,3.10979],[101.81123,3.10978],[101.81132,3.10975],[101.81141,3.10967],[101.81153,3.10962],[101.81165,3.10959],[101.81176,3.1095],[101.81183,3.10941],[101.81185,3.10938]]}},{"type":"Feature","properties":{"name":"Sungai Michu","waterway":"river"},"geometry":{"type":"LineString","coordinates":[[101.80883,3.11199],[101.80895,3.11188]]}},{"type":"Feature","properties":{"name":"Sungai Michu","waterway":"river"},"geometry":{"type":"LineString","coordinates":[[101.80439,3.12296],[101.80489,3.12167]]}},{"type":"Feature","properties":{"name":"Sungai Air Hitam","waterway":"river"},"geometry":{"type":"LineString","coordinates":[[101.62097,2.99697],[101.62092,2.99693],[101.62066,2.99683],[101.6205,2.99675],[101.62034,2.99664],[101.61991,2.99648]]}},{"type":"Feature","properties":{"name":"Sungai Kandis","waterway":"river"},"geometry":{"type":"LineString","coordinates":[[101.49351,3.02364],[101.49352,3.02395]]}},{"type":"Feature","properties":{"name":"Sungai Kandis","waterway":"river"},"geometry":{"type":"LineString","coordinates":[[101.49328,3.01905],[101.49334,3.02004],[101.49338,3.02086],[101.49342,3.02172],[101.49343,3.02213],[101.49347,3.02276],[101.49351,3.02345],[101.49351,3.02364]]}},{"type":"Feature","properties":{"name":null,"waterway":"river"},"geometry":{"type":"LineString","coordinates":[[101.65351,3.02384],[101.6527,3.0239],[101.65204,3.02371],[101.65098,3.02342],[101.65039,3.02332],[101.64964,3.02322],[101.64921,3.02329],[101.64909,3.02333],[101.64899,3.02335],[101.64888,3.02334],[101.64879,3.02334],[101.64844,3.02331],[101.64823,3.0234],[101.6481,3.02337],[101.64765,3.02303],[101.64758,3.02266],[101.64754,3.02226],[101.64747,3.02204],[101.64741,3.02184],[101.64714,3.02142],[101.64704,3.02117],[101.64679,3.02063],[101.64674,3.02025],[101.64664,3.01969]]}},{"type":"Feature","properties":{"name":"Sungai Midah","waterway":"river"},"geometry":{"type":"LineString","coordinates":[[101.71732,3.07992],[101.71536,3.07966]]}},{"type":"Feature","properties":{"name":"Sungai Rasau","waterway":"river"},"geometry":{"type":"LineString","coordinates":[[101.6463,2.98786],[101.64654,2.98787],[101.64663,2.98785],[101.64676,2.98785],[101.64681,2.98786],[101.64696,2.98793],[101.64705,2.98794],[101.64719,2.98793],[101.64754,2.98794],[101.64805,2.98797],[101.64831,2.98802],[101.64839,2.988],[101.64843,2.9879],[101.64847,2.98781],[101.64849,2.98768],[101.6485,2.98748],[101.6485,2.98735]]}},{"type":"Feature","properties":{"name":"Sungai Rasau","waterway":"river"},"geometry":{"type":"LineString","coordinates":[[101.64618,2.98789],[101.6463,2.98786]]}},{"type":"Feature","properties":{"name":null,"waterway":"river"},"geometry":{"type":"LineString","coordinates":[[101.65269,2.99389],[101.65248,2.9934]]}},{"type":"Feature","properties":{"name":null,"waterway":"river"},"geometry":{"type":"LineString","coordinates":[[101.65889,2.99868],[101.65883,2.99832],[101.65813,2.99753],[101.65789,2.99714],[101.65773,2.99689],[101.65758,2.99683],[101.65735,2.99693],[101.65689,2.99714],[101.65663,2.99718],[101.65648,2.99705],[101.6563,2.99688],[101.65617,2.9963],[101.65609,2.99618],[101.65567,2.99577],[101.65556,2.99515],[101.65501,2.99438],[101.65429,2.99339],[101.65417,2.99334],[101.65271,2.99393],[101.65269,2.99389]]}},{"type":"Feature","properties":{"name":"Sungai Bohol","waterway":"river"},"geometry":{"type":"LineString","coordinates":[[101.65903,3.0366],[101.65894,3.03663]]}},{"type":"Feature","properties":{"name":"Sungai Bohol","waterway":"river"},"geometry":{"type":"LineString","coordinates":[[101.65947,3.03645],[101.65903,3.0366]]}},{"type":"Feature","properties":{"name":null,"waterway":"river"},"geometry":{"type":"LineString","coordinates":[[101.65144,2.98465],[101.65089,2.98439],[101.65061,2.98428],[101.65003,2.98394]]}},{"type":"Feature","properties":{"name":"Sungai Rasau","waterway":"river"},"geometry":{"type":"LineString","coordinates":[[101.64466,2.98967],[101.64467,2.98946],[101.64477,2.9893],[101.64492,2.98917],[101.64514,2.98908],[101.6452,2.98901],[101.64526,2.98891],[101.64528,2.98886],[101.64527,2.98874],[101.64523,2.98862],[101.64522,2.98849],[101.64521,2.98837],[101.6453,2.98826],[101.64541,2.98823],[101.64553,2.98823],[101.64565,2.98823],[101.64576,2.9882],[101.64581,2.98812],[101.64587,2.98809],[101.64593,2.98805],[101.646,2.98797],[101.64618,2.98789]]}},{"type":"Feature","properties":{"name":"Sungai Rasau","waterway":"river"},"geometry":{"type":"LineString","coordinates":[[101.6485,2.98735],[101.64849,2.98712]]}},{"type":"Feature","properties":{"name":null,"waterway":"river"},"geometry":{"type":"LineString","coordinates":[[101.65922,2.99893],[101.65889,2.99868]]}},{"type":"Feature","properties":{"name":null,"waterway":"river"},"geometry":{"type":"LineString","coordinates":[[101.66235,3.00033],[101.66234,2.99928],[101.66233,2.99922],[101.66232,2.99919],[101.66229,2.99915],[101.66226,2.99912],[101.66222,2.99908],[101.66216,2.99905],[101.66209,2.99903],[101.66204,2.99902],[101.662,2.99902],[101.66162,2.99905],[101.65998,2.9992],[101.65995,2.99919],[101.65992,2.99918],[101.65922,2.99893]]}},{"type":"Feature","properties":{"name":"Sungai Bohol","waterway":"river"},"geometry":{"type":"LineString","coordinates":[[101.64942,3.05051],[101.6495,3.05083],[101.64969,3.05108],[101.64975,3.0513],[101.64997,3.05209],[101.65021,3.05265],[101.65097,3.0547],[101.65126,3.05544],[101.6513,3.05571],[101.65122,3.05606],[101.65128,3.05657],[101.65149,3.05829],[101.65158,3.05872],[101.65169,3.05882],[101.65231,3.05915],[101.65236,3.05925],[101.65237,3.05992],[101.65243,3.06002],[101.65421,3.06103],[101.65473,3.0616],[101.65525,3.06211],[101.65558,3.06265],[101.65564,3.06292],[101.65557,3.06311],[101.65559,3.06364]]}},{"type":"Feature","properties":{"name":"Sungai Bohol","waterway":"river"},"geometry":{"type":"LineString","coordinates":[[101.64939,3.05021],[101.64942,3.05051]]}},{"type":"Feature","properties":{"name":"Sungai Bohol","waterway":"river"},"geometry":{"type":"LineString","coordinates":[[101.66003,3.03476],[101.66002,3.03494]]}},{"type":"Feature","properties":{"name":"Sungai Bohol","waterway":"river"},"geometry":{"type":"LineString","coordinates":[[101.65963,3.03611],[101.65947,3.03645]]}},{"type":"Feature","properties":{"name":"Sungai Bohol","waterway":"river"},"geometry":{"type":"LineString","coordinates":[[101.66002,3.03494],[101.65986,3.03517],[101.65977,3.0355],[101.65963,3.03611]]}},{"type":"Feature","properties":{"name":"Sungai Serai","waterway":"river"},"geometry":{"type":"LineString","coordinates":[[101.79439,3.09135],[101.79491,3.09097],[101.7955,3.09056]]}},{"type":"Feature","properties":{"name":"Sungai Serai","waterway":"river"},"geometry":{"type":"LineString","coordinates":[[101.79421,3.09144],[101.79439,3.09135]]}},{"type":"Feature","properties":{"name":"Sungai Air Jernih","waterway":"river"},"geometry":{"type":"LineString","coordinates":[[101.79443,3.0931],[101.79451,3.09296],[101.79508,3.09268]]}},{"type":"Feature","properties":{"name":"Sungai Air Jernih","waterway":"river"},"geometry":{"type":"LineString","coordinates":[[101.79508,3.09268],[101.79523,3.09258]]}},{"type":"Feature","properties":{"name":"Sungai Tekali","waterway":"river"},"geometry":{"type":"LineString","coordinates":[[101.85195,3.10897],[101.85189,3.10892],[101.85183,3.10889],[101.85173,3.10884],[101.85163,3.10881],[101.85153,3.10879],[101.85145,3.10878],[101.8514,3.1088],[101.85136,3.10883],[101.85133,3.10885],[101.85127,3.10886],[101.85121,3.10887],[101.85113,3.10888],[101.85107,3.10892],[101.85102,3.10893],[101.8509,3.10894],[101.85082,3.10893],[101.85071,3.10891],[101.85064,3.10891],[101.85055,3.10891],[101.85044,3.10895],[101.85033,3.10899],[101.85027,3.10903],[101.85022,3.10906],[101.85015,3.10912],[101.85009,3.10918],[101.85,3.10923],[101.84991,3.10923],[101.84973,3.10918],[101.84958,3.10913],[101.84946,3.10912],[101.84935,3.10912],[101.84919,3.10922],[101.84906,3.10938],[101.84899,3.10955],[101.84895,3.10964],[101.84889,3.10967],[101.84881,3.10968],[101.84864,3.10967],[101.8485,3.10965],[101.84837,3.10967],[101.84827,3.10982],[101.84826,3.10995],[101.84825,3.11009],[101.84819,3.11016],[101.84794,3.11023],[101.84764,3.11024],[101.84734,3.11026],[101.84707,3.1103],[101.84678,3.11038],[101.84645,3.11051],[101.84623,3.11056],[101.84594,3.11066],[101.84582,3.11071],[101.84571,3.11075],[101.8456,3.11079],[101.84551,3.11081],[101.84538,3.11078],[101.8453,3.11074],[101.84523,3.11069],[101.84513,3.11059],[101.845,3.11053],[101.84475,3.11049],[101.84457,3.11052],[101.84419,3.11058],[101.84394,3.11065],[101.84372,3.11073],[101.84356,3.11084],[101.84345,3.11099],[101.84341,3.11116],[101.84345,3.11129],[101.84353,3.11142],[101.8436,3.11151],[101.84363,3.11158],[101.84363,3.1117],[101.84359,3.11177],[101.8435,3.11179],[101.84339,3.11185],[101.84333,3.11191],[101.84324,3.11196],[101.84307,3.11195],[101.84297,3.11194],[101.84286,3.11194],[101.84273,3.11194],[101.84262,3.11198],[101.84254,3.11204],[101.8424,3.1122],[101.8423,3.11233],[101.84222,3.11238],[101.84203,3.11239],[101.84177,3.11237],[101.8416,3.11231],[101.84149,3.11224],[101.84137,3.11218],[101.84123,3.11215],[101.84108,3.11215],[101.84097,3.11218],[101.84084,3.11226],[101.84072,3.11231],[101.84058,3.11236],[101.84031,3.11246],[101.84018,3.11249],[101.84,3.11252],[101.83975,3.11258],[101.83963,3.11264],[101.83954,3.11264],[101.8394,3.11261],[101.83931,3.11253],[101.8394,3.11229],[101.8394,3.11216],[101.83886,3.11171],[101.83869,3.11162],[101.83861,3.11158],[101.83846,3.11152],[101.83817,3.11148],[101.83796,3.11149],[101.83773,3.11161],[101.83749,3.11171],[101.83731,3.11175],[101.83719,3.11173],[101.83704,3.11163],[101.837,3.11154]]}},{"type":"Feature","properties":{"name":null,"waterway":"river"},"geometry":{"type":"LineString","coordinates":[[101.65106,3.17591],[101.65119,3.17591],[101.65129,3.17593],[101.65134,3.17598]]}},{"type":"Feature","properties":{"name":"Sungai Rinching","waterway":"river"},"geometry":{"type":"LineString","coordinates":[[101.89085,2.93944],[101.89078,2.93941]]}},{"type":"Feature","properties":{"name":"Sungai Rinching","waterway":"river"},"geometry":{"type":"LineString","coordinates":[[101.89153,2.94029],[101.89127,2.94003],[101.89109,2.93976],[101.89085,2.93944]]}},{"type":"Feature","properties":{"name":"Sungai Rinching","waterway":"river"},"geometry":{"type":"LineString","coordinates":[[101.83073,2.91347],[101.82998,2.91354]]}},{"type":"Feature","properties":{"name":"Sungai Rinching","waterway":"river"},"geometry":{"type":"LineString","coordinates":[[101.88902,2.93446],[101.88899,2.93421]]}},{"type":"Feature","properties":{"name":"Sungai Rinching","waterway":"river"},"geometry":{"type":"LineString","coordinates":[[101.88959,2.93707],[101.88958,2.93694],[101.8895,2.93661],[101.88953,2.93643],[101.8896,2.93627],[101.8896,2.93614],[101.88957,2.93602],[101.8895,2.93589],[101.88941,2.93584],[101.88936,2.9358],[101.88931,2.93562],[101.88929,2.93536],[101.88918,2.93521],[101.88908,2.93504],[101.88899,2.93454],[101.88902,2.93446]]}},{"type":"Feature","properties":{"name":"Sungai Saringgit","waterway":"river"},"geometry":{"type":"LineString","coordinates":[[101.87862,2.95554],[101.87844,2.95554],[101.8784,2.95549],[101.87831,2.95521],[101.8783,2.95512],[101.87814,2.95484],[101.87806,2.95468],[101.87802,2.95463],[101.87797,2.95457],[101.87778,2.95432],[101.87771,2.95422],[101.87759,2.95408],[101.8774,2.9538],[101.87733,2.95369],[101.87725,2.95357],[101.87687,2.95308],[101.87213,2.94901],[101.86962,2.94745],[101.86879,2.94712],[101.86401,2.94713],[101.86315,2.94677],[101.86301,2.9468],[101.86245,2.94686],[101.86211,2.94681],[101.86207,2.94677]]}},{"type":"Feature","properties":{"name":"Sungai Saringgit","waterway":"river"},"geometry":{"type":"LineString","coordinates":[[101.87872,2.95557],[101.87862,2.95554]]}},{"type":"Feature","properties":{"name":"Sungai Saringgit","waterway":"river"},"geometry":{"type":"LineString","coordinates":[[101.85795,2.94616],[101.85767,2.94629]]}},{"type":"Feature","properties":{"name":"Sungai Saringgit","waterway":"river"},"geometry":{"type":"LineString","coordinates":[[101.86193,2.94658],[101.86164,2.94623],[101.86097,2.94614],[101.86069,2.94601],[101.8591,2.94584],[101.85849,2.94572],[101.85834,2.94575],[101.85826,2.94587],[101.85826,2.94598],[101.85833,2.94606],[101.85836,2.94614],[101.85832,2.94621],[101.85826,2.94625],[101.85819,2.94625],[101.85812,2.94617],[101.85802,2.94615],[101.85795,2.94616]]}},{"type":"Feature","properties":{"name":"Sungai Saringgit","waterway":"river"},"geometry":{"type":"LineString","coordinates":[[101.85767,2.94629],[101.85755,2.94636],[101.8574,2.94639],[101.85727,2.94633],[101.8571,2.94636],[101.8569,2.94645],[101.85668,2.94644],[101.85647,2.94651],[101.85621,2.9465],[101.85539,2.94668],[101.85316,2.94678],[101.85305,2.94685],[101.85296,2.94699],[101.85285,2.94714],[101.85245,2.94731],[101.85227,2.94744],[101.85222,2.94748],[101.8522,2.94753],[101.85216,2.94756],[101.85205,2.94759],[101.8519,2.94758],[101.85161,2.9475],[101.85155,2.94744],[101.85134,2.94738],[101.85123,2.94726],[101.85095,2.94717],[101.85074,2.94715],[101.85038,2.94734],[101.85004,2.94736],[101.84987,2.94739],[101.84972,2.94744],[101.84961,2.94752],[101.84857,2.94788],[101.84773,2.94796],[101.84761,2.94785]]}},{"type":"Feature","properties":{"name":"Sungai Saringgit","waterway":"river"},"geometry":{"type":"LineString","coordinates":[[101.86207,2.94677],[101.86193,2.94658]]}},{"type":"Feature","properties":{"name":"Sungai Saringgit","waterway":"river"},"geometry":{"type":"LineString","coordinates":[[101.88863,2.95917],[101.88855,2.95914]]}},{"type":"Feature","properties":{"name":"Sungai Saringgit","waterway":"river"},"geometry":{"type":"LineString","coordinates":[[101.89388,2.9595],[101.89378,2.95956],[101.89367,2.95961],[101.89357,2.95963],[101.89344,2.95964],[101.89335,2.95968],[101.8932,2.95976],[101.89309,2.95982],[101.89292,2.95994],[101.89269,2.9601],[101.89235,2.96025],[101.89203,2.96036],[101.89176,2.96042],[101.89157,2.96052],[101.89142,2.96066],[101.89126,2.96082],[101.89113,2.96092],[101.89104,2.96095],[101.89094,2.96101],[101.89081,2.96106],[101.89065,2.96105],[101.89047,2.96105],[101.89029,2.96103],[101.89011,2.96101],[101.88998,2.96095],[101.88991,2.96085],[101.88991,2.96074],[101.88988,2.96066],[101.88978,2.96055],[101.88973,2.96045],[101.88971,2.96033],[101.88969,2.96021],[101.88961,2.96007],[101.88949,2.95999],[101.88941,2.95991],[101.88935,2.95981],[101.88934,2.9597],[101.8893,2.95962],[101.88924,2.95956],[101.88914,2.95943],[101.88904,2.95933],[101.88891,2.95926],[101.88885,2.95924],[101.88875,2.95919],[101.88863,2.95917]]}},{"type":"Feature","properties":{"name":"Sungai Rinching","waterway":"river"},"geometry":{"type":"LineString","coordinates":[[101.90205,2.9554],[101.90134,2.95505],[101.90058,2.95465],[101.89968,2.95426],[101.89917,2.95398],[101.89871,2.95357],[101.89818,2.9531],[101.89769,2.95287],[101.89736,2.95266],[101.89697,2.9522],[101.89667,2.95175],[101.8964,2.95138],[101.8959,2.95084],[101.89547,2.95031],[101.89508,2.9498],[101.89456,2.9493],[101.89436,2.94907],[101.89426,2.94895]]}},{"type":"Feature","properties":{"name":"Sungai Putih","waterway":"river"},"geometry":{"type":"LineString","coordinates":[[101.86937,2.85462],[101.86878,2.85525],[101.86845,2.85552],[101.86814,2.85573],[101.86813,2.85575],[101.86814,2.85578]]}},{"type":"Feature","properties":{"name":"Sungai Putih","waterway":"river"},"geometry":{"type":"LineString","coordinates":[[101.86951,2.85446],[101.86937,2.85462]]}},{"type":"Feature","properties":{"name":"Sungai Putih","waterway":"river"},"geometry":{"type":"LineString","coordinates":[[101.86828,2.85603],[101.86947,2.85758],[101.86955,2.85767]]}},{"type":"Feature","properties":{"name":"Sungai Putih","waterway":"river"},"geometry":{"type":"LineString","coordinates":[[101.86814,2.85578],[101.86828,2.85603]]}},{"type":"Feature","properties":{"name":"Sungai Machang","waterway":"river"},"geometry":{"type":"LineString","coordinates":[[101.89776,2.86837],[101.89771,2.86837]]}},{"type":"Feature","properties":{"name":"Sungai Machang","waterway":"river"},"geometry":{"type":"LineString","coordinates":[[101.90005,2.86754],[101.89959,2.86767],[101.89923,2.8678],[101.89905,2.86784],[101.89816,2.86829],[101.89801,2.86835],[101.8979,2.86837],[101.89776,2.86837]]}},{"type":"Feature","properties":{"name":"Sungai Machang","waterway":"river"},"geometry":{"type":"LineString","coordinates":[[101.8955,2.86837],[101.89532,2.86837],[101.89517,2.8684],[101.89504,2.86844],[101.89486,2.86851],[101.89479,2.86852],[101.89465,2.86856],[101.89458,2.86857],[101.8945,2.86856],[101.8944,2.86856],[101.89428,2.86858],[101.89419,2.86864],[101.89413,2.8687],[101.89404,2.86873],[101.89392,2.86875],[101.8938,2.86876],[101.89367,2.86881],[101.89357,2.8689],[101.89345,2.86897],[101.89329,2.86904],[101.89316,2.86905]]}},{"type":"Feature","properties":{"name":"Sungai Machang","waterway":"river"},"geometry":{"type":"LineString","coordinates":[[101.89556,2.86837],[101.8955,2.86837]]}},{"type":"Feature","properties":{"name":"Sungai Machang","waterway":"river"},"geometry":{"type":"LineString","coordinates":[[101.89316,2.86905],[101.8928,2.8691]]}},{"type":"Feature","properties":{"name":"Sungai Machang","waterway":"river"},"geometry":{"type":"LineString","coordinates":[[101.89771,2.86837],[101.89747,2.86831],[101.89719,2.86824],[101.89707,2.86824],[101.89695,2.86827],[101.89684,2.86828],[101.89676,2.86826],[101.89665,2.86822],[101.89648,2.8682],[101.89615,2.86824],[101.89591,2.8683],[101.89581,2.86834],[101.89575,2.86837],[101.89556,2.86837]]}},{"type":"Feature","properties":{"name":"Sungai Machang","waterway":"river"},"geometry":{"type":"LineString","coordinates":[[101.88497,2.86986],[101.88473,2.86992]]}},{"type":"Feature","properties":{"name":"Sungai Machang","waterway":"river"},"geometry":{"type":"LineString","coordinates":[[101.8928,2.8691],[101.89243,2.8691],[101.89241,2.8691],[101.89234,2.86903],[101.89229,2.86895],[101.89224,2.86888],[101.89214,2.86885],[101.89209,2.86884],[101.89202,2.86882],[101.89195,2.86876],[101.89195,2.86876],[101.89181,2.86873],[101.8917,2.8687],[101.89134,2.8685],[101.89122,2.86843],[101.8911,2.86835],[101.89102,2.86831],[101.89098,2.86826],[101.89094,2.86823],[101.89082,2.86824],[101.89075,2.86822],[101.89068,2.86818],[101.89061,2.86817],[101.89056,2.86814],[101.8905,2.86812],[101.89043,2.86811],[101.89038,2.86811],[101.89027,2.86817],[101.89012,2.86825],[101.89001,2.86838],[101.88983,2.86845],[101.88979,2.8685],[101.88978,2.86856],[101.88975,2.86862],[101.88973,2.86869],[101.8897,2.86877],[101.88969,2.86883],[101.88966,2.86889],[101.88965,2.86889],[101.8896,2.86893],[101.88957,2.86904],[101.88953,2.86911],[101.88949,2.86914],[101.88941,2.86917],[101.88935,2.86918],[101.88923,2.86919],[101.88912,2.86918],[101.88901,2.86921],[101.88864,2.86925],[101.88841,2.86923],[101.88822,2.86924],[101.88794,2.86916],[101.88778,2.86909],[101.88771,2.86906],[101.88759,2.86908],[101.88751,2.86908],[101.88741,2.86906],[101.88732,2.86903],[101.88715,2.869],[101.88697,2.86898],[101.88685,2.86898],[101.88674,2.86901],[101.88663,2.86905],[101.88655,2.86911],[101.8864,2.86918],[101.88635,2.86919],[101.88631,2.86918],[101.88627,2.86916],[101.88621,2.8691],[101.88616,2.86907],[101.88611,2.86905],[101.88607,2.86902],[101.88604,2.86897],[101.88601,2.86894],[101.88596,2.86895],[101.88592,2.86893],[101.88588,2.8689],[101.88582,2.8689],[101.88576,2.86895],[101.88555,2.86913],[101.88541,2.86928],[101.88523,2.86942],[101.88511,2.86955],[101.88506,2.86968],[101.88502,2.86983],[101.88497,2.86986]]}},{"type":"Feature","properties":{"name":"Sungai Jai","waterway":"river"},"geometry":{"type":"LineString","coordinates":[[101.89855,2.8739],[101.89849,2.87393]]}},{"type":"Feature","properties":{"name":"Sungai Jai","waterway":"river"},"geometry":{"type":"LineString","coordinates":[[101.90605,2.87773],[101.90548,2.87784],[101.90541,2.87784],[101.90532,2.87783],[101.90509,2.87765],[101.90493,2.87751],[101.90484,2.87737],[101.90474,2.87725],[101.90457,2.87708],[101.90448,2.87701],[101.9043,2.87684],[101.90418,2.87668],[101.90401,2.8765],[101.90381,2.87638],[101.90365,2.87623],[101.90349,2.87607],[101.90328,2.87595],[101.9031,2.8759],[101.90287,2.8759],[101.90275,2.87592],[101.90255,2.87592],[101.90229,2.87582],[101.9021,2.87566],[101.90197,2.87535],[101.90181,2.87501],[101.90162,2.87475],[101.90131,2.87462],[101.90089,2.87454],[101.90062,2.87442],[101.90028,2.87426],[101.89991,2.8741],[101.89947,2.87406],[101.89909,2.87408],[101.89898,2.87407],[101.89883,2.87403],[101.89874,2.87398],[101.89865,2.8739],[101.89855,2.8739]]}},{"type":"Feature","properties":{"name":"Sungai Jai","waterway":"river"},"geometry":{"type":"LineString","coordinates":[[101.88635,2.87459],[101.88628,2.87461],[101.88621,2.87462],[101.88612,2.87461],[101.88605,2.87457],[101.88598,2.87457],[101.88592,2.87458],[101.88587,2.87463],[101.88579,2.87466],[101.88567,2.87468],[101.88553,2.87467],[101.88545,2.87464],[101.8854,2.87465]]}},{"type":"Feature","properties":{"name":"Sungai Jai","waterway":"river"},"geometry":{"type":"LineString","coordinates":[[101.88663,2.87445],[101.88635,2.87459]]}},{"type":"Feature","properties":{"name":"Sungai Jai","waterway":"river"},"geometry":{"type":"LineString","coordinates":[[101.88528,2.87469],[101.8852,2.87473],[101.88507,2.8748],[101.88487,2.87492],[101.88468,2.87518],[101.88459,2.87534],[101.88418,2.87621],[101.88417,2.87633],[101.88434,2.87686],[101.88434,2.87691],[101.88429,2.87693],[101.88416,2.8769],[101.88405,2.87687],[101.88392,2.87686],[101.8838,2.87684],[101.88375,2.87679],[101.88374,2.8767],[101.88369,2.87658],[101.8836,2.87658],[101.88353,2.8766],[101.88346,2.87667],[101.88342,2.87671],[101.8833,2.87674],[101.88323,2.87681],[101.88313,2.87687],[101.88304,2.87691],[101.88285,2.87693],[101.8826,2.87688],[101.88243,2.87682],[101.88227,2.87679],[101.88211,2.87675],[101.88196,2.87667],[101.88174,2.87653],[101.88153,2.87638],[101.88133,2.87622],[101.88118,2.87613],[101.88101,2.87595],[101.88089,2.87577],[101.88081,2.87567],[101.88075,2.87563],[101.88071,2.87555],[101.8806,2.87545],[101.88046,2.8753],[101.88037,2.87523],[101.8803,2.87518],[101.88025,2.87512],[101.88015,2.87502],[101.8801,2.87496],[101.88003,2.87492],[101.8799,2.87479],[101.87974,2.87468],[101.87953,2.87455]]}},{"type":"Feature","properties":{"name":"Sungai Jai","waterway":"river"},"geometry":{"type":"LineString","coordinates":[[101.8854,2.87465],[101.88528,2.87469]]}},{"type":"Feature","properties":{"name":"Sungai Jai","waterway":"river"},"geometry":{"type":"LineString","coordinates":[[101.87941,2.87447],[101.87936,2.87442],[101.87928,2.87441],[101.87913,2.87436],[101.87901,2.87432],[101.8789,2.8743],[101.87886,2.87431],[101.8787,2.87428],[101.87856,2.87429],[101.87836,2.8743],[101.87826,2.87427],[101.87818,2.87427],[101.87815,2.87427],[101.87794,2.87428],[101.87782,2.87425],[101.8776,2.87427],[101.87743,2.87432],[101.87732,2.87435],[101.8772,2.8744],[101.8769,2.87446],[101.87664,2.8745],[101.87646,2.87451],[101.87627,2.87455],[101.87611,2.8746],[101.87592,2.87459],[101.87572,2.87448],[101.87552,2.87441],[101.87541,2.87434],[101.87529,2.87427],[101.87516,2.87419],[101.87509,2.87412],[101.87503,2.87407],[101.87492,2.87408],[101.87476,2.87403],[101.87467,2.87398],[101.87443,2.87386],[101.87386,2.87356],[101.87318,2.87323],[101.87243,2.87296],[101.87152,2.8727],[101.87134,2.87268]]}},{"type":"Feature","properties":{"name":"Sungai Jai","waterway":"river"},"geometry":{"type":"LineString","coordinates":[[101.87953,2.87455],[101.87941,2.87447]]}},{"type":"Feature","properties":{"name":"Sungai Kabul","waterway":"river"},"geometry":{"type":"LineString","coordinates":[[101.85913,2.89476],[101.85921,2.89476]]}},{"type":"Feature","properties":{"name":"Sungai Kabul","waterway":"river"},"geometry":{"type":"LineString","coordinates":[[101.85792,2.89474],[101.85913,2.89476]]}},{"type":"Feature","properties":{"name":"Sungai Kabul","waterway":"river"},"geometry":{"type":"LineString","coordinates":[[101.85777,2.89474],[101.85792,2.89474]]}},{"type":"Feature","properties":{"name":"Sungai Kabul","waterway":"river"},"geometry":{"type":"LineString","coordinates":[[101.85738,2.89473],[101.85777,2.89474]]}},{"type":"Feature","properties":{"name":"Sungai Kabul","waterway":"river"},"geometry":{"type":"LineString","coordinates":[[101.85731,2.89473],[101.85738,2.89473]]}},{"type":"Feature","properties":{"name":"Sungai Kabul","waterway":"river"},"geometry":{"type":"LineString","coordinates":[[101.85678,2.89472],[101.85731,2.89473]]}},{"type":"Feature","properties":{"name":"Sungai Kabul","waterway":"river"},"geometry":{"type":"LineString","coordinates":[[101.86049,2.89478],[101.86061,2.89478]]}},{"type":"Feature","properties":{"name":"Sungai Kabul","waterway":"river"},"geometry":{"type":"LineString","coordinates":[[101.85921,2.89476],[101.86032,2.89478],[101.86049,2.89478]]}},{"type":"Feature","properties":{"name":"Sungai Kabul","waterway":"river"},"geometry":{"type":"LineString","coordinates":[[101.86339,2.89216],[101.86338,2.88912]]}},{"type":"Feature","properties":{"name":"Sungai Kabul","waterway":"river"},"geometry":{"type":"LineString","coordinates":[[101.86339,2.89234],[101.86339,2.89216]]}},{"type":"Feature","properties":{"name":"Sungai Kabul","waterway":"river"},"geometry":{"type":"LineString","coordinates":[[101.86338,2.88912],[101.86337,2.88862]]}},{"type":"Feature","properties":{"name":"Sungai Kabul","waterway":"river"},"geometry":{"type":"LineString","coordinates":[[101.86061,2.89478],[101.86133,2.89479],[101.86141,2.89468],[101.86142,2.89348],[101.86148,2.89344],[101.86327,2.89337],[101.86338,2.89335],[101.86341,2.89328],[101.86339,2.89234]]}},{"type":"Feature","properties":{"name":"Sungai Kabul","waterway":"river"},"geometry":{"type":"LineString","coordinates":[[101.86284,2.88565],[101.86268,2.88527],[101.86266,2.88512]]}},{"type":"Feature","properties":{"name":"Sungai Kabul","waterway":"river"},"geometry":{"type":"LineString","coordinates":[[101.86343,2.8868],[101.86284,2.88565]]}},{"type":"Feature","properties":{"name":"Sungai Kabul","waterway":"river"},"geometry":{"type":"LineString","coordinates":[[101.86266,2.88512],[101.86253,2.88442]]}},{"type":"Feature","properties":{"name":"Sungai Kabul","waterway":"river"},"geometry":{"type":"LineString","coordinates":[[101.86337,2.88862],[101.86336,2.8874],[101.86338,2.88733],[101.86338,2.88729],[101.86336,2.88719],[101.86337,2.88708],[101.8634,2.88699],[101.86342,2.88693],[101.86343,2.8868]]}},{"type":"Feature","properties":{"name":"Sungai Kabul","waterway":"river"},"geometry":{"type":"LineString","coordinates":[[101.86253,2.88442],[101.8625,2.88414],[101.86244,2.88382],[101.86236,2.88349],[101.86226,2.88329],[101.86202,2.88297],[101.86197,2.88258],[101.86202,2.88237],[101.86191,2.88203],[101.86156,2.88108],[101.86124,2.8805],[101.86095,2.87999],[101.86084,2.87973],[101.86046,2.87914],[101.86038,2.87903],[101.86033,2.8789],[101.86027,2.87878],[101.86007,2.87851],[101.85963,2.87792],[101.85916,2.87723],[101.85902,2.87703],[101.85891,2.87691],[101.8588,2.87677],[101.85867,2.87665],[101.85863,2.87655],[101.85862,2.87643],[101.85858,2.87634]]}},{"type":"Feature","properties":{"name":"Sungai Putih","waterway":"river"},"geometry":{"type":"LineString","coordinates":[[101.87074,2.85917],[101.87078,2.85936]]}},{"type":"Feature","properties":{"name":"Sungai Putih","waterway":"river"},"geometry":{"type":"LineString","coordinates":[[101.86977,2.85789],[101.86989,2.85801],[101.87001,2.85811],[101.87014,2.85813],[101.87047,2.8581],[101.87054,2.85811],[101.87056,2.85817],[101.87054,2.85828],[101.87055,2.85839],[101.87058,2.85845],[101.87061,2.85857],[101.8706,2.85868],[101.87062,2.85881],[101.87067,2.85901],[101.87074,2.85917]]}},{"type":"Feature","properties":{"name":"Sungai Putih","waterway":"river"},"geometry":{"type":"LineString","coordinates":[[101.86955,2.85767],[101.86977,2.85789]]}},{"type":"Feature","properties":{"name":"Sungai Putih","waterway":"river"},"geometry":{"type":"LineString","coordinates":[[101.87381,2.84671],[101.87364,2.84722],[101.87361,2.8475],[101.87361,2.84775],[101.87373,2.8481],[101.87365,2.84844],[101.87348,2.84865],[101.87328,2.84887],[101.87292,2.84904],[101.87261,2.84934],[101.87251,2.84964],[101.87223,2.84988],[101.87164,2.85012],[101.87141,2.8504],[101.87138,2.85069],[101.87147,2.85096],[101.87154,2.8511],[101.87184,2.85195],[101.86951,2.85446]]}},{"type":"Feature","properties":{"name":"Sungai Jai","waterway":"river"},"geometry":{"type":"LineString","coordinates":[[101.89849,2.87393],[101.89841,2.87394],[101.89833,2.87394],[101.89829,2.87393],[101.89824,2.87386],[101.89816,2.87378],[101.89804,2.8738],[101.89782,2.87389],[101.89755,2.87395],[101.89747,2.87404],[101.89734,2.87414],[101.89715,2.87419],[101.89702,2.87418],[101.89682,2.87418],[101.89669,2.87412],[101.89657,2.8741],[101.89645,2.87412],[101.89637,2.87419],[101.89626,2.8742],[101.89617,2.87412],[101.8961,2.874],[101.89598,2.87392],[101.89584,2.8739],[101.89571,2.87379],[101.89566,2.87369],[101.89553,2.87359],[101.89538,2.87353],[101.89521,2.87338],[101.89506,2.87317],[101.89498,2.87307],[101.89495,2.87305],[101.89489,2.87304],[101.89484,2.87301],[101.89481,2.87293],[101.89479,2.87287],[101.89472,2.87285],[101.89469,2.87286],[101.89464,2.87288],[101.8946,2.87294],[101.89454,2.87297],[101.89448,2.87296],[101.89443,2.87293],[101.89426,2.8729],[101.89399,2.87282],[101.89383,2.87282],[101.89357,2.87271],[101.89342,2.87269],[101.89308,2.87266],[101.89277,2.87275],[101.89247,2.87281],[101.89218,2.87287],[101.89188,2.87285],[101.89162,2.87293],[101.89141,2.87311],[101.8913,2.87335],[101.89114,2.87347],[101.89104,2.87359],[101.89088,2.87364],[101.89068,2.87368],[101.89062,2.87377],[101.89062,2.87396],[101.89047,2.87407],[101.8903,2.87411],[101.89015,2.87413],[101.89004,2.87414],[101.88997,2.87419],[101.88991,2.87423],[101.88986,2.87422],[101.88979,2.87422],[101.88974,2.87425],[101.88967,2.87426],[101.88958,2.87426],[101.88946,2.87429],[101.8894,2.87432],[101.88932,2.87435],[101.88925,2.87436],[101.88919,2.87439],[101.88915,2.8744],[101.88907,2.8744],[101.889,2.87442],[101.88896,2.87447],[101.88891,2.8745],[101.88886,2.87451],[101.88878,2.87453],[101.88874,2.87456],[101.88871,2.8746],[101.88863,2.87463],[101.88852,2.87463],[101.88846,2.87462],[101.88836,2.8746],[101.88827,2.87458],[101.88819,2.87458],[101.88814,2.87459],[101.8881,2.87459],[101.888,2.87457],[101.88791,2.87456],[101.88781,2.87456],[101.88771,2.87456],[101.88762,2.87454],[101.88755,2.8745],[101.88749,2.87444],[101.88744,2.87436],[101.88739,2.87433],[101.88732,2.87431],[101.88725,2.87427],[101.88716,2.87426],[101.88703,2.87428],[101.887,2.87434],[101.88697,2.87436],[101.8869,2.87438],[101.88683,2.87436],[101.88674,2.87438],[101.88663,2.87445]]}},{"type":"Feature","properties":{"name":"Sungai Pajam","waterway":"river"},"geometry":{"type":"LineString","coordinates":[[101.88618,2.81367],[101.88618,2.81373]]}},{"type":"Feature","properties":{"name":"Sungai Pajam","waterway":"river"},"geometry":{"type":"LineString","coordinates":[[101.88616,2.81275],[101.88616,2.81285],[101.88614,2.813],[101.88608,2.81316],[101.88609,2.81325],[101.88614,2.81338],[101.88615,2.81351],[101.88618,2.81367]]}},{"type":"Feature","properties":{"name":"Sungai Pajam","waterway":"river"},"geometry":{"type":"LineString","coordinates":[[101.88613,2.81267],[101.88616,2.81275]]}},{"type":"Feature","properties":{"name":"Sungai Pajam","waterway":"river"},"geometry":{"type":"LineString","coordinates":[[101.88484,2.81139],[101.8848,2.81145],[101.88475,2.81156],[101.88474,2.81168],[101.88478,2.81182],[101.8849,2.8119],[101.88504,2.81191],[101.88515,2.81188],[101.88527,2.81183],[101.88539,2.81182],[101.88549,2.81185],[101.88558,2.81194],[101.88565,2.81207],[101.88579,2.81224],[101.88587,2.81236],[101.88601,2.81245],[101.88613,2.81267]]}},{"type":"Feature","properties":{"name":"Sungai Gebok","waterway":"river"},"geometry":{"type":"LineString","coordinates":[[101.85562,2.81561],[101.85563,2.81565],[101.85566,2.81569],[101.85567,2.81573],[101.85566,2.81578],[101.85569,2.81582],[101.85572,2.81586],[101.85572,2.81592],[101.85573,2.81597],[101.85575,2.81605],[101.85574,2.81612],[101.85571,2.81619],[101.85565,2.81623]]}},{"type":"Feature","properties":{"name":"Sungai Gebok","waterway":"river"},"geometry":{"type":"LineString","coordinates":[[101.85559,2.81557],[101.85562,2.81561]]}},{"type":"Feature","properties":{"name":null,"waterway":"river"},"geometry":{"type":"LineString","coordinates":[[101.88133,2.82371],[101.88132,2.8238],[101.88127,2.82383]]}},{"type":"Feature","properties":{"name":"Sungai Pajam","waterway":"river"},"geometry":{"type":"LineString","coordinates":[[101.88097,2.794],[101.88091,2.79398]]}},{"type":"Feature","properties":{"name":"Sungai Pajam","waterway":"river"},"geometry":{"type":"LineString","coordinates":[[101.88271,2.79096],[101.88274,2.79111],[101.88278,2.79126],[101.88284,2.7914],[101.88288,2.79157],[101.88307,2.79187],[101.88325,2.79199],[101.88338,2.79221],[101.8834,2.79239],[101.88334,2.79255],[101.88326,2.7927],[101.88309,2.79297],[101.88293,2.7932],[101.88281,2.79341],[101.88271,2.79366],[101.88255,2.79386],[101.8824,2.794],[101.88223,2.79403],[101.88208,2.79401],[101.88194,2.79396],[101.88178,2.79392],[101.88163,2.7939],[101.88144,2.79389],[101.88112,2.79391],[101.88105,2.79396],[101.88097,2.794]]}},{"type":"Feature","properties":{"name":"Sungai Pajam","waterway":"river"},"geometry":{"type":"LineString","coordinates":[[101.88091,2.79398],[101.88089,2.79394],[101.88087,2.7939],[101.88079,2.79392],[101.88075,2.79394],[101.88068,2.79403],[101.8806,2.79413],[101.88052,2.79414],[101.88049,2.79409],[101.88052,2.79402],[101.88055,2.79394],[101.8805,2.79387],[101.88041,2.79387],[101.88033,2.79389],[101.88024,2.79388],[101.88016,2.7939],[101.88012,2.79392],[101.88003,2.79391],[101.87996,2.79393],[101.87994,2.79399],[101.87999,2.79403],[101.88002,2.79409],[101.88002,2.79412],[101.87998,2.79418],[101.87999,2.79422],[101.88004,2.79426],[101.88011,2.79428],[101.88017,2.79434],[101.8802,2.79445],[101.88016,2.79459],[101.88008,2.79475],[101.87996,2.7949],[101.87984,2.79499],[101.87974,2.79509],[101.87969,2.7952],[101.87968,2.79527],[101.87972,2.79535],[101.87973,2.79539],[101.87968,2.79545],[101.87963,2.79546],[101.87954,2.79545],[101.87949,2.79546],[101.87941,2.7955],[101.87935,2.79553],[101.8793,2.79555],[101.87922,2.79554],[101.87915,2.79548],[101.87907,2.79549],[101.87899,2.79554],[101.87892,2.79556],[101.87887,2.79557],[101.87877,2.79559],[101.87866,2.79564],[101.87861,2.7957],[101.87862,2.79578],[101.87856,2.79589],[101.87848,2.79597],[101.87838,2.79606],[101.87828,2.7961],[101.87817,2.79614],[101.87811,2.79621],[101.87809,2.79631],[101.87808,2.7964],[101.87802,2.79652],[101.87795,2.79668],[101.87786,2.79673],[101.87777,2.79678],[101.87771,2.79686],[101.87766,2.79697],[101.87762,2.79712],[101.8776,2.79729],[101.87756,2.79736],[101.87754,2.79742],[101.8775,2.7975],[101.87745,2.79757],[101.87738,2.79763],[101.87733,2.79768],[101.87729,2.79774],[101.87728,2.79779],[101.87725,2.79784],[101.87723,2.79789],[101.87724,2.79796],[101.87724,2.79802],[101.87721,2.79808],[101.87718,2.79812],[101.87715,2.79814],[101.87714,2.79817],[101.87712,2.7982],[101.87708,2.79821],[101.87705,2.79819],[101.877,2.79819],[101.87697,2.79822],[101.87695,2.79828],[101.87691,2.79834],[101.87676,2.79836],[101.87664,2.79835],[101.87651,2.79828],[101.87647,2.79824],[101.87642,2.79822],[101.87636,2.7982],[101.87627,2.79821],[101.87622,2.79827],[101.87622,2.79836],[101.87628,2.79842],[101.87631,2.79851],[101.87629,2.79861],[101.87618,2.7987],[101.87606,2.79873],[101.87598,2.79873],[101.87592,2.79867],[101.87581,2.79867],[101.87573,2.79872],[101.87563,2.79887],[101.8755,2.79928],[101.87551,2.79952],[101.87556,2.79974],[101.87564,2.79983],[101.87573,2.79987],[101.87582,2.79996],[101.87589,2.79999],[101.87597,2.79997],[101.87608,2.79994],[101.87622,2.79987],[101.87628,2.7998],[101.87635,2.79974],[101.87641,2.79976],[101.87644,2.79983],[101.87646,2.79993],[101.87653,2.80001],[101.87661,2.80006],[101.87667,2.80012],[101.87669,2.8002],[101.87674,2.80027],[101.87678,2.80037],[101.87682,2.8005],[101.87681,2.80058],[101.87678,2.80067],[101.87672,2.80072],[101.87665,2.80077],[101.87661,2.80081],[101.87657,2.80095],[101.87657,2.80103],[101.87655,2.80109],[101.87657,2.80116],[101.87659,2.80124],[101.87659,2.80131],[101.87657,2.80135],[101.87652,2.80137],[101.87647,2.8014],[101.87644,2.80143],[101.87633,2.80146],[101.87625,2.80149],[101.87615,2.8016],[101.87614,2.80171],[101.87616,2.8018],[101.87622,2.80183],[101.87638,2.80187],[101.87653,2.80195],[101.87672,2.80208],[101.87679,2.80223],[101.87681,2.80233],[101.87679,2.8024],[101.87674,2.80255],[101.87673,2.80268],[101.87674,2.80273],[101.87684,2.80285],[101.87688,2.803],[101.87685,2.80316],[101.87676,2.80332],[101.87675,2.80342],[101.87679,2.80353],[101.87689,2.80357],[101.87699,2.80357],[101.87715,2.80354],[101.87729,2.80351],[101.87737,2.80352],[101.87742,2.80355],[101.87749,2.80362],[101.87754,2.80373],[101.87759,2.80382],[101.87767,2.80391],[101.87771,2.80396],[101.87771,2.80403],[101.87773,2.80411],[101.87782,2.80415],[101.87789,2.80422],[101.8779,2.8044],[101.87799,2.80453],[101.87814,2.80465],[101.87824,2.80469],[101.87834,2.80467],[101.87835,2.80458],[101.87834,2.80452],[101.87841,2.80442],[101.87865,2.80447],[101.87879,2.8046],[101.87877,2.8047],[101.87873,2.80479],[101.87872,2.80485],[101.87878,2.80494],[101.87887,2.80502],[101.87897,2.80509],[101.87905,2.8052],[101.87906,2.80527],[101.87902,2.80534],[101.87894,2.80539],[101.87884,2.80543],[101.87874,2.8055],[101.87873,2.80557],[101.87877,2.80565],[101.87887,2.80574],[101.87888,2.80584],[101.87878,2.806],[101.87875,2.80614],[101.87877,2.80626],[101.87888,2.80639],[101.87897,2.80652],[101.87899,2.8067],[101.87896,2.80686],[101.87889,2.80698],[101.87881,2.807],[101.87873,2.80689],[101.87872,2.80675],[101.87869,2.80662],[101.87858,2.80659],[101.87849,2.8067],[101.87844,2.80688],[101.87847,2.807],[101.87853,2.80726],[101.87861,2.80749],[101.87868,2.80763],[101.87879,2.80774],[101.87894,2.80789],[101.87907,2.80799],[101.87918,2.80804]]}},{"type":"Feature","properties":{"name":"Sungai Setul","waterway":"river"},"geometry":{"type":"LineString","coordinates":[[101.92123,2.79638],[101.92133,2.79666],[101.92146,2.7969],[101.92172,2.79703],[101.92194,2.79707],[101.92206,2.7972],[101.92204,2.79738],[101.92199,2.79746],[101.92199,2.79757],[101.92202,2.79762],[101.92205,2.79767],[101.92205,2.79771],[101.92199,2.79776],[101.92196,2.79783],[101.92197,2.79789],[101.92198,2.79799],[101.92201,2.79817],[101.9221,2.79863],[101.92212,2.79885],[101.9221,2.79905],[101.92207,2.79924],[101.92202,2.79937],[101.92204,2.79967],[101.92207,2.79995],[101.92218,2.80012],[101.92244,2.80025],[101.92301,2.8004],[101.9231,2.80046],[101.92309,2.80081],[101.9228,2.80171],[101.92279,2.80216],[101.92254,2.80332],[101.92214,2.80412],[101.92172,2.80488],[101.92122,2.8054],[101.92094,2.80557],[101.92071,2.80575],[101.9206,2.8059],[101.9205,2.80617],[101.92008,2.80706],[101.91971,2.80742],[101.91919,2.80763],[101.91856,2.80779],[101.9181,2.80775],[101.91723,2.80746],[101.91697,2.80737],[101.91664,2.80736],[101.91643,2.80754],[101.91628,2.80752],[101.9161,2.80761],[101.91594,2.8076],[101.91584,2.80767],[101.91562,2.80771],[101.91543,2.80776],[101.91526,2.80777],[101.91469,2.80797],[101.91464,2.80801],[101.91423,2.80793],[101.91413,2.80784],[101.914,2.80782],[101.91362,2.80779],[101.9134,2.80786],[101.91304,2.80784],[101.91275,2.80776],[101.91251,2.80777],[101.91227,2.80793],[101.91212,2.80811],[101.91199,2.80834],[101.91198,2.80848],[101.91195,2.80879],[101.91197,2.80906],[101.91199,2.80929],[101.91198,2.80957],[101.91182,2.80971],[101.91167,2.80971],[101.91132,2.80996],[101.91119,2.81017],[101.9111,2.81028],[101.91085,2.81048],[101.91057,2.8108],[101.91047,2.811],[101.91043,2.81117],[101.91031,2.81139],[101.91019,2.81156],[101.90999,2.81175],[101.9097,2.81201],[101.9096,2.8121],[101.90921,2.81239],[101.90897,2.81243],[101.9087,2.81247],[101.90843,2.81257],[101.90824,2.8127],[101.90803,2.81284],[101.9077,2.81299],[101.90706,2.81329],[101.90672,2.81335],[101.90648,2.81338],[101.90624,2.8134],[101.90617,2.81345],[101.90617,2.81353],[101.90622,2.81363],[101.90624,2.81385],[101.90625,2.81397],[101.90622,2.81408],[101.90609,2.81423],[101.90567,2.81462],[101.90557,2.81468],[101.90545,2.81474],[101.90532,2.8148],[101.90516,2.81488],[101.90501,2.81497],[101.90491,2.81501],[101.90473,2.81507],[101.90452,2.81512],[101.90431,2.81516],[101.90413,2.81532],[101.90401,2.81548],[101.90377,2.8156],[101.90358,2.81565],[101.90335,2.81574],[101.90296,2.81595],[101.90154,2.81632],[101.90041,2.81658],[101.89804,2.81718],[101.89457,2.82011],[101.89397,2.82033],[101.8935,2.82052],[101.89339,2.82063],[101.89282,2.8212],[101.89271,2.82131],[101.89257,2.82157],[101.89253,2.82162],[101.89238,2.82171],[101.89217,2.82177],[101.89198,2.82179],[101.89133,2.82182],[101.8903,2.82197],[101.89015,2.82202],[101.88886,2.82291],[101.8885,2.8232],[101.88822,2.82332],[101.88796,2.82343],[101.88779,2.82347],[101.88751,2.82351],[101.88723,2.8236],[101.88702,2.82374],[101.88689,2.82391],[101.8867,2.82404],[101.88646,2.82415],[101.88619,2.82418],[101.88561,2.8242],[101.88527,2.8243],[101.88508,2.82429],[101.88494,2.82428],[101.88485,2.82425],[101.88474,2.82401],[101.88458,2.82387],[101.88443,2.82384],[101.88428,2.82382],[101.88416,2.82388],[101.88392,2.82391],[101.8838,2.82393],[101.88278,2.82387],[101.88188,2.82392],[101.88166,2.82398],[101.8815,2.82395],[101.88138,2.82392],[101.88127,2.82383],[101.8811,2.82368],[101.88092,2.82361]]}},{"type":"Feature","properties":{"name":"Sungai Pajam","waterway":"river"},"geometry":{"type":"LineString","coordinates":[[101.88618,2.81373],[101.88619,2.81395],[101.88618,2.81413],[101.88613,2.81427],[101.88603,2.81442],[101.8859,2.81453],[101.88576,2.81458],[101.88562,2.81462],[101.88548,2.81463],[101.88536,2.81468],[101.88527,2.81478],[101.88521,2.81493],[101.88522,2.81512],[101.88521,2.81526],[101.88524,2.8154],[101.88537,2.81548],[101.88549,2.8155],[101.8856,2.81548],[101.88566,2.81542],[101.88569,2.81534],[101.88576,2.8153],[101.88584,2.81531],[101.88595,2.81531],[101.88608,2.8153],[101.8861,2.81524],[101.88608,2.81515],[101.88607,2.81503],[101.88609,2.81494],[101.88613,2.81486],[101.88623,2.81483],[101.88634,2.81486],[101.88642,2.81493],[101.88647,2.81505],[101.88649,2.81518],[101.88656,2.81526],[101.88658,2.81533],[101.88658,2.8154],[101.88653,2.8155],[101.88647,2.81562],[101.88646,2.81578],[101.88653,2.81589],[101.88666,2.816],[101.88678,2.81602],[101.88694,2.81611],[101.88706,2.81621],[101.88709,2.81631],[101.88706,2.81639],[101.88695,2.81641],[101.88683,2.8164],[101.88673,2.81643],[101.88668,2.81648],[101.88668,2.81657],[101.88675,2.81659],[101.8868,2.81666],[101.88692,2.81681],[101.88698,2.81691],[101.88703,2.81705],[101.88702,2.81711],[101.88697,2.81719],[101.88693,2.81725],[101.88692,2.81737],[101.88691,2.81743],[101.88686,2.81756],[101.88682,2.81762],[101.88677,2.81769],[101.88668,2.81773],[101.88659,2.81774],[101.88636,2.81774],[101.8862,2.81774],[101.88611,2.81773],[101.886,2.81772],[101.88595,2.81775],[101.88591,2.8178],[101.88591,2.81788],[101.88595,2.81797],[101.88596,2.81803],[101.88594,2.81812],[101.88588,2.81818],[101.88579,2.81822],[101.8857,2.81837],[101.88566,2.81845],[101.88562,2.81858],[101.8856,2.8187],[101.88556,2.81878],[101.88551,2.81882],[101.88543,2.81882],[101.88527,2.81886],[101.8852,2.81891],[101.88517,2.81901],[101.88517,2.81919],[101.8852,2.81941],[101.88521,2.81961],[101.88519,2.81975],[101.88513,2.8199],[101.88503,2.82004],[101.88493,2.82014],[101.88486,2.82023],[101.88483,2.82026],[101.88478,2.82027],[101.88473,2.82027],[101.8847,2.82025],[101.88469,2.8202],[101.8847,2.82011],[101.88475,2.82003],[101.88482,2.81999],[101.88489,2.81993],[101.88489,2.81987],[101.88485,2.81982],[101.88477,2.8198],[101.88471,2.8198],[101.88465,2.81983],[101.8846,2.81984],[101.88453,2.81985],[101.88448,2.81988],[101.88444,2.81995],[101.8844,2.82008],[101.8844,2.82017],[101.88442,2.82026],[101.88437,2.82032],[101.88429,2.82038],[101.88424,2.82045],[101.8842,2.82054],[101.88417,2.82068],[101.88415,2.82087],[101.88412,2.82099],[101.88407,2.82112],[101.88402,2.82116],[101.88394,2.8212],[101.88378,2.82126],[101.8837,2.82132],[101.88363,2.82141],[101.88356,2.82154],[101.88345,2.82168],[101.88337,2.82179],[101.88336,2.82187],[101.8833,2.82198],[101.88323,2.82204],[101.88315,2.82206],[101.88311,2.82202],[101.88301,2.822],[101.88297,2.82205],[101.88296,2.82211],[101.88292,2.82221],[101.8828,2.82234],[101.88267,2.82244],[101.88255,2.82248],[101.88236,2.82251],[101.88229,2.82256],[101.88224,2.82268],[101.88218,2.82274],[101.88209,2.82279],[101.88203,2.82285],[101.88196,2.82298],[101.88188,2.82302],[101.88181,2.82306],[101.88172,2.82313],[101.88166,2.82323],[101.88164,2.82331],[101.88162,2.82344],[101.88159,2.82358],[101.88154,2.82364],[101.88148,2.82369],[101.88133,2.82371],[101.88128,2.82368],[101.88126,2.82358],[101.88119,2.8235],[101.88106,2.82349],[101.88095,2.82355],[101.88092,2.82361]]}},{"type":"Feature","properties":{"name":"Sungai Gebok","waterway":"river"},"geometry":{"type":"LineString","coordinates":[[101.85571,2.83261],[101.85578,2.83263],[101.85586,2.8327],[101.85594,2.83277],[101.856,2.83282],[101.85608,2.83286],[101.85617,2.83289],[101.85627,2.83297],[101.85636,2.833],[101.85644,2.83307],[101.85649,2.83318],[101.85654,2.83331],[101.85664,2.83343],[101.85666,2.83352],[101.85664,2.83362]]}},{"type":"Feature","properties":{"name":"Sungai Gebok","waterway":"river"},"geometry":{"type":"LineString","coordinates":[[101.85566,2.8326],[101.85571,2.83261]]}},{"type":"Feature","properties":{"name":"Sungai Gebok","waterway":"river"},"geometry":{"type":"LineString","coordinates":[[101.8549,2.82897],[101.855,2.82942]]}},{"type":"Feature","properties":{"name":"Sungai Gebok","waterway":"river"},"geometry":{"type":"LineString","coordinates":[[101.85476,2.82326],[101.85481,2.82333],[101.85488,2.82337],[101.85494,2.8234],[101.855,2.82344],[101.85514,2.82355],[101.85527,2.82377],[101.85541,2.8242],[101.85537,2.82476],[101.85535,2.82509],[101.85532,2.8255],[101.85524,2.82567],[101.85509,2.82583],[101.85504,2.82601],[101.85508,2.82622],[101.85508,2.82639],[101.85504,2.82662],[101.85494,2.82681],[101.8549,2.82689],[101.85487,2.82696],[101.8548,2.82712],[101.85477,2.82726],[101.85475,2.82742],[101.85477,2.82756],[101.85477,2.8277],[101.85481,2.82787],[101.85481,2.82799],[101.85478,2.82818],[101.85483,2.82835],[101.85486,2.82854],[101.8549,2.82879],[101.8549,2.82897]]}},{"type":"Feature","properties":{"name":"Sungai Gebok","waterway":"river"},"geometry":{"type":"LineString","coordinates":[[101.8547,2.82319],[101.85476,2.82326]]}},{"type":"Feature","properties":{"name":"Sungai Gebok","waterway":"river"},"geometry":{"type":"LineString","coordinates":[[101.85499,2.82059],[101.85491,2.82073],[101.85483,2.82082],[101.85478,2.82083],[101.85471,2.82086],[101.85467,2.82088],[101.85465,2.82089],[101.85459,2.82089],[101.85452,2.8209],[101.85443,2.82094],[101.85436,2.82094],[101.85428,2.82095],[101.85418,2.82097],[101.85411,2.82099],[101.85408,2.82104],[101.8541,2.82112],[101.8541,2.82121],[101.85407,2.82133],[101.85407,2.82151],[101.8541,2.82167],[101.85413,2.82184],[101.85418,2.82199],[101.85419,2.82211],[101.85426,2.82227],[101.85429,2.8225],[101.85433,2.82269],[101.8544,2.82291],[101.85449,2.82302],[101.85461,2.82312],[101.8547,2.82319]]}},{"type":"Feature","properties":{"name":"Sungai Gebok","waterway":"river"},"geometry":{"type":"LineString","coordinates":[[101.85503,2.82051],[101.85499,2.82059]]}},{"type":"Feature","properties":{"name":"Sungai Gebok","waterway":"river"},"geometry":{"type":"LineString","coordinates":[[101.85561,2.81625],[101.85557,2.81627],[101.85553,2.8163],[101.85551,2.81633],[101.85555,2.81636],[101.85556,2.81642],[101.85556,2.81648],[101.85557,2.81656],[101.85556,2.81662],[101.85557,2.81668],[101.85558,2.81671],[101.85561,2.81673],[101.85569,2.81682],[101.85569,2.8169],[101.85565,2.81696],[101.85562,2.81698],[101.85557,2.81699],[101.85551,2.81699],[101.85548,2.81701],[101.85544,2.81701],[101.8554,2.81699],[101.85537,2.81698],[101.85533,2.817],[101.8553,2.81703],[101.85523,2.81709],[101.85518,2.81712],[101.85511,2.81716],[101.85507,2.81718],[101.85501,2.81723],[101.85498,2.81727],[101.85497,2.81733],[101.85493,2.8174],[101.85488,2.81743],[101.85481,2.81747],[101.85481,2.81752],[101.85484,2.81759],[101.85484,2.81762],[101.85483,2.81767],[101.85476,2.8178],[101.85472,2.81788],[101.85462,2.81801],[101.8546,2.81809],[101.85461,2.81825],[101.85465,2.81846],[101.85479,2.81861],[101.85503,2.81883],[101.8551,2.81897],[101.85516,2.81911],[101.85523,2.81927],[101.8553,2.81939],[101.85539,2.81945],[101.85544,2.81958],[101.85541,2.81969],[101.85535,2.81976],[101.85526,2.81989],[101.85523,2.82],[101.85524,2.82009],[101.8552,2.82019],[101.85519,2.82029],[101.85515,2.82039],[101.85503,2.82051]]}},{"type":"Feature","properties":{"name":"Sungai Gebok","waterway":"river"},"geometry":{"type":"LineString","coordinates":[[101.85565,2.81623],[101.85561,2.81625]]}},{"type":"Feature","properties":{"name":"Sungai Gebok","waterway":"river"},"geometry":{"type":"LineString","coordinates":[[101.85535,2.81455],[101.85544,2.81461],[101.85549,2.81476],[101.85551,2.81493],[101.85548,2.81503],[101.85544,2.81511],[101.85539,2.81515],[101.85534,2.81518],[101.85534,2.81524],[101.85535,2.81531],[101.85542,2.81536],[101.85544,2.8154],[101.85547,2.81544],[101.8555,2.81544],[101.85554,2.81544],[101.85555,2.81547],[101.85556,2.81551],[101.85557,2.81554],[101.85559,2.81557]]}},{"type":"Feature","properties":{"name":"Sungai Gebok","waterway":"river"},"geometry":{"type":"LineString","coordinates":[[101.855,2.82942],[101.855,2.82953],[101.85509,2.82959],[101.85522,2.82965],[101.85532,2.82967],[101.85541,2.82974],[101.85544,2.82985],[101.85543,2.83],[101.85547,2.8301],[101.85552,2.83019],[101.85557,2.83028],[101.8556,2.83038],[101.85558,2.83046],[101.85552,2.83055],[101.85553,2.83063],[101.8556,2.83074],[101.8557,2.8308],[101.85582,2.83084],[101.85587,2.83089],[101.85588,2.83095],[101.85592,2.83101],[101.85602,2.83109],[101.85612,2.83124],[101.85612,2.83134],[101.85612,2.83143],[101.8561,2.83149],[101.85609,2.83156],[101.85605,2.83159],[101.85599,2.83161],[101.85592,2.83167],[101.85589,2.83168],[101.85583,2.8317],[101.85577,2.83174],[101.85574,2.83182],[101.85571,2.8319],[101.85566,2.83195],[101.85562,2.83198],[101.85557,2.83203],[101.85551,2.83207],[101.85545,2.83212],[101.85544,2.83215],[101.85539,2.8322],[101.8554,2.83226],[101.85541,2.83228],[101.85542,2.83233],[101.85546,2.83237],[101.85546,2.83241],[101.85545,2.83247],[101.85548,2.83253],[101.85552,2.83256],[101.85557,2.83258],[101.85561,2.83259],[101.85566,2.8326]]}},{"type":"Feature","properties":{"name":"Sungai Batang Benar","waterway":"river"},"geometry":{"type":"LineString","coordinates":[[101.83093,2.81003],[101.83089,2.81014],[101.83082,2.81023],[101.83074,2.81038],[101.83072,2.81051],[101.83074,2.8106],[101.83081,2.81076],[101.83078,2.81096],[101.83065,2.81118],[101.83061,2.81128]]}},{"type":"Feature","properties":{"name":"Sungai Mahang","waterway":"river"},"geometry":{"type":"LineString","coordinates":[[101.82461,2.84546],[101.82473,2.8455]]}},{"type":"Feature","properties":{"name":"Sungai Biah","waterway":"river"},"geometry":{"type":"LineString","coordinates":[[101.89017,2.8622],[101.89017,2.86232],[101.89019,2.86237],[101.89019,2.86247],[101.89016,2.86262],[101.89015,2.86274],[101.89012,2.86283],[101.89011,2.86291],[101.89009,2.86303],[101.88998,2.86334],[101.88995,2.86344],[101.88989,2.86363],[101.88988,2.86381],[101.8899,2.86384],[101.88991,2.86405],[101.88992,2.86423],[101.88993,2.8644],[101.88991,2.86467],[101.88986,2.86509],[101.88981,2.86543],[101.88973,2.86565]]}},{"type":"Feature","properties":{"name":"Sungai Biah","waterway":"river"},"geometry":{"type":"LineString","coordinates":[[101.89017,2.86214],[101.89017,2.8622]]}},{"type":"Feature","properties":{"name":"Sungai Biah","waterway":"river"},"geometry":{"type":"LineString","coordinates":[[101.89661,2.85505],[101.8966,2.8551]]}},{"type":"Feature","properties":{"name":"Sungai Biah","waterway":"river"},"geometry":{"type":"LineString","coordinates":[[101.89909,2.85071],[101.89907,2.85078],[101.89903,2.85084],[101.89901,2.85095],[101.899,2.85108],[101.89902,2.8512],[101.89899,2.85131],[101.89896,2.85135],[101.89894,2.85142],[101.89896,2.85148],[101.89893,2.85158],[101.89891,2.85164],[101.89887,2.85168],[101.89881,2.85178],[101.8988,2.85185],[101.89877,2.85191],[101.89873,2.85197],[101.89869,2.85202],[101.89866,2.85211],[101.89861,2.85217],[101.89853,2.85224],[101.89846,2.8523],[101.89838,2.85236],[101.89825,2.85244],[101.89818,2.85248],[101.89815,2.85252],[101.89811,2.85257],[101.89805,2.85264],[101.89798,2.85266],[101.89796,2.85272],[101.8979,2.85276],[101.89784,2.85287],[101.8978,2.85291],[101.89773,2.85298],[101.89768,2.8531],[101.89765,2.85325],[101.89761,2.85336],[101.8976,2.85342],[101.89761,2.85348],[101.89762,2.8535],[101.89761,2.85357],[101.89761,2.85359],[101.89759,2.85362],[101.89754,2.85364],[101.89752,2.85368],[101.89751,2.85374],[101.89751,2.85378],[101.89754,2.8538],[101.89753,2.85384],[101.89754,2.85388],[101.89751,2.85393],[101.8975,2.854],[101.89748,2.85403],[101.89743,2.85408],[101.89741,2.85414],[101.89741,2.85417],[101.89739,2.85423],[101.89737,2.85425],[101.89734,2.85427],[101.89731,2.85431],[101.89726,2.85437],[101.89721,2.85441],[101.89719,2.85444],[101.89715,2.85451],[101.89713,2.85453],[101.89706,2.85458],[101.89698,2.85464],[101.89693,2.85467],[101.89691,2.85472],[101.89688,2.85477],[101.89686,2.8548],[101.89675,2.85487],[101.89668,2.85494],[101.89661,2.85505]]}},{"type":"Feature","properties":{"name":"Sungai Biah","waterway":"river"},"geometry":{"type":"LineString","coordinates":[[101.89909,2.85064],[101.89909,2.85071]]}},{"type":"Feature","properties":{"name":"Sungai Biah","waterway":"river"},"geometry":{"type":"LineString","coordinates":[[101.90122,2.83709],[101.90036,2.83724],[101.89959,2.83753],[101.89902,2.83786],[101.89864,2.83814],[101.89832,2.83837],[101.89813,2.8387],[101.89806,2.83895],[101.89805,2.83912],[101.89818,2.83941],[101.89834,2.83969],[101.8985,2.83997],[101.89858,2.84016],[101.89871,2.84035],[101.89874,2.84044],[101.89873,2.84057],[101.89866,2.84066],[101.89863,2.84078],[101.89863,2.84086],[101.89871,2.8409],[101.89874,2.84097],[101.89875,2.84106],[101.8987,2.84114],[101.89871,2.84118],[101.89872,2.84127],[101.89872,2.84147],[101.89876,2.84158],[101.89878,2.84166],[101.89878,2.8417],[101.89875,2.84172],[101.89874,2.84171],[101.89874,2.84169],[101.8987,2.84167],[101.89867,2.84166],[101.89862,2.84168],[101.8986,2.84171],[101.8986,2.84177],[101.89862,2.8418],[101.89862,2.84182],[101.89859,2.84185],[101.89854,2.84189],[101.89852,2.84195],[101.89847,2.84201],[101.89843,2.84211],[101.89837,2.84216],[101.89835,2.84223],[101.89827,2.8423],[101.8982,2.84234],[101.89808,2.84245],[101.89792,2.84257],[101.89787,2.84263],[101.89786,2.84272],[101.89786,2.84279],[101.89789,2.84285],[101.89789,2.84292],[101.89795,2.84306],[101.89803,2.84332],[101.8981,2.84357],[101.89814,2.84364],[101.89817,2.84365],[101.89821,2.84365],[101.89832,2.84365],[101.89853,2.84368],[101.8987,2.84372],[101.89889,2.84378],[101.899,2.84382],[101.89908,2.84386],[101.89914,2.84394],[101.89924,2.84403],[101.89939,2.84411],[101.89951,2.84417],[101.89976,2.8443],[101.89981,2.84439],[101.89989,2.84449],[101.90005,2.84456],[101.90017,2.84467],[101.90027,2.84495],[101.90033,2.84512],[101.90036,2.84526],[101.90048,2.84557],[101.90049,2.84568],[101.9005,2.84575],[101.90052,2.8458],[101.90048,2.84587],[101.90046,2.84596],[101.90043,2.846],[101.90042,2.84611],[101.90037,2.84624],[101.90029,2.84638],[101.90025,2.84648],[101.90026,2.84655],[101.90019,2.84665],[101.9002,2.84679],[101.90022,2.84691],[101.90026,2.847],[101.90025,2.84705],[101.90025,2.84715],[101.9003,2.84726],[101.90041,2.84731],[101.90045,2.84728],[101.90053,2.84722],[101.90061,2.84712],[101.9007,2.84706],[101.90081,2.84702],[101.90088,2.84709],[101.90085,2.84714],[101.90079,2.8472],[101.90078,2.84729],[101.90078,2.84735],[101.9007,2.84739],[101.90071,2.84746],[101.90075,2.84749],[101.90074,2.84756],[101.90081,2.84765],[101.90088,2.84774],[101.90087,2.84779],[101.90083,2.84788],[101.90085,2.84798],[101.90089,2.84807],[101.90098,2.84814],[101.901,2.84822],[101.90089,2.84836],[101.90077,2.84845],[101.90063,2.84855],[101.90056,2.84875],[101.90049,2.84885],[101.90043,2.84897],[101.90039,2.84907],[101.90034,2.84914],[101.90026,2.84917],[101.90021,2.84924],[101.90022,2.84929],[101.90025,2.84937],[101.90024,2.84944],[101.90016,2.84946],[101.90008,2.84949],[101.90003,2.84954],[101.89996,2.84957],[101.89987,2.84958],[101.89977,2.84961],[101.8997,2.84965],[101.89965,2.84969],[101.8996,2.84973],[101.89956,2.84978],[101.89952,2.84987],[101.89949,2.84995],[101.89941,2.85005],[101.89926,2.85019],[101.89921,2.85025],[101.89921,2.8503],[101.89917,2.85036],[101.89917,2.8504],[101.89913,2.85045],[101.89909,2.85051],[101.89909,2.85064]]}},{"type":"Feature","properties":{"name":"Sungai Biah","waterway":"river"},"geometry":{"type":"LineString","coordinates":[[101.8966,2.8551],[101.89658,2.85517],[101.89651,2.85526],[101.89648,2.85532],[101.89641,2.85544],[101.89634,2.85552],[101.89631,2.8556],[101.89628,2.85566],[101.89622,2.85573],[101.89614,2.85579],[101.89614,2.85587],[101.89608,2.85594],[101.89603,2.85601],[101.89602,2.8561],[101.896,2.85617],[101.89594,2.85624],[101.89591,2.85633],[101.89584,2.85641],[101.8958,2.8565],[101.89575,2.85653],[101.89573,2.85657],[101.89568,2.85658],[101.89564,2.85657],[101.89558,2.85656],[101.89551,2.8566],[101.89541,2.85663],[101.89534,2.85671],[101.89531,2.85677],[101.89523,2.85684],[101.89517,2.85693],[101.89511,2.85699],[101.89507,2.85702],[101.89501,2.85713],[101.89494,2.8572],[101.89487,2.85725],[101.89484,2.8573],[101.89481,2.85736],[101.89473,2.85745],[101.89464,2.85752],[101.89458,2.85754],[101.89449,2.85763],[101.89446,2.85774],[101.8944,2.85782],[101.8943,2.85787],[101.89415,2.85795],[101.89407,2.85802],[101.89401,2.85807],[101.89399,2.85813],[101.89394,2.85819],[101.89394,2.85826],[101.89387,2.85832],[101.89381,2.85839],[101.89372,2.85843],[101.89367,2.85848],[101.89366,2.85854],[101.8936,2.85857],[101.8935,2.85858],[101.89344,2.85859],[101.89333,2.85865],[101.89319,2.85875],[101.89305,2.85884],[101.89288,2.85898],[101.89273,2.85912],[101.89272,2.85916],[101.89269,2.85917],[101.89268,2.85918],[101.8927,2.85921],[101.89269,2.85923],[101.89266,2.85926],[101.89261,2.85927],[101.89256,2.85931],[101.89251,2.85941],[101.89243,2.85949],[101.89228,2.8596],[101.89205,2.85969],[101.89177,2.85983],[101.89149,2.85991],[101.8913,2.85997],[101.89113,2.86005],[101.89096,2.86015],[101.89085,2.86025],[101.89077,2.86034],[101.89068,2.86049],[101.8906,2.8607],[101.89056,2.86079],[101.89055,2.86088],[101.89052,2.86096],[101.89045,2.86115],[101.89042,2.86122],[101.89039,2.8613],[101.89038,2.86141],[101.89035,2.86151],[101.89032,2.86155],[101.89031,2.86159],[101.8903,2.86164],[101.89029,2.86177],[101.89027,2.86182],[101.89027,2.86188],[101.89027,2.86195],[101.89024,2.86205],[101.89017,2.86214]]}},{"type":"Feature","properties":{"name":"Suak Mengkarang","waterway":"river"},"geometry":{"type":"LineString","coordinates":[[101.87816,2.90041],[101.87826,2.90037]]}},{"type":"Feature","properties":{"name":"Suak Mengkarang","waterway":"river"},"geometry":{"type":"LineString","coordinates":[[101.87768,2.90064],[101.87816,2.90041]]}},{"type":"Feature","properties":{"name":"Suak Mengkarang","waterway":"river"},"geometry":{"type":"LineString","coordinates":[[101.87734,2.90081],[101.87768,2.90064]]}},{"type":"Feature","properties":{"name":"Suak Mengkarang","waterway":"river"},"geometry":{"type":"LineString","coordinates":[[101.87702,2.90095],[101.87734,2.90081]]}},{"type":"Feature","properties":{"name":"Suak Mengkarang","waterway":"river"},"geometry":{"type":"LineString","coordinates":[[101.8769,2.90099],[101.87702,2.90095]]}},{"type":"Feature","properties":{"name":"Suak Mengkarang","waterway":"river"},"geometry":{"type":"LineString","coordinates":[[101.87654,2.90113],[101.8769,2.90099]]}},{"type":"Feature","properties":{"name":"Suak Mengkarang","waterway":"river"},"geometry":{"type":"LineString","coordinates":[[101.87598,2.9019],[101.87654,2.90113]]}},{"type":"Feature","properties":{"name":"Suak Mengkarang","waterway":"river"},"geometry":{"type":"LineString","coordinates":[[101.87269,2.90374],[101.8728,2.90363],[101.87298,2.90354],[101.8732,2.90348],[101.87353,2.90339],[101.87385,2.90318],[101.87412,2.90285],[101.87449,2.90251],[101.87504,2.90232],[101.87563,2.90226],[101.87598,2.9019]]}},{"type":"Feature","properties":{"name":"Suak Mengkarang","waterway":"river"},"geometry":{"type":"LineString","coordinates":[[101.87826,2.90037],[101.87848,2.90017],[101.87896,2.8999],[101.87913,2.89963],[101.87918,2.89935],[101.8791,2.89911],[101.87888,2.89889],[101.87867,2.89874],[101.87861,2.89856],[101.87865,2.89846],[101.87871,2.89839],[101.87874,2.89825],[101.87871,2.89812],[101.87855,2.89791],[101.8785,2.89777],[101.87851,2.89768],[101.87859,2.89751],[101.87872,2.89742],[101.87885,2.89723],[101.87891,2.897],[101.87886,2.89676],[101.87872,2.8965],[101.87852,2.89617],[101.87834,2.89597],[101.87823,2.8959],[101.87814,2.89577],[101.87804,2.89553],[101.87798,2.89532],[101.87794,2.89495],[101.87789,2.89479],[101.87787,2.89469],[101.87781,2.89448],[101.87771,2.89434],[101.87751,2.89407],[101.87736,2.89386],[101.87719,2.89362],[101.87718,2.89356],[101.87717,2.89347],[101.87718,2.89338],[101.87718,2.89332],[101.87717,2.89327],[101.87717,2.89324],[101.87715,2.89319],[101.87717,2.89312],[101.87721,2.89302],[101.87721,2.89295],[101.8772,2.89291],[101.87717,2.89286],[101.87717,2.89281],[101.87717,2.89266],[101.87723,2.89239],[101.87722,2.89203],[101.87719,2.89171],[101.8772,2.89146],[101.87721,2.89128],[101.87717,2.89092],[101.87713,2.8908],[101.87708,2.89073],[101.87702,2.89062],[101.87694,2.89046],[101.87683,2.89027],[101.8766,2.88979],[101.87648,2.88959],[101.87642,2.8895],[101.87622,2.88914],[101.87618,2.88909],[101.87595,2.88865],[101.87577,2.88854],[101.87565,2.88845],[101.8755,2.88843],[101.87546,2.88835],[101.8754,2.88831],[101.87525,2.88813],[101.87516,2.88803],[101.87517,2.88795],[101.87518,2.8879],[101.87514,2.88783],[101.87513,2.88775],[101.87514,2.8877],[101.87516,2.88764],[101.87515,2.88759],[101.87518,2.88749],[101.87519,2.88738],[101.87518,2.88722],[101.87513,2.88706],[101.87512,2.88696],[101.87515,2.88687],[101.87519,2.88677],[101.87525,2.88672],[101.87531,2.88665],[101.87533,2.88656],[101.87531,2.88646],[101.87532,2.88637],[101.87538,2.88632],[101.87545,2.8863],[101.87551,2.88626],[101.87554,2.88621],[101.87553,2.88614],[101.87553,2.88609],[101.87557,2.88597],[101.87558,2.88588],[101.87558,2.88576],[101.87561,2.88564]]}},{"type":"Feature","properties":{"name":"Sungai Beranang","waterway":"river"},"geometry":{"type":"LineString","coordinates":[[101.9578,2.89998],[101.95779,2.9001],[101.95786,2.90017],[101.9581,2.90017],[101.95824,2.9002],[101.95841,2.90018],[101.95859,2.90026],[101.95869,2.9005],[101.95876,2.90061],[101.95889,2.90065],[101.95902,2.90063],[101.95912,2.90066],[101.9594,2.90072],[101.95956,2.90071],[101.95965,2.90074],[101.9598,2.90071],[101.95987,2.90069],[101.95993,2.90069],[101.95994,2.90074],[101.95987,2.90078],[101.95982,2.90085],[101.95985,2.90091],[101.95995,2.90097],[101.96,2.90108],[101.9602,2.90131],[101.96037,2.9015],[101.96054,2.90171],[101.96059,2.90193],[101.96054,2.90209],[101.96047,2.90227],[101.96048,2.90241],[101.96049,2.90247],[101.96046,2.90256],[101.96036,2.90275],[101.96033,2.90294],[101.96031,2.90308],[101.96025,2.90324],[101.96017,2.90331],[101.96006,2.90336],[101.96,2.90345],[101.95994,2.90347],[101.95989,2.90345],[101.95983,2.90342],[101.95977,2.90342],[101.95971,2.90345],[101.9597,2.90351],[101.95974,2.90356],[101.95975,2.90361],[101.9597,2.90365],[101.95956,2.90366],[101.95941,2.9037],[101.95935,2.90382],[101.95941,2.90396],[101.9594,2.90416],[101.9593,2.90428],[101.9591,2.90444],[101.95899,2.90463],[101.95895,2.90488],[101.95902,2.905],[101.95905,2.90518],[101.95889,2.90541],[101.95873,2.90545],[101.9585,2.90543],[101.95843,2.90543],[101.95839,2.90537],[101.95844,2.90528],[101.9584,2.90523],[101.95811,2.90531],[101.95788,2.90543],[101.95769,2.90552],[101.95754,2.90561],[101.95738,2.90575],[101.95725,2.9057],[101.95711,2.90572],[101.95703,2.9058],[101.95709,2.90593],[101.95726,2.90597],[101.95733,2.90603],[101.95733,2.90612],[101.95725,2.90619],[101.95713,2.90619],[101.95703,2.90615],[101.95668,2.90621],[101.95649,2.90613],[101.95627,2.90595],[101.95605,2.90585],[101.95594,2.90575],[101.95589,2.90569],[101.95573,2.90568],[101.95554,2.90577],[101.95535,2.90583],[101.95517,2.90579],[101.95504,2.90569],[101.9548,2.9057],[101.95466,2.90578],[101.95463,2.90591],[101.95457,2.90599],[101.95442,2.90602],[101.95425,2.90598],[101.95418,2.90591],[101.95412,2.90579],[101.95389,2.9058],[101.95376,2.90584],[101.95362,2.90591],[101.95348,2.9059],[101.95339,2.90583],[101.95333,2.90584],[101.95331,2.90592],[101.95318,2.90594],[101.95307,2.90589],[101.95298,2.90576],[101.95292,2.90563],[101.95294,2.90553],[101.95288,2.90545],[101.9528,2.90541],[101.95272,2.90528],[101.95276,2.90516],[101.95277,2.90506],[101.95271,2.90499],[101.9526,2.90499],[101.9525,2.90506],[101.95238,2.90503],[101.95232,2.90492],[101.95227,2.90479],[101.95227,2.90454],[101.95223,2.90445],[101.95212,2.9044],[101.95211,2.90432],[101.95207,2.90426],[101.95198,2.90424],[101.95187,2.90423],[101.95171,2.90423],[101.95154,2.90422],[101.95136,2.90416],[101.95116,2.90404],[101.95112,2.90396],[101.95111,2.9039],[101.95091,2.90382],[101.95078,2.90373],[101.95064,2.9036],[101.95062,2.90351],[101.95064,2.90336],[101.95056,2.90321],[101.95046,2.90305],[101.9504,2.90299],[101.95035,2.90296],[101.95027,2.90295],[101.95023,2.90293],[101.95023,2.90288],[101.95024,2.90282],[101.95019,2.90268],[101.95005,2.90247],[101.94998,2.90244],[101.94994,2.90246],[101.94989,2.90249],[101.94985,2.90249],[101.94984,2.90245],[101.94983,2.90237],[101.94988,2.90226],[101.9499,2.90199],[101.94972,2.90178],[101.94965,2.90166],[101.94961,2.90154],[101.94955,2.90146],[101.94951,2.90127],[101.94946,2.9012],[101.9494,2.90119],[101.94925,2.90117],[101.94905,2.90113],[101.94894,2.90108],[101.94884,2.90096],[101.94877,2.90095],[101.94873,2.90099],[101.94874,2.90104],[101.9487,2.90109],[101.9486,2.90107],[101.94856,2.90101],[101.94859,2.90095],[101.94857,2.90089],[101.94849,2.90087],[101.94845,2.9009],[101.94832,2.90093],[101.94825,2.90088],[101.94821,2.9008],[101.94814,2.9008],[101.94805,2.90086],[101.94789,2.90085],[101.94781,2.9009],[101.94778,2.90088],[101.94774,2.90083],[101.94775,2.90064],[101.94768,2.90058],[101.94765,2.90057],[101.94762,2.9006],[101.94757,2.90066],[101.94751,2.90067],[101.94735,2.90062],[101.94723,2.90061],[101.94717,2.90052],[101.9471,2.9005],[101.94696,2.90049],[101.94682,2.90054],[101.94662,2.90052],[101.9464,2.90047],[101.94616,2.90052],[101.94602,2.90052],[101.9459,2.90054],[101.94577,2.90058],[101.94571,2.90065],[101.94569,2.90076],[101.94566,2.90082],[101.94559,2.90083],[101.9455,2.90092],[101.94545,2.90106],[101.94535,2.90114],[101.94534,2.90123],[101.94536,2.9013],[101.94536,2.90137],[101.94533,2.9014],[101.94526,2.9014],[101.94518,2.90137],[101.94512,2.90136],[101.94507,2.90132],[101.94509,2.90127],[101.94506,2.90124],[101.94505,2.90111],[101.94494,2.90107],[101.94487,2.90108],[101.9448,2.90107],[101.94476,2.90111],[101.94473,2.90117],[101.94474,2.90124],[101.94472,2.90126],[101.94469,2.90128],[101.94466,2.90129],[101.94465,2.90134],[101.94462,2.90135],[101.94458,2.90137],[101.94457,2.90142],[101.94455,2.90147],[101.9445,2.90149],[101.94443,2.90147],[101.94438,2.90142],[101.94436,2.90133],[101.94439,2.90119],[101.94434,2.90114],[101.9443,2.90113],[101.94427,2.90114],[101.94422,2.90117],[101.94418,2.90116],[101.94416,2.90115],[101.94413,2.90112],[101.9441,2.90113],[101.94408,2.90118],[101.94404,2.9012],[101.94403,2.90124],[101.94405,2.90136],[101.94405,2.90139],[101.944,2.9014],[101.94394,2.90138],[101.94383,2.90129],[101.94373,2.90113],[101.94365,2.90107],[101.94356,2.901],[101.9435,2.90099],[101.94345,2.90099],[101.9434,2.90102],[101.94331,2.90105],[101.94314,2.90105],[101.94301,2.90103],[101.94295,2.90099],[101.94291,2.90091],[101.9429,2.90076],[101.94284,2.90068],[101.94272,2.90057],[101.94261,2.90057],[101.9425,2.90052],[101.94235,2.90038],[101.94225,2.90032],[101.94221,2.90033],[101.94216,2.90035],[101.94213,2.90035],[101.94212,2.90034],[101.94213,2.90031],[101.94212,2.90026],[101.94202,2.90014],[101.94193,2.9001],[101.94187,2.90009],[101.94186,2.90013],[101.94188,2.90019],[101.94181,2.90027],[101.94171,2.90029],[101.94161,2.90025],[101.94151,2.90026],[101.94147,2.90025],[101.94144,2.9002],[101.94145,2.90017],[101.94147,2.90017],[101.94149,2.90016],[101.9415,2.90012],[101.94152,2.90009],[101.94151,2.90006],[101.94147,2.89996],[101.94145,2.89984],[101.94134,2.89977],[101.94131,2.89975],[101.94125,2.89972],[101.94115,2.8997],[101.94109,2.89963],[101.94105,2.89963],[101.941,2.8997],[101.94096,2.89969],[101.94092,2.89964],[101.94079,2.89964],[101.94067,2.89963],[101.94062,2.89958],[101.9406,2.89949],[101.94062,2.89942],[101.94071,2.89935],[101.9408,2.89933],[101.94081,2.8993],[101.94079,2.89925],[101.94073,2.89913],[101.94073,2.89909],[101.94077,2.89904],[101.94079,2.89895],[101.94077,2.89891],[101.94065,2.89888],[101.94052,2.89888],[101.94047,2.89884],[101.94042,2.89876],[101.94033,2.89866],[101.94027,2.89863],[101.9402,2.89865],[101.94016,2.89864],[101.94007,2.89857],[101.93999,2.89855],[101.93989,2.89851],[101.93979,2.89844],[101.93971,2.89833],[101.9396,2.89825],[101.93948,2.89808],[101.93942,2.89805],[101.93933,2.89806],[101.93925,2.89812],[101.93912,2.89814],[101.93907,2.89817],[101.93903,2.89831],[101.93902,2.89833],[101.939,2.89834],[101.93897,2.89832],[101.93888,2.89824],[101.93881,2.89825],[101.93869,2.89822],[101.93866,2.89824],[101.93859,2.89836],[101.93854,2.89835],[101.93849,2.89832],[101.93845,2.89823],[101.93847,2.89789],[101.93845,2.8978],[101.93841,2.89773],[101.93834,2.89772],[101.93827,2.89776],[101.93812,2.89776],[101.93803,2.89783],[101.93801,2.89801],[101.93799,2.89806],[101.93797,2.89808],[101.93793,2.89808],[101.93791,2.89805],[101.93787,2.89803],[101.9378,2.89806],[101.93775,2.8981],[101.93765,2.89812],[101.93754,2.89809],[101.93741,2.89807],[101.93729,2.89804],[101.93726,2.89799],[101.93719,2.89796],[101.93714,2.89802],[101.93713,2.89805],[101.93716,2.8981],[101.93719,2.89817],[101.93713,2.89827],[101.93705,2.89827],[101.93687,2.89829],[101.93684,2.89833],[101.93672,2.89839],[101.93658,2.89838],[101.93651,2.89828],[101.9365,2.89819],[101.93638,2.89808],[101.93619,2.89804],[101.93602,2.89798],[101.93592,2.8979],[101.93574,2.89792],[101.93567,2.89802],[101.93562,2.89807],[101.93556,2.89819],[101.93553,2.8983],[101.93548,2.8984],[101.93537,2.89845],[101.93519,2.89845],[101.93508,2.8984],[101.9349,2.89839],[101.93475,2.89843],[101.93462,2.89839],[101.93456,2.89827],[101.93432,2.89822],[101.93428,2.89816],[101.93409,2.89808],[101.93393,2.8981],[101.93385,2.89824],[101.93382,2.89844],[101.93368,2.89859],[101.93339,2.89873],[101.93305,2.89873],[101.93301,2.89878],[101.93288,2.89882],[101.93278,2.89883],[101.93273,2.89886],[101.93271,2.8989],[101.93273,2.89896],[101.93283,2.89899],[101.93294,2.89898],[101.93301,2.89889],[101.93306,2.89887],[101.93331,2.89887],[101.93337,2.89893],[101.93345,2.89899],[101.93348,2.89904],[101.93345,2.8991],[101.93331,2.89919],[101.9332,2.89923],[101.93291,2.89924],[101.93282,2.89923],[101.93274,2.8992],[101.93269,2.8992],[101.93263,2.89928],[101.93262,2.89937],[101.93263,2.89946],[101.93265,2.8995],[101.93261,2.89953],[101.9326,2.89957],[101.93256,2.89958],[101.9324,2.89955],[101.93232,2.89954],[101.93217,2.89964],[101.93207,2.8997],[101.93207,2.89974],[101.93214,2.89981],[101.93212,2.89991],[101.93205,2.89995],[101.93195,2.89989],[101.93189,2.89986],[101.93182,2.89987],[101.93177,2.89992],[101.93164,2.90003],[101.93145,2.90006],[101.93137,2.90011],[101.9312,2.90013],[101.93111,2.9002],[101.93101,2.90027],[101.93092,2.90028],[101.93084,2.90026],[101.93077,2.90028],[101.93071,2.90035],[101.93061,2.90049],[101.93054,2.90054],[101.93045,2.90056],[101.93023,2.90057],[101.92999,2.90052],[101.92982,2.90053],[101.92973,2.90046],[101.92953,2.90046],[101.92935,2.90052],[101.92915,2.90059],[101.92883,2.90065],[101.92859,2.9007],[101.92839,2.9007],[101.9282,2.90079],[101.92801,2.90084],[101.92789,2.90081],[101.9277,2.9007],[101.92754,2.90073],[101.9274,2.90067],[101.92731,2.90055],[101.92727,2.90042],[101.92729,2.90023],[101.92733,2.89981],[101.92728,2.89971],[101.92694,2.89933],[101.92666,2.89903],[101.92646,2.89898],[101.92618,2.89897],[101.92599,2.89898],[101.92581,2.89905],[101.92571,2.8991],[101.92564,2.89911],[101.92553,2.89907],[101.92543,2.89909],[101.92535,2.89909],[101.92526,2.89914],[101.92518,2.89928],[101.92506,2.89933],[101.92494,2.89933],[101.92479,2.8994],[101.92445,2.89935],[101.9243,2.89936],[101.92411,2.89933],[101.92394,2.89924],[101.92372,2.89921],[101.92357,2.89923],[101.92352,2.89927],[101.92345,2.89928],[101.9234,2.89925],[101.92329,2.89918],[101.9232,2.89916],[101.92314,2.89913],[101.92301,2.89899],[101.92291,2.89874],[101.92279,2.89858],[101.92258,2.89845],[101.92235,2.89834],[101.92215,2.89826],[101.92201,2.89822],[101.92185,2.89803],[101.92177,2.89799],[101.92168,2.89792],[101.92153,2.89781],[101.92131,2.89776],[101.92115,2.89774],[101.92108,2.89767],[101.92107,2.89756],[101.9211,2.89737],[101.921,2.89716],[101.92104,2.89702],[101.92114,2.89688],[101.92116,2.89679],[101.92105,2.89667],[101.92083,2.89659],[101.92075,2.89655],[101.9207,2.89633],[101.92066,2.8962],[101.9206,2.89609],[101.92041,2.89584],[101.92032,2.89577],[101.92018,2.89546],[101.9201,2.8954],[101.92004,2.89532],[101.91968,2.89478],[101.91959,2.89468],[101.91953,2.89453],[101.91937,2.89435],[101.91937,2.89426],[101.91943,2.8942],[101.91958,2.89418],[101.91971,2.89413],[101.91979,2.89403],[101.9198,2.8939],[101.91971,2.89381],[101.91953,2.89376],[101.91938,2.89375],[101.91924,2.89361],[101.91917,2.8936],[101.91903,2.89352],[101.91874,2.89335],[101.91838,2.89327],[101.91812,2.89336],[101.91799,2.8933],[101.91792,2.8933],[101.91781,2.89343],[101.91771,2.89347],[101.91756,2.89346],[101.91742,2.89348],[101.91729,2.89352],[101.91717,2.8936],[101.91707,2.89363],[101.91698,2.8936],[101.91687,2.89353],[101.91678,2.89347],[101.91668,2.89338],[101.91662,2.89323],[101.91634,2.89287],[101.91617,2.89269],[101.91613,2.89258],[101.91611,2.89237],[101.91604,2.89227],[101.91598,2.89225],[101.91578,2.89231],[101.91552,2.89221],[101.91537,2.89205],[101.91542,2.89181],[101.91552,2.89165],[101.91544,2.89156],[101.91521,2.89165],[101.915,2.89164],[101.91485,2.89165],[101.91475,2.89161],[101.91455,2.89157],[101.91446,2.89147],[101.91445,2.89136],[101.9145,2.89124],[101.91448,2.89118],[101.91439,2.89115],[101.91423,2.89116],[101.91393,2.89107],[101.91381,2.89106],[101.91371,2.8911],[101.91362,2.89122],[101.9136,2.89142],[101.91351,2.89155],[101.91338,2.8916],[101.91323,2.89157],[101.91308,2.89148],[101.91277,2.89125],[101.91261,2.89126],[101.91243,2.89133],[101.91215,2.89146],[101.91202,2.89144],[101.91194,2.89136],[101.91151,2.89107],[101.91137,2.89104],[101.91108,2.89116],[101.911,2.89115],[101.91092,2.89107],[101.91063,2.89082],[101.91059,2.89067],[101.91046,2.89052],[101.9102,2.89047],[101.9099,2.89041],[101.90969,2.89041],[101.90955,2.89045],[101.90941,2.89049],[101.90932,2.89058],[101.90923,2.8907],[101.9091,2.89079],[101.90902,2.89082],[101.90894,2.89076],[101.90879,2.89076],[101.90875,2.89073],[101.90872,2.89065],[101.90869,2.89062],[101.90865,2.89063],[101.90859,2.89069],[101.90842,2.89083],[101.90838,2.89086],[101.90835,2.89085],[101.90831,2.89081],[101.90821,2.89082],[101.90796,2.89095],[101.9078,2.89106],[101.90778,2.89116],[101.90779,2.89134],[101.90776,2.89149],[101.90776,2.89161],[101.90778,2.89166],[101.90773,2.89169],[101.90768,2.89169],[101.90751,2.89171],[101.90748,2.8917],[101.90744,2.8916],[101.90744,2.89147],[101.90742,2.89144],[101.90724,2.89139],[101.90715,2.89137],[101.90709,2.89133],[101.90705,2.89133],[101.90699,2.89138],[101.90685,2.89145],[101.90673,2.89149],[101.90664,2.89154],[101.90658,2.89153],[101.90651,2.89146],[101.90648,2.89137],[101.90642,2.8913],[101.90632,2.89133],[101.90622,2.89134],[101.90608,2.8914],[101.90596,2.89141],[101.90589,2.8914],[101.90584,2.89137],[101.90583,2.89132],[101.90572,2.89122],[101.90568,2.89121],[101.90566,2.89118],[101.90562,2.89117],[101.90555,2.89122],[101.90543,2.89123],[101.90527,2.89133],[101.90514,2.89133],[101.90506,2.89126],[101.90496,2.89126],[101.90482,2.8913],[101.90468,2.89138],[101.90442,2.8914],[101.90413,2.89148],[101.90379,2.89149],[101.90371,2.89152],[101.90353,2.89152],[101.90345,2.89153],[101.90341,2.89158],[101.9034,2.89163],[101.90333,2.89169],[101.90315,2.89183],[101.90309,2.89195],[101.90305,2.89207],[101.90305,2.89213],[101.90306,2.89218],[101.9031,2.89221],[101.90315,2.8922],[101.90321,2.8922],[101.90325,2.89222],[101.90329,2.89226],[101.90328,2.89231],[101.90323,2.89235],[101.90317,2.89239],[101.90305,2.89241],[101.903,2.89244],[101.90294,2.89244],[101.90289,2.89246],[101.90287,2.89251],[101.90277,2.89258],[101.9026,2.89262],[101.90258,2.89266],[101.90258,2.89282],[101.90254,2.89287],[101.9025,2.89291],[101.90245,2.89293],[101.90241,2.89291],[101.90239,2.89288],[101.90238,2.89283],[101.90232,2.8928],[101.90221,2.89275],[101.90208,2.89272],[101.90203,2.89272],[101.90199,2.89276],[101.90196,2.89285],[101.90193,2.8929],[101.90189,2.89291],[101.90183,2.89291],[101.90168,2.89284],[101.90156,2.89279],[101.9015,2.89278],[101.90144,2.89279],[101.90139,2.89283],[101.90124,2.89297],[101.90107,2.89303],[101.90088,2.893],[101.90078,2.89294],[101.90073,2.89293],[101.90069,2.89296],[101.90061,2.89305],[101.90054,2.89309],[101.90039,2.89311],[101.90028,2.8931],[101.90018,2.89302],[101.9,2.89305],[101.89987,2.89301],[101.89972,2.89304],[101.89953,2.89315],[101.89939,2.89325],[101.89932,2.89334],[101.89928,2.89334],[101.89921,2.89331],[101.89912,2.8933],[101.89896,2.89316],[101.89892,2.89315],[101.89878,2.8932],[101.89854,2.89318],[101.89836,2.89314],[101.8982,2.8932],[101.89792,2.89316],[101.89758,2.8932],[101.89741,2.89326],[101.89723,2.89327],[101.89704,2.89328],[101.89689,2.89334],[101.89683,2.8934],[101.89683,2.89352],[101.89689,2.89369],[101.8969,2.89383],[101.89683,2.89404],[101.89673,2.89413],[101.89663,2.8942],[101.89654,2.89423],[101.89642,2.89431],[101.89631,2.89432],[101.89618,2.89427],[101.89606,2.89417],[101.89593,2.89413],[101.89579,2.89416],[101.89566,2.89413],[101.89543,2.89415],[101.89524,2.89411],[101.89488,2.89417],[101.89462,2.8942],[101.89439,2.89425],[101.89418,2.89429],[101.89397,2.89429],[101.89387,2.89424],[101.89368,2.89425],[101.89356,2.89428],[101.89346,2.89435],[101.89338,2.89434],[101.8933,2.8943],[101.89321,2.89432],[101.89302,2.89435],[101.8928,2.89437],[101.89265,2.89439],[101.89255,2.89438],[101.89243,2.89442],[101.89229,2.89446],[101.89216,2.89451],[101.89205,2.89452],[101.89192,2.89449],[101.89183,2.8945],[101.89173,2.89457],[101.89157,2.89463],[101.89147,2.89463],[101.89137,2.8946],[101.89127,2.8946],[101.89122,2.89461],[101.89112,2.89468],[101.89099,2.89473],[101.89089,2.89474],[101.89082,2.89472],[101.89078,2.89469],[101.89073,2.89469],[101.89052,2.89473],[101.89035,2.89473]]}},{"type":"Feature","properties":{"name":"Sungai Bangkong","waterway":"river"},"geometry":{"type":"LineString","coordinates":[[101.89957,2.7995],[101.89971,2.79978],[101.89983,2.79988],[101.89989,2.80002],[101.90011,2.80036],[101.90027,2.80078],[101.90048,2.80145],[101.90045,2.80204],[101.90053,2.80209],[101.9006,2.80209],[101.90064,2.80211],[101.90067,2.80221],[101.90073,2.8023],[101.90072,2.80251],[101.90077,2.80272],[101.90091,2.80307],[101.90106,2.80318],[101.90125,2.80331],[101.9014,2.80348],[101.90151,2.80356],[101.90159,2.80366],[101.90162,2.80367],[101.90165,2.80372],[101.90167,2.80378],[101.90169,2.8038],[101.90195,2.80414],[101.90206,2.8046],[101.90224,2.8049],[101.90257,2.8051],[101.90282,2.80525],[101.90294,2.80542]]}},{"type":"Feature","properties":{"name":"Sungai Midah","waterway":"river"},"geometry":{"type":"LineString","coordinates":[[101.73697,3.0817],[101.73684,3.0817]]}},{"type":"Feature","properties":{"name":"Sungai Midah","waterway":"river"},"geometry":{"type":"LineString","coordinates":[[101.73863,3.08169],[101.73697,3.0817]]}},{"type":"Feature","properties":{"name":"Sungai Midah","waterway":"river"},"geometry":{"type":"LineString","coordinates":[[101.73393,3.08176],[101.73191,3.0818]]}},{"type":"Feature","properties":{"name":"Sungai Midah","waterway":"river"},"geometry":{"type":"LineString","coordinates":[[101.73409,3.08175],[101.73393,3.08176]]}},{"type":"Feature","properties":{"name":"Sungai Midah","waterway":"river"},"geometry":{"type":"LineString","coordinates":[[101.72608,3.08067],[101.72556,3.08055]]}},{"type":"Feature","properties":{"name":"Sungai Midah","waterway":"river"},"geometry":{"type":"LineString","coordinates":[[101.72975,3.08114],[101.72708,3.08088],[101.72608,3.08067]]}},{"type":"Feature","properties":{"name":"Sungai Midah","waterway":"river"},"geometry":{"type":"LineString","coordinates":[[101.72241,3.08009],[101.72177,3.08032]]}},{"type":"Feature","properties":{"name":"Sungai Midah","waterway":"river"},"geometry":{"type":"LineString","coordinates":[[101.72556,3.08055],[101.72336,3.08012],[101.72241,3.08009]]}},{"type":"Feature","properties":{"name":"Sungai Midah","waterway":"river"},"geometry":{"type":"LineString","coordinates":[[101.73191,3.0818],[101.72975,3.08114]]}},{"type":"Feature","properties":{"name":"Sungai Midah","waterway":"river"},"geometry":{"type":"LineString","coordinates":[[101.73684,3.0817],[101.73615,3.08171],[101.73409,3.08175]]}},{"type":"Feature","properties":{"name":null,"waterway":"river"},"geometry":{"type":"LineString","coordinates":[[101.6411,2.93537],[101.641,2.93539],[101.64054,2.93551],[101.64024,2.9356],[101.64002,2.9357],[101.63977,2.93571],[101.63957,2.93571],[101.63944,2.93576],[101.63931,2.9358]]}},{"type":"Feature","properties":{"name":"Sungai Raya","waterway":"river"},"geometry":{"type":"LineString","coordinates":[[101.77173,3.06796],[101.77179,3.06798]]}},{"type":"Feature","properties":{"name":"Sungai Raya","waterway":"river"},"geometry":{"type":"LineString","coordinates":[[101.77148,3.06791],[101.77164,3.06794],[101.77173,3.06796]]}},{"type":"Feature","properties":{"name":null,"waterway":"river"},"geometry":{"type":"LineString","coordinates":[[101.5818,2.88652],[101.58178,2.88639]]}},{"type":"Feature","properties":{"name":null,"waterway":"river"},"geometry":{"type":"LineString","coordinates":[[101.58178,2.88639],[101.58195,2.88593],[101.58197,2.88584],[101.58195,2.88576]]}},{"type":"Feature","properties":{"name":"Sungai Toba","waterway":"river"},"geometry":{"type":"LineString","coordinates":[[101.65001,3.17062],[101.65008,3.17064],[101.65072,3.17067],[101.65083,3.17071],[101.65113,3.17092],[101.65119,3.17099],[101.65121,3.17102],[101.65129,3.17151]]}},{"type":"Feature","properties":{"name":"Sungai Toba","waterway":"river"},"geometry":{"type":"LineString","coordinates":[[101.65129,3.17151],[101.65138,3.17203],[101.65138,3.17209]]}},{"type":"Feature","properties":{"name":null,"waterway":"river"},"geometry":{"type":"LineString","coordinates":[[101.39386,3.00615],[101.39292,3.00592],[101.39266,3.00595],[101.39221,3.006],[101.39169,3.00608],[101.39147,3.00608],[101.39111,3.00602],[101.39089,3.006],[101.39063,3.00601],[101.39022,3.0061],[101.38985,3.00615],[101.38908,3.00613]]}},{"type":"Feature","properties":{"name":"Sungai Bras Bras","waterway":"river"},"geometry":{"type":"LineString","coordinates":[[101.68572,3.13919],[101.68568,3.13809]]}},{"type":"Feature","properties":{"name":"Sungai Bras Bras","waterway":"river"},"geometry":{"type":"LineString","coordinates":[[101.68427,3.12962],[101.68409,3.12894],[101.68395,3.1287],[101.68376,3.12828],[101.6836,3.12786],[101.68333,3.12725],[101.68286,3.12639],[101.68283,3.12632],[101.68283,3.12624],[101.68289,3.12616],[101.68348,3.12584],[101.68357,3.12577],[101.68371,3.12528]]}},{"type":"Feature","properties":{"name":"Sungai Penchala","waterway":"river"},"geometry":{"type":"LineString","coordinates":[[101.63482,3.102],[101.63482,3.1019],[101.63453,3.1008],[101.63449,3.10066]]}},{"type":"Feature","properties":{"name":"Sungai Penchala","waterway":"river"},"geometry":{"type":"LineString","coordinates":[[101.63472,3.10219],[101.63482,3.102]]}},{"type":"Feature","properties":{"name":"Sungai Gasi","waterway":"river"},"geometry":{"type":"LineString","coordinates":[[101.6192,3.19143],[101.61898,3.19187],[101.61854,3.19271],[101.6184,3.19328],[101.61838,3.19398],[101.61877,3.19487]]}},{"type":"Feature","properties":{"name":"Sungai Gasi","waterway":"river"},"geometry":{"type":"LineString","coordinates":[[101.61877,3.19487],[101.61869,3.1969]]}},{"type":"Feature","properties":{"name":null,"waterway":"river"},"geometry":{"type":"LineString","coordinates":[[101.68031,2.99612],[101.68028,2.9961],[101.68017,2.99607],[101.67924,2.99591],[101.67892,2.99582],[101.67875,2.99582],[101.67839,2.99574],[101.67809,2.99586]]}},{"type":"Feature","properties":{"name":null,"waterway":"river"},"geometry":{"type":"LineString","coordinates":[[101.67809,2.99586],[101.67788,2.99575]]}},{"type":"Feature","properties":{"name":null,"waterway":"river"},"geometry":{"type":"LineString","coordinates":[[101.67698,2.99502],[101.67628,2.99456],[101.67555,2.99388]]}},{"type":"Feature","properties":{"name":null,"waterway":"river"},"geometry":{"type":"LineString","coordinates":[[101.67454,2.99341],[101.6743,2.99311]]}},{"type":"Feature","properties":{"name":null,"waterway":"river"},"geometry":{"type":"LineString","coordinates":[[101.67555,2.99388],[101.67503,2.99326],[101.67482,2.99323],[101.67459,2.9934],[101.67454,2.99341]]}},{"type":"Feature","properties":{"name":null,"waterway":"river"},"geometry":{"type":"LineString","coordinates":[[101.67788,2.99575],[101.6775,2.99534],[101.67698,2.99502]]}},{"type":"Feature","properties":{"name":"Sungai Hampar","waterway":"river"},"geometry":{"type":"LineString","coordinates":[[101.56708,3.19223],[101.56704,3.1921],[101.56701,3.1919],[101.567,3.19172],[101.567,3.19102]]}},{"type":"Feature","properties":{"name":"Sungai Hampar","waterway":"river"},"geometry":{"type":"LineString","coordinates":[[101.56734,3.19232],[101.56708,3.19223]]}},{"type":"Feature","properties":{"name":null,"waterway":"river"},"geometry":{"type":"LineString","coordinates":[[101.56916,2.67311],[101.56919,2.67221],[101.5692,2.67187],[101.56925,2.67116],[101.56929,2.66986],[101.56933,2.66829],[101.56938,2.66734]]}},{"type":"Feature","properties":{"name":null,"waterway":"river"},"geometry":{"type":"LineString","coordinates":[[101.56938,2.66734],[101.56938,2.66725]]}},{"type":"Feature","properties":{"name":null,"waterway":"river"},"geometry":{"type":"LineString","coordinates":[[101.56977,2.65646],[101.56977,2.65628],[101.56976,2.65586],[101.5698,2.65549],[101.5699,2.65489],[101.56991,2.65431],[101.5699,2.65424],[101.5699,2.65408]]}},{"type":"Feature","properties":{"name":null,"waterway":"river"},"geometry":{"type":"LineString","coordinates":[[101.56977,2.6567],[101.56977,2.65646]]}},{"type":"Feature","properties":{"name":null,"waterway":"river"},"geometry":{"type":"LineString","coordinates":[[101.5347,3.19443],[101.53436,3.19444],[101.53414,3.1945],[101.53396,3.19463],[101.53383,3.19475],[101.53377,3.19491],[101.53377,3.19506],[101.53379,3.19515]]}},{"type":"Feature","properties":{"name":"Sungai Rasau","waterway":"river"},"geometry":{"type":"LineString","coordinates":[[101.51808,3.01192],[101.51814,3.01209]]}},{"type":"Feature","properties":{"name":"Sungai Rasau","waterway":"river"},"geometry":{"type":"LineString","coordinates":[[101.51754,3.0104],[101.51766,3.01052],[101.51808,3.01192]]}}]}