{"type":"FeatureCollection","name":"waterbodies_selangor","features":[{"type":"Feature","properties":{"id":28542927,"kind":"river"},"geometry":{"type":"Polygon","coordinates":[[[101.16395,3.72514],[101.16368,3.72533],[101.1639,3.72572],[101.16397,3.72681],[101.16358,3.73154],[101.16354,3.7336],[101.16364,3.73488],[101.16403,3.7375],[101.16455,3.73902],[101.16476,3.74008],[101.16515,3.74238],[101.16499,3.74349],[101.16436,3.74499],[101.16387,3.74562],[101.16338,3.74745],[101.16331,3.74808],[101.16342,3.74862],[101.16362,3.74893],[101.16397,3.74931],[101.1647,3.74952],[101.16551,3.74967],[101.16608,3.74952],[101.16668,3.74924],[101.16661,3.74907],[101.16597,3.74931],[101.16534,3.74943],[101.16461,3.74921],[101.16397,3.7489],[101.16372,3.74833],[101.16371,3.74785],[101.16387,3.74702],[101.164,3.74651],[101.16451,3.74521],[101.16527,3.74341],[101.16538,3.74233],[101.16508,3.74004],[101.16486,3.73887],[101.16443,3.73744],[101.16409,3.73478],[101.16403,3.73159],[101.16437,3.72689],[101.16419,3.72572],[101.16395,3.72514]]]}},{"type":"Feature","properties":{"id":28542958,"kind":"river"},"geometry":{"type":"Polygon","coordinates":[[[101.17545,3.71482],[101.17498,3.71502],[101.17433,3.71536],[101.17374,3.71618],[101.1735,3.71684],[101.17312,3.71792],[101.17223,3.71922],[101.17117,3.72016],[101.1708,3.72024],[101.17055,3.72013],[101.17051,3.71993],[101.17069,3.7195],[101.17015,3.71985],[101.17028,3.71994],[101.17037,3.7201],[101.17045,3.72031],[101.17086,3.72046],[101.17112,3.72042],[101.17137,3.72023],[101.1723,3.71934],[101.17329,3.71797],[101.17363,3.71691],[101.17378,3.71636],[101.17408,3.71595],[101.17444,3.71551],[101.17505,3.71512],[101.17548,3.71498],[101.17603,3.71501],[101.17606,3.71491],[101.17545,3.71482]]]}},{"type":"Feature","properties":{"id":129017318,"kind":"lake"},"geometry":{"type":"Polygon","coordinates":[[[101.61009,3.36452],[101.6098,3.36477],[101.60964,3.36487],[101.60952,3.36491],[101.6094,3.36486],[101.60931,3.36451],[101.60938,3.3643],[101.60943,3.36411],[101.60936,3.36396],[101.60917,3.36364],[101.60905,3.36354],[101.6089,3.36343],[101.60888,3.36335],[101.60886,3.36322],[101.60895,3.36275],[101.6089,3.36251],[101.60874,3.36206],[101.60849,3.36159],[101.60853,3.36138],[101.60871,3.36116],[101.60879,3.36097],[101.6088,3.36068],[101.60868,3.36033],[101.60844,3.36012],[101.60828,3.35997],[101.60814,3.35985],[101.60811,3.35972],[101.60819,3.35959],[101.60832,3.35949],[101.60844,3.35947],[101.60878,3.35966],[101.60916,3.35979],[101.60942,3.35997],[101.60969,3.36021],[101.60987,3.36047],[101.61001,3.36094],[101.61013,3.36119],[101.61016,3.36141],[101.61017,3.36151],[101.61046,3.36172],[101.61057,3.36188],[101.6106,3.36206],[101.61093,3.3624],[101.61114,3.36264],[101.61128,3.36281],[101.61132,3.36299],[101.61137,3.36322],[101.61133,3.36344],[101.61117,3.36372],[101.61076,3.36413],[101.61057,3.36432],[101.61038,3.36441],[101.6102,3.36447],[101.61009,3.36452]]]}},{"type":"Feature","properties":{"id":129017319,"kind":"water"},"geometry":{"type":"Polygon","coordinates":[[[101.62153,3.38061],[101.62078,3.37993],[101.62048,3.37956],[101.61949,3.37895],[101.61855,3.37806],[101.61877,3.37793],[101.61848,3.37733],[101.61848,3.37692],[101.61889,3.37509],[101.61942,3.37487],[101.61962,3.37475],[101.62032,3.37479],[101.62093,3.37467],[101.62136,3.37463],[101.62163,3.37482],[101.6225,3.37568],[101.62275,3.37621],[101.62281,3.37678],[101.6227,3.37718],[101.62264,3.37756],[101.62279,3.37832],[101.62307,3.37909],[101.62298,3.37981],[101.62252,3.3804],[101.62225,3.38062],[101.62181,3.38004],[101.62165,3.37997],[101.62153,3.37992],[101.62161,3.38016],[101.62153,3.38061]]]}},{"type":"Feature","properties":{"id":129017321,"kind":"water"},"geometry":{"type":"Polygon","coordinates":[[[101.61166,3.3657],[101.61156,3.36579],[101.61142,3.36578],[101.6113,3.36569],[101.6111,3.36568],[101.6109,3.36568],[101.61073,3.36563],[101.61062,3.36553],[101.61064,3.36538],[101.6107,3.3652],[101.61073,3.36498],[101.61074,3.36478],[101.61086,3.36461],[101.61103,3.36448],[101.61126,3.36437],[101.61141,3.36429],[101.61151,3.3642],[101.61164,3.36411],[101.61179,3.36412],[101.61201,3.36408],[101.61221,3.3641],[101.61238,3.36414],[101.61251,3.36426],[101.61259,3.36444],[101.61262,3.36468],[101.61245,3.36485],[101.61238,3.36495],[101.61209,3.36497],[101.61162,3.36524],[101.61161,3.36533],[101.61168,3.36536],[101.61184,3.36531],[101.612,3.3653],[101.61216,3.36528],[101.61224,3.36532],[101.61206,3.36544],[101.612,3.36559],[101.61191,3.36565],[101.61182,3.36566],[101.61171,3.36562],[101.61166,3.3657]]]}},{"type":"Feature","properties":{"id":129017323,"kind":"lake"},"geometry":{"type":"Polygon","coordinates":[[[101.6077,3.36589],[101.60734,3.3659],[101.60708,3.36582],[101.60679,3.36566],[101.60627,3.36549],[101.606,3.36524],[101.60578,3.36526],[101.60552,3.36514],[101.6052,3.36492],[101.60488,3.36459],[101.60474,3.36418],[101.60454,3.36387],[101.60434,3.36363],[101.60405,3.36344],[101.60375,3.36342],[101.60354,3.36335],[101.60344,3.36322],[101.60333,3.3626],[101.60339,3.36229],[101.60352,3.36213],[101.60374,3.36198],[101.60396,3.3619],[101.60419,3.36183],[101.60435,3.36188],[101.60459,3.36193],[101.60475,3.36189],[101.60499,3.36175],[101.60515,3.36168],[101.60534,3.36168],[101.60557,3.36176],[101.60595,3.3621],[101.6061,3.36228],[101.60616,3.36246],[101.60622,3.36283],[101.60619,3.36318],[101.60623,3.36337],[101.6063,3.36347],[101.60641,3.36348],[101.6068,3.36327],[101.60698,3.36327],[101.60781,3.36498],[101.60802,3.36526],[101.608,3.36573],[101.60785,3.36584],[101.6077,3.36589]]]}},{"type":"Feature","properties":{"id":144948602,"kind":"reservoir"},"geometry":{"type":"Polygon","coordinates":[[[101.23777,3.35145],[101.23869,3.35094],[101.23841,3.35047],[101.2376,3.35098],[101.23777,3.35145]]]}},{"type":"Feature","properties":{"id":144948604,"kind":"reservoir"},"geometry":{"type":"Polygon","coordinates":[[[101.23919,3.35008],[101.23848,3.35036],[101.2382,3.34995],[101.23897,3.3497],[101.23919,3.35008]]]}},{"type":"Feature","properties":{"id":144948609,"kind":"reservoir"},"geometry":{"type":"Polygon","coordinates":[[[101.23943,3.35061],[101.23927,3.3502],[101.23854,3.35048],[101.23856,3.35053],[101.23876,3.35085],[101.23943,3.35061]]]}},{"type":"Feature","properties":{"id":171665531,"kind":"water"},"geometry":{"type":"Polygon","coordinates":[[[101.9149,3.48207],[101.91518,3.48225],[101.91547,3.48234],[101.91564,3.48219],[101.91611,3.48223],[101.91634,3.48251],[101.91653,3.48251],[101.91695,3.48249],[101.91717,3.48234],[101.91744,3.48209],[101.91759,3.48185],[101.91753,3.48159],[101.91755,3.48144],[101.91735,3.48139],[101.91723,3.48134],[101.91707,3.48119],[101.91696,3.4812],[101.91684,3.48135],[101.91679,3.48138],[101.91662,3.48143],[101.91576,3.48139],[101.91537,3.48164],[101.91514,3.48168],[101.91498,3.48186],[101.9149,3.48207]]]}},{"type":"Feature","properties":{"id":233601057,"kind":"reservoir"},"geometry":{"type":"Polygon","coordinates":[[[101.23792,3.35069],[101.23812,3.35056],[101.23784,3.35004],[101.2376,3.35013],[101.23792,3.35069]]]}},{"type":"Feature","properties":{"id":233601058,"kind":"reservoir"},"geometry":{"type":"Polygon","coordinates":[[[101.23757,3.35088],[101.23784,3.35072],[101.23753,3.35015],[101.23725,3.3503],[101.23757,3.35088]]]}},{"type":"Feature","properties":{"id":233601059,"kind":"reservoir"},"geometry":{"type":"Polygon","coordinates":[[[101.23816,3.35054],[101.23837,3.35041],[101.23809,3.34994],[101.2379,3.35003],[101.23816,3.35054]]]}},{"type":"Feature","properties":{"id":238045898,"kind":"basin"},"geometry":{"type":"Polygon","coordinates":[[[101.79374,2.58936],[101.79369,2.58614],[101.79137,2.58713],[101.79137,2.58786],[101.78985,2.58835],[101.79013,2.58977],[101.79374,2.58936]]]}},{"type":"Feature","properties":{"id":269199121,"kind":"reservoir"},"geometry":{"type":"Polygon","coordinates":[[[101.88625,3.6624],[101.88584,3.66214],[101.88613,3.6617],[101.88652,3.66146],[101.88669,3.66182],[101.88625,3.6624]]]}},{"type":"Feature","properties":{"id":284765906,"kind":"river"},"geometry":{"type":"Polygon","coordinates":[[[101.80765,2.57433],[101.80682,2.57411],[101.80616,2.574],[101.80543,2.574],[101.80404,2.57475],[101.80353,2.57521],[101.80225,2.57695],[101.80191,2.57727],[101.79991,2.57829],[101.79877,2.5791],[101.79706,2.58045],[101.7959,2.58125],[101.7945,2.58179],[101.79358,2.58202],[101.79265,2.58216],[101.79148,2.58218],[101.79079,2.58205],[101.79032,2.58182],[101.79005,2.58163],[101.78995,2.58152],[101.78993,2.58146],[101.78992,2.58138],[101.78989,2.58131],[101.78984,2.58128],[101.78978,2.58127],[101.78972,2.58125],[101.78965,2.58117],[101.78964,2.58117],[101.78963,2.58116],[101.78944,2.58095],[101.78925,2.5806],[101.78916,2.58024],[101.78914,2.5799],[101.78912,2.5792],[101.78906,2.5792],[101.789,2.57919],[101.78848,2.57911],[101.78826,2.57908],[101.78808,2.57907],[101.78748,2.57909],[101.78733,2.57909],[101.78775,2.58022],[101.78821,2.58102],[101.78893,2.58194],[101.78952,2.58244],[101.7902,2.5829],[101.79077,2.58306],[101.79136,2.58315],[101.79179,2.58306],[101.79247,2.58309],[101.79313,2.58295],[101.79366,2.58294],[101.79522,2.58251],[101.79625,2.58214],[101.79813,2.58088],[101.79941,2.57983],[101.8007,2.57899],[101.80207,2.57826],[101.80236,2.5783],[101.80255,2.57851],[101.80294,2.5799],[101.80368,2.5814],[101.80389,2.58168],[101.80445,2.58248],[101.80519,2.58305],[101.80623,2.58351],[101.80651,2.58368],[101.80673,2.58407],[101.80675,2.58473],[101.80632,2.58622],[101.80556,2.58798],[101.80422,2.58956],[101.80369,2.58984],[101.80324,2.58979],[101.80282,2.58943],[101.80249,2.58871],[101.80044,2.58604],[101.80019,2.58579],[101.79879,2.58513],[101.79821,2.58508],[101.79773,2.58522],[101.79617,2.58605],[101.7955,2.58667],[101.79476,2.58819],[101.79328,2.59449],[101.79356,2.59457],[101.79506,2.58828],[101.79583,2.58688],[101.7963,2.58633],[101.79794,2.58542],[101.79839,2.58539],[101.79936,2.5857],[101.80015,2.58628],[101.8023,2.58915],[101.8025,2.58979],[101.8029,2.59028],[101.80319,2.59031],[101.80387,2.59019],[101.80457,2.58983],[101.80551,2.58887],[101.80668,2.58659],[101.80716,2.58467],[101.80713,2.5839],[101.80701,2.5835],[101.80656,2.5831],[101.80568,2.58278],[101.80532,2.58249],[101.8049,2.58226],[101.80423,2.5814],[101.80389,2.5808],[101.80333,2.57941],[101.80313,2.57786],[101.80317,2.57766],[101.80427,2.57545],[101.80469,2.57502],[101.80524,2.57471],[101.80586,2.57454],[101.80713,2.57479],[101.80767,2.57497],[101.80858,2.57516],[101.80956,2.57523],[101.8105,2.57537],[101.81148,2.57578],[101.81216,2.57628],[101.81242,2.57681],[101.8122,2.57778],[101.81182,2.57942],[101.81179,2.57985],[101.81189,2.58036],[101.81211,2.58078],[101.81332,2.58258],[101.81408,2.58439],[101.81432,2.58474],[101.81468,2.58504],[101.81517,2.58532],[101.81704,2.58576],[101.81851,2.58614],[101.8193,2.58645],[101.81931,2.58657],[101.81951,2.58663],[101.81953,2.58687],[101.81974,2.58688],[101.81982,2.58663],[101.82003,2.58657],[101.82093,2.58654],[101.82254,2.58627],[101.82349,2.58595],[101.82504,2.58495],[101.82522,2.58486],[101.82547,2.58491],[101.82568,2.58504],[101.82648,2.58611],[101.8266,2.5864],[101.82695,2.58671],[101.82733,2.58699],[101.82742,2.58722],[101.82745,2.58754],[101.82736,2.58796],[101.82716,2.58846],[101.8267,2.58916],[101.82668,2.5894],[101.82675,2.58962],[101.82693,2.58979],[101.8272,2.58985],[101.83051,2.59018],[101.83096,2.5903],[101.83168,2.59029],[101.83194,2.5904],[101.83205,2.59068],[101.83212,2.59096],[101.83193,2.5918],[101.83153,2.59277],[101.83162,2.59309],[101.83175,2.59337],[101.83193,2.59353],[101.8328,2.594],[101.833,2.5942],[101.83312,2.59442],[101.8334,2.59518],[101.83341,2.59546],[101.83361,2.59546],[101.83355,2.59518],[101.83328,2.59434],[101.83315,2.59409],[101.83289,2.59383],[101.83263,2.59368],[101.83196,2.59333],[101.83178,2.59302],[101.83178,2.59274],[101.83214,2.59185],[101.83231,2.59124],[101.83227,2.59065],[101.83212,2.59025],[101.83198,2.59007],[101.83171,2.59005],[101.82885,2.58974],[101.8271,2.58955],[101.82695,2.5894],[101.827,2.58917],[101.82715,2.58891],[101.82745,2.5884],[101.8276,2.58797],[101.82768,2.58717],[101.82757,2.58689],[101.82733,2.58668],[101.82684,2.58622],[101.82655,2.5858],[101.82582,2.58484],[101.82558,2.58471],[101.82536,2.58465],[101.82515,2.58463],[101.82495,2.58473],[101.82373,2.58555],[101.82295,2.58586],[101.82185,2.58608],[101.82005,2.58629],[101.81963,2.58621],[101.81811,2.58566],[101.81567,2.58512],[101.81506,2.58489],[101.81462,2.58457],[101.81437,2.58423],[101.81381,2.58276],[101.81355,2.58222],[101.81242,2.58071],[101.81216,2.58026],[101.81211,2.57979],[101.81215,2.57929],[101.81255,2.57811],[101.81295,2.57691],[101.81301,2.57632],[101.81307,2.57603],[101.81341,2.57575],[101.81377,2.57552],[101.81391,2.57548],[101.81405,2.5755],[101.81412,2.57557],[101.81412,2.57569],[101.814,2.57653],[101.81415,2.57627],[101.81427,2.57575],[101.81415,2.57546],[101.81406,2.57541],[101.81392,2.5754],[101.81367,2.57551],[101.81338,2.57568],[101.81289,2.57605],[101.81237,2.57564],[101.81119,2.57498],[101.81041,2.57476],[101.8086,2.57462],[101.80765,2.57433]]]}},{"type":"Feature","properties":{"id":300416805,"kind":"water"},"geometry":{"type":"Polygon","coordinates":[[[101.41794,3.39006],[101.41817,3.38971],[101.41844,3.38934],[101.4189,3.38912],[101.41908,3.38934],[101.41978,3.38962],[101.42012,3.39003],[101.42009,3.39031],[101.42021,3.39092],[101.42001,3.39106],[101.4197,3.39091],[101.41923,3.39096],[101.41883,3.39069],[101.41869,3.39041],[101.41831,3.39029],[101.41827,3.39019],[101.41794,3.39006]]]}},{"type":"Feature","properties":{"id":302379843,"kind":"reservoir"},"geometry":{"type":"Polygon","coordinates":[[[101.6078,3.60957],[101.60809,3.60885],[101.60824,3.60881],[101.6085,3.60911],[101.60849,3.60938],[101.60815,3.60975],[101.608,3.60978],[101.6078,3.60957]]]}},{"type":"Feature","properties":{"id":314403522,"kind":"pond"},"geometry":{"type":"Polygon","coordinates":[[[101.61824,3.36367],[101.61826,3.36351],[101.61815,3.36344],[101.61811,3.36335],[101.61808,3.36326],[101.61812,3.36317],[101.61811,3.36313],[101.61805,3.36312],[101.61797,3.36307],[101.61793,3.36301],[101.61796,3.36293],[101.61811,3.36288],[101.61813,3.36284],[101.61819,3.36282],[101.61821,3.36263],[101.61813,3.36261],[101.61812,3.36252],[101.61813,3.36245],[101.61817,3.36243],[101.61824,3.36241],[101.61824,3.36238],[101.61821,3.36237],[101.61821,3.36234],[101.61813,3.36234],[101.61809,3.36238],[101.6181,3.36241],[101.61808,3.36242],[101.61799,3.36248],[101.61793,3.36245],[101.61789,3.36236],[101.6178,3.36241],[101.61777,3.36235],[101.61794,3.36202],[101.61784,3.362],[101.61777,3.36193],[101.61761,3.36218],[101.61748,3.36218],[101.61732,3.36211],[101.61721,3.36212],[101.61712,3.36209],[101.61679,3.36206],[101.61674,3.3621],[101.61668,3.36209],[101.61655,3.36223],[101.61648,3.36235],[101.61648,3.36246],[101.61644,3.36254],[101.61628,3.36259],[101.61624,3.36264],[101.61628,3.36279],[101.61621,3.36294],[101.6161,3.36296],[101.61602,3.36307],[101.61587,3.36307],[101.61573,3.36312],[101.61565,3.36311],[101.61555,3.3632],[101.61541,3.36321],[101.61545,3.36332],[101.61534,3.36352],[101.61534,3.36374],[101.61538,3.36384],[101.61549,3.36386],[101.6157,3.36383],[101.61586,3.36388],[101.61593,3.36395],[101.616,3.36391],[101.61609,3.36393],[101.61615,3.36397],[101.61613,3.36404],[101.61606,3.3641],[101.61598,3.36417],[101.61587,3.3642],[101.61579,3.36429],[101.61574,3.3644],[101.61587,3.36437],[101.61627,3.36424],[101.61659,3.36414],[101.61666,3.36399],[101.61691,3.364],[101.61713,3.36414],[101.61742,3.36411],[101.61766,3.36405],[101.61796,3.36406],[101.61809,3.36397],[101.61819,3.36384],[101.61824,3.36367]]]}},{"type":"Feature","properties":{"id":314403721,"kind":"reservoir"},"geometry":{"type":"Polygon","coordinates":[[[101.61462,3.36728],[101.61434,3.36686],[101.6146,3.36669],[101.61488,3.36711],[101.61462,3.36728]]]}},{"type":"Feature","properties":{"id":319976804,"kind":"water"},"geometry":{"type":"Polygon","coordinates":[[[101.94795,2.52232],[101.9481,2.52199],[101.94828,2.52171],[101.94828,2.52136],[101.94842,2.52094],[101.94854,2.52051],[101.94875,2.52014],[101.94907,2.51999],[101.94931,2.51958],[101.94964,2.51906],[101.95007,2.51852],[101.95053,2.51816],[101.95094,2.5179],[101.95148,2.51769],[101.95188,2.51766],[101.95219,2.51776],[101.9523,2.51789],[101.9522,2.51831],[101.95256,2.51829],[101.95269,2.51837],[101.95231,2.51881],[101.95196,2.51932],[101.95161,2.51973],[101.95188,2.5201],[101.95197,2.51955],[101.95225,2.51941],[101.95265,2.51903],[101.95294,2.51862],[101.95349,2.51834],[101.95392,2.51827],[101.95437,2.51837],[101.95463,2.51858],[101.9551,2.51879],[101.95554,2.51893],[101.95601,2.51906],[101.95601,2.51948],[101.95556,2.51949],[101.95496,2.51946],[101.95405,2.5195],[101.95312,2.51996],[101.95255,2.52067],[101.95318,2.52056],[101.95363,2.52029],[101.95413,2.52026],[101.9542,2.5209],[101.95436,2.52113],[101.95396,2.52145],[101.95374,2.52203],[101.95321,2.52204],[101.95218,2.5222],[101.95149,2.52221],[101.95143,2.52244],[101.95122,2.52244],[101.95117,2.52227],[101.95058,2.52229],[101.95042,2.5225],[101.95052,2.52305],[101.95035,2.52304],[101.95014,2.52275],[101.95012,2.52251],[101.94976,2.5227],[101.94979,2.52253],[101.95,2.52225],[101.95039,2.52202],[101.95061,2.52197],[101.9504,2.52176],[101.94965,2.52194],[101.94898,2.52224],[101.94846,2.52242],[101.94812,2.5225],[101.94795,2.52232]]]}},{"type":"Feature","properties":{"id":319976805,"kind":"water"},"geometry":{"type":"Polygon","coordinates":[[[101.95178,2.5164],[101.95173,2.51614],[101.95172,2.51571],[101.95189,2.51548],[101.95273,2.51525],[101.95336,2.51525],[101.95411,2.51509],[101.95482,2.51492],[101.95542,2.51471],[101.95577,2.51482],[101.95614,2.51508],[101.95605,2.5154],[101.95564,2.51566],[101.95513,2.51586],[101.95447,2.51593],[101.95402,2.51597],[101.95359,2.51611],[101.95322,2.51622],[101.9529,2.51631],[101.95254,2.51633],[101.95178,2.5164]]]}},{"type":"Feature","properties":{"id":319976806,"kind":"water"},"geometry":{"type":"Polygon","coordinates":[[[101.94883,2.51808],[101.94879,2.51789],[101.94878,2.51755],[101.94887,2.51722],[101.94928,2.51689],[101.94961,2.51655],[101.94992,2.51617],[101.95053,2.51667],[101.9507,2.5169],[101.94981,2.51747],[101.94932,2.51787],[101.94883,2.51808]]]}},{"type":"Feature","properties":{"id":319976807,"kind":"water"},"geometry":{"type":"Polygon","coordinates":[[[101.95976,2.51823],[101.96007,2.51789],[101.9607,2.51761],[101.96115,2.51726],[101.96156,2.51695],[101.96192,2.51667],[101.96245,2.51637],[101.96303,2.5167],[101.9634,2.51713],[101.96374,2.51738],[101.96442,2.51776],[101.9649,2.518],[101.96503,2.51839],[101.96493,2.51879],[101.96444,2.51932],[101.96399,2.51959],[101.96351,2.51987],[101.96288,2.52013],[101.96258,2.52016],[101.96193,2.5199],[101.96141,2.51972],[101.96086,2.51952],[101.96084,2.51926],[101.96057,2.51919],[101.96037,2.51915],[101.9601,2.51898],[101.96009,2.51868],[101.95988,2.51863],[101.95969,2.51841],[101.95976,2.51823]]]}},{"type":"Feature","properties":{"id":320716884,"kind":"water"},"geometry":{"type":"Polygon","coordinates":[[[101.9833,3.56506],[101.98315,3.56506],[101.98296,3.56481],[101.98301,3.56515],[101.9826,3.56529],[101.98306,3.56531],[101.9833,3.56525],[101.98345,3.56522],[101.98346,3.56504],[101.98335,3.56485],[101.9833,3.56506]]]}},{"type":"Feature","properties":{"id":320716886,"kind":"water"},"geometry":{"type":"Polygon","coordinates":[[[101.9798,3.71814],[101.97972,3.71781],[101.97945,3.7177],[101.97938,3.71756],[101.97944,3.71742],[101.97942,3.71726],[101.97915,3.71724],[101.97911,3.7167],[101.97867,3.71648],[101.97851,3.71659],[101.97851,3.71677],[101.97834,3.71704],[101.9784,3.7172],[101.97836,3.71738],[101.97826,3.7175],[101.97828,3.71764],[101.97841,3.71751],[101.97855,3.71711],[101.97862,3.71685],[101.97879,3.71675],[101.97893,3.71678],[101.97895,3.71695],[101.97911,3.7173],[101.97932,3.71742],[101.97924,3.71762],[101.97938,3.71779],[101.97963,3.71793],[101.97969,3.71811],[101.9798,3.71814]]]}},{"type":"Feature","properties":{"id":320716889,"kind":"water"},"geometry":{"type":"Polygon","coordinates":[[[101.98168,3.73871],[101.98161,3.73787],[101.9806,3.7381],[101.98048,3.73848],[101.98078,3.73895],[101.98089,3.73895],[101.98168,3.73871]]]}},{"type":"Feature","properties":{"id":377985617,"kind":"pond"},"geometry":{"type":"Polygon","coordinates":[[[101.44138,3.41363],[101.44144,3.41371],[101.44139,3.414],[101.4415,3.4141],[101.4416,3.41424],[101.44156,3.41439],[101.44162,3.41454],[101.4418,3.41469],[101.44197,3.41479],[101.44203,3.41507],[101.4422,3.41561],[101.44229,3.41606],[101.44231,3.41753],[101.44218,3.41829],[101.44202,3.41858],[101.44197,3.41867],[101.44182,3.41863],[101.44174,3.41871],[101.44085,3.41776],[101.44086,3.41766],[101.44075,3.4175],[101.4408,3.41724],[101.44099,3.41709],[101.4413,3.41701],[101.44136,3.41692],[101.44134,3.41655],[101.44119,3.41626],[101.44096,3.41607],[101.44088,3.41601],[101.44082,3.41594],[101.44082,3.4158],[101.44065,3.41555],[101.44055,3.41538],[101.44026,3.41465],[101.44001,3.41416],[101.44016,3.41403],[101.44037,3.41387],[101.44063,3.41371],[101.44091,3.4136],[101.44117,3.41358],[101.44138,3.41363]]]}},{"type":"Feature","properties":{"id":377985618,"kind":"pond"},"geometry":{"type":"Polygon","coordinates":[[[101.43407,3.41006],[101.43594,3.41088],[101.4361,3.41126],[101.43629,3.41202],[101.43582,3.41236],[101.43502,3.41165],[101.43436,3.41221],[101.4342,3.41223],[101.43415,3.41219],[101.43414,3.41197],[101.43418,3.41178],[101.43419,3.41165],[101.43426,3.41159],[101.43468,3.41152],[101.43475,3.41147],[101.43473,3.41119],[101.43467,3.41079],[101.43413,3.41085],[101.43406,3.41078],[101.434,3.41065],[101.43401,3.41043],[101.43392,3.41034],[101.43389,3.41022],[101.43401,3.41008],[101.43407,3.41006]]]}},{"type":"Feature","properties":{"id":390239462,"kind":"pond"},"geometry":{"type":"Polygon","coordinates":[[[101.27061,3.94512],[101.27042,3.94506],[101.27021,3.94509],[101.27008,3.9451],[101.2699,3.94516],[101.2698,3.94526],[101.26971,3.94539],[101.26963,3.94549],[101.26953,3.94556],[101.26942,3.94559],[101.2692,3.94552],[101.26912,3.94559],[101.26905,3.94571],[101.26922,3.94582],[101.26938,3.94585],[101.26959,3.94582],[101.2697,3.94576],[101.26973,3.94569],[101.2699,3.94568],[101.26992,3.94556],[101.26993,3.94543],[101.27001,3.94533],[101.27012,3.94529],[101.27027,3.94528],[101.27044,3.94527],[101.27057,3.94524],[101.27063,3.9452],[101.27061,3.94512]]]}},{"type":"Feature","properties":{"id":390239463,"kind":"pond"},"geometry":{"type":"Polygon","coordinates":[[[101.27106,3.94524],[101.27121,3.94532],[101.27132,3.94531],[101.27146,3.94524],[101.27158,3.94514],[101.27163,3.94504],[101.27164,3.94495],[101.2716,3.94481],[101.27155,3.94468],[101.27152,3.94456],[101.27144,3.94451],[101.27136,3.94452],[101.27126,3.94457],[101.2712,3.94464],[101.27132,3.94476],[101.27142,3.94484],[101.2714,3.945],[101.27127,3.94507],[101.27113,3.94508],[101.27102,3.94511],[101.27102,3.94516],[101.27106,3.94524]]]}},{"type":"Feature","properties":{"id":390239464,"kind":"pond"},"geometry":{"type":"Polygon","coordinates":[[[101.27116,3.94417],[101.27118,3.94391],[101.27119,3.94378],[101.27129,3.94375],[101.27142,3.94383],[101.27156,3.94391],[101.27166,3.94387],[101.27168,3.94377],[101.27163,3.9437],[101.27146,3.94364],[101.27135,3.94357],[101.27116,3.94358],[101.27102,3.94366],[101.27096,3.94386],[101.27095,3.94403],[101.27096,3.94417],[101.27105,3.9442],[101.2711,3.94421],[101.27116,3.94417]]]}},{"type":"Feature","properties":{"id":395019630,"kind":"pond"},"geometry":{"type":"Polygon","coordinates":[[[101.98733,3.46249],[101.98757,3.46278],[101.98765,3.46283],[101.98769,3.46283],[101.98774,3.46277],[101.9879,3.46262],[101.98815,3.46239],[101.98843,3.46196],[101.98839,3.46188],[101.98824,3.46177],[101.98819,3.46176],[101.98799,3.4618],[101.98775,3.46205],[101.98764,3.46214],[101.98754,3.46223],[101.98733,3.46246],[101.98733,3.46249]]]}},{"type":"Feature","properties":{"id":395021427,"kind":"pond"},"geometry":{"type":"Polygon","coordinates":[[[101.99538,3.44136],[101.99562,3.44141],[101.9957,3.44154],[101.99576,3.44152],[101.99583,3.44157],[101.99578,3.44161],[101.99582,3.44174],[101.99624,3.44209],[101.99649,3.44214],[101.99664,3.44239],[101.99654,3.44254],[101.99645,3.44255],[101.99637,3.44263],[101.99632,3.44267],[101.99621,3.4425],[101.99611,3.44245],[101.9961,3.4424],[101.99605,3.44241],[101.99594,3.4422],[101.9958,3.44209],[101.99582,3.44206],[101.99574,3.44201],[101.99562,3.4418],[101.99563,3.44174],[101.99554,3.44157],[101.9955,3.44149],[101.99538,3.44136]]]}},{"type":"Feature","properties":{"id":398080090,"kind":"pond"},"geometry":{"type":"Polygon","coordinates":[[[101.6598,3.54251],[101.66114,3.54126],[101.66136,3.54099],[101.66145,3.54062],[101.66132,3.54022],[101.6614,3.54003],[101.66134,3.53981],[101.66098,3.53961],[101.66042,3.53943],[101.66006,3.53939],[101.65986,3.53943],[101.65948,3.53983],[101.65944,3.54007],[101.65967,3.54022],[101.65967,3.54046],[101.65946,3.54073],[101.65926,3.54108],[101.65925,3.54135],[101.65944,3.5418],[101.65957,3.54223],[101.6598,3.54251]]]}},{"type":"Feature","properties":{"id":398080091,"kind":"pond"},"geometry":{"type":"Polygon","coordinates":[[[101.66284,3.53953],[101.66268,3.53946],[101.66261,3.53937],[101.66245,3.53925],[101.66229,3.5392],[101.66201,3.53915],[101.66179,3.53908],[101.66173,3.53897],[101.66167,3.53896],[101.66164,3.53879],[101.66171,3.53878],[101.6618,3.53869],[101.66212,3.53866],[101.66216,3.53852],[101.66231,3.5385],[101.6625,3.53835],[101.66254,3.53828],[101.66259,3.53825],[101.6627,3.53827],[101.66282,3.53828],[101.6629,3.53837],[101.66302,3.53838],[101.66307,3.53846],[101.66321,3.53872],[101.66335,3.53895],[101.66341,3.53917],[101.66332,3.53931],[101.66302,3.53942],[101.66284,3.53953]]]}},{"type":"Feature","properties":{"id":398080092,"kind":"pond"},"geometry":{"type":"Polygon","coordinates":[[[101.6647,3.54326],[101.66471,3.54344],[101.66455,3.54361],[101.66412,3.54386],[101.66399,3.54393],[101.66354,3.5441],[101.66323,3.54419],[101.66303,3.54418],[101.66272,3.54396],[101.66255,3.54381],[101.66243,3.54363],[101.66236,3.54336],[101.66226,3.54323],[101.66224,3.54313],[101.66238,3.54305],[101.66271,3.54286],[101.66275,3.54273],[101.66286,3.54262],[101.66304,3.54259],[101.66338,3.54274],[101.66353,3.54288],[101.66369,3.54287],[101.66382,3.54266],[101.66414,3.54259],[101.66438,3.54272],[101.66453,3.54286],[101.66454,3.54311],[101.6647,3.54326]]]}},{"type":"Feature","properties":{"id":398080093,"kind":"pond"},"geometry":{"type":"Polygon","coordinates":[[[101.65037,3.53191],[101.65015,3.53154],[101.65005,3.53135],[101.65,3.53107],[101.64987,3.53085],[101.64969,3.53077],[101.64941,3.53031],[101.64925,3.52995],[101.64928,3.52949],[101.64928,3.52889],[101.64951,3.52851],[101.64966,3.52841],[101.65007,3.52845],[101.65035,3.52827],[101.65057,3.52819],[101.65107,3.52819],[101.65104,3.52902],[101.65086,3.52915],[101.65093,3.53009],[101.65061,3.53026],[101.65052,3.53098],[101.65086,3.53108],[101.65084,3.53147],[101.65048,3.53176],[101.65037,3.53191]]]}},{"type":"Feature","properties":{"id":398080094,"kind":"pond"},"geometry":{"type":"Polygon","coordinates":[[[101.64797,3.51954],[101.64786,3.51961],[101.64786,3.51984],[101.64802,3.51997],[101.6481,3.52018],[101.64825,3.52055],[101.64878,3.521],[101.64885,3.52098],[101.64925,3.52149],[101.64932,3.5216],[101.64949,3.52169],[101.64957,3.52168],[101.64973,3.52175],[101.64997,3.522],[101.65018,3.52203],[101.64994,3.52237],[101.64991,3.52254],[101.65045,3.523],[101.6507,3.52318],[101.65096,3.52319],[101.65115,3.52335],[101.65126,3.52344],[101.65143,3.52347],[101.65155,3.52329],[101.65175,3.5227],[101.65179,3.52225],[101.65206,3.52182],[101.65194,3.52167],[101.65163,3.52164],[101.65127,3.52185],[101.65098,3.52126],[101.65113,3.52114],[101.65111,3.52101],[101.65124,3.52087],[101.65099,3.52062],[101.65131,3.52048],[101.65143,3.52051],[101.6514,3.52061],[101.6515,3.52075],[101.65164,3.52064],[101.65171,3.52036],[101.65165,3.52029],[101.65185,3.51996],[101.6518,3.51933],[101.6517,3.51929],[101.65158,3.51946],[101.65161,3.51967],[101.6516,3.52006],[101.65138,3.5202],[101.65114,3.52013],[101.65108,3.51974],[101.65097,3.51939],[101.65067,3.5194],[101.65033,3.51945],[101.65002,3.51959],[101.64974,3.51957],[101.64932,3.51957],[101.64893,3.51938],[101.64871,3.51934],[101.64849,3.51945],[101.64822,3.51946],[101.64809,3.51951],[101.64797,3.51954]]]}},{"type":"Feature","properties":{"id":402589652,"kind":"pond"},"geometry":{"type":"Polygon","coordinates":[[[101.55998,3.38649],[101.56001,3.38601],[101.55994,3.38596],[101.55991,3.38576],[101.55997,3.38534],[101.55999,3.38524],[101.55995,3.38478],[101.55986,3.3846],[101.55976,3.38483],[101.55977,3.38502],[101.55992,3.38527],[101.55984,3.38542],[101.55978,3.38547],[101.55984,3.38553],[101.55984,3.38575],[101.55982,3.38589],[101.55953,3.38589],[101.55921,3.38583],[101.55917,3.3859],[101.55923,3.386],[101.55932,3.38603],[101.55943,3.38614],[101.55968,3.38613],[101.55998,3.38649]]]}},{"type":"Feature","properties":{"id":402589653,"kind":"pond"},"geometry":{"type":"Polygon","coordinates":[[[101.56039,3.38646],[101.56041,3.38603],[101.56047,3.3858],[101.56048,3.38565],[101.56053,3.38543],[101.56058,3.38541],[101.56064,3.38557],[101.56072,3.38555],[101.56084,3.38572],[101.56098,3.38563],[101.56101,3.38555],[101.56114,3.38551],[101.56136,3.38542],[101.561,3.38596],[101.56074,3.3863],[101.56043,3.38648],[101.56039,3.38646]]]}},{"type":"Feature","properties":{"id":402598649,"kind":"pond"},"geometry":{"type":"Polygon","coordinates":[[[101.60464,3.41026],[101.60453,3.41023],[101.60444,3.40997],[101.60454,3.40985],[101.60466,3.40981],[101.60469,3.40978],[101.60474,3.40976],[101.60478,3.40974],[101.6053,3.40953],[101.60536,3.40953],[101.60536,3.40927],[101.60539,3.40925],[101.60543,3.40925],[101.60543,3.40947],[101.60554,3.40954],[101.60553,3.40961],[101.60552,3.40968],[101.60553,3.40988],[101.60537,3.40991],[101.60515,3.41006],[101.60493,3.41019],[101.6048,3.41024],[101.60481,3.41031],[101.60468,3.41035],[101.60466,3.4103],[101.60464,3.41026]]]}},{"type":"Feature","properties":{"id":402613423,"kind":"pond"},"geometry":{"type":"Polygon","coordinates":[[[101.59053,3.40431],[101.59057,3.4041],[101.59064,3.40389],[101.59062,3.40365],[101.59056,3.40359],[101.59057,3.40349],[101.59036,3.40347],[101.59026,3.40354],[101.59027,3.40363],[101.59029,3.40373],[101.59023,3.40386],[101.59019,3.40392],[101.59015,3.40426],[101.59053,3.40431]]]}},{"type":"Feature","properties":{"id":402622045,"kind":"lake"},"geometry":{"type":"Polygon","coordinates":[[[101.59058,3.42139],[101.59073,3.42135],[101.59092,3.42138],[101.59102,3.42143],[101.59111,3.42152],[101.59114,3.42163],[101.59127,3.42171],[101.59152,3.42161],[101.59165,3.42165],[101.59171,3.42161],[101.59174,3.42191],[101.59172,3.42206],[101.59172,3.42244],[101.59171,3.4228],[101.59166,3.42307],[101.59157,3.42342],[101.59166,3.42354],[101.59168,3.42376],[101.59154,3.42406],[101.59155,3.42442],[101.59158,3.42459],[101.59143,3.42458],[101.59131,3.4243],[101.59148,3.42411],[101.59128,3.42405],[101.59099,3.42396],[101.59079,3.42389],[101.59047,3.42402],[101.5901,3.42422],[101.58975,3.42434],[101.58963,3.4243],[101.58957,3.42417],[101.58958,3.42403],[101.58983,3.42388],[101.59015,3.42372],[101.59024,3.42351],[101.59019,3.42331],[101.59008,3.42314],[101.59013,3.42301],[101.59014,3.42282],[101.59028,3.42273],[101.59047,3.42277],[101.5908,3.42294],[101.59109,3.42279],[101.59131,3.42244],[101.59134,3.42235],[101.59144,3.42228],[101.59145,3.42208],[101.59138,3.42198],[101.5911,3.42192],[101.59082,3.42188],[101.59064,3.42166],[101.59047,3.42164],[101.59041,3.42155],[101.59045,3.42145],[101.59058,3.42139]]]}},{"type":"Feature","properties":{"id":402701466,"kind":"pond"},"geometry":{"type":"Polygon","coordinates":[[[101.43905,3.41551],[101.43916,3.41549],[101.43936,3.41543],[101.43947,3.41538],[101.43963,3.41536],[101.43976,3.41533],[101.43977,3.41531],[101.43978,3.41529],[101.43974,3.41529],[101.43967,3.41527],[101.43968,3.4152],[101.43961,3.41507],[101.43957,3.41503],[101.43952,3.41496],[101.43939,3.4148],[101.43918,3.41467],[101.4391,3.41462],[101.43906,3.41451],[101.43903,3.4144],[101.43897,3.41433],[101.43881,3.41419],[101.43865,3.41405],[101.43851,3.41395],[101.4385,3.41391],[101.43843,3.41385],[101.43838,3.41386],[101.43835,3.41391],[101.43833,3.41403],[101.43828,3.41416],[101.43825,3.41427],[101.43822,3.41439],[101.43818,3.41445],[101.43807,3.41457],[101.43794,3.41474],[101.43795,3.41479],[101.43798,3.41482],[101.43804,3.4148],[101.43811,3.41481],[101.43824,3.41477],[101.43833,3.41474],[101.43858,3.41475],[101.43877,3.41478],[101.43891,3.41484],[101.43894,3.41488],[101.43896,3.41519],[101.43896,3.41537],[101.43897,3.41551],[101.43905,3.41551]]]}},{"type":"Feature","properties":{"id":402716520,"kind":"lake"},"geometry":{"type":"Polygon","coordinates":[[[101.44706,3.41372],[101.44712,3.41349],[101.44728,3.41327],[101.44743,3.41313],[101.44768,3.41301],[101.44803,3.41321],[101.44832,3.41325],[101.44865,3.41318],[101.44894,3.41306],[101.44913,3.41319],[101.44937,3.41325],[101.44991,3.4133],[101.44994,3.41327],[101.44996,3.41314],[101.45004,3.41322],[101.45014,3.41331],[101.45032,3.41334],[101.45054,3.41347],[101.45073,3.41342],[101.45099,3.41356],[101.45144,3.41337],[101.45154,3.41338],[101.45181,3.41326],[101.45196,3.41336],[101.45226,3.41312],[101.45276,3.41289],[101.45305,3.41286],[101.45341,3.41295],[101.4535,3.41366],[101.45367,3.41385],[101.45405,3.41471],[101.45405,3.41481],[101.45416,3.41492],[101.45437,3.41592],[101.45431,3.41667],[101.45424,3.4168],[101.4541,3.41688],[101.45393,3.41684],[101.4537,3.41668],[101.4537,3.41655],[101.4534,3.41657],[101.45326,3.41652],[101.45319,3.41656],[101.45305,3.41667],[101.45295,3.41669],[101.45251,3.41657],[101.45176,3.41625],[101.45131,3.41607],[101.45084,3.41602],[101.45059,3.41606],[101.44998,3.4159],[101.44951,3.41577],[101.44929,3.41563],[101.4493,3.41549],[101.44924,3.41544],[101.44892,3.4155],[101.44871,3.41549],[101.44849,3.4153],[101.44847,3.41509],[101.4482,3.41487],[101.4479,3.41461],[101.44772,3.41431],[101.44755,3.4142],[101.44741,3.41404],[101.44721,3.41396],[101.44706,3.41372]]]}},{"type":"Feature","properties":{"id":402716521,"kind":"lake"},"geometry":{"type":"Polygon","coordinates":[[[101.44863,3.42116],[101.44866,3.42111],[101.44874,3.42107],[101.44884,3.42104],[101.44895,3.42083],[101.44925,3.42062],[101.44951,3.42041],[101.44979,3.42013],[101.44989,3.41995],[101.45004,3.41988],[101.45034,3.4198],[101.45037,3.41972],[101.4501,3.4195],[101.45015,3.41933],[101.45025,3.41928],[101.45054,3.41946],[101.45061,3.41955],[101.45079,3.41972],[101.45102,3.41991],[101.45112,3.41978],[101.45121,3.41979],[101.45122,3.41988],[101.45124,3.41992],[101.45135,3.41986],[101.45144,3.41986],[101.45152,3.41976],[101.4508,3.41918],[101.45063,3.41901],[101.45075,3.41873],[101.4507,3.41863],[101.4507,3.41863],[101.45059,3.41855],[101.45062,3.41848],[101.45068,3.41846],[101.45077,3.41842],[101.45076,3.41822],[101.45062,3.41824],[101.45066,3.4184],[101.45064,3.41844],[101.45061,3.41844],[101.45051,3.4184],[101.45047,3.41835],[101.45047,3.41824],[101.45048,3.41819],[101.45042,3.4182],[101.45039,3.41823],[101.45034,3.41823],[101.45032,3.41827],[101.45031,3.41834],[101.45032,3.41841],[101.45038,3.41846],[101.45049,3.4185],[101.45055,3.4185],[101.45057,3.41853],[101.45053,3.41864],[101.45054,3.41877],[101.45046,3.4188],[101.45036,3.41878],[101.4503,3.41869],[101.45022,3.41879],[101.45013,3.41883],[101.45006,3.41899],[101.45002,3.41912],[101.45003,3.41922],[101.44996,3.41931],[101.44998,3.41939],[101.44989,3.41963],[101.44982,3.41969],[101.4497,3.41959],[101.44978,3.41956],[101.4498,3.41951],[101.44967,3.4194],[101.44963,3.4194],[101.44959,3.41935],[101.44947,3.41932],[101.44938,3.41935],[101.44935,3.41946],[101.44933,3.41954],[101.44929,3.41966],[101.44925,3.41987],[101.44917,3.41999],[101.44903,3.42014],[101.44887,3.42034],[101.44875,3.42048],[101.44876,3.42071],[101.44877,3.42082],[101.44868,3.42098],[101.44863,3.42116]]]}},{"type":"Feature","properties":{"id":402720713,"kind":"lake"},"geometry":{"type":"Polygon","coordinates":[[[101.44857,3.42163],[101.44861,3.42147],[101.44869,3.42138],[101.44882,3.4213],[101.44891,3.42134],[101.44899,3.42123],[101.4491,3.42111],[101.44922,3.42101],[101.44923,3.42094],[101.44927,3.42094],[101.44938,3.42109],[101.44915,3.42124],[101.44925,3.42137],[101.44929,3.4215],[101.44922,3.42159],[101.4492,3.42169],[101.44923,3.42171],[101.44938,3.42157],[101.44936,3.42138],[101.44936,3.42121],[101.44943,3.42117],[101.44979,3.42127],[101.44962,3.42139],[101.44965,3.42149],[101.44982,3.42148],[101.44985,3.42136],[101.44994,3.42118],[101.44986,3.42112],[101.44966,3.42101],[101.44956,3.42106],[101.44945,3.42103],[101.4494,3.4209],[101.44947,3.42079],[101.44962,3.42067],[101.44973,3.42075],[101.44989,3.42067],[101.45,3.42053],[101.45002,3.42036],[101.45008,3.42029],[101.45038,3.42036],[101.45037,3.4205],[101.4506,3.4205],[101.4507,3.42065],[101.45074,3.42087],[101.45105,3.42101],[101.45102,3.42107],[101.45091,3.42109],[101.45091,3.42117],[101.45102,3.42119],[101.45124,3.42118],[101.45151,3.42117],[101.45154,3.42104],[101.45163,3.421],[101.45168,3.42094],[101.45166,3.42068],[101.45172,3.42064],[101.45174,3.42055],[101.45184,3.42049],[101.45199,3.42061],[101.45206,3.42054],[101.45216,3.42052],[101.45255,3.42067],[101.45249,3.42085],[101.45231,3.42092],[101.45225,3.42102],[101.4523,3.42116],[101.45251,3.42106],[101.45263,3.42119],[101.45246,3.42128],[101.45239,3.42132],[101.45234,3.42133],[101.45231,3.4214],[101.45242,3.42146],[101.45246,3.42141],[101.45256,3.4215],[101.45272,3.42163],[101.4528,3.42178],[101.45284,3.42207],[101.45277,3.42227],[101.45284,3.42249],[101.45294,3.42283],[101.45299,3.42304],[101.45317,3.42337],[101.45324,3.42348],[101.45338,3.42348],[101.45342,3.42356],[101.45344,3.42373],[101.45338,3.42388],[101.45348,3.42491],[101.45357,3.42498],[101.45358,3.42507],[101.45343,3.42527],[101.45346,3.42553],[101.45308,3.42562],[101.45273,3.42564],[101.45261,3.42554],[101.45261,3.42542],[101.45271,3.42517],[101.45268,3.42504],[101.45245,3.42514],[101.45238,3.42511],[101.45229,3.42517],[101.45216,3.42517],[101.45194,3.42509],[101.45189,3.42519],[101.45175,3.42519],[101.45167,3.42511],[101.45155,3.42511],[101.45165,3.42519],[101.45176,3.42536],[101.45173,3.42549],[101.45157,3.42553],[101.45122,3.42552],[101.4507,3.42553],[101.45057,3.42551],[101.4502,3.42555],[101.45004,3.42563],[101.44993,3.42562],[101.44971,3.42562],[101.44957,3.42561],[101.44945,3.42563],[101.44929,3.42555],[101.44919,3.4254],[101.4492,3.42527],[101.44922,3.42516],[101.44924,3.42509],[101.44894,3.42504],[101.44881,3.42486],[101.44871,3.42458],[101.44873,3.42443],[101.44868,3.42419],[101.44866,3.42407],[101.44868,3.42399],[101.44862,3.4239],[101.44851,3.4238],[101.44863,3.42366],[101.44877,3.42348],[101.44864,3.4234],[101.44851,3.42345],[101.44839,3.42336],[101.44834,3.42308],[101.44849,3.42299],[101.44855,3.42302],[101.44866,3.42293],[101.44867,3.42285],[101.44873,3.42273],[101.44879,3.42269],[101.44883,3.42258],[101.44879,3.42252],[101.44887,3.42247],[101.44884,3.42243],[101.44887,3.42223],[101.44885,3.42218],[101.44883,3.42199],[101.44879,3.42195],[101.44881,3.42191],[101.44879,3.42184],[101.44868,3.4218],[101.44857,3.42163]]]}},{"type":"Feature","properties":{"id":402809371,"kind":"pond"},"geometry":{"type":"Polygon","coordinates":[[[101.62644,3.50165],[101.6265,3.50151],[101.62662,3.50142],[101.62667,3.50124],[101.62701,3.50106],[101.62758,3.50091],[101.6281,3.50083],[101.62826,3.50057],[101.62824,3.50023],[101.62827,3.5],[101.62836,3.4999],[101.62866,3.50006],[101.62872,3.50024],[101.62929,3.50023],[101.62945,3.50064],[101.62938,3.50092],[101.62889,3.50123],[101.6289,3.50158],[101.62916,3.50196],[101.62891,3.50232],[101.62856,3.50249],[101.62842,3.50224],[101.62805,3.50217],[101.6275,3.5023],[101.62733,3.50227],[101.62725,3.502],[101.6269,3.502],[101.62681,3.50178],[101.62644,3.50165]]]}},{"type":"Feature","properties":{"id":402809372,"kind":"pond"},"geometry":{"type":"Polygon","coordinates":[[[101.63224,3.50314],[101.63249,3.50315],[101.63256,3.5032],[101.63279,3.50315],[101.63291,3.50301],[101.633,3.50301],[101.63316,3.50267],[101.63326,3.50256],[101.63333,3.50223],[101.63347,3.50217],[101.63343,3.50154],[101.63342,3.50131],[101.63327,3.5012],[101.63299,3.5012],[101.63273,3.50132],[101.63247,3.50157],[101.63217,3.50149],[101.63172,3.50148],[101.63116,3.50156],[101.63087,3.50183],[101.63052,3.50228],[101.63043,3.50257],[101.63059,3.50296],[101.63075,3.5031],[101.63092,3.50311],[101.63107,3.50294],[101.63144,3.50305],[101.63155,3.50318],[101.63179,3.50325],[101.63199,3.50326],[101.63218,3.50323],[101.63224,3.50314]]]}},{"type":"Feature","properties":{"id":404946272,"kind":"pond"},"geometry":{"type":"Polygon","coordinates":[[[101.56671,3.44622],[101.56679,3.44624],[101.56685,3.44626],[101.56689,3.44627],[101.56694,3.44627],[101.56696,3.44623],[101.56697,3.44617],[101.56698,3.44612],[101.56697,3.44606],[101.56695,3.44601],[101.56682,3.44597],[101.56678,3.44595],[101.56674,3.4459],[101.56668,3.44577],[101.5666,3.44571],[101.56651,3.44571],[101.56643,3.44567],[101.5664,3.44567],[101.56637,3.44569],[101.56636,3.44576],[101.56641,3.44588],[101.56641,3.44597],[101.56638,3.44606],[101.56633,3.44612],[101.56633,3.44617],[101.56635,3.44622],[101.56641,3.44623],[101.56647,3.44623],[101.56656,3.44619],[101.56666,3.44619],[101.56671,3.44622]]]}},{"type":"Feature","properties":{"id":404946273,"kind":"pond"},"geometry":{"type":"Polygon","coordinates":[[[101.56708,3.44631],[101.56713,3.44638],[101.56721,3.44643],[101.56725,3.44643],[101.56729,3.44647],[101.56739,3.4465],[101.56776,3.44642],[101.56785,3.44641],[101.56794,3.44635],[101.56816,3.44631],[101.56837,3.44631],[101.56866,3.44632],[101.56881,3.44639],[101.56898,3.44645],[101.56913,3.44652],[101.56923,3.44658],[101.5693,3.44662],[101.56934,3.44662],[101.56939,3.4466],[101.56942,3.44654],[101.56942,3.44638],[101.56939,3.44632],[101.56909,3.4461],[101.56901,3.44606],[101.56896,3.44602],[101.56894,3.44594],[101.56891,3.44594],[101.56887,3.44588],[101.56887,3.44582],[101.56888,3.44578],[101.5689,3.44571],[101.56883,3.4453],[101.56871,3.44522],[101.56868,3.44532],[101.56863,3.44538],[101.5686,3.44544],[101.56862,3.44549],[101.56857,3.44558],[101.56859,3.44563],[101.56858,3.44573],[101.56848,3.44583],[101.56834,3.44605],[101.5683,3.44609],[101.56816,3.44609],[101.56801,3.44612],[101.56791,3.44614],[101.56773,3.44623],[101.56763,3.4462],[101.56744,3.44622],[101.56733,3.44623],[101.56724,3.44622],[101.56721,3.44618],[101.56716,3.44619],[101.56711,3.44623],[101.56708,3.44627],[101.56708,3.44631]]]}},{"type":"Feature","properties":{"id":404946274,"kind":"pond"},"geometry":{"type":"Polygon","coordinates":[[[101.56593,3.43893],[101.56605,3.43898],[101.56619,3.43899],[101.56623,3.43901],[101.56631,3.43899],[101.56639,3.43894],[101.56644,3.43888],[101.56652,3.43883],[101.56661,3.4388],[101.56666,3.43881],[101.56668,3.43884],[101.5667,3.43884],[101.56675,3.43882],[101.56676,3.43878],[101.56674,3.43873],[101.5667,3.43867],[101.56667,3.43858],[101.56665,3.4385],[101.56666,3.43847],[101.56666,3.43843],[101.56659,3.43842],[101.56655,3.43844],[101.5665,3.4385],[101.56645,3.43855],[101.5664,3.43858],[101.56634,3.43858],[101.56629,3.43858],[101.56626,3.43862],[101.56625,3.43869],[101.56611,3.43877],[101.56601,3.43881],[101.56597,3.43883],[101.56594,3.43884],[101.56591,3.4389],[101.56593,3.43893]]]}},{"type":"Feature","properties":{"id":404946275,"kind":"pond"},"geometry":{"type":"Polygon","coordinates":[[[101.56539,3.43917],[101.5653,3.43898],[101.5653,3.43894],[101.56533,3.43888],[101.5654,3.43885],[101.56553,3.43887],[101.56557,3.43887],[101.56561,3.43885],[101.56566,3.43882],[101.56572,3.43872],[101.56576,3.43869],[101.56579,3.43867],[101.56585,3.43865],[101.56591,3.43864],[101.56597,3.43863],[101.56604,3.43862],[101.56608,3.43862],[101.56613,3.43863],[101.56615,3.43865],[101.56602,3.43871],[101.56594,3.43875],[101.56585,3.43875],[101.5658,3.43878],[101.56576,3.43884],[101.56575,3.43897],[101.56567,3.43902],[101.56564,3.43902],[101.56561,3.43902],[101.56557,3.43908],[101.56553,3.43909],[101.56542,3.43916],[101.56539,3.43917]]]}},{"type":"Feature","properties":{"id":404946276,"kind":"pond"},"geometry":{"type":"Polygon","coordinates":[[[101.56714,3.43901],[101.56717,3.43905],[101.56721,3.43909],[101.56726,3.43913],[101.56734,3.43914],[101.56741,3.43912],[101.56746,3.4391],[101.56753,3.43905],[101.56756,3.43901],[101.56755,3.43898],[101.56748,3.43898],[101.56745,3.43895],[101.56738,3.43893],[101.56732,3.43889],[101.56729,3.43884],[101.56727,3.4388],[101.56723,3.43879],[101.5672,3.43877],[101.56718,3.43874],[101.5672,3.43868],[101.56722,3.43863],[101.56722,3.43859],[101.56717,3.43855],[101.56716,3.43851],[101.56716,3.43847],[101.56707,3.43847],[101.56706,3.4385],[101.56702,3.43856],[101.56696,3.43855],[101.56692,3.43852],[101.56689,3.43853],[101.56685,3.43857],[101.56683,3.43861],[101.56684,3.43866],[101.56689,3.4387],[101.56697,3.43871],[101.567,3.43876],[101.56705,3.43879],[101.56705,3.43882],[101.56704,3.43887],[101.567,3.4389],[101.567,3.43893],[101.56705,3.43897],[101.56714,3.43901]]]}},{"type":"Feature","properties":{"id":404946277,"kind":"pond"},"geometry":{"type":"Polygon","coordinates":[[[101.56775,3.4396],[101.56775,3.43952],[101.5677,3.43946],[101.56765,3.43943],[101.56761,3.43936],[101.56758,3.43932],[101.56753,3.43931],[101.56749,3.43927],[101.5675,3.43922],[101.56754,3.43917],[101.56759,3.43911],[101.56764,3.4391],[101.56767,3.43912],[101.5677,3.43922],[101.56775,3.43927],[101.56772,3.43933],[101.56773,3.4394],[101.56778,3.43943],[101.56784,3.43947],[101.56789,3.43951],[101.56791,3.43958],[101.56796,3.43957],[101.56802,3.43956],[101.56805,3.43965],[101.56792,3.43968],[101.5678,3.43967],[101.56776,3.43964],[101.56775,3.4396]]]}},{"type":"Feature","properties":{"id":404946278,"kind":"pond"},"geometry":{"type":"Polygon","coordinates":[[[101.56942,3.43869],[101.56946,3.43878],[101.56951,3.43882],[101.56956,3.43888],[101.56956,3.43895],[101.56956,3.43902],[101.56962,3.43907],[101.56967,3.43905],[101.56971,3.43904],[101.56984,3.43913],[101.56991,3.43918],[101.56991,3.4391],[101.56988,3.43904],[101.56983,3.43898],[101.56982,3.43891],[101.56985,3.43889],[101.56982,3.43881],[101.56976,3.43871],[101.56972,3.43861],[101.56967,3.43858],[101.56961,3.43858],[101.56953,3.43859],[101.56947,3.4386],[101.56943,3.43864],[101.56942,3.43869]]]}},{"type":"Feature","properties":{"id":404946283,"kind":"pond"},"geometry":{"type":"Polygon","coordinates":[[[101.55538,3.43576],[101.55542,3.43583],[101.55539,3.43588],[101.55533,3.43591],[101.55524,3.4359],[101.55522,3.43585],[101.55514,3.43584],[101.55507,3.43589],[101.55501,3.4359],[101.55494,3.43586],[101.55486,3.43581],[101.5548,3.43579],[101.55475,3.43571],[101.55479,3.43567],[101.55486,3.43559],[101.55493,3.43547],[101.55503,3.43531],[101.55513,3.43514],[101.55525,3.43507],[101.55537,3.43501],[101.55546,3.43496],[101.55553,3.43497],[101.55558,3.43495],[101.55567,3.43491],[101.55574,3.43491],[101.55595,3.43495],[101.55608,3.43497],[101.55612,3.43499],[101.55611,3.43507],[101.55613,3.43522],[101.55608,3.43533],[101.55593,3.43555],[101.55586,3.43565],[101.55576,3.43572],[101.55562,3.4358],[101.55556,3.43581],[101.55552,3.4358],[101.55549,3.43576],[101.55548,3.43571],[101.55554,3.43563],[101.55563,3.43552],[101.55569,3.43536],[101.55567,3.43529],[101.55563,3.43525],[101.55555,3.4352],[101.55552,3.4352],[101.55546,3.4352],[101.55541,3.43521],[101.55536,3.43523],[101.55528,3.43529],[101.55517,3.43534],[101.55512,3.43539],[101.55506,3.43544],[101.5551,3.4355],[101.55514,3.43561],[101.55524,3.43571],[101.5553,3.43574],[101.55538,3.43576]]]}},{"type":"Feature","properties":{"id":412760331,"kind":"wetland"},"geometry":{"type":"Polygon","coordinates":[[[101.8265,2.50811],[101.82644,2.50805],[101.82639,2.50801],[101.82631,2.50798],[101.82622,2.50797],[101.82616,2.50795],[101.82611,2.50791],[101.82608,2.50784],[101.82606,2.50775],[101.82605,2.50766],[101.82604,2.50757],[101.82604,2.50751],[101.82609,2.50751],[101.82614,2.50749],[101.82621,2.50745],[101.82627,2.50738],[101.82631,2.50732],[101.82633,2.50726],[101.82635,2.5071],[101.82643,2.50717],[101.82648,2.50725],[101.82655,2.50738],[101.82658,2.50744],[101.82664,2.50753],[101.82668,2.50759],[101.82668,2.50761],[101.82666,2.50764],[101.82662,2.50768],[101.82658,2.50772],[101.82655,2.50778],[101.82654,2.50785],[101.82655,2.50789],[101.82657,2.50794],[101.82662,2.50798],[101.82667,2.50803],[101.82669,2.5081],[101.8267,2.50817],[101.82667,2.50823],[101.82666,2.50828],[101.82666,2.50846],[101.82666,2.50851],[101.82663,2.50855],[101.8266,2.50855],[101.82658,2.50853],[101.82654,2.50819],[101.8265,2.50811]]]}},{"type":"Feature","properties":{"id":420016913,"kind":"pond"},"geometry":{"type":"Polygon","coordinates":[[[102.01134,2.72703],[102.0114,2.72716],[102.01159,2.72732],[102.01167,2.72736],[102.012,2.72749],[102.01206,2.72748],[102.01249,2.72733],[102.01245,2.7272],[102.01237,2.72702],[102.01227,2.72693],[102.01212,2.72674],[102.01206,2.7267],[102.01199,2.7267],[102.01187,2.7268],[102.01144,2.72697],[102.01134,2.72703]]]}},{"type":"Feature","properties":{"id":420016914,"kind":"pond"},"geometry":{"type":"Polygon","coordinates":[[[102.01134,2.72683],[102.01142,2.72682],[102.0115,2.72677],[102.01159,2.72675],[102.01172,2.72674],[102.01185,2.7267],[102.01192,2.72665],[102.01194,2.72658],[102.01178,2.72641],[102.01169,2.72639],[102.01144,2.7264],[102.01132,2.72648],[102.01128,2.72666],[102.01129,2.72675],[102.01134,2.72683]]]}},{"type":"Feature","properties":{"id":422820823,"kind":"oxbow"},"geometry":{"type":"Polygon","coordinates":[[[101.95617,3.47727],[101.95639,3.47722],[101.95671,3.47645],[101.9569,3.47628],[101.95712,3.47621],[101.95731,3.47613],[101.95745,3.47617],[101.95769,3.47655],[101.9577,3.47654],[101.95773,3.47653],[101.9576,3.4763],[101.95754,3.47616],[101.95763,3.47595],[101.95773,3.4758],[101.95781,3.47574],[101.95783,3.47566],[101.95773,3.47561],[101.95757,3.47549],[101.95735,3.47549],[101.95722,3.47553],[101.95689,3.47586],[101.95668,3.4762],[101.95635,3.47683],[101.95617,3.47727]]]}},{"type":"Feature","properties":{"id":423528076,"kind":"pond"},"geometry":{"type":"Polygon","coordinates":[[[101.09912,3.73092],[101.09915,3.73076],[101.09923,3.73032],[101.09927,3.73028],[101.09946,3.73031],[101.09948,3.73036],[101.09938,3.73087],[101.09933,3.73097],[101.09914,3.73095],[101.09912,3.73092]]]}},{"type":"Feature","properties":{"id":424300126,"kind":"pond"},"geometry":{"type":"Polygon","coordinates":[[[101.90088,3.60253],[101.9009,3.60259],[101.90094,3.60267],[101.90102,3.6027],[101.90109,3.60271],[101.90113,3.60272],[101.90122,3.60278],[101.90124,3.60286],[101.90126,3.60289],[101.90131,3.60288],[101.90142,3.60284],[101.90153,3.60277],[101.90162,3.60273],[101.90171,3.60272],[101.9018,3.60273],[101.90186,3.60272],[101.9019,3.60271],[101.90191,3.60268],[101.9019,3.60263],[101.90183,3.60243],[101.90179,3.60239],[101.90174,3.60235],[101.9017,3.60233],[101.90164,3.60234],[101.90158,3.60235],[101.90152,3.60235],[101.90145,3.60234],[101.9013,3.60229],[101.90125,3.60229],[101.90119,3.6023],[101.90103,3.60241],[101.90096,3.60246],[101.90091,3.60248],[101.90088,3.60249],[101.90088,3.60253]]]}},{"type":"Feature","properties":{"id":425693484,"kind":"pond"},"geometry":{"type":"Polygon","coordinates":[[[101.98119,3.62927],[101.9808,3.62929],[101.98058,3.62932],[101.98055,3.62955],[101.98041,3.62993],[101.98024,3.63017],[101.98022,3.63054],[101.98004,3.6308],[101.97987,3.63098],[101.97969,3.631],[101.97998,3.63078],[101.98018,3.63052],[101.98018,3.63033],[101.98018,3.6301],[101.9803,3.62973],[101.98038,3.62967],[101.98038,3.62955],[101.9803,3.62951],[101.98026,3.62905],[101.98011,3.62906],[101.98001,3.62908],[101.97995,3.62912],[101.97985,3.62945],[101.97962,3.62971],[101.97958,3.62995],[101.97943,3.63034],[101.97921,3.6306],[101.97901,3.63088],[101.97882,3.63105],[101.97886,3.63079],[101.97915,3.63041],[101.97938,3.63012],[101.97947,3.62991],[101.97949,3.62962],[101.97968,3.62952],[101.9798,3.62923],[101.97986,3.62894],[101.97978,3.6289],[101.97932,3.62889],[101.97918,3.62898],[101.97875,3.62922],[101.97854,3.62953],[101.9784,3.62953],[101.97818,3.62947],[101.97794,3.62938],[101.97827,3.62935],[101.97844,3.62914],[101.97867,3.62893],[101.97884,3.62868],[101.97916,3.62869],[101.97943,3.62857],[101.97966,3.62865],[101.97993,3.62862],[101.97985,3.62841],[101.97971,3.62832],[101.97965,3.62818],[101.97966,3.628],[101.9796,3.62773],[101.97951,3.62738],[101.9797,3.62717],[101.9799,3.62713],[101.97975,3.62744],[101.97972,3.62764],[101.97989,3.62781],[101.97987,3.62813],[101.98019,3.62831],[101.98041,3.62855],[101.98088,3.62872],[101.98093,3.62855],[101.98102,3.62863],[101.98122,3.62922],[101.98119,3.62927]]]}},{"type":"Feature","properties":{"id":425693508,"kind":"lake"},"geometry":{"type":"Polygon","coordinates":[[[101.98382,3.63443],[101.9837,3.63454],[101.98377,3.635],[101.9835,3.63519],[101.98311,3.63511],[101.98296,3.63516],[101.98297,3.6353],[101.98286,3.6353],[101.98278,3.63519],[101.98263,3.63527],[101.98244,3.63544],[101.98248,3.63582],[101.98255,3.63615],[101.98243,3.63626],[101.98233,3.63651],[101.98249,3.63652],[101.98264,3.63672],[101.98303,3.6367],[101.98334,3.63666],[101.98352,3.6368],[101.98352,3.637],[101.9833,3.63696],[101.98299,3.63688],[101.9825,3.63687],[101.98227,3.6367],[101.98196,3.63677],[101.98191,3.63693],[101.98202,3.63723],[101.98204,3.63753],[101.98189,3.63758],[101.98189,3.63739],[101.98177,3.63728],[101.98152,3.63737],[101.98142,3.63769],[101.9813,3.63802],[101.9813,3.63836],[101.98095,3.63838],[101.98097,3.6387],[101.98072,3.63879],[101.98063,3.6391],[101.98043,3.63924],[101.98049,3.639],[101.98062,3.63877],[101.98079,3.63852],[101.98086,3.63827],[101.98105,3.63816],[101.98105,3.63769],[101.98126,3.63754],[101.98132,3.63713],[101.98143,3.63699],[101.98157,3.63683],[101.98133,3.63676],[101.98105,3.63674],[101.98085,3.63657],[101.98062,3.63643],[101.98051,3.63665],[101.9806,3.63693],[101.9804,3.63707],[101.9796,3.63707],[101.9795,3.63734],[101.97932,3.63756],[101.97901,3.63778],[101.979,3.6381],[101.97891,3.63847],[101.97864,3.63877],[101.97848,3.63884],[101.97838,3.63873],[101.97836,3.63857],[101.97859,3.63849],[101.97868,3.63825],[101.97883,3.63805],[101.97876,3.63774],[101.97887,3.63758],[101.97906,3.63726],[101.97918,3.63705],[101.97927,3.63694],[101.97926,3.63679],[101.97911,3.63661],[101.97895,3.63635],[101.97875,3.63627],[101.97873,3.63657],[101.9788,3.63689],[101.97879,3.63715],[101.9786,3.63717],[101.9782,3.63716],[101.97802,3.63697],[101.97784,3.63691],[101.97763,3.63697],[101.97761,3.63717],[101.97737,3.63727],[101.97732,3.63741],[101.97723,3.63755],[101.97715,3.63743],[101.9772,3.63721],[101.97736,3.63706],[101.9774,3.63687],[101.97754,3.6367],[101.97735,3.63655],[101.97725,3.6363],[101.97688,3.63626],[101.97655,3.63625],[101.97613,3.63606],[101.97596,3.63591],[101.97569,3.63592],[101.97558,3.63631],[101.9755,3.6365],[101.97529,3.63669],[101.97508,3.63695],[101.97496,3.63703],[101.9751,3.63682],[101.97522,3.63657],[101.97547,3.63636],[101.97541,3.63613],[101.97549,3.63596],[101.97573,3.63571],[101.9758,3.63554],[101.97566,3.63551],[101.97536,3.63551],[101.97513,3.6354],[101.97496,3.63557],[101.97483,3.63565],[101.97464,3.63583],[101.97453,3.63563],[101.97436,3.63529],[101.97426,3.63496],[101.97395,3.63487],[101.97358,3.63478],[101.97351,3.63455],[101.97366,3.63436],[101.97365,3.6341],[101.97346,3.63383],[101.97313,3.63373],[101.97283,3.6337],[101.97254,3.63373],[101.97251,3.63361],[101.97277,3.63338],[101.97329,3.63332],[101.97364,3.6335],[101.97384,3.63402],[101.97387,3.63429],[101.97383,3.63451],[101.97408,3.63445],[101.97438,3.6346],[101.97451,3.63487],[101.97459,3.63517],[101.97471,3.63529],[101.97485,3.63523],[101.97487,3.63509],[101.97507,3.63509],[101.97526,3.63516],[101.97545,3.63529],[101.97581,3.6353],[101.97609,3.63528],[101.9762,3.63545],[101.97625,3.63572],[101.97633,3.63584],[101.97653,3.63596],[101.97678,3.636],[101.97669,3.63581],[101.97648,3.63573],[101.97647,3.63553],[101.97643,3.63533],[101.97634,3.63509],[101.97634,3.63478],[101.97643,3.63449],[101.9764,3.63416],[101.97625,3.63398],[101.97615,3.6338],[101.97612,3.63357],[101.97625,3.63339],[101.97626,3.6332],[101.97643,3.63317],[101.97643,3.63332],[101.97636,3.63359],[101.97636,3.63381],[101.97655,3.6341],[101.97669,3.63409],[101.9769,3.6339],[101.9771,3.63382],[101.97701,3.63411],[101.97663,3.63438],[101.97659,3.6351],[101.9767,3.63555],[101.97698,3.63579],[101.97726,3.63581],[101.97728,3.63607],[101.97744,3.63619],[101.97764,3.63634],[101.97786,3.63634],[101.97801,3.63647],[101.97818,3.63652],[101.97839,3.63648],[101.97841,3.6363],[101.97835,3.63616],[101.97824,3.63602],[101.97829,3.63584],[101.97857,3.63572],[101.97886,3.63577],[101.97896,3.63598],[101.9791,3.63616],[101.97926,3.63624],[101.97941,3.6361],[101.9796,3.63598],[101.97986,3.63585],[101.97998,3.63597],[101.98037,3.63602],[101.98057,3.63587],[101.98074,3.63591],[101.98093,3.6358],[101.98089,3.63557],[101.98075,3.63547],[101.9807,3.63535],[101.9808,3.63529],[101.98088,3.63515],[101.98094,3.63536],[101.98129,3.63559],[101.98182,3.63548],[101.98164,3.63513],[101.98191,3.63463],[101.98209,3.63402],[101.98227,3.63385],[101.98229,3.63366],[101.98251,3.63357],[101.98264,3.63327],[101.98286,3.63313],[101.98306,3.63341],[101.98338,3.63385],[101.98389,3.63438],[101.98382,3.63443]]]}},{"type":"Feature","properties":{"id":430019417,"kind":"pond"},"geometry":{"type":"Polygon","coordinates":[[[101.6283,3.51384],[101.62849,3.51395],[101.62882,3.51401],[101.62905,3.51398],[101.62908,3.51389],[101.62898,3.51356],[101.62846,3.5133],[101.62833,3.51319],[101.62833,3.51311],[101.62827,3.51304],[101.62821,3.51313],[101.62803,3.51301],[101.62793,3.51324],[101.62793,3.51331],[101.62803,3.51332],[101.6281,3.51333],[101.62818,3.51351],[101.62818,3.5136],[101.6283,3.51384]]]}},{"type":"Feature","properties":{"id":430019418,"kind":"pond"},"geometry":{"type":"Polygon","coordinates":[[[101.62797,3.51402],[101.6281,3.51385],[101.62841,3.51402],[101.62854,3.51409],[101.62875,3.5141],[101.62875,3.51424],[101.62869,3.51438],[101.62826,3.51424],[101.62797,3.51402]]]}},{"type":"Feature","properties":{"id":430021491,"kind":"pond"},"geometry":{"type":"Polygon","coordinates":[[[101.62829,3.50889],[101.62832,3.50902],[101.62847,3.50934],[101.62849,3.5096],[101.62866,3.51003],[101.62896,3.51055],[101.62911,3.51055],[101.62914,3.5105],[101.62935,3.51048],[101.62937,3.51036],[101.62929,3.51029],[101.62935,3.51021],[101.62911,3.50977],[101.629,3.50946],[101.62887,3.5094],[101.62879,3.50917],[101.62856,3.50905],[101.62838,3.5089],[101.62829,3.50889]]]}},{"type":"Feature","properties":{"id":430135495,"kind":"pond"},"geometry":{"type":"Polygon","coordinates":[[[101.61943,3.48944],[101.61964,3.4897],[101.61988,3.48988],[101.62012,3.49025],[101.6202,3.49026],[101.62018,3.49038],[101.62021,3.49039],[101.62024,3.4904],[101.62032,3.49025],[101.62043,3.49023],[101.62032,3.48995],[101.62032,3.48985],[101.6204,3.48974],[101.62021,3.48963],[101.62017,3.48943],[101.62022,3.48933],[101.62012,3.48899],[101.61993,3.48894],[101.61972,3.48898],[101.61938,3.48895],[101.61947,3.48928],[101.61943,3.48944]]]}},{"type":"Feature","properties":{"id":430135496,"kind":"pond"},"geometry":{"type":"Polygon","coordinates":[[[101.61973,3.49064],[101.6201,3.49126],[101.62011,3.49131],[101.6203,3.49138],[101.62048,3.49133],[101.62061,3.49135],[101.62068,3.49124],[101.62063,3.49114],[101.62065,3.49109],[101.62057,3.49103],[101.62059,3.49098],[101.62082,3.49096],[101.6208,3.49092],[101.62058,3.4909],[101.62008,3.49067],[101.62012,3.49077],[101.6204,3.49092],[101.62047,3.49101],[101.62035,3.49102],[101.62028,3.49093],[101.62002,3.49081],[101.62,3.49073],[101.61999,3.49071],[101.61997,3.49069],[101.61992,3.49065],[101.61973,3.49064]]]}},{"type":"Feature","properties":{"id":430135877,"kind":"basin"},"geometry":{"type":"Polygon","coordinates":[[[101.61635,3.49152],[101.61643,3.49136],[101.61648,3.49132],[101.6166,3.49131],[101.61758,3.49157],[101.61872,3.49183],[101.61881,3.49186],[101.61882,3.49195],[101.61846,3.49236],[101.61821,3.49264],[101.61815,3.49264],[101.61783,3.49251],[101.61772,3.49243],[101.61762,3.49243],[101.61693,3.49219],[101.61629,3.49196],[101.61627,3.49191],[101.61629,3.49183],[101.61625,3.4918],[101.61624,3.49173],[101.61626,3.49165],[101.61631,3.49162],[101.61638,3.49162],[101.61635,3.49152]]]}},{"type":"Feature","properties":{"id":430135878,"kind":"basin"},"geometry":{"type":"Polygon","coordinates":[[[101.61581,3.49265],[101.61724,3.49338],[101.61735,3.49338],[101.61748,3.49336],[101.61758,3.49329],[101.61787,3.49286],[101.61786,3.49276],[101.61779,3.4927],[101.61628,3.49213],[101.61625,3.49218],[101.61616,3.49216],[101.61607,3.49214],[101.6159,3.49241],[101.61581,3.49265]]]}},{"type":"Feature","properties":{"id":430135879,"kind":"basin"},"geometry":{"type":"Polygon","coordinates":[[[101.61546,3.49327],[101.61555,3.49312],[101.61563,3.49312],[101.61567,3.49303],[101.61564,3.49298],[101.61571,3.49285],[101.61732,3.49365],[101.61733,3.49384],[101.61744,3.49398],[101.61766,3.4941],[101.61765,3.49425],[101.61741,3.4946],[101.61735,3.49462],[101.61728,3.49461],[101.61695,3.49433],[101.6156,3.49341],[101.61558,3.49334],[101.61546,3.49327]]]}},{"type":"Feature","properties":{"id":430135881,"kind":"basin"},"geometry":{"type":"Polygon","coordinates":[[[101.6152,3.49377],[101.61513,3.49395],[101.61515,3.49405],[101.61595,3.49472],[101.61605,3.49485],[101.61671,3.49523],[101.61695,3.49526],[101.61718,3.495],[101.61723,3.49489],[101.61723,3.49481],[101.6172,3.49473],[101.61644,3.49423],[101.61545,3.49352],[101.61538,3.49352],[101.61532,3.49354],[101.61526,3.49369],[101.61532,3.49375],[101.61529,3.49381],[101.6152,3.49377]]]}},{"type":"Feature","properties":{"id":430135882,"kind":"pond"},"geometry":{"type":"Polygon","coordinates":[[[101.61691,3.48578],[101.61683,3.48561],[101.6169,3.48546],[101.61692,3.4853],[101.61701,3.48518],[101.61709,3.48514],[101.61711,3.48502],[101.61739,3.4849],[101.61773,3.48446],[101.61794,3.48429],[101.61803,3.48427],[101.61808,3.48429],[101.61818,3.48436],[101.61826,3.48437],[101.61837,3.48459],[101.61854,3.48464],[101.61864,3.4847],[101.61869,3.48481],[101.6187,3.48488],[101.61892,3.48497],[101.61928,3.48526],[101.61934,3.48534],[101.61934,3.48554],[101.61952,3.48559],[101.6196,3.48565],[101.61955,3.48586],[101.61947,3.48579],[101.61944,3.48587],[101.61948,3.48594],[101.61957,3.4859],[101.6197,3.48576],[101.61978,3.48581],[101.61984,3.48576],[101.61992,3.48602],[101.6198,3.48607],[101.61977,3.48622],[101.61982,3.48631],[101.61965,3.4864],[101.61978,3.48649],[101.61974,3.48655],[101.61952,3.48656],[101.61957,3.48669],[101.6197,3.48679],[101.61967,3.487],[101.61985,3.48739],[101.61995,3.48763],[101.62024,3.48784],[101.62014,3.48806],[101.6199,3.488],[101.61981,3.48772],[101.61969,3.48747],[101.61925,3.48716],[101.61939,3.48707],[101.61942,3.48697],[101.6191,3.48692],[101.61886,3.48698],[101.61856,3.48694],[101.61838,3.48689],[101.61837,3.48679],[101.6181,3.48676],[101.61801,3.48667],[101.61796,3.48648],[101.6179,3.48645],[101.61788,3.48626],[101.61779,3.48621],[101.61776,3.48626],[101.6178,3.48635],[101.61756,3.48632],[101.61745,3.48626],[101.61735,3.48613],[101.61731,3.48618],[101.61724,3.48616],[101.6172,3.48603],[101.61721,3.48596],[101.61715,3.48595],[101.61714,3.48586],[101.61705,3.48583],[101.61702,3.48594],[101.61698,3.48591],[101.617,3.48582],[101.61691,3.48578]]]}},{"type":"Feature","properties":{"id":430135883,"kind":"pond"},"geometry":{"type":"Polygon","coordinates":[[[101.61726,3.48714],[101.61737,3.48725],[101.61743,3.48725],[101.61741,3.48733],[101.61753,3.48737],[101.61758,3.4873],[101.61758,3.48708],[101.61772,3.48697],[101.61786,3.487],[101.61792,3.48696],[101.6178,3.4868],[101.61777,3.48664],[101.61762,3.48654],[101.61738,3.48644],[101.61739,3.48655],[101.61731,3.48681],[101.61726,3.48702],[101.61726,3.48714]]]}},{"type":"Feature","properties":{"id":430135884,"kind":"pond"},"geometry":{"type":"Polygon","coordinates":[[[101.61501,3.48583],[101.61503,3.48551],[101.61512,3.48544],[101.6153,3.48549],[101.61531,3.48558],[101.61538,3.48558],[101.6155,3.48552],[101.61591,3.48558],[101.61607,3.48588],[101.61611,3.48623],[101.61621,3.48639],[101.61612,3.48651],[101.61603,3.48645],[101.61588,3.48647],[101.61577,3.48635],[101.6157,3.48621],[101.61555,3.48606],[101.61511,3.48593],[101.61501,3.48583]]]}},{"type":"Feature","properties":{"id":430138180,"kind":"wetland"},"geometry":{"type":"Polygon","coordinates":[[[101.62247,3.47248],[101.62275,3.47254],[101.62329,3.47225],[101.62376,3.47231],[101.62429,3.47218],[101.62487,3.47201],[101.62505,3.47196],[101.62572,3.47171],[101.62611,3.47159],[101.62622,3.47156],[101.6261,3.47097],[101.62603,3.47093],[101.62587,3.47093],[101.62583,3.47076],[101.62603,3.47072],[101.62622,3.47085],[101.62642,3.47124],[101.62639,3.47137],[101.62654,3.47174],[101.62665,3.47177],[101.6263,3.47253],[101.62629,3.47291],[101.62613,3.47339],[101.62618,3.47364],[101.62592,3.47409],[101.6253,3.47439],[101.62439,3.4748],[101.62336,3.47503],[101.62252,3.47518],[101.62225,3.47474],[101.62219,3.47428],[101.6223,3.47245],[101.62247,3.47248]]]}},{"type":"Feature","properties":{"id":430138571,"kind":"pond"},"geometry":{"type":"Polygon","coordinates":[[[101.61075,3.48201],[101.6111,3.48202],[101.61108,3.4821],[101.61121,3.48208],[101.61164,3.48181],[101.61189,3.48168],[101.61209,3.48169],[101.6122,3.48159],[101.61251,3.48154],[101.61257,3.48149],[101.61223,3.48155],[101.61198,3.48153],[101.61187,3.48142],[101.61178,3.48153],[101.61153,3.48161],[101.61137,3.48179],[101.61112,3.48183],[101.61114,3.48172],[101.61084,3.48157],[101.61051,3.48145],[101.61029,3.48126],[101.61022,3.48109],[101.61025,3.48077],[101.61038,3.48054],[101.61066,3.48029],[101.61063,3.48018],[101.61072,3.4801],[101.61089,3.4801],[101.61086,3.48002],[101.61072,3.47998],[101.61055,3.47967],[101.61045,3.47944],[101.61054,3.47923],[101.61052,3.47904],[101.61037,3.47897],[101.61039,3.47855],[101.61061,3.47838],[101.61064,3.47825],[101.61079,3.47825],[101.6108,3.47817],[101.61065,3.47813],[101.61054,3.47801],[101.61059,3.47795],[101.61071,3.47792],[101.61078,3.47798],[101.61092,3.47793],[101.61085,3.47781],[101.61087,3.47758],[101.61107,3.47727],[101.61125,3.47686],[101.61127,3.4766],[101.61157,3.4762],[101.6117,3.47575],[101.61149,3.47602],[101.61122,3.4763],[101.61091,3.47626],[101.61091,3.47651],[101.6105,3.47688],[101.61012,3.47727],[101.61003,3.47732],[101.60985,3.47727],[101.60975,3.47737],[101.60993,3.47745],[101.6101,3.47765],[101.60986,3.47811],[101.60974,3.4785],[101.60975,3.47864],[101.60969,3.47884],[101.60944,3.47884],[101.60886,3.47869],[101.60877,3.47861],[101.60866,3.47862],[101.60861,3.47868],[101.60871,3.47878],[101.60882,3.47884],[101.60942,3.47899],[101.60959,3.47906],[101.60969,3.47939],[101.60972,3.47968],[101.6096,3.48014],[101.60951,3.48043],[101.6094,3.48053],[101.60929,3.48053],[101.60935,3.48092],[101.60955,3.48097],[101.60951,3.48111],[101.60957,3.48132],[101.60978,3.48148],[101.61018,3.48174],[101.61075,3.48201]]]}},{"type":"Feature","properties":{"id":430138572,"kind":"pond"},"geometry":{"type":"Polygon","coordinates":[[[101.60373,3.47703],[101.60396,3.47732],[101.60431,3.47754],[101.60448,3.47764],[101.6046,3.47764],[101.60474,3.47755],[101.60465,3.47726],[101.6047,3.47688],[101.60458,3.4769],[101.60464,3.47671],[101.60456,3.47657],[101.60431,3.47657],[101.60417,3.47649],[101.60405,3.47649],[101.6038,3.47671],[101.60381,3.47691],[101.60373,3.47703]]]}},{"type":"Feature","properties":{"id":430138573,"kind":"pond"},"geometry":{"type":"Polygon","coordinates":[[[101.59878,3.48144],[101.5987,3.48155],[101.59905,3.48212],[101.59932,3.48217],[101.6007,3.48153],[101.60105,3.481],[101.60133,3.48092],[101.60142,3.48118],[101.60158,3.48131],[101.60175,3.48136],[101.60176,3.48123],[101.60169,3.48123],[101.60169,3.48106],[101.60161,3.48102],[101.60141,3.48041],[101.60119,3.48017],[101.60064,3.47991],[101.60016,3.47993],[101.59977,3.48013],[101.59973,3.48038],[101.5999,3.48041],[101.60002,3.48051],[101.60007,3.48075],[101.60004,3.48093],[101.59951,3.48117],[101.59952,3.4813],[101.59954,3.48136],[101.59946,3.48159],[101.59917,3.48158],[101.59895,3.48141],[101.59878,3.48144]]]}},{"type":"Feature","properties":{"id":430138574,"kind":"pond"},"geometry":{"type":"Polygon","coordinates":[[[101.6232,3.49251],[101.62399,3.49284],[101.62433,3.49291],[101.62458,3.49288],[101.62491,3.4925],[101.6248,3.49248],[101.6247,3.49223],[101.62471,3.49215],[101.62455,3.49202],[101.62389,3.49196],[101.62377,3.492],[101.62377,3.49208],[101.62356,3.49223],[101.62318,3.49214],[101.6231,3.49218],[101.62313,3.49239],[101.6232,3.49251]]]}},{"type":"Feature","properties":{"id":430138716,"kind":"pond"},"geometry":{"type":"Polygon","coordinates":[[[101.60028,3.47338],[101.60046,3.47342],[101.60079,3.47338],[101.60102,3.47323],[101.60123,3.47317],[101.60149,3.47314],[101.60166,3.4729],[101.60192,3.47284],[101.60207,3.47268],[101.60241,3.47263],[101.60277,3.47251],[101.60301,3.47211],[101.60278,3.47234],[101.60248,3.4725],[101.6023,3.47247],[101.60167,3.47271],[101.6015,3.47271],[101.60124,3.47264],[101.60131,3.47239],[101.60155,3.47213],[101.60174,3.47168],[101.60148,3.47187],[101.60139,3.47184],[101.60135,3.47195],[101.60111,3.47225],[101.60105,3.47259],[101.60092,3.47259],[101.6007,3.47287],[101.60051,3.47304],[101.60027,3.47314],[101.60028,3.47338]]]}},{"type":"Feature","properties":{"id":430138717,"kind":"pond"},"geometry":{"type":"Polygon","coordinates":[[[101.59692,3.46197],[101.59707,3.46204],[101.59717,3.46211],[101.59723,3.46215],[101.59732,3.46213],[101.59745,3.46201],[101.5976,3.46188],[101.59761,3.46168],[101.59754,3.46162],[101.59741,3.46157],[101.59716,3.46155],[101.59706,3.46158],[101.59694,3.46179],[101.59688,3.46193],[101.59692,3.46197]]]}},{"type":"Feature","properties":{"id":430138721,"kind":"pond"},"geometry":{"type":"Polygon","coordinates":[[[101.59828,3.46268],[101.59854,3.46291],[101.59878,3.46288],[101.59892,3.46294],[101.59899,3.46288],[101.59895,3.46279],[101.59894,3.4627],[101.59873,3.46269],[101.59869,3.46258],[101.5986,3.46256],[101.5985,3.46239],[101.59843,3.4624],[101.59834,3.46253],[101.59828,3.46268]]]}},{"type":"Feature","properties":{"id":430138722,"kind":"pond"},"geometry":{"type":"Polygon","coordinates":[[[101.59905,3.46287],[101.599,3.46278],[101.59901,3.46263],[101.59908,3.46252],[101.59919,3.46248],[101.59927,3.46242],[101.59934,3.46239],[101.59941,3.46234],[101.5995,3.46248],[101.59947,3.46265],[101.59959,3.46274],[101.59951,3.46279],[101.5993,3.46281],[101.59926,3.46284],[101.59913,3.46289],[101.59905,3.46287]]]}},{"type":"Feature","properties":{"id":430138723,"kind":"pond"},"geometry":{"type":"Polygon","coordinates":[[[101.59968,3.46249],[101.59966,3.46248],[101.59965,3.46245],[101.59963,3.46242],[101.59963,3.46236],[101.59963,3.46233],[101.59966,3.4623],[101.59975,3.46222],[101.59988,3.46217],[101.59995,3.46216],[101.60001,3.46217],[101.60006,3.46215],[101.6001,3.46213],[101.60014,3.46213],[101.60017,3.46214],[101.60021,3.46218],[101.60022,3.46221],[101.60022,3.46226],[101.60022,3.4623],[101.6002,3.46233],[101.60017,3.46237],[101.60013,3.46239],[101.60011,3.4624],[101.60008,3.4624],[101.60005,3.46238],[101.59999,3.46234],[101.59993,3.46234],[101.59988,3.46234],[101.59985,3.46235],[101.59984,3.46238],[101.5998,3.46242],[101.59973,3.46248],[101.59971,3.46249],[101.59968,3.46249]]]}},{"type":"Feature","properties":{"id":430138724,"kind":"pond"},"geometry":{"type":"Polygon","coordinates":[[[101.60029,3.4621],[101.6003,3.46216],[101.60032,3.46221],[101.60035,3.46224],[101.60041,3.46225],[101.60065,3.4623],[101.60074,3.46234],[101.60088,3.46247],[101.60094,3.46254],[101.60099,3.46256],[101.60103,3.46255],[101.60105,3.4625],[101.60105,3.46241],[101.60104,3.46232],[101.60102,3.46226],[101.60098,3.46219],[101.6009,3.46213],[101.6008,3.46208],[101.60073,3.46207],[101.6007,3.46208],[101.60067,3.46211],[101.60064,3.46212],[101.6006,3.46212],[101.60056,3.4621],[101.60047,3.46204],[101.60042,3.46202],[101.60035,3.46202],[101.60031,3.46205],[101.60029,3.4621]]]}},{"type":"Feature","properties":{"id":430139757,"kind":"pond"},"geometry":{"type":"Polygon","coordinates":[[[101.59805,3.45939],[101.59804,3.45958],[101.59811,3.45972],[101.59828,3.4598],[101.59842,3.45991],[101.59851,3.46005],[101.5991,3.46008],[101.5994,3.46007],[101.59976,3.46005],[101.6,3.46008],[101.6002,3.46008],[101.59997,3.45999],[101.59968,3.45991],[101.59945,3.45997],[101.59941,3.45979],[101.59933,3.45978],[101.59913,3.45985],[101.59898,3.45986],[101.59879,3.45978],[101.59861,3.45964],[101.59848,3.45964],[101.59834,3.45955],[101.59831,3.45945],[101.59806,3.45935],[101.59805,3.45939]]]}},{"type":"Feature","properties":{"id":430139760,"kind":"pond"},"geometry":{"type":"Polygon","coordinates":[[[101.59651,3.45944],[101.59644,3.4595],[101.59641,3.4597],[101.5964,3.45982],[101.59641,3.45993],[101.59645,3.46008],[101.59667,3.46042],[101.59678,3.46056],[101.59685,3.46059],[101.59691,3.46058],[101.59699,3.46051],[101.59709,3.46031],[101.59718,3.45988],[101.59708,3.45984],[101.59708,3.45979],[101.597,3.4598],[101.59691,3.45973],[101.59674,3.45965],[101.59668,3.45949],[101.59657,3.45943],[101.59651,3.45944]]]}},{"type":"Feature","properties":{"id":430139761,"kind":"pond"},"geometry":{"type":"Polygon","coordinates":[[[101.59605,3.46014],[101.5961,3.46037],[101.59619,3.46065],[101.59629,3.46068],[101.59643,3.46064],[101.59662,3.46057],[101.59666,3.46054],[101.59649,3.46029],[101.59637,3.46007],[101.59631,3.46007],[101.59605,3.46014]]]}},{"type":"Feature","properties":{"id":430140452,"kind":"pond"},"geometry":{"type":"Polygon","coordinates":[[[101.5961,3.4601],[101.59629,3.46005],[101.59631,3.46003],[101.59632,3.45998],[101.5963,3.45967],[101.59633,3.45957],[101.59632,3.45948],[101.59629,3.45947],[101.59621,3.45948],[101.5959,3.45957],[101.59587,3.4596],[101.59585,3.45964],[101.59586,3.4597],[101.59588,3.45972],[101.59589,3.45975],[101.59589,3.45979],[101.59591,3.45982],[101.59591,3.45983],[101.59597,3.46001],[101.596,3.46002],[101.59601,3.46003],[101.596,3.46007],[101.596,3.46009],[101.59604,3.46011],[101.5961,3.4601]]]}},{"type":"Feature","properties":{"id":430140453,"kind":"pond"},"geometry":{"type":"Polygon","coordinates":[[[101.59661,3.45923],[101.59665,3.45929],[101.59676,3.45932],[101.59685,3.45933],[101.59732,3.45907],[101.5974,3.45903],[101.59748,3.45903],[101.59755,3.45894],[101.59752,3.45859],[101.59748,3.45846],[101.59749,3.4582],[101.5974,3.45795],[101.59733,3.45788],[101.59725,3.45791],[101.59697,3.45826],[101.59687,3.45835],[101.59677,3.45845],[101.59664,3.45871],[101.59661,3.45899],[101.59661,3.45923]]]}},{"type":"Feature","properties":{"id":430140454,"kind":"pond"},"geometry":{"type":"Polygon","coordinates":[[[101.59627,3.46074],[101.59625,3.46077],[101.59626,3.46094],[101.59628,3.461],[101.59633,3.46103],[101.59674,3.46108],[101.59676,3.46106],[101.59682,3.46107],[101.59689,3.46104],[101.59688,3.46099],[101.59683,3.46074],[101.59673,3.4606],[101.59627,3.46074]]]}},{"type":"Feature","properties":{"id":430140455,"kind":"pond"},"geometry":{"type":"Polygon","coordinates":[[[101.59465,3.45893],[101.59493,3.45874],[101.59552,3.45905],[101.59555,3.45912],[101.59562,3.45953],[101.59567,3.45961],[101.59575,3.45983],[101.59596,3.46048],[101.59603,3.4607],[101.59601,3.46076],[101.59605,3.4608],[101.59607,3.46087],[101.59603,3.46094],[101.59596,3.46095],[101.59546,3.46087],[101.59505,3.46069],[101.59439,3.45991],[101.5944,3.4598],[101.5945,3.45969],[101.59452,3.45962],[101.59453,3.45954],[101.59444,3.45941],[101.59434,3.45923],[101.59437,3.45912],[101.59453,3.45899],[101.59465,3.45893]]]}},{"type":"Feature","properties":{"id":430140468,"kind":"pond"},"geometry":{"type":"Polygon","coordinates":[[[101.59608,3.46152],[101.59611,3.46168],[101.5962,3.46179],[101.59668,3.46187],[101.59676,3.46188],[101.5968,3.4618],[101.59685,3.46176],[101.59692,3.46163],[101.5969,3.4616],[101.59671,3.46157],[101.59626,3.46151],[101.59613,3.46149],[101.59608,3.46152]]]}},{"type":"Feature","properties":{"id":430140470,"kind":"pond"},"geometry":{"type":"Polygon","coordinates":[[[101.5967,3.46229],[101.59673,3.4622],[101.59679,3.46209],[101.59688,3.46207],[101.59697,3.46211],[101.5971,3.46219],[101.59738,3.46264],[101.59741,3.46292],[101.59737,3.46305],[101.59731,3.4636],[101.59726,3.4637],[101.59717,3.46374],[101.59701,3.46362],[101.5969,3.46344],[101.59681,3.46332],[101.59673,3.46297],[101.59671,3.46274],[101.5967,3.46229]]]}},{"type":"Feature","properties":{"id":430140474,"kind":"pond"},"geometry":{"type":"Polygon","coordinates":[[[101.59562,3.46144],[101.59566,3.46144],[101.59573,3.46143],[101.59579,3.46143],[101.59597,3.46147],[101.59619,3.46246],[101.59608,3.46263],[101.59608,3.46296],[101.59604,3.4631],[101.59602,3.46319],[101.59589,3.46327],[101.59583,3.46335],[101.59572,3.46336],[101.59561,3.46336],[101.59561,3.4633],[101.59567,3.46315],[101.59571,3.46289],[101.59571,3.46244],[101.59569,3.46217],[101.59565,3.46198],[101.59564,3.46181],[101.59561,3.46171],[101.59555,3.46152],[101.59556,3.46148],[101.59562,3.46144]]]}},{"type":"Feature","properties":{"id":430140479,"kind":"pond"},"geometry":{"type":"Polygon","coordinates":[[[101.59622,3.46378],[101.59625,3.46384],[101.59632,3.46386],[101.59655,3.46396],[101.59675,3.46379],[101.59676,3.46366],[101.59671,3.46361],[101.59659,3.46357],[101.59626,3.46351],[101.59625,3.46358],[101.59622,3.46378]]]}},{"type":"Feature","properties":{"id":430152079,"kind":"pond"},"geometry":{"type":"Polygon","coordinates":[[[101.59933,3.45761],[101.59933,3.45766],[101.59947,3.4578],[101.59951,3.45793],[101.59956,3.45795],[101.59956,3.45805],[101.59966,3.45815],[101.59984,3.45804],[101.5997,3.45803],[101.59966,3.45796],[101.59966,3.45786],[101.59961,3.45764],[101.59952,3.45755],[101.59933,3.45761]]]}},{"type":"Feature","properties":{"id":430152080,"kind":"lake"},"geometry":{"type":"Polygon","coordinates":[[[101.59771,3.45604],[101.59775,3.4561],[101.59775,3.45634],[101.59777,3.45654],[101.59784,3.45676],[101.59792,3.4568],[101.59796,3.45693],[101.59812,3.45701],[101.59811,3.45714],[101.59828,3.45724],[101.59832,3.45752],[101.59867,3.45741],[101.59892,3.45726],[101.59901,3.45725],[101.59921,3.45739],[101.59925,3.45739],[101.59929,3.45735],[101.59934,3.45712],[101.59935,3.45708],[101.59941,3.45706],[101.59957,3.45705],[101.59969,3.45701],[101.59996,3.45682],[101.59998,3.4567],[101.60005,3.45662],[101.60031,3.45649],[101.60048,3.45648],[101.60082,3.45603],[101.60107,3.45591],[101.60116,3.45583],[101.60117,3.45572],[101.60121,3.45565],[101.60143,3.45576],[101.60161,3.45565],[101.60166,3.45539],[101.60172,3.45537],[101.60174,3.45544],[101.60187,3.45556],[101.60203,3.45559],[101.60201,3.45591],[101.60211,3.45599],[101.60228,3.45595],[101.60219,3.4558],[101.60229,3.45571],[101.60231,3.45559],[101.60216,3.45546],[101.60189,3.45537],[101.60188,3.45518],[101.60194,3.45508],[101.6018,3.45497],[101.60159,3.45497],[101.60155,3.45515],[101.60141,3.45519],[101.60137,3.4554],[101.6012,3.45522],[101.60107,3.45518],[101.60094,3.45512],[101.60082,3.45516],[101.60077,3.45532],[101.60078,3.45553],[101.60021,3.45601],[101.60012,3.45602],[101.60002,3.45599],[101.59998,3.45589],[101.60004,3.45575],[101.59999,3.45559],[101.59988,3.45543],[101.59986,3.45533],[101.59986,3.45518],[101.59981,3.45514],[101.59978,3.4554],[101.5999,3.4556],[101.59987,3.45584],[101.59973,3.45604],[101.59971,3.45619],[101.59926,3.4565],[101.59907,3.4565],[101.59901,3.45639],[101.59887,3.4563],[101.59892,3.45652],[101.59842,3.45685],[101.59823,3.45685],[101.5981,3.45679],[101.59796,3.45661],[101.59789,3.45644],[101.59788,3.45624],[101.59785,3.45619],[101.59786,3.45605],[101.59777,3.45597],[101.59771,3.45604]]]}},{"type":"Feature","properties":{"id":430152081,"kind":"lake"},"geometry":{"type":"Polygon","coordinates":[[[101.58995,3.43743],[101.59003,3.43741],[101.59014,3.43743],[101.59042,3.43749],[101.59104,3.43739],[101.59202,3.43765],[101.59237,3.43768],[101.59287,3.43758],[101.59392,3.43732],[101.59421,3.43737],[101.5943,3.43745],[101.59419,3.43756],[101.59425,3.43782],[101.59454,3.43814],[101.59512,3.43856],[101.59535,3.43884],[101.59525,3.43897],[101.59494,3.43879],[101.59402,3.4383],[101.59361,3.43816],[101.59338,3.43814],[101.59325,3.43821],[101.5932,3.4385],[101.59324,3.43891],[101.59362,3.43968],[101.59384,3.44016],[101.59384,3.44041],[101.59365,3.44036],[101.59356,3.44041],[101.59337,3.44038],[101.59329,3.4404],[101.59318,3.44033],[101.59321,3.44014],[101.59269,3.43923],[101.59262,3.43897],[101.59256,3.43886],[101.59244,3.43884],[101.59232,3.43894],[101.59225,3.43933],[101.59212,3.43958],[101.59174,3.43961],[101.59163,3.43969],[101.59155,3.43984],[101.59169,3.44022],[101.59148,3.44018],[101.59136,3.44032],[101.59102,3.44026],[101.59097,3.44004],[101.5904,3.4399],[101.59021,3.43988],[101.59002,3.43996],[101.58996,3.44009],[101.58996,3.44047],[101.58975,3.44062],[101.5898,3.44091],[101.58977,3.44108],[101.58972,3.4411],[101.58965,3.44101],[101.58955,3.44089],[101.58945,3.44071],[101.58946,3.44025],[101.58937,3.43987],[101.5892,3.43944],[101.58901,3.43928],[101.58894,3.43912],[101.58887,3.43816],[101.58895,3.43806],[101.58909,3.43811],[101.58936,3.43832],[101.58976,3.43854],[101.59008,3.43861],[101.59013,3.43888],[101.59033,3.43905],[101.59043,3.43922],[101.59067,3.43938],[101.59092,3.43951],[101.59126,3.43961],[101.59149,3.4397],[101.59166,3.43952],[101.59166,3.43882],[101.59157,3.43855],[101.59103,3.43817],[101.59087,3.43816],[101.59067,3.4381],[101.59047,3.43806],[101.59033,3.43809],[101.59034,3.4379],[101.59008,3.43768],[101.59001,3.43756],[101.58997,3.43749],[101.58995,3.43743]]]}},{"type":"Feature","properties":{"id":430152329,"kind":"pond"},"geometry":{"type":"Polygon","coordinates":[[[101.59245,3.43137],[101.59251,3.43142],[101.59269,3.43166],[101.59283,3.4317],[101.59291,3.43167],[101.59298,3.43169],[101.59323,3.43151],[101.59367,3.43116],[101.59375,3.43105],[101.59384,3.43097],[101.59386,3.43087],[101.59391,3.43078],[101.59384,3.4307],[101.59375,3.43068],[101.59349,3.43063],[101.5933,3.43058],[101.59305,3.4308],[101.59283,3.43095],[101.59274,3.43101],[101.5927,3.43106],[101.59266,3.4312],[101.59262,3.43126],[101.59258,3.43129],[101.59249,3.43128],[101.59245,3.43131],[101.59245,3.43137]]]}},{"type":"Feature","properties":{"id":430154779,"kind":"pond"},"geometry":{"type":"Polygon","coordinates":[[[101.52392,3.39017],[101.52405,3.39022],[101.52414,3.39024],[101.52427,3.38999],[101.52427,3.38992],[101.52432,3.3899],[101.52432,3.38978],[101.52397,3.38974],[101.52393,3.38989],[101.52394,3.38997],[101.52392,3.39017]]]}},{"type":"Feature","properties":{"id":430154780,"kind":"pond"},"geometry":{"type":"Polygon","coordinates":[[[101.52349,3.39016],[101.5237,3.39012],[101.52381,3.39012],[101.52386,3.38971],[101.5237,3.38973],[101.52351,3.38977],[101.5234,3.38983],[101.52339,3.38987],[101.52343,3.38996],[101.52347,3.38998],[101.52351,3.39013],[101.52349,3.39016]]]}},{"type":"Feature","properties":{"id":430169831,"kind":"pond"},"geometry":{"type":"Polygon","coordinates":[[[101.53301,3.38227],[101.53309,3.38192],[101.53313,3.38187],[101.53345,3.38178],[101.53364,3.38177],[101.53372,3.38198],[101.5337,3.38204],[101.5336,3.38227],[101.53358,3.38238],[101.53347,3.38229],[101.53332,3.38231],[101.53319,3.38232],[101.53301,3.38227]]]}},{"type":"Feature","properties":{"id":430609265,"kind":"lake"},"geometry":{"type":"Polygon","coordinates":[[[101.44899,3.40425],[101.44895,3.40453],[101.44909,3.40453],[101.4491,3.40484],[101.44913,3.40528],[101.44931,3.40574],[101.44959,3.4058],[101.4498,3.40601],[101.45019,3.40586],[101.45035,3.40574],[101.4504,3.40671],[101.45013,3.40705],[101.44996,3.40738],[101.44989,3.40764],[101.44993,3.40786],[101.44972,3.40791],[101.44969,3.408],[101.44984,3.40813],[101.44979,3.40834],[101.44968,3.40856],[101.44967,3.40875],[101.44962,3.40906],[101.44967,3.40931],[101.44969,3.40958],[101.44959,3.40987],[101.44962,3.41001],[101.44975,3.41011],[101.45,3.41035],[101.45026,3.41062],[101.45033,3.41047],[101.45048,3.41058],[101.45065,3.41048],[101.45078,3.41032],[101.45095,3.41021],[101.45116,3.41009],[101.45131,3.41005],[101.45156,3.41003],[101.45184,3.40997],[101.45242,3.40981],[101.45258,3.40989],[101.45277,3.40993],[101.4529,3.40989],[101.45299,3.40976],[101.45319,3.40976],[101.45335,3.40954],[101.45322,3.40943],[101.45305,3.40882],[101.45293,3.40873],[101.4528,3.40874],[101.45204,3.40828],[101.45193,3.40837],[101.45172,3.40839],[101.4514,3.40826],[101.45115,3.40829],[101.45109,3.40837],[101.45099,3.40837],[101.45091,3.40826],[101.45066,3.40814],[101.4505,3.408],[101.45019,3.40793],[101.45007,3.40774],[101.45005,3.40754],[101.45011,3.40725],[101.45028,3.40706],[101.45048,3.40719],[101.45097,3.40709],[101.45107,3.40682],[101.45112,3.40611],[101.45102,3.4054],[101.45088,3.40507],[101.45076,3.40487],[101.45075,3.40471],[101.45061,3.40453],[101.45043,3.40466],[101.45009,3.40454],[101.44992,3.40412],[101.4495,3.40397],[101.44953,3.40353],[101.4496,3.40333],[101.45005,3.40322],[101.4503,3.40356],[101.45147,3.40391],[101.45292,3.40404],[101.45358,3.40414],[101.45384,3.40374],[101.45416,3.4036],[101.45421,3.40317],[101.45382,3.40221],[101.45337,3.40152],[101.45298,3.40151],[101.45215,3.40125],[101.45189,3.40149],[101.45168,3.40108],[101.45125,3.40126],[101.45027,3.4021],[101.44995,3.40223],[101.44974,3.40239],[101.44971,3.40281],[101.44935,3.40337],[101.44925,3.40366],[101.44934,3.40395],[101.44939,3.40414],[101.44899,3.40425]]]}},{"type":"Feature","properties":{"id":430609266,"kind":"lake"},"geometry":{"type":"Polygon","coordinates":[[[101.45049,3.41107],[101.45042,3.41141],[101.45042,3.41168],[101.45057,3.41183],[101.45063,3.41203],[101.45053,3.41239],[101.45041,3.4126],[101.45009,3.41278],[101.45009,3.41289],[101.45015,3.41297],[101.4503,3.413],[101.45036,3.41287],[101.45046,3.41282],[101.45064,3.41284],[101.45081,3.41292],[101.45102,3.41292],[101.45122,3.4127],[101.45131,3.41284],[101.45142,3.41289],[101.4517,3.41285],[101.45188,3.4127],[101.45225,3.41261],[101.45243,3.4125],[101.45259,3.41249],[101.45293,3.41244],[101.45306,3.41238],[101.45318,3.41238],[101.45332,3.41228],[101.45339,3.41211],[101.4534,3.41179],[101.45336,3.41136],[101.45337,3.41114],[101.45321,3.41085],[101.45314,3.41073],[101.4532,3.41036],[101.45325,3.41023],[101.45303,3.41017],[101.45279,3.41009],[101.45255,3.41019],[101.45211,3.41019],[101.45186,3.41029],[101.45166,3.41027],[101.45132,3.41036],[101.45099,3.41058],[101.45066,3.41084],[101.45049,3.41107]]]}},{"type":"Feature","properties":{"id":430609267,"name":"Flood Retention Pond","kind":"pond"},"geometry":{"type":"Polygon","coordinates":[[[101.44403,3.41804],[101.44402,3.41777],[101.44413,3.4176],[101.44448,3.41734],[101.44495,3.41709],[101.44549,3.41695],[101.4459,3.41697],[101.44607,3.41695],[101.44605,3.41707],[101.44623,3.4173],[101.44624,3.41748],[101.44612,3.41755],[101.44536,3.4177],[101.44517,3.4177],[101.44498,3.41776],[101.44436,3.41797],[101.44424,3.41806],[101.44418,3.41814],[101.44403,3.41804]]]}},{"type":"Feature","properties":{"id":436645940,"kind":"pond"},"geometry":{"type":"Polygon","coordinates":[[[101.25976,3.92262],[101.25981,3.92257],[101.25984,3.92252],[101.2599,3.92246],[101.25969,3.9223],[101.25961,3.92223],[101.25955,3.92218],[101.25944,3.92211],[101.25938,3.92221],[101.25933,3.92234],[101.25944,3.92242],[101.25955,3.92251],[101.25964,3.92259],[101.25969,3.92258],[101.25976,3.92262]]]}},{"type":"Feature","properties":{"id":436645982,"kind":"pond"},"geometry":{"type":"Polygon","coordinates":[[[101.25932,3.92142],[101.25939,3.92126],[101.25932,3.92115],[101.25921,3.92103],[101.25902,3.92093],[101.25892,3.9211],[101.25897,3.92122],[101.25917,3.92131],[101.25926,3.9214],[101.25932,3.92142]]]}},{"type":"Feature","properties":{"id":472085009,"kind":"water"},"geometry":{"type":"Polygon","coordinates":[[[102.07779,3.00408],[102.07765,3.00412],[102.07754,3.00417],[102.07737,3.00424],[102.0773,3.0043],[102.07723,3.00435],[102.07719,3.00438],[102.07711,3.00438],[102.07705,3.00439],[102.077,3.00439],[102.07701,3.00434],[102.07701,3.00425],[102.07699,3.0042],[102.07697,3.00416],[102.07693,3.00412],[102.07691,3.0041],[102.07697,3.00401],[102.07702,3.00404],[102.07706,3.00403],[102.07709,3.00399],[102.07717,3.00387],[102.07725,3.00387],[102.07728,3.00387],[102.07731,3.00392],[102.07734,3.00395],[102.07737,3.00395],[102.0774,3.00393],[102.07743,3.00388],[102.07745,3.00381],[102.07745,3.00375],[102.07748,3.00369],[102.0775,3.00362],[102.07754,3.00359],[102.07758,3.00357],[102.0778,3.00356],[102.07779,3.00364],[102.07761,3.00365],[102.07757,3.00367],[102.07754,3.00369],[102.07753,3.00372],[102.07755,3.00377],[102.07757,3.0038],[102.07761,3.0038],[102.07764,3.00381],[102.07768,3.00382],[102.0777,3.00384],[102.07771,3.00386],[102.07774,3.00387],[102.07778,3.00384],[102.07783,3.00384],[102.07785,3.00385],[102.07786,3.00389],[102.07785,3.00393],[102.07779,3.00408]]]}},{"type":"Feature","properties":{"id":472085012,"kind":"water"},"geometry":{"type":"Polygon","coordinates":[[[102.07879,3.00401],[102.07835,3.00387],[102.07833,3.00383],[102.07834,3.00373],[102.07835,3.00371],[102.07866,3.00365],[102.07884,3.00359],[102.0789,3.00369],[102.07882,3.004],[102.07879,3.00401]]]}},{"type":"Feature","properties":{"id":472093358,"kind":"water"},"geometry":{"type":"Polygon","coordinates":[[[102.07578,3.00127],[102.07578,3.00124],[102.0758,3.00122],[102.07581,3.0012],[102.07585,3.00117],[102.07596,3.00113],[102.07606,3.00109],[102.0761,3.00106],[102.07616,3.00099],[102.07617,3.00094],[102.07616,3.0009],[102.07613,3.00086],[102.07605,3.00075],[102.07602,3.00074],[102.07599,3.00075],[102.07596,3.00077],[102.07585,3.00086],[102.07575,3.00092],[102.07564,3.00099],[102.07557,3.00106],[102.0755,3.00115],[102.07547,3.00123],[102.07547,3.00128],[102.07548,3.00132],[102.07552,3.00135],[102.07559,3.00139],[102.07563,3.0014],[102.07566,3.00139],[102.07568,3.00137],[102.07578,3.00127]]]}},{"type":"Feature","properties":{"id":472093925,"kind":"water"},"geometry":{"type":"Polygon","coordinates":[[[102.07554,3.00151],[102.07544,3.00156],[102.07536,3.00161],[102.07526,3.00169],[102.07518,3.00179],[102.07516,3.00181],[102.07514,3.00182],[102.0751,3.00181],[102.07506,3.00178],[102.07504,3.00175],[102.07505,3.0017],[102.07506,3.00165],[102.07508,3.00159],[102.0751,3.00154],[102.07517,3.00146],[102.07525,3.00141],[102.0753,3.00138],[102.07538,3.00135],[102.07542,3.00135],[102.07546,3.00137],[102.07553,3.00141],[102.07555,3.00145],[102.07555,3.00149],[102.07554,3.00151]]]}},{"type":"Feature","properties":{"id":472106851,"kind":"river"},"geometry":{"type":"Polygon","coordinates":[[[102.07068,2.99515],[102.07055,2.99505],[102.07042,2.99494],[102.07015,2.99473],[102.06993,2.99456],[102.06979,2.99452],[102.06967,2.99452],[102.06959,2.99456],[102.06954,2.99456],[102.06941,2.99451],[102.06917,2.99442],[102.06895,2.99437],[102.06889,2.99433],[102.06885,2.99425],[102.06878,2.99418],[102.0687,2.99412],[102.06861,2.99414],[102.06851,2.99415],[102.06844,2.99413],[102.0684,2.99407],[102.06833,2.99401],[102.0683,2.99403],[102.06837,2.9941],[102.06842,2.99416],[102.06851,2.99419],[102.06861,2.99417],[102.06869,2.99416],[102.06876,2.9942],[102.06882,2.99427],[102.06886,2.99435],[102.06894,2.9944],[102.06916,2.99445],[102.0694,2.99454],[102.06953,2.99459],[102.0696,2.99459],[102.06968,2.99455],[102.06978,2.99455],[102.06991,2.99459],[102.07012,2.99475],[102.0704,2.99497],[102.07052,2.99507],[102.07053,2.99508],[102.07067,2.99518],[102.07068,2.99515]]]}},{"type":"Feature","properties":{"id":473982432,"kind":"water"},"geometry":{"type":"Polygon","coordinates":[[[102.09117,3.01511],[102.09112,3.01511],[102.09108,3.01511],[102.09104,3.0151],[102.09099,3.01508],[102.09095,3.01505],[102.09093,3.01502],[102.0909,3.01497],[102.0909,3.01492],[102.09086,3.01489],[102.09083,3.01487],[102.09082,3.01482],[102.0908,3.01473],[102.09076,3.0145],[102.09075,3.0144],[102.09074,3.01428],[102.0907,3.01421],[102.09068,3.01414],[102.09065,3.01409],[102.09061,3.01405],[102.09058,3.014],[102.09056,3.01395],[102.09053,3.01392],[102.09051,3.01389],[102.09047,3.01387],[102.09043,3.01383],[102.09039,3.01379],[102.09039,3.01376],[102.09041,3.01373],[102.09046,3.0137],[102.09051,3.01364],[102.09055,3.01362],[102.09061,3.01364],[102.09068,3.01366],[102.09074,3.01367],[102.09079,3.01368],[102.09082,3.01371],[102.09085,3.01374],[102.09088,3.01374],[102.09093,3.01373],[102.09098,3.01373],[102.09102,3.01376],[102.09105,3.01377],[102.09111,3.01377],[102.09115,3.01377],[102.09119,3.01377],[102.09123,3.0138],[102.09121,3.01383],[102.09118,3.01388],[102.09116,3.0139],[102.09113,3.01392],[102.09111,3.01395],[102.0911,3.01397],[102.09109,3.01401],[102.09106,3.01402],[102.09102,3.01404],[102.091,3.01405],[102.09097,3.01409],[102.09096,3.01413],[102.09095,3.01417],[102.09095,3.0142],[102.09095,3.01423],[102.09096,3.01426],[102.09099,3.01429],[102.091,3.01431],[102.09102,3.01436],[102.09104,3.0144],[102.09106,3.01447],[102.0911,3.01453],[102.09114,3.0146],[102.09117,3.01466],[102.09121,3.01471],[102.09123,3.01476],[102.09126,3.01481],[102.09127,3.01487],[102.09126,3.01495],[102.09125,3.01501],[102.09123,3.01507],[102.09121,3.0151],[102.09117,3.01511]]]}},{"type":"Feature","properties":{"id":474113769,"kind":"pond"},"geometry":{"type":"Polygon","coordinates":[[[102.08181,3.01119],[102.08159,3.0112],[102.08152,3.01118],[102.08132,3.01109],[102.0813,3.01106],[102.08131,3.01098],[102.0814,3.01074],[102.08145,3.01074],[102.08183,3.01087],[102.08186,3.01093],[102.08184,3.01114],[102.08181,3.01119]]]}},{"type":"Feature","properties":{"id":474113772,"kind":"pond"},"geometry":{"type":"Polygon","coordinates":[[[102.08232,3.01126],[102.08221,3.01126],[102.08214,3.01122],[102.08202,3.01125],[102.08195,3.01123],[102.08192,3.01111],[102.08192,3.011],[102.08194,3.01092],[102.08196,3.01088],[102.08205,3.01086],[102.08222,3.01089],[102.0823,3.01092],[102.0824,3.01099],[102.08242,3.01104],[102.08246,3.01118],[102.08245,3.01122],[102.08241,3.01125],[102.08232,3.01126]]]}},{"type":"Feature","properties":{"id":474116504,"kind":"water"},"geometry":{"type":"Polygon","coordinates":[[[102.09445,3.01401],[102.09437,3.01401],[102.09432,3.01399],[102.09431,3.01394],[102.09432,3.01387],[102.09434,3.01383],[102.09435,3.0138],[102.09435,3.01377],[102.09435,3.0137],[102.09432,3.01366],[102.09429,3.01363],[102.09423,3.01363],[102.09417,3.01363],[102.09411,3.01361],[102.09405,3.01361],[102.09402,3.01357],[102.09398,3.01352],[102.09397,3.01349],[102.09396,3.01343],[102.09395,3.01338],[102.09395,3.01335],[102.09394,3.0133],[102.09393,3.01327],[102.09393,3.01322],[102.09394,3.01319],[102.09395,3.01317],[102.09397,3.01317],[102.094,3.01317],[102.09403,3.01318],[102.09407,3.01319],[102.09412,3.01319],[102.09408,3.01314],[102.09406,3.0131],[102.09405,3.01307],[102.09399,3.01302],[102.09396,3.01298],[102.09393,3.01296],[102.0939,3.0129],[102.09387,3.01284],[102.09399,3.01288],[102.09404,3.01293],[102.09409,3.013],[102.09415,3.01304],[102.09422,3.01313],[102.09429,3.01316],[102.09436,3.01316],[102.09444,3.0132],[102.09449,3.01322],[102.09453,3.01322],[102.09458,3.01322],[102.09464,3.0132],[102.09469,3.01314],[102.09473,3.01314],[102.09478,3.01311],[102.09481,3.0131],[102.09483,3.01308],[102.09487,3.01307],[102.09489,3.01307],[102.0949,3.01308],[102.09491,3.01311],[102.09491,3.01314],[102.09488,3.01317],[102.09484,3.01319],[102.09484,3.01323],[102.09486,3.01325],[102.09487,3.01327],[102.09489,3.0133],[102.09489,3.01334],[102.09488,3.01338],[102.09488,3.01342],[102.09491,3.01345],[102.09493,3.01347],[102.09496,3.0135],[102.09497,3.01353],[102.09498,3.01359],[102.09499,3.01364],[102.09501,3.01371],[102.09503,3.01377],[102.09506,3.01383],[102.09509,3.01389],[102.09509,3.01393],[102.09508,3.01396],[102.09506,3.014],[102.09502,3.01405],[102.09499,3.01408],[102.09496,3.0141],[102.09491,3.01411],[102.09488,3.01411],[102.09483,3.01408],[102.09476,3.01407],[102.09471,3.01407],[102.09465,3.01406],[102.0946,3.01403],[102.09455,3.01401],[102.0945,3.014],[102.09445,3.01401]]]}},{"type":"Feature","properties":{"id":474116770,"kind":"water"},"geometry":{"type":"Polygon","coordinates":[[[102.09572,3.01534],[102.09566,3.01534],[102.09557,3.01533],[102.09548,3.01533],[102.09541,3.01534],[102.09535,3.01534],[102.09531,3.01534],[102.0953,3.01531],[102.09531,3.01526],[102.09535,3.01523],[102.09538,3.01523],[102.09542,3.01526],[102.09545,3.01528],[102.09547,3.01526],[102.09546,3.01523],[102.09545,3.01521],[102.09546,3.01518],[102.09547,3.01515],[102.09549,3.01513],[102.09553,3.01513],[102.09555,3.01512],[102.09556,3.0151],[102.09556,3.01507],[102.09558,3.01503],[102.09559,3.01498],[102.09556,3.01494],[102.09549,3.01485],[102.09546,3.01481],[102.09535,3.01468],[102.09527,3.01459],[102.0952,3.0145],[102.09511,3.01441],[102.09508,3.01438],[102.09506,3.01433],[102.09505,3.01427],[102.09505,3.01422],[102.09508,3.01418],[102.0951,3.01415],[102.09514,3.01414],[102.09519,3.01414],[102.09524,3.01417],[102.0953,3.01422],[102.09538,3.01431],[102.09546,3.01437],[102.09554,3.01446],[102.09562,3.01451],[102.09573,3.01459],[102.09582,3.01471],[102.09599,3.01486],[102.09617,3.01506],[102.09633,3.01524],[102.09651,3.01537],[102.09662,3.01543],[102.09668,3.01547],[102.0967,3.01549],[102.09672,3.01552],[102.0967,3.01557],[102.09664,3.01573],[102.09659,3.01576],[102.09651,3.01576],[102.0964,3.01575],[102.09633,3.01575],[102.09626,3.01571],[102.09615,3.01566],[102.09605,3.01557],[102.09597,3.0155],[102.09586,3.01543],[102.09572,3.01534]]]}},{"type":"Feature","properties":{"id":474117489,"kind":"water"},"geometry":{"type":"Polygon","coordinates":[[[102.09918,3.01601],[102.09904,3.01597],[102.09895,3.01591],[102.09885,3.01587],[102.09874,3.01583],[102.09869,3.01581],[102.09866,3.01578],[102.09867,3.01574],[102.09873,3.01562],[102.09877,3.01553],[102.09884,3.01545],[102.09892,3.01539],[102.099,3.01536],[102.09909,3.01536],[102.09911,3.01536],[102.09914,3.01542],[102.09913,3.01554],[102.09913,3.01561],[102.09914,3.01568],[102.09916,3.01575],[102.09918,3.01582],[102.0992,3.0159],[102.0992,3.01595],[102.09918,3.01601]]]}},{"type":"Feature","properties":{"id":474118292,"kind":"water"},"geometry":{"type":"Polygon","coordinates":[[[102.09804,3.01686],[102.09784,3.01637],[102.0978,3.01625],[102.09778,3.01615],[102.09778,3.01608],[102.09779,3.01599],[102.09778,3.01597],[102.09775,3.01595],[102.0977,3.01596],[102.09766,3.016],[102.09761,3.01611],[102.09749,3.01622],[102.09742,3.01626],[102.09737,3.01626],[102.09733,3.01625],[102.09732,3.01624],[102.09732,3.01619],[102.09734,3.01613],[102.09734,3.01608],[102.09731,3.01603],[102.09724,3.01598],[102.09718,3.01595],[102.0971,3.0159],[102.09705,3.01589],[102.09699,3.01588],[102.09695,3.0159],[102.09693,3.01593],[102.09691,3.01596],[102.0969,3.01601],[102.09691,3.01605],[102.09695,3.0161],[102.09699,3.01614],[102.09704,3.01619],[102.09711,3.01624],[102.09716,3.0163],[102.09717,3.01634],[102.09716,3.0164],[102.09718,3.01646],[102.09722,3.01648],[102.09727,3.01652],[102.09729,3.01658],[102.09734,3.01661],[102.09743,3.01666],[102.09745,3.01671],[102.09747,3.01676],[102.09752,3.0168],[102.09759,3.01688],[102.09764,3.01689],[102.09769,3.01689],[102.09773,3.01688],[102.09776,3.0169],[102.09781,3.01696],[102.09786,3.01697],[102.09795,3.01697],[102.098,3.01697],[102.09804,3.01695],[102.09805,3.01692],[102.09805,3.01691],[102.09804,3.01686]]]}},{"type":"Feature","properties":{"id":474118297,"kind":"water"},"geometry":{"type":"Polygon","coordinates":[[[102.09914,3.01653],[102.0989,3.01665],[102.09876,3.01673],[102.0987,3.01678],[102.09861,3.01682],[102.09851,3.01688],[102.09847,3.01692],[102.09844,3.01695],[102.0984,3.01696],[102.09837,3.01695],[102.09835,3.01692],[102.09832,3.01688],[102.09828,3.01685],[102.09825,3.01684],[102.09821,3.01683],[102.09819,3.01682],[102.09817,3.01678],[102.09819,3.01673],[102.09822,3.01671],[102.09826,3.0167],[102.09834,3.01668],[102.09841,3.01665],[102.09845,3.01662],[102.09847,3.01659],[102.09852,3.01657],[102.09856,3.01654],[102.09859,3.0165],[102.09864,3.01648],[102.09866,3.01644],[102.09869,3.01638],[102.09872,3.01633],[102.09877,3.01628],[102.09881,3.01624],[102.09884,3.0162],[102.09886,3.01619],[102.09891,3.01618],[102.09902,3.01616],[102.09905,3.01616],[102.09913,3.01622],[102.09922,3.01631],[102.09923,3.01636],[102.09925,3.01647],[102.09923,3.01651],[102.09914,3.01653]]]}},{"type":"Feature","properties":{"id":474119274,"kind":"water"},"geometry":{"type":"Polygon","coordinates":[[[102.09546,3.02008],[102.09531,3.01987],[102.09531,3.01982],[102.09534,3.01979],[102.09538,3.01974],[102.09547,3.01967],[102.0955,3.01964],[102.0955,3.0196],[102.09549,3.01956],[102.09548,3.01951],[102.09549,3.01948],[102.09554,3.01946],[102.0956,3.01944],[102.09572,3.01943],[102.09578,3.01945],[102.09582,3.01948],[102.09589,3.01955],[102.0959,3.01958],[102.0959,3.01963],[102.09588,3.01968],[102.09568,3.01991],[102.09546,3.02008]]]}},{"type":"Feature","properties":{"id":474119275,"kind":"water"},"geometry":{"type":"Polygon","coordinates":[[[102.09824,3.01808],[102.09802,3.01814],[102.09785,3.01816],[102.09777,3.01816],[102.09773,3.01813],[102.09771,3.0181],[102.09769,3.0179],[102.09818,3.01772],[102.09821,3.01782],[102.09824,3.01792],[102.09824,3.01808]]]}},{"type":"Feature","properties":{"id":474119276,"kind":"water"},"geometry":{"type":"Polygon","coordinates":[[[102.095,3.0204],[102.09486,3.02026],[102.09508,3.02005],[102.09526,3.01993],[102.09541,3.02013],[102.095,3.0204]]]}},{"type":"Feature","properties":{"id":474119278,"kind":"water"},"geometry":{"type":"Polygon","coordinates":[[[102.09711,3.01858],[102.09702,3.01864],[102.09692,3.01868],[102.09685,3.01869],[102.09693,3.01859],[102.09701,3.01848],[102.0971,3.01831],[102.09719,3.01819],[102.09731,3.01808],[102.09752,3.01798],[102.09755,3.01821],[102.09749,3.0182],[102.09742,3.01817],[102.09738,3.01817],[102.09735,3.0182],[102.09738,3.01825],[102.09733,3.01827],[102.09732,3.01833],[102.09727,3.01838],[102.09717,3.01846],[102.09715,3.01852],[102.09711,3.01858]]]}},{"type":"Feature","properties":{"id":474120598,"kind":"water"},"geometry":{"type":"Polygon","coordinates":[[[102.08445,3.01263],[102.08406,3.01238],[102.08415,3.01223],[102.08419,3.01218],[102.08423,3.01215],[102.08426,3.01215],[102.08429,3.01215],[102.08461,3.01225],[102.08461,3.01234],[102.08445,3.01263]]]}},{"type":"Feature","properties":{"id":475997170,"kind":"water"},"geometry":{"type":"Polygon","coordinates":[[[102.08365,3.02044],[102.08328,3.02017],[102.08344,3.0199],[102.08353,3.01981],[102.08367,3.01995],[102.08381,3.0201],[102.08388,3.02018],[102.08389,3.02023],[102.08375,3.02044],[102.08371,3.02045],[102.08365,3.02044]]]}},{"type":"Feature","properties":{"id":475997174,"kind":"water"},"geometry":{"type":"Polygon","coordinates":[[[102.08322,3.01962],[102.08334,3.01953],[102.08338,3.01957],[102.08341,3.01961],[102.08343,3.01966],[102.08345,3.01969],[102.08347,3.01974],[102.08347,3.01978],[102.08337,3.01991],[102.08323,3.02015],[102.08319,3.02016],[102.08312,3.02014],[102.08304,3.02011],[102.08298,3.02005],[102.08298,3.02],[102.08297,3.01995],[102.083,3.01989],[102.08306,3.01981],[102.08314,3.01971],[102.08322,3.01962]]]}},{"type":"Feature","properties":{"id":476002896,"kind":"water"},"geometry":{"type":"Polygon","coordinates":[[[102.08022,3.0235],[102.08003,3.02357],[102.07999,3.02355],[102.07995,3.02352],[102.07993,3.02341],[102.07978,3.02308],[102.07983,3.02295],[102.07993,3.02282],[102.07997,3.0228],[102.08007,3.02286],[102.0802,3.02286],[102.08023,3.02288],[102.08036,3.02309],[102.08038,3.02319],[102.08038,3.02329],[102.08036,3.02341],[102.08033,3.02344],[102.08022,3.0235]]]}},{"type":"Feature","properties":{"id":478261647,"kind":"lake"},"geometry":{"type":"Polygon","coordinates":[[[101.67212,3.4527],[101.67208,3.45196],[101.67241,3.45205],[101.67281,3.45205],[101.67312,3.45195],[101.67345,3.45175],[101.67379,3.45137],[101.67404,3.45143],[101.67376,3.4519],[101.67378,3.45219],[101.67389,3.45229],[101.6742,3.45239],[101.67446,3.45245],[101.67473,3.45246],[101.67493,3.45243],[101.67513,3.45236],[101.67522,3.45235],[101.67531,3.45237],[101.67569,3.45246],[101.67568,3.45259],[101.67546,3.45264],[101.67534,3.45274],[101.67539,3.45296],[101.67549,3.45315],[101.67551,3.45329],[101.67536,3.45331],[101.67507,3.45297],[101.67493,3.45282],[101.67468,3.4528],[101.67439,3.45282],[101.67413,3.45285],[101.67385,3.4529],[101.67229,3.45276],[101.67212,3.4527]]]}},{"type":"Feature","properties":{"id":478267203,"kind":"lake"},"geometry":{"type":"Polygon","coordinates":[[[101.66299,3.40963],[101.66258,3.40976],[101.66252,3.40989],[101.66236,3.40999],[101.66234,3.41009],[101.66219,3.41021],[101.66207,3.41044],[101.66217,3.41052],[101.66217,3.41074],[101.66228,3.41077],[101.66235,3.41069],[101.6625,3.41069],[101.66274,3.4108],[101.66282,3.41088],[101.66293,3.41074],[101.66287,3.41064],[101.66303,3.41052],[101.66307,3.41043],[101.66318,3.41047],[101.66322,3.41034],[101.66329,3.41022],[101.66315,3.41009],[101.66311,3.41005],[101.66293,3.41005],[101.66281,3.40995],[101.6629,3.40982],[101.66305,3.40974],[101.66299,3.40963]]]}},{"type":"Feature","properties":{"id":478267208,"kind":"lake"},"geometry":{"type":"Polygon","coordinates":[[[101.66396,3.4088],[101.6639,3.40873],[101.66399,3.40851],[101.6638,3.40815],[101.66388,3.40796],[101.6642,3.40791],[101.66437,3.40787],[101.66452,3.40757],[101.66457,3.40737],[101.66481,3.40726],[101.66493,3.40714],[101.66505,3.40712],[101.66518,3.40714],[101.66524,3.40723],[101.66502,3.40742],[101.6651,3.40754],[101.66483,3.4078],[101.66461,3.40824],[101.66446,3.40854],[101.66431,3.40864],[101.66415,3.40873],[101.66396,3.4088]]]}},{"type":"Feature","properties":{"id":478267219,"kind":"lake"},"geometry":{"type":"Polygon","coordinates":[[[101.65586,3.4525],[101.65585,3.45225],[101.65673,3.4522],[101.65673,3.45241],[101.65586,3.4525]]]}},{"type":"Feature","properties":{"id":478377556,"name":"Fish / Prawn Farm","kind":"pond"},"geometry":{"type":"Polygon","coordinates":[[[101.70714,3.46088],[101.70692,3.46034],[101.70729,3.46029],[101.70747,3.46029],[101.70765,3.46043],[101.70765,3.46064],[101.70761,3.46092],[101.70755,3.46102],[101.70714,3.46088]]]}},{"type":"Feature","properties":{"id":478377557,"name":"Fish / Prawn Farm","kind":"pond"},"geometry":{"type":"Polygon","coordinates":[[[101.70653,3.46086],[101.70635,3.46051],[101.70676,3.46036],[101.70702,3.46083],[101.70701,3.46088],[101.70689,3.46085],[101.70653,3.46086]]]}},{"type":"Feature","properties":{"id":478377558,"name":"Fish / Prawn Farm","kind":"pond"},"geometry":{"type":"Polygon","coordinates":[[[101.70616,3.46104],[101.70598,3.46085],[101.70596,3.46062],[101.70629,3.4605],[101.70646,3.46089],[101.70623,3.46105],[101.70616,3.46104]]]}},{"type":"Feature","properties":{"id":492800506,"name":"Kolam Takungan Taman Bukit Kempas","kind":"basin"},"geometry":{"type":"Polygon","coordinates":[[[102.06622,2.98259],[102.06639,2.98277],[102.06644,2.98276],[102.06656,2.98268],[102.06664,2.98261],[102.06676,2.98246],[102.06678,2.9824],[102.06654,2.98208],[102.06648,2.98212],[102.06633,2.98237],[102.06624,2.98247],[102.06621,2.98251],[102.06622,2.98259]]]}},{"type":"Feature","properties":{"id":492815712,"kind":"lake"},"geometry":{"type":"Polygon","coordinates":[[[102.07321,3.0321],[102.07347,3.03227],[102.07367,3.03251],[102.07377,3.03287],[102.07387,3.03294],[102.07402,3.03297],[102.07442,3.03268],[102.07506,3.03225],[102.07504,3.03211],[102.07492,3.03203],[102.07434,3.0321],[102.0739,3.03196],[102.07362,3.03188],[102.07344,3.03187],[102.07292,3.03155],[102.07284,3.03162],[102.07301,3.03186],[102.07321,3.0321]]]}},{"type":"Feature","properties":{"id":492815716,"kind":"lake"},"geometry":{"type":"Polygon","coordinates":[[[102.07424,3.03349],[102.07468,3.03328],[102.07483,3.03332],[102.07487,3.03344],[102.07481,3.03354],[102.07468,3.03359],[102.07455,3.03407],[102.07433,3.03437],[102.07432,3.03452],[102.07425,3.03476],[102.07405,3.03487],[102.0739,3.03487],[102.07378,3.03474],[102.07376,3.03444],[102.07404,3.03409],[102.07434,3.03373],[102.07424,3.03349]]]}},{"type":"Feature","properties":{"id":492815719,"kind":"lake"},"geometry":{"type":"Polygon","coordinates":[[[102.07335,3.03465],[102.07295,3.03513],[102.07274,3.03556],[102.07244,3.03586],[102.07236,3.03619],[102.07229,3.03637],[102.07229,3.03652],[102.07251,3.03653],[102.07299,3.03639],[102.07302,3.03591],[102.07322,3.03569],[102.07347,3.03548],[102.07345,3.03532],[102.07362,3.03532],[102.07366,3.03523],[102.07356,3.03511],[102.07361,3.03484],[102.07349,3.03466],[102.07335,3.03465]]]}},{"type":"Feature","properties":{"id":499653713,"kind":"pond"},"geometry":{"type":"Polygon","coordinates":[[[101.6173,3.35866],[101.61734,3.35878],[101.61744,3.35878],[101.61748,3.35889],[101.61761,3.35885],[101.61771,3.35872],[101.61777,3.35876],[101.61797,3.35868],[101.61795,3.3586],[101.61807,3.35857],[101.61813,3.35834],[101.61807,3.35822],[101.61807,3.3581],[101.61799,3.35807],[101.61796,3.358],[101.61786,3.35798],[101.61782,3.35791],[101.61771,3.35795],[101.61759,3.35802],[101.61756,3.35815],[101.61744,3.35826],[101.61746,3.35838],[101.6173,3.35866]]]}},{"type":"Feature","properties":{"id":499811327,"kind":"pond"},"geometry":{"type":"Polygon","coordinates":[[[101.64942,3.42157],[101.64969,3.42193],[101.64986,3.42207],[101.65008,3.42239],[101.65036,3.42254],[101.65061,3.42251],[101.65072,3.42258],[101.65133,3.42249],[101.65155,3.42215],[101.65177,3.422],[101.65182,3.42146],[101.65182,3.42127],[101.65172,3.42093],[101.65165,3.42089],[101.65162,3.42079],[101.65153,3.42076],[101.65143,3.4208],[101.65138,3.42077],[101.65138,3.42068],[101.65131,3.42058],[101.65084,3.42028],[101.65064,3.42045],[101.65051,3.42045],[101.6503,3.42033],[101.65026,3.42052],[101.64988,3.42107],[101.64992,3.4213],[101.64951,3.42136],[101.64942,3.42157]]]}},{"type":"Feature","properties":{"id":499828100,"kind":"pond"},"geometry":{"type":"Polygon","coordinates":[[[101.57118,3.64143],[101.57142,3.64181],[101.57192,3.64181],[101.57219,3.64141],[101.57244,3.64138],[101.5725,3.64115],[101.57245,3.64084],[101.57258,3.64073],[101.57231,3.64046],[101.57198,3.64025],[101.57161,3.64023],[101.57156,3.6404],[101.57121,3.64055],[101.57124,3.64065],[101.57144,3.64081],[101.57144,3.64095],[101.57129,3.64109],[101.57118,3.64143]]]}},{"type":"Feature","properties":{"id":500474393,"kind":"lake"},"geometry":{"type":"Polygon","coordinates":[[[101.54822,3.65116],[101.54835,3.65134],[101.54853,3.65134],[101.54869,3.65156],[101.54904,3.65147],[101.54929,3.65154],[101.55069,3.65033],[101.55064,3.64995],[101.55049,3.64991],[101.55017,3.64965],[101.54981,3.64965],[101.54946,3.64998],[101.54937,3.65023],[101.54886,3.65037],[101.5487,3.65059],[101.54871,3.65073],[101.54838,3.65091],[101.54822,3.65116]]]}},{"type":"Feature","properties":{"id":500477955,"kind":"basin"},"geometry":{"type":"Polygon","coordinates":[[[101.53808,3.64564],[101.53801,3.6457],[101.5379,3.64571],[101.53782,3.64581],[101.53744,3.64662],[101.53703,3.64714],[101.53643,3.64784],[101.53568,3.64858],[101.53506,3.64913],[101.53502,3.64935],[101.53506,3.64945],[101.53515,3.64951],[101.53531,3.6495],[101.53557,3.64967],[101.53603,3.65026],[101.53616,3.65043],[101.53627,3.65044],[101.53637,3.65041],[101.53646,3.65023],[101.53647,3.65012],[101.53642,3.65001],[101.53629,3.64988],[101.53626,3.64977],[101.53625,3.64957],[101.53627,3.64879],[101.5363,3.6483],[101.53637,3.64819],[101.53652,3.64817],[101.53667,3.64809],[101.5374,3.64712],[101.53802,3.64672],[101.53849,3.64651],[101.53854,3.64643],[101.53854,3.64633],[101.53847,3.64625],[101.5382,3.6461],[101.53806,3.64589],[101.53813,3.64579],[101.53808,3.64564]]]}},{"type":"Feature","properties":{"id":500477956,"kind":"basin"},"geometry":{"type":"Polygon","coordinates":[[[101.53469,3.64981],[101.53456,3.64983],[101.53423,3.65008],[101.53395,3.65019],[101.53359,3.65058],[101.53349,3.65061],[101.53355,3.65071],[101.53355,3.65088],[101.5334,3.65104],[101.53319,3.65114],[101.53283,3.65145],[101.53263,3.65169],[101.53259,3.65203],[101.53232,3.65248],[101.53228,3.6528],[101.5323,3.65358],[101.53232,3.65377],[101.53238,3.65401],[101.53238,3.65415],[101.53238,3.65429],[101.53239,3.65448],[101.53247,3.65425],[101.53248,3.65409],[101.53253,3.65405],[101.53257,3.65399],[101.53274,3.65388],[101.53288,3.65388],[101.53295,3.65393],[101.53297,3.6539],[101.5329,3.65383],[101.53296,3.6537],[101.53304,3.65363],[101.53328,3.65298],[101.53355,3.6524],[101.53361,3.65214],[101.5336,3.6516],[101.53348,3.65127],[101.53348,3.65114],[101.53368,3.65097],[101.53398,3.6509],[101.53415,3.65085],[101.53462,3.65035],[101.5347,3.6502],[101.53466,3.65011],[101.53466,3.64996],[101.53471,3.6499],[101.53469,3.64981]]]}},{"type":"Feature","properties":{"id":500547610,"kind":"pond"},"geometry":{"type":"Polygon","coordinates":[[[101.53241,3.74706],[101.53228,3.74703],[101.53205,3.74699],[101.53193,3.74691],[101.5319,3.74687],[101.53196,3.74681],[101.53193,3.74679],[101.53187,3.74682],[101.53183,3.74679],[101.53173,3.7468],[101.53169,3.74677],[101.53168,3.74672],[101.53169,3.74667],[101.5317,3.74663],[101.53166,3.7466],[101.53166,3.74654],[101.53162,3.74648],[101.53159,3.74645],[101.53163,3.74638],[101.53162,3.74629],[101.53158,3.74622],[101.53152,3.74617],[101.5315,3.74608],[101.5315,3.74602],[101.5315,3.74597],[101.53154,3.74592],[101.53164,3.74586],[101.53169,3.74583],[101.53176,3.74571],[101.53189,3.74555],[101.53192,3.7455],[101.53194,3.74546],[101.53194,3.74538],[101.53187,3.74526],[101.53176,3.74508],[101.53174,3.74501],[101.53175,3.74489],[101.53181,3.7448],[101.53184,3.74469],[101.53189,3.74456],[101.53187,3.74441],[101.53179,3.74426],[101.53162,3.7441],[101.53165,3.74408],[101.5317,3.74398],[101.53172,3.74403],[101.53177,3.74405],[101.53183,3.74405],[101.53187,3.74403],[101.53189,3.74397],[101.53191,3.74393],[101.53197,3.74391],[101.532,3.74389],[101.53202,3.74383],[101.53211,3.74382],[101.53214,3.74388],[101.53217,3.74391],[101.53224,3.74392],[101.53224,3.74398],[101.53225,3.74403],[101.53228,3.74407],[101.53239,3.74413],[101.53244,3.74416],[101.5325,3.74422],[101.53252,3.7443],[101.53252,3.74437],[101.53253,3.74445],[101.53263,3.74465],[101.53268,3.74471],[101.53276,3.74472],[101.53282,3.74473],[101.53288,3.74476],[101.53288,3.74483],[101.53295,3.74484],[101.53301,3.7449],[101.53304,3.74498],[101.53304,3.74502],[101.53294,3.74505],[101.53292,3.7451],[101.53293,3.7452],[101.53297,3.74524],[101.53302,3.74528],[101.53306,3.74528],[101.53309,3.74525],[101.53313,3.74525],[101.53318,3.74532],[101.53325,3.74545],[101.5333,3.74563],[101.53331,3.74581],[101.533,3.74674],[101.53289,3.7468],[101.53262,3.74685],[101.53243,3.74682],[101.53241,3.74706]]]}},{"type":"Feature","properties":{"id":500547621,"kind":"pond"},"geometry":{"type":"Polygon","coordinates":[[[101.51778,3.73879],[101.51764,3.73888],[101.51752,3.73894],[101.51711,3.73883],[101.51702,3.7388],[101.51696,3.73869],[101.51693,3.73864],[101.51687,3.73859],[101.5167,3.73857],[101.51638,3.73855],[101.51628,3.73853],[101.51617,3.73845],[101.51599,3.73824],[101.5158,3.73811],[101.51543,3.73786],[101.51508,3.73768],[101.51479,3.7376],[101.51457,3.7376],[101.51439,3.73757],[101.51405,3.73747],[101.51331,3.73735],[101.51288,3.73737],[101.51275,3.73742],[101.51275,3.7375],[101.51279,3.73758],[101.51285,3.73762],[101.51294,3.73765],[101.51309,3.7376],[101.5131,3.73753],[101.51317,3.73752],[101.51325,3.73759],[101.51342,3.7376],[101.51364,3.73764],[101.5137,3.73769],[101.51386,3.73773],[101.51399,3.73773],[101.51452,3.73791],[101.51482,3.73804],[101.51495,3.73816],[101.51514,3.73826],[101.51533,3.73848],[101.51547,3.7387],[101.5156,3.73883],[101.5157,3.7389],[101.51583,3.73895],[101.51595,3.73893],[101.51614,3.73893],[101.51635,3.73892],[101.51663,3.739],[101.51675,3.73903],[101.51696,3.73907],[101.5174,3.73925],[101.51747,3.73922],[101.5175,3.73916],[101.51762,3.73915],[101.51776,3.73911],[101.51797,3.73895],[101.5181,3.73891],[101.5183,3.73887],[101.51846,3.73889],[101.51861,3.73898],[101.51872,3.7392],[101.51873,3.73932],[101.51878,3.73938],[101.51892,3.73945],[101.51902,3.73945],[101.51911,3.73944],[101.51918,3.73946],[101.51921,3.73951],[101.51925,3.73954],[101.5193,3.73954],[101.51935,3.7395],[101.51941,3.73947],[101.51946,3.7395],[101.51966,3.73953],[101.51975,3.73957],[101.51989,3.73958],[101.51998,3.73968],[101.52015,3.7398],[101.52028,3.7399],[101.52036,3.73981],[101.52039,3.73969],[101.521,3.73997],[101.52102,3.7399],[101.5204,3.73955],[101.52038,3.73943],[101.52034,3.73934],[101.52024,3.73931],[101.52006,3.73927],[101.51987,3.73927],[101.51969,3.73925],[101.51954,3.73916],[101.51937,3.73905],[101.51921,3.73894],[101.51906,3.73888],[101.51892,3.73889],[101.51876,3.73882],[101.51859,3.73869],[101.51826,3.73866],[101.51799,3.73869],[101.51778,3.73879]]]}},{"type":"Feature","properties":{"id":501145310,"kind":"pond"},"geometry":{"type":"Polygon","coordinates":[[[101.47047,3.71808],[101.47069,3.7183],[101.4711,3.71823],[101.4712,3.71811],[101.47145,3.71813],[101.47166,3.71808],[101.4719,3.71772],[101.47202,3.71774],[101.47254,3.71744],[101.47271,3.71726],[101.47297,3.71684],[101.47297,3.71667],[101.47323,3.71644],[101.473,3.71629],[101.47281,3.71631],[101.47245,3.71597],[101.47196,3.71584],[101.47159,3.71603],[101.47154,3.71612],[101.4713,3.71624],[101.47116,3.7162],[101.47103,3.71627],[101.47047,3.71808]]]}},{"type":"Feature","properties":{"id":501145311,"kind":"pond"},"geometry":{"type":"Polygon","coordinates":[[[101.46251,3.71903],[101.46282,3.71903],[101.46278,3.71848],[101.46268,3.71843],[101.46257,3.71808],[101.46255,3.71794],[101.46238,3.71784],[101.46235,3.71769],[101.46216,3.71752],[101.46193,3.71746],[101.46188,3.7177],[101.46175,3.71778],[101.46181,3.71798],[101.46196,3.71816],[101.46194,3.71838],[101.4619,3.71859],[101.46209,3.71906],[101.46214,3.71887],[101.46241,3.71878],[101.46251,3.71886],[101.46251,3.71903]]]}},{"type":"Feature","properties":{"id":501145313,"kind":"pond"},"geometry":{"type":"Polygon","coordinates":[[[101.45826,3.72207],[101.45844,3.72257],[101.45845,3.72335],[101.45849,3.72388],[101.45874,3.72412],[101.45934,3.72381],[101.45989,3.7229],[101.45931,3.72193],[101.45931,3.7216],[101.45901,3.72175],[101.45882,3.72142],[101.45915,3.72107],[101.45934,3.7205],[101.45935,3.72022],[101.45893,3.72052],[101.45885,3.72111],[101.45855,3.72139],[101.45851,3.72168],[101.45825,3.72185],[101.45826,3.72207]]]}},{"type":"Feature","properties":{"id":501145314,"kind":"pond"},"geometry":{"type":"Polygon","coordinates":[[[101.46112,3.72271],[101.46098,3.72261],[101.46104,3.72218],[101.46135,3.72194],[101.46141,3.72174],[101.4617,3.72164],[101.46171,3.72142],[101.46169,3.72118],[101.46179,3.72097],[101.4619,3.72087],[101.46176,3.72074],[101.46142,3.72071],[101.46145,3.72056],[101.46137,3.72044],[101.46148,3.72034],[101.46211,3.72029],[101.46229,3.7205],[101.46264,3.7206],[101.46292,3.72067],[101.46298,3.72097],[101.46273,3.72136],[101.46287,3.72173],[101.46286,3.72196],[101.46112,3.72271]]]}},{"type":"Feature","properties":{"id":501145315,"kind":"pond"},"geometry":{"type":"Polygon","coordinates":[[[101.45964,3.72072],[101.45971,3.72106],[101.46022,3.72117],[101.46054,3.72126],[101.46072,3.72125],[101.46081,3.72115],[101.46067,3.72097],[101.46045,3.72101],[101.46036,3.72087],[101.46038,3.72057],[101.46022,3.72049],[101.46003,3.72051],[101.45999,3.72065],[101.45964,3.72059],[101.45964,3.72072]]]}},{"type":"Feature","properties":{"id":501166169,"kind":"water"},"geometry":{"type":"Polygon","coordinates":[[[101.32802,3.69892],[101.32789,3.69813],[101.32788,3.69758],[101.32779,3.69686],[101.32758,3.69693],[101.32708,3.69709],[101.32683,3.69719],[101.32655,3.69729],[101.3264,3.69757],[101.32632,3.69749],[101.32653,3.69721],[101.32689,3.69704],[101.3272,3.69681],[101.32746,3.69662],[101.32764,3.69651],[101.32761,3.69633],[101.32735,3.69628],[101.32709,3.69651],[101.32673,3.69677],[101.32627,3.69704],[101.32544,3.69756],[101.32513,3.69721],[101.32498,3.69626],[101.32486,3.6963],[101.32503,3.69731],[101.32529,3.69766],[101.32553,3.69817],[101.32552,3.69857],[101.32616,3.69926],[101.3266,3.69918],[101.3273,3.69935],[101.32819,3.70075],[101.32941,3.70285],[101.33047,3.7049],[101.33068,3.70638],[101.33049,3.70761],[101.3303,3.70792],[101.33066,3.70865],[101.33107,3.70873],[101.33116,3.70723],[101.33111,3.70494],[101.32916,3.70164],[101.32821,3.69996],[101.32812,3.69955],[101.32756,3.69918],[101.32758,3.6987],[101.32703,3.69827],[101.3266,3.69827],[101.32644,3.69786],[101.32647,3.69763],[101.3267,3.69806],[101.32698,3.69797],[101.32733,3.69829],[101.32787,3.69872],[101.32777,3.69901],[101.32802,3.69892]]]}},{"type":"Feature","properties":{"id":504943960,"kind":"basin"},"geometry":{"type":"Polygon","coordinates":[[[101.64934,3.51476],[101.64943,3.51444],[101.64956,3.51465],[101.64994,3.51478],[101.65008,3.51487],[101.65003,3.51494],[101.64932,3.51483],[101.64934,3.51476]]]}},{"type":"Feature","properties":{"id":504944140,"kind":"basin"},"geometry":{"type":"Polygon","coordinates":[[[101.64107,3.49953],[101.64134,3.49923],[101.64145,3.49923],[101.64202,3.49947],[101.64203,3.4995],[101.64205,3.49955],[101.64187,3.49986],[101.64178,3.49986],[101.64107,3.49953]]]}},{"type":"Feature","properties":{"id":505021828,"name":"Recreational Fishing","kind":"basin"},"geometry":{"type":"Polygon","coordinates":[[[101.67063,3.46615],[101.67058,3.46552],[101.67066,3.46547],[101.67096,3.46561],[101.671,3.46612],[101.67087,3.46617],[101.67064,3.46619],[101.67063,3.46615]]]}},{"type":"Feature","properties":{"id":505021829,"name":"Recreational Fishing","kind":"basin"},"geometry":{"type":"Polygon","coordinates":[[[101.67022,3.46635],[101.67012,3.46536],[101.67018,3.46523],[101.67032,3.46517],[101.67042,3.46523],[101.67052,3.46536],[101.67054,3.46631],[101.67028,3.46637],[101.67022,3.46635]]]}},{"type":"Feature","properties":{"id":505021832,"kind":"water"},"geometry":{"type":"Polygon","coordinates":[[[101.682,3.46177],[101.68181,3.46161],[101.68166,3.46144],[101.68157,3.46127],[101.6816,3.46114],[101.6817,3.46125],[101.68196,3.46151],[101.68213,3.46162],[101.68218,3.46159],[101.68208,3.46147],[101.68193,3.46135],[101.68179,3.46119],[101.682,3.4611],[101.68205,3.46124],[101.68223,3.46143],[101.68229,3.46148],[101.68225,3.4616],[101.68223,3.46164],[101.68217,3.4617],[101.68205,3.4618],[101.682,3.46177]]]}},{"type":"Feature","properties":{"id":505021833,"name":"Fish / Prawn Farm","kind":"basin"},"geometry":{"type":"Polygon","coordinates":[[[101.68115,3.46092],[101.68148,3.45958],[101.68244,3.45938],[101.68257,3.4606],[101.68115,3.46092]]]}},{"type":"Feature","properties":{"id":505021860,"kind":"reservoir"},"geometry":{"type":"Polygon","coordinates":[[[101.80514,3.43543],[101.80481,3.43519],[101.80482,3.4348],[101.80494,3.43463],[101.80512,3.43457],[101.8054,3.43441],[101.80562,3.43422],[101.80582,3.43401],[101.80645,3.43386],[101.80657,3.43375],[101.80661,3.43354],[101.80741,3.43344],[101.80751,3.43308],[101.80728,3.43292],[101.80709,3.43282],[101.80713,3.43257],[101.80735,3.43237],[101.80731,3.43195],[101.80741,3.43154],[101.80746,3.43091],[101.80701,3.43071],[101.80689,3.42928],[101.80755,3.42927],[101.80678,3.42802],[101.80804,3.42826],[101.80891,3.42704],[101.80935,3.42811],[101.80912,3.42932],[101.80944,3.4293],[101.80949,3.42999],[101.80999,3.43015],[101.8098,3.43069],[101.80932,3.43028],[101.80907,3.43041],[101.80926,3.43051],[101.80946,3.43078],[101.80842,3.43128],[101.80822,3.43153],[101.80896,3.4313],[101.8098,3.43105],[101.80991,3.43115],[101.80955,3.43149],[101.80965,3.43172],[101.8101,3.43191],[101.80959,3.43185],[101.80908,3.43189],[101.80865,3.43199],[101.80816,3.43205],[101.80792,3.43215],[101.80795,3.43226],[101.8082,3.43225],[101.80837,3.4322],[101.80861,3.43213],[101.809,3.43207],[101.8093,3.43198],[101.80991,3.43197],[101.81016,3.43208],[101.81009,3.43247],[101.80976,3.43287],[101.80925,3.43298],[101.80871,3.4328],[101.80854,3.43291],[101.80854,3.43314],[101.80855,3.4334],[101.80867,3.43358],[101.80926,3.43359],[101.80967,3.43382],[101.80977,3.43422],[101.80965,3.43441],[101.80916,3.43484],[101.80871,3.43516],[101.80835,3.43464],[101.80834,3.43483],[101.80821,3.43493],[101.80803,3.43482],[101.80768,3.43476],[101.80747,3.43482],[101.8074,3.43496],[101.80717,3.43503],[101.80689,3.43504],[101.80656,3.43496],[101.80636,3.43487],[101.80637,3.43496],[101.80646,3.43502],[101.80656,3.43505],[101.8067,3.43506],[101.80679,3.43518],[101.8069,3.43527],[101.807,3.43532],[101.80717,3.43529],[101.80734,3.43518],[101.80753,3.43507],[101.80775,3.43517],[101.80788,3.43537],[101.80784,3.4356],[101.80806,3.43578],[101.80851,3.43575],[101.80876,3.436],[101.80884,3.43648],[101.80849,3.43648],[101.80798,3.43626],[101.80784,3.43649],[101.80754,3.43679],[101.80742,3.43663],[101.80718,3.43626],[101.80702,3.43642],[101.80677,3.43637],[101.80652,3.43629],[101.80649,3.43644],[101.80663,3.43667],[101.80668,3.43686],[101.80685,3.43695],[101.80704,3.43699],[101.80733,3.43709],[101.80745,3.43699],[101.80764,3.43698],[101.80781,3.43711],[101.80795,3.43723],[101.80814,3.43701],[101.80827,3.43712],[101.80828,3.43734],[101.80825,3.43757],[101.80843,3.43798],[101.80812,3.43803],[101.8078,3.43806],[101.80771,3.43771],[101.80744,3.4376],[101.80704,3.43768],[101.80722,3.43804],[101.80737,3.43824],[101.80729,3.43848],[101.8071,3.43867],[101.80715,3.43882],[101.80733,3.43895],[101.80748,3.43906],[101.80719,3.43932],[101.80722,3.43942],[101.8074,3.43935],[101.80763,3.43938],[101.80785,3.43954],[101.80808,3.4395],[101.80828,3.43923],[101.80846,3.43923],[101.80846,3.4394],[101.80846,3.43962],[101.80863,3.44],[101.80809,3.44009],[101.80836,3.44037],[101.80833,3.44051],[101.80789,3.44037],[101.80767,3.44046],[101.80745,3.44056],[101.80766,3.4409],[101.80749,3.44113],[101.80775,3.44145],[101.80801,3.44204],[101.80862,3.44239],[101.80888,3.44334],[101.80829,3.44349],[101.80844,3.44301],[101.80825,3.44256],[101.80778,3.44277],[101.80738,3.44283],[101.80731,3.44258],[101.80733,3.4423],[101.80717,3.44201],[101.8072,3.44157],[101.80691,3.44096],[101.8066,3.44042],[101.80654,3.4398],[101.80627,3.43953],[101.80621,3.4392],[101.80637,3.43905],[101.8064,3.43879],[101.8063,3.43858],[101.80633,3.43844],[101.80625,3.43834],[101.80634,3.43821],[101.80626,3.43796],[101.80639,3.43766],[101.80619,3.43743],[101.80622,3.43734],[101.80622,3.43722],[101.80613,3.43692],[101.80603,3.43685],[101.80573,3.43661],[101.80571,3.43633],[101.8057,3.43602],[101.80574,3.43585],[101.80566,3.43579],[101.80563,3.43567],[101.80564,3.43554],[101.80542,3.43535],[101.80537,3.43543],[101.80525,3.43547],[101.80514,3.43543]]]}},{"type":"Feature","properties":{"id":506446897,"kind":"basin"},"geometry":{"type":"Polygon","coordinates":[[[101.66775,3.46966],[101.66776,3.46936],[101.66818,3.46961],[101.66818,3.46982],[101.66775,3.46966]]]}},{"type":"Feature","properties":{"id":507115125,"kind":"water"},"geometry":{"type":"Polygon","coordinates":[[[101.67365,3.53674],[101.67347,3.53643],[101.67356,3.53624],[101.67384,3.53615],[101.67454,3.53643],[101.67475,3.53659],[101.67475,3.5368],[101.67508,3.53695],[101.67514,3.5372],[101.675,3.5374],[101.67365,3.53674]]]}},{"type":"Feature","properties":{"id":507115126,"kind":"water"},"geometry":{"type":"Polygon","coordinates":[[[101.67234,3.53638],[101.67227,3.53608],[101.67248,3.53574],[101.6727,3.53593],[101.67305,3.53602],[101.67318,3.5362],[101.6731,3.53638],[101.67298,3.53641],[101.67234,3.53638]]]}},{"type":"Feature","properties":{"id":507115127,"name":"Fish / Prawn Farm","kind":"basin"},"geometry":{"type":"Polygon","coordinates":[[[101.6827,3.54068],[101.68282,3.54037],[101.68298,3.5404],[101.68291,3.54064],[101.68284,3.54073],[101.6827,3.54068]]]}},{"type":"Feature","properties":{"id":507115128,"name":"Fish / Prawn Farm","kind":"basin"},"geometry":{"type":"Polygon","coordinates":[[[101.68248,3.5406],[101.6826,3.54033],[101.68274,3.54035],[101.6826,3.5407],[101.68248,3.5406]]]}},{"type":"Feature","properties":{"id":507115129,"name":"Fish / Prawn Farm","kind":"basin"},"geometry":{"type":"Polygon","coordinates":[[[101.68244,3.54094],[101.68242,3.54082],[101.68261,3.54082],[101.68261,3.54092],[101.68257,3.54099],[101.68244,3.54094]]]}},{"type":"Feature","properties":{"id":509526797,"kind":"basin"},"geometry":{"type":"Polygon","coordinates":[[[101.69349,3.43628],[101.69334,3.43619],[101.69341,3.43602],[101.6936,3.43581],[101.69371,3.43565],[101.69375,3.43564],[101.69385,3.43569],[101.69376,3.43597],[101.69369,3.43612],[101.69349,3.43628]]]}},{"type":"Feature","properties":{"id":509526798,"kind":"water"},"geometry":{"type":"Polygon","coordinates":[[[101.66538,3.53831],[101.66538,3.538],[101.66535,3.53773],[101.6653,3.53755],[101.66557,3.53753],[101.66575,3.53768],[101.66582,3.53777],[101.66594,3.53778],[101.66619,3.53817],[101.66602,3.53857],[101.66579,3.53858],[101.66557,3.53847],[101.66544,3.53837],[101.66538,3.53831]]]}},{"type":"Feature","properties":{"id":511079420,"kind":"basin"},"geometry":{"type":"Polygon","coordinates":[[[101.7085,3.45688],[101.70858,3.45673],[101.70899,3.45701],[101.70889,3.45715],[101.7085,3.45688]]]}},{"type":"Feature","properties":{"id":511079423,"kind":"basin"},"geometry":{"type":"Polygon","coordinates":[[[101.70824,3.45757],[101.7085,3.45696],[101.70884,3.4572],[101.7085,3.45757],[101.70824,3.45762],[101.70824,3.45757]]]}},{"type":"Feature","properties":{"id":511079430,"kind":"basin"},"geometry":{"type":"Polygon","coordinates":[[[101.68125,3.40882],[101.68137,3.40856],[101.68184,3.40876],[101.68185,3.4089],[101.68182,3.40905],[101.68153,3.40895],[101.68125,3.40882]]]}},{"type":"Feature","properties":{"id":511079447,"kind":"basin"},"geometry":{"type":"Polygon","coordinates":[[[101.6435,3.42221],[101.64338,3.42219],[101.643,3.42206],[101.64295,3.42165],[101.64284,3.42148],[101.64285,3.42127],[101.64279,3.42111],[101.6435,3.41986],[101.64358,3.41979],[101.64441,3.41908],[101.64472,3.41933],[101.6456,3.41904],[101.64573,3.4191],[101.64546,3.41948],[101.64527,3.41988],[101.64501,3.42038],[101.64457,3.42066],[101.64456,3.42159],[101.64441,3.42168],[101.6435,3.42221]]]}},{"type":"Feature","properties":{"id":511079448,"kind":"water"},"geometry":{"type":"Polygon","coordinates":[[[101.65337,3.436],[101.65316,3.43564],[101.65335,3.43535],[101.65333,3.43493],[101.65403,3.43416],[101.65485,3.43505],[101.65477,3.43534],[101.65431,3.43552],[101.65423,3.4359],[101.65412,3.43604],[101.65386,3.43609],[101.65351,3.43592],[101.65337,3.436]]]}},{"type":"Feature","properties":{"id":511079450,"kind":"basin"},"geometry":{"type":"Polygon","coordinates":[[[101.6547,3.4346],[101.65489,3.43436],[101.65515,3.43462],[101.6549,3.43484],[101.6547,3.4346]]]}},{"type":"Feature","properties":{"id":511079451,"kind":"basin"},"geometry":{"type":"Polygon","coordinates":[[[101.65445,3.43433],[101.65466,3.43408],[101.65488,3.43431],[101.65468,3.43455],[101.65445,3.43433]]]}},{"type":"Feature","properties":{"id":511079454,"kind":"basin"},"geometry":{"type":"Polygon","coordinates":[[[101.65268,3.43518],[101.6529,3.43493],[101.6531,3.43513],[101.6531,3.4354],[101.65299,3.4355],[101.65268,3.43518]]]}},{"type":"Feature","properties":{"id":511079455,"kind":"basin"},"geometry":{"type":"Polygon","coordinates":[[[101.65264,3.43569],[101.65287,3.43546],[101.65263,3.43522],[101.65243,3.43548],[101.65264,3.43569]]]}},{"type":"Feature","properties":{"id":511079460,"kind":"basin"},"geometry":{"type":"Polygon","coordinates":[[[101.65328,3.43671],[101.65306,3.43649],[101.6533,3.43624],[101.65351,3.43649],[101.65328,3.43671]]]}},{"type":"Feature","properties":{"id":511079462,"kind":"basin"},"geometry":{"type":"Polygon","coordinates":[[[101.65307,3.43707],[101.65331,3.43682],[101.65351,3.43704],[101.65328,3.43733],[101.65307,3.43707]]]}},{"type":"Feature","properties":{"id":511079463,"kind":"basin"},"geometry":{"type":"Polygon","coordinates":[[[101.65282,3.43673],[101.65302,3.43652],[101.65325,3.43677],[101.65302,3.43702],[101.65282,3.43673]]]}},{"type":"Feature","properties":{"id":511079464,"kind":"basin"},"geometry":{"type":"Polygon","coordinates":[[[101.65256,3.43626],[101.65281,3.43606],[101.65311,3.43633],[101.65288,3.43656],[101.65256,3.43626]]]}},{"type":"Feature","properties":{"id":511079465,"kind":"basin"},"geometry":{"type":"Polygon","coordinates":[[[101.65229,3.43595],[101.65251,3.43575],[101.65275,3.43602],[101.6525,3.43621],[101.65229,3.43595]]]}},{"type":"Feature","properties":{"id":511079467,"kind":"basin"},"geometry":{"type":"Polygon","coordinates":[[[101.65184,3.43553],[101.65183,3.43548],[101.65161,3.43526],[101.65168,3.43514],[101.65191,3.43521],[101.65218,3.43538],[101.6522,3.43544],[101.65198,3.43564],[101.65184,3.43553]]]}},{"type":"Feature","properties":{"id":511079468,"kind":"basin"},"geometry":{"type":"Polygon","coordinates":[[[101.65212,3.43413],[101.6521,3.43406],[101.65243,3.43384],[101.65265,3.43387],[101.65283,3.43396],[101.65274,3.43417],[101.65212,3.43413]]]}},{"type":"Feature","properties":{"id":511079469,"kind":"water"},"geometry":{"type":"Polygon","coordinates":[[[101.65193,3.43448],[101.65189,3.43419],[101.65283,3.43424],[101.65293,3.4344],[101.65274,3.43472],[101.65193,3.43448]]]}},{"type":"Feature","properties":{"id":511079470,"kind":"basin"},"geometry":{"type":"Polygon","coordinates":[[[101.65199,3.43484],[101.65199,3.43459],[101.65265,3.43479],[101.65263,3.4349],[101.65247,3.43511],[101.65199,3.43484]]]}},{"type":"Feature","properties":{"id":511079471,"kind":"basin"},"geometry":{"type":"Polygon","coordinates":[[[101.6516,3.43505],[101.65174,3.43483],[101.65243,3.43514],[101.65227,3.43537],[101.65197,3.43519],[101.6516,3.43505]]]}},{"type":"Feature","properties":{"id":511079472,"kind":"basin"},"geometry":{"type":"Polygon","coordinates":[[[101.65094,3.43472],[101.65152,3.43394],[101.65179,3.43409],[101.65177,3.43461],[101.65148,3.43504],[101.65131,3.43513],[101.65094,3.43472]]]}},{"type":"Feature","properties":{"id":511079473,"kind":"basin"},"geometry":{"type":"Polygon","coordinates":[[[101.6508,3.43455],[101.65039,3.43391],[101.65071,3.43359],[101.65111,3.43359],[101.65144,3.43392],[101.65101,3.43452],[101.65085,3.43461],[101.6508,3.43455]]]}},{"type":"Feature","properties":{"id":511079475,"kind":"pond"},"geometry":{"type":"Polygon","coordinates":[[[101.65085,3.42575],[101.65086,3.42571],[101.651,3.42526],[101.65129,3.42516],[101.65173,3.42529],[101.65182,3.42548],[101.65151,3.42581],[101.65161,3.42599],[101.65152,3.42627],[101.65085,3.42575]]]}},{"type":"Feature","properties":{"id":511079476,"kind":"basin"},"geometry":{"type":"Polygon","coordinates":[[[101.65118,3.42433],[101.65094,3.42417],[101.65086,3.42389],[101.65122,3.42303],[101.6523,3.42233],[101.65302,3.42258],[101.65384,3.42298],[101.65464,3.42325],[101.65573,3.42291],[101.65587,3.42303],[101.65577,3.4238],[101.65537,3.42514],[101.6552,3.4252],[101.65506,3.42536],[101.65496,3.42589],[101.6545,3.42614],[101.65424,3.42658],[101.65437,3.42694],[101.65407,3.42747],[101.65401,3.42791],[101.65379,3.42828],[101.65403,3.42869],[101.65347,3.42889],[101.65285,3.4282],[101.65288,3.42789],[101.65261,3.42777],[101.65267,3.42756],[101.65302,3.42751],[101.65323,3.42647],[101.65362,3.4262],[101.65387,3.42473],[101.65355,3.42432],[101.65257,3.42433],[101.65154,3.42441],[101.65118,3.42433]]]}},{"type":"Feature","properties":{"id":511079477,"kind":"basin"},"geometry":{"type":"Polygon","coordinates":[[[101.6446,3.4256],[101.6446,3.42488],[101.64546,3.42411],[101.64563,3.42428],[101.6456,3.42471],[101.64604,3.42485],[101.64593,3.42516],[101.64501,3.42568],[101.6446,3.4256]]]}},{"type":"Feature","properties":{"id":511079478,"kind":"basin"},"geometry":{"type":"Polygon","coordinates":[[[101.64414,3.42696],[101.64441,3.42669],[101.64454,3.42683],[101.64453,3.42705],[101.64473,3.42701],[101.64478,3.42722],[101.64502,3.42728],[101.64512,3.42753],[101.64511,3.42781],[101.64549,3.4279],[101.6451,3.428],[101.64414,3.42696]]]}},{"type":"Feature","properties":{"id":511079479,"kind":"basin"},"geometry":{"type":"Polygon","coordinates":[[[101.64359,3.42601],[101.64386,3.42586],[101.64401,3.42542],[101.64435,3.42573],[101.64433,3.42627],[101.64416,3.42651],[101.64376,3.42645],[101.64359,3.42601]]]}},{"type":"Feature","properties":{"id":511079484,"kind":"basin"},"geometry":{"type":"Polygon","coordinates":[[[101.65234,3.4312],[101.65243,3.43128],[101.65327,3.43202],[101.65348,3.43206],[101.65362,3.43267],[101.65292,3.43293],[101.65242,3.43299],[101.65177,3.43277],[101.65122,3.43277],[101.65114,3.43266],[101.65113,3.43256],[101.65099,3.43248],[101.65094,3.43231],[101.6501,3.43254],[101.64989,3.43241],[101.64973,3.43194],[101.64979,3.43192],[101.64983,3.4319],[101.64973,3.43179],[101.64981,3.4316],[101.64993,3.43151],[101.64996,3.43152],[101.65,3.43156],[101.65002,3.43159],[101.65003,3.43164],[101.64998,3.43176],[101.65012,3.43194],[101.65027,3.43201],[101.65052,3.4318],[101.65075,3.43157],[101.65094,3.43155],[101.65112,3.43154],[101.65123,3.43188],[101.65139,3.43176],[101.65139,3.43165],[101.65187,3.43147],[101.65182,3.43128],[101.65199,3.43126],[101.65218,3.4314],[101.65228,3.43133],[101.6522,3.43121],[101.65234,3.4312]]]}},{"type":"Feature","properties":{"id":511079485,"kind":"basin"},"geometry":{"type":"Polygon","coordinates":[[[101.65035,3.43335],[101.64959,3.43279],[101.64901,3.43265],[101.64852,3.43316],[101.64888,3.43334],[101.64886,3.4337],[101.64884,3.43413],[101.64926,3.43427],[101.65035,3.43335]]]}},{"type":"Feature","properties":{"id":511079486,"kind":"basin"},"geometry":{"type":"Polygon","coordinates":[[[101.64436,3.43274],[101.64436,3.43241],[101.64441,3.43216],[101.64451,3.43219],[101.64478,3.43199],[101.64495,3.43227],[101.64481,3.43238],[101.64478,3.43237],[101.64461,3.43237],[101.64468,3.43256],[101.64463,3.43273],[101.64452,3.43278],[101.64436,3.43274]]]}},{"type":"Feature","properties":{"id":511079488,"kind":"basin"},"geometry":{"type":"Polygon","coordinates":[[[101.64594,3.43189],[101.64594,3.43187],[101.64586,3.43139],[101.64614,3.43108],[101.6463,3.4309],[101.64629,3.43077],[101.64656,3.43079],[101.64653,3.43135],[101.64653,3.43158],[101.64652,3.43167],[101.6462,3.43192],[101.64594,3.43189]]]}},{"type":"Feature","properties":{"id":511079497,"kind":"water"},"geometry":{"type":"Polygon","coordinates":[[[101.68283,3.47155],[101.68321,3.47112],[101.68349,3.47076],[101.68365,3.47089],[101.68372,3.47112],[101.68339,3.47117],[101.68328,3.4714],[101.68332,3.47146],[101.68314,3.47157],[101.68283,3.47155]]]}},{"type":"Feature","properties":{"id":511079498,"kind":"water"},"geometry":{"type":"Polygon","coordinates":[[[101.68228,3.47263],[101.68201,3.47252],[101.68204,3.47244],[101.68222,3.47244],[101.68234,3.47231],[101.68227,3.4722],[101.6827,3.47178],[101.68275,3.47222],[101.68295,3.47237],[101.68298,3.47248],[101.68264,3.47237],[101.68243,3.4725],[101.68228,3.47263]]]}},{"type":"Feature","properties":{"id":511079499,"kind":"water"},"geometry":{"type":"Polygon","coordinates":[[[101.68194,3.4734],[101.68194,3.47297],[101.68202,3.47279],[101.68217,3.47276],[101.68228,3.47287],[101.68229,3.47309],[101.6821,3.47317],[101.68202,3.4735],[101.68194,3.4734]]]}},{"type":"Feature","properties":{"id":511079584,"kind":"basin"},"geometry":{"type":"Polygon","coordinates":[[[101.67005,3.42916],[101.67028,3.42877],[101.67047,3.42888],[101.67024,3.42927],[101.67005,3.42916]]]}},{"type":"Feature","properties":{"id":511079594,"kind":"basin"},"geometry":{"type":"Polygon","coordinates":[[[101.67001,3.42847],[101.67017,3.42824],[101.6706,3.42845],[101.67044,3.42877],[101.67001,3.42847]]]}},{"type":"Feature","properties":{"id":511079595,"kind":"basin"},"geometry":{"type":"Polygon","coordinates":[[[101.66932,3.42951],[101.66961,3.42907],[101.67046,3.42962],[101.67031,3.42992],[101.66931,3.42956],[101.66932,3.42951]]]}},{"type":"Feature","properties":{"id":511079647,"kind":"pond"},"geometry":{"type":"Polygon","coordinates":[[[101.66875,3.40695],[101.66883,3.40675],[101.66887,3.40673],[101.66891,3.40673],[101.66926,3.40692],[101.66928,3.40695],[101.66929,3.40698],[101.66917,3.4072],[101.66913,3.40721],[101.6691,3.40721],[101.66878,3.407],[101.66876,3.40698],[101.66875,3.40695]]]}},{"type":"Feature","properties":{"id":511079649,"kind":"pond"},"geometry":{"type":"Polygon","coordinates":[[[101.66857,3.40843],[101.66856,3.40839],[101.66857,3.40832],[101.66859,3.40825],[101.66877,3.40806],[101.66884,3.40799],[101.66889,3.40797],[101.66895,3.40799],[101.66909,3.40805],[101.66921,3.40812],[101.66925,3.40817],[101.66926,3.40822],[101.66926,3.40829],[101.66924,3.40835],[101.66902,3.40872],[101.66898,3.40878],[101.66894,3.40879],[101.66889,3.40878],[101.66886,3.40876],[101.66859,3.40846],[101.66857,3.40843]]]}},{"type":"Feature","properties":{"id":511079650,"kind":"pond"},"geometry":{"type":"Polygon","coordinates":[[[101.66838,3.40839],[101.66835,3.40844],[101.66832,3.40846],[101.66828,3.40846],[101.6682,3.40844],[101.66816,3.40842],[101.66812,3.40838],[101.66808,3.40831],[101.66805,3.40823],[101.66804,3.40811],[101.66804,3.40802],[101.66806,3.4079],[101.66809,3.4078],[101.66814,3.40771],[101.66822,3.40761],[101.66836,3.40746],[101.66847,3.40736],[101.66851,3.40733],[101.66854,3.40733],[101.66859,3.40735],[101.66872,3.40748],[101.66876,3.40756],[101.66877,3.40761],[101.66875,3.40766],[101.66868,3.40779],[101.66852,3.40808],[101.66838,3.40839]]]}},{"type":"Feature","properties":{"id":511177636,"kind":"water"},"geometry":{"type":"Polygon","coordinates":[[[101.69613,3.46824],[101.69624,3.46813],[101.69639,3.46825],[101.69646,3.46839],[101.69646,3.46858],[101.69639,3.46875],[101.69633,3.46882],[101.69621,3.46875],[101.69619,3.46855],[101.69615,3.4683],[101.69613,3.46824]]]}},{"type":"Feature","properties":{"id":511177639,"kind":"basin"},"geometry":{"type":"Polygon","coordinates":[[[101.69742,3.46433],[101.69741,3.46408],[101.69751,3.46407],[101.69747,3.46387],[101.69737,3.46389],[101.69734,3.46375],[101.69767,3.46373],[101.69777,3.4643],[101.69758,3.46441],[101.69744,3.46436],[101.69742,3.46433]]]}},{"type":"Feature","properties":{"id":511177642,"kind":"basin"},"geometry":{"type":"Polygon","coordinates":[[[101.69698,3.46284],[101.69699,3.46248],[101.69748,3.46235],[101.69751,3.46281],[101.69698,3.46284]]]}},{"type":"Feature","properties":{"id":511393839,"kind":"basin"},"geometry":{"type":"Polygon","coordinates":[[[101.65305,3.46756],[101.65296,3.46738],[101.65352,3.46701],[101.65393,3.46699],[101.65402,3.46724],[101.6532,3.4676],[101.65305,3.46756]]]}},{"type":"Feature","properties":{"id":511393843,"kind":"basin"},"geometry":{"type":"Polygon","coordinates":[[[101.65459,3.46808],[101.65498,3.46756],[101.65527,3.46784],[101.65534,3.46792],[101.65526,3.46852],[101.65463,3.46819],[101.65459,3.46808]]]}},{"type":"Feature","properties":{"id":511393844,"kind":"basin"},"geometry":{"type":"Polygon","coordinates":[[[101.65435,3.46882],[101.65444,3.46824],[101.65523,3.46866],[101.65507,3.46925],[101.65449,3.469],[101.65435,3.46882]]]}},{"type":"Feature","properties":{"id":511393846,"kind":"basin"},"geometry":{"type":"Polygon","coordinates":[[[101.65338,3.46876],[101.65346,3.46832],[101.65353,3.46816],[101.65408,3.46799],[101.6542,3.4681],[101.65401,3.4688],[101.65376,3.46899],[101.65359,3.46889],[101.65341,3.46881],[101.65338,3.46876]]]}},{"type":"Feature","properties":{"id":511393847,"kind":"basin"},"geometry":{"type":"Polygon","coordinates":[[[101.65384,3.46906],[101.65408,3.46882],[101.65422,3.46897],[101.6543,3.4691],[101.65413,3.46941],[101.65384,3.46906]]]}},{"type":"Feature","properties":{"id":511393848,"kind":"basin"},"geometry":{"type":"Polygon","coordinates":[[[101.65375,3.47037],[101.65375,3.47016],[101.65383,3.47008],[101.65385,3.47],[101.65382,3.46996],[101.65384,3.46986],[101.65409,3.46979],[101.65415,3.46982],[101.65418,3.47009],[101.65417,3.47044],[101.65416,3.47049],[101.6541,3.47056],[101.65401,3.47061],[101.65395,3.47062],[101.6539,3.47057],[101.65375,3.47037]]]}},{"type":"Feature","properties":{"id":511393849,"kind":"basin"},"geometry":{"type":"Polygon","coordinates":[[[101.6527,3.46992],[101.65262,3.46911],[101.65281,3.46916],[101.65299,3.46935],[101.65308,3.46951],[101.65298,3.47009],[101.65294,3.4701],[101.65285,3.47004],[101.6527,3.46992]]]}},{"type":"Feature","properties":{"id":511393850,"kind":"basin"},"geometry":{"type":"Polygon","coordinates":[[[101.65327,3.4694],[101.65325,3.46926],[101.65327,3.46913],[101.65332,3.46909],[101.65337,3.46908],[101.65354,3.46917],[101.65368,3.46925],[101.65383,3.4694],[101.6539,3.46953],[101.65392,3.4696],[101.65393,3.46971],[101.65378,3.46979],[101.65359,3.46956],[101.65327,3.4694]]]}},{"type":"Feature","properties":{"id":511393851,"kind":"basin"},"geometry":{"type":"Polygon","coordinates":[[[101.65324,3.46868],[101.65316,3.46864],[101.653,3.46847],[101.65293,3.46832],[101.6527,3.46807],[101.65271,3.46795],[101.65284,3.46771],[101.65321,3.46767],[101.65333,3.46814],[101.65335,3.46852],[101.65331,3.46867],[101.65324,3.46868]]]}},{"type":"Feature","properties":{"id":511393854,"kind":"basin"},"geometry":{"type":"Polygon","coordinates":[[[101.65266,3.4689],[101.65262,3.46855],[101.65267,3.46848],[101.65276,3.46845],[101.65291,3.46864],[101.65317,3.46887],[101.65305,3.46917],[101.65266,3.4689]]]}},{"type":"Feature","properties":{"id":511393855,"kind":"basin"},"geometry":{"type":"Polygon","coordinates":[[[101.65202,3.46864],[101.65197,3.46843],[101.6524,3.46814],[101.65229,3.46866],[101.65202,3.46864]]]}},{"type":"Feature","properties":{"id":511393856,"kind":"basin"},"geometry":{"type":"Polygon","coordinates":[[[101.65226,3.46952],[101.65204,3.46908],[101.652,3.46884],[101.65206,3.46878],[101.65235,3.46879],[101.65241,3.46883],[101.6525,3.46895],[101.65252,3.46962],[101.65243,3.46966],[101.65226,3.46952]]]}},{"type":"Feature","properties":{"id":511393857,"kind":"basin"},"geometry":{"type":"Polygon","coordinates":[[[101.65158,3.46982],[101.65122,3.46901],[101.65153,3.46881],[101.65168,3.46877],[101.65173,3.4688],[101.65196,3.46953],[101.65158,3.46982]]]}},{"type":"Feature","properties":{"id":511393872,"kind":"basin"},"geometry":{"type":"Polygon","coordinates":[[[101.68271,3.45234],[101.68222,3.45178],[101.68239,3.45156],[101.68293,3.45208],[101.68279,3.45234],[101.68271,3.45234]]]}},{"type":"Feature","properties":{"id":513111964,"kind":"pond"},"geometry":{"type":"Polygon","coordinates":[[[101.54072,3.56765],[101.5408,3.56773],[101.54088,3.56782],[101.54098,3.5679],[101.54101,3.5678],[101.54097,3.56747],[101.54102,3.56727],[101.54095,3.5671],[101.54088,3.56701],[101.5409,3.56689],[101.54085,3.56674],[101.54077,3.56666],[101.54058,3.56666],[101.54035,3.5667],[101.54026,3.5667],[101.54022,3.56662],[101.5402,3.5664],[101.54011,3.56639],[101.54004,3.56638],[101.54006,3.56668],[101.54017,3.56699],[101.54029,3.56719],[101.54032,3.5673],[101.54033,3.56749],[101.54036,3.56764],[101.54046,3.5677],[101.54058,3.56772],[101.54072,3.56765]]]}},{"type":"Feature","properties":{"id":513319975,"kind":"pond"},"geometry":{"type":"Polygon","coordinates":[[[101.58274,3.63007],[101.58266,3.63035],[101.58275,3.63038],[101.58279,3.63041],[101.58279,3.63047],[101.58279,3.63055],[101.5828,3.6306],[101.58281,3.63066],[101.58278,3.63071],[101.58271,3.63068],[101.58257,3.63062],[101.58251,3.63064],[101.58251,3.63071],[101.58256,3.63079],[101.58265,3.63083],[101.58277,3.63085],[101.58286,3.63084],[101.58289,3.6308],[101.5829,3.63068],[101.58291,3.63055],[101.58297,3.63053],[101.58303,3.63053],[101.58308,3.6305],[101.58315,3.63039],[101.58315,3.63032],[101.58313,3.63026],[101.58312,3.63021],[101.58303,3.63017],[101.58289,3.63013],[101.58274,3.63007]]]}},{"type":"Feature","properties":{"id":513319976,"kind":"pond"},"geometry":{"type":"Polygon","coordinates":[[[101.57881,3.62769],[101.57881,3.62763],[101.57884,3.62757],[101.57893,3.62749],[101.579,3.62742],[101.57904,3.62733],[101.57902,3.62724],[101.57897,3.62716],[101.57896,3.62705],[101.57901,3.627],[101.57908,3.62696],[101.57916,3.62697],[101.57923,3.62699],[101.57931,3.62704],[101.57936,3.62711],[101.57939,3.62722],[101.57939,3.62729],[101.57935,3.62737],[101.5793,3.62744],[101.57924,3.62749],[101.57908,3.62757],[101.57881,3.62769]]]}},{"type":"Feature","properties":{"id":513821209,"kind":"basin"},"geometry":{"type":"Polygon","coordinates":[[[101.646,3.51406],[101.64636,3.51363],[101.64632,3.51353],[101.64651,3.5131],[101.647,3.5131],[101.64709,3.51338],[101.64726,3.51369],[101.64701,3.51392],[101.6469,3.51389],[101.64662,3.51411],[101.64619,3.51416],[101.646,3.51406]]]}},{"type":"Feature","properties":{"id":513821213,"kind":"basin"},"geometry":{"type":"Polygon","coordinates":[[[101.65001,3.51933],[101.65017,3.51895],[101.65042,3.51872],[101.65044,3.51847],[101.65038,3.51834],[101.65039,3.51811],[101.65061,3.51782],[101.65087,3.51778],[101.65097,3.51785],[101.65089,3.51804],[101.65098,3.51806],[101.65104,3.51787],[101.65103,3.51773],[101.65119,3.51775],[101.65124,3.51765],[101.65167,3.51765],[101.65145,3.51833],[101.6518,3.5185],[101.65201,3.51863],[101.65207,3.51873],[101.65203,3.5189],[101.65174,3.51905],[101.65137,3.51911],[101.65119,3.51907],[101.65089,3.51918],[101.65071,3.51922],[101.65044,3.51915],[101.65001,3.51933]]]}},{"type":"Feature","properties":{"id":513821217,"kind":"basin"},"geometry":{"type":"Polygon","coordinates":[[[101.6533,3.52379],[101.65326,3.52354],[101.65334,3.52353],[101.65363,3.52386],[101.65388,3.52399],[101.65379,3.524],[101.65373,3.52396],[101.65361,3.52421],[101.65351,3.52417],[101.65356,3.52389],[101.65344,3.52377],[101.6533,3.52379]]]}},{"type":"Feature","properties":{"id":513821222,"kind":"basin"},"geometry":{"type":"Polygon","coordinates":[[[101.64948,3.52771],[101.64948,3.52735],[101.64957,3.52712],[101.64991,3.52696],[101.65064,3.52705],[101.65086,3.52715],[101.6509,3.52734],[101.65058,3.5275],[101.65057,3.52765],[101.65018,3.52788],[101.64993,3.52794],[101.6498,3.52788],[101.64975,3.52767],[101.64948,3.52771]]]}},{"type":"Feature","properties":{"id":513821225,"kind":"basin"},"geometry":{"type":"Polygon","coordinates":[[[101.64923,3.52625],[101.64926,3.52586],[101.64943,3.52584],[101.64955,3.52561],[101.64983,3.52545],[101.65013,3.52538],[101.65032,3.52535],[101.6506,3.52542],[101.65082,3.52536],[101.65085,3.52544],[101.6508,3.52575],[101.65086,3.5259],[101.65096,3.526],[101.65107,3.52626],[101.65113,3.52659],[101.65108,3.52664],[101.65097,3.52663],[101.65083,3.52674],[101.65059,3.52675],[101.65059,3.52697],[101.65011,3.52687],[101.65019,3.52667],[101.64948,3.5264],[101.64923,3.52625]]]}},{"type":"Feature","properties":{"id":513821229,"kind":"basin"},"geometry":{"type":"Polygon","coordinates":[[[101.64918,3.52482],[101.64913,3.52467],[101.64929,3.52434],[101.64904,3.52424],[101.64902,3.524],[101.6488,3.5238],[101.64885,3.52339],[101.64916,3.52331],[101.6492,3.52311],[101.6494,3.5231],[101.64957,3.52324],[101.64969,3.52312],[101.64975,3.52315],[101.65001,3.5233],[101.64999,3.52364],[101.6501,3.5238],[101.65039,3.52447],[101.65052,3.52448],[101.65059,3.5247],[101.65039,3.52476],[101.65019,3.52475],[101.64998,3.52467],[101.64973,3.52477],[101.64953,3.52476],[101.64931,3.52485],[101.64918,3.52482]]]}},{"type":"Feature","properties":{"id":513821252,"kind":"basin"},"geometry":{"type":"Polygon","coordinates":[[[101.6483,3.52487],[101.64822,3.52438],[101.64873,3.52432],[101.64882,3.52474],[101.6483,3.52487]]]}},{"type":"Feature","properties":{"id":513821256,"kind":"basin"},"geometry":{"type":"Polygon","coordinates":[[[101.6484,3.52537],[101.64827,3.52496],[101.64881,3.52482],[101.64895,3.52527],[101.6484,3.52537]]]}},{"type":"Feature","properties":{"id":514167917,"kind":"basin"},"geometry":{"type":"Polygon","coordinates":[[[101.63789,3.51076],[101.63796,3.51065],[101.63861,3.51099],[101.63874,3.51105],[101.63875,3.51121],[101.63834,3.51118],[101.63808,3.51101],[101.63789,3.51076]]]}},{"type":"Feature","properties":{"id":514167918,"kind":"basin"},"geometry":{"type":"Polygon","coordinates":[[[101.63785,3.51342],[101.63735,3.51295],[101.63751,3.51275],[101.63801,3.51284],[101.63845,3.51304],[101.63846,3.51322],[101.63785,3.51342]]]}},{"type":"Feature","properties":{"id":518268373,"kind":"basin"},"geometry":{"type":"Polygon","coordinates":[[[101.6617,3.46412],[101.6617,3.46354],[101.66176,3.46341],[101.66198,3.46348],[101.66227,3.46346],[101.66248,3.46335],[101.66265,3.46317],[101.66288,3.46319],[101.66286,3.4642],[101.66246,3.46422],[101.6617,3.46412]]]}},{"type":"Feature","properties":{"id":525766894,"kind":"water"},"geometry":{"type":"Polygon","coordinates":[[[102.08489,3.02188],[102.08485,3.02185],[102.08478,3.02181],[102.08473,3.02177],[102.0847,3.02171],[102.08465,3.02167],[102.0846,3.02166],[102.08456,3.02163],[102.08451,3.02161],[102.08443,3.0216],[102.08439,3.02162],[102.0843,3.02164],[102.08423,3.02164],[102.08417,3.02162],[102.08411,3.0216],[102.08406,3.02157],[102.08404,3.02155],[102.08404,3.02151],[102.08406,3.02148],[102.0841,3.02147],[102.08414,3.02146],[102.0842,3.02144],[102.08427,3.02141],[102.08431,3.02138],[102.08434,3.02136],[102.08438,3.02136],[102.08442,3.02136],[102.08448,3.02136],[102.08451,3.02138],[102.08455,3.02138],[102.08459,3.02138],[102.08462,3.0214],[102.08465,3.02143],[102.08468,3.02144],[102.08472,3.02145],[102.08475,3.02145],[102.08478,3.02143],[102.0848,3.0214],[102.08483,3.02138],[102.08486,3.02137],[102.08489,3.02138],[102.08492,3.02141],[102.08493,3.02144],[102.08493,3.02148],[102.08493,3.02153],[102.08495,3.0216],[102.08496,3.02166],[102.08497,3.02171],[102.08497,3.02175],[102.08497,3.02182],[102.08495,3.02187],[102.08493,3.02189],[102.08491,3.0219],[102.08489,3.02188]]]}},{"type":"Feature","properties":{"id":525766896,"kind":"water"},"geometry":{"type":"Polygon","coordinates":[[[102.08523,3.02235],[102.08519,3.02228],[102.08514,3.0222],[102.08512,3.02211],[102.08511,3.02205],[102.0851,3.02197],[102.08511,3.02191],[102.08511,3.02186],[102.08513,3.02181],[102.08518,3.02174],[102.08523,3.02169],[102.08531,3.02164],[102.08535,3.02162],[102.08539,3.02161],[102.08545,3.02161],[102.08549,3.02161],[102.08554,3.02163],[102.08558,3.02166],[102.08564,3.02169],[102.0857,3.0217],[102.08576,3.02171],[102.08582,3.02174],[102.08591,3.02177],[102.08595,3.02181],[102.08596,3.02186],[102.08593,3.02193],[102.08588,3.022],[102.08579,3.0221],[102.08575,3.02218],[102.08569,3.02225],[102.08563,3.02232],[102.08559,3.02236],[102.08551,3.0224],[102.08546,3.02241],[102.08542,3.02241],[102.08537,3.02241],[102.08532,3.0224],[102.08528,3.02238],[102.08523,3.02235]]]}},{"type":"Feature","properties":{"id":525767128,"kind":"water"},"geometry":{"type":"Polygon","coordinates":[[[102.08504,3.02095],[102.08515,3.0208],[102.08516,3.02078],[102.08514,3.02075],[102.08486,3.02059],[102.08478,3.02054],[102.08473,3.0205],[102.0847,3.0205],[102.08469,3.02052],[102.0847,3.02057],[102.08476,3.02068],[102.08487,3.0208],[102.08495,3.02089],[102.085,3.02093],[102.08504,3.02095]]]}},{"type":"Feature","properties":{"id":525768811,"kind":"water"},"geometry":{"type":"Polygon","coordinates":[[[102.07856,3.02236],[102.07852,3.02239],[102.07847,3.0224],[102.07842,3.02238],[102.07841,3.02231],[102.07841,3.02219],[102.07838,3.02217],[102.07832,3.0222],[102.07826,3.02219],[102.07823,3.02214],[102.07813,3.02208],[102.07808,3.02207],[102.07799,3.02206],[102.07797,3.02202],[102.07796,3.02198],[102.07795,3.02193],[102.07794,3.02189],[102.07794,3.02185],[102.07795,3.02179],[102.07801,3.02176],[102.07808,3.02179],[102.07816,3.02179],[102.07826,3.0218],[102.07834,3.02181],[102.07838,3.02181],[102.0784,3.0218],[102.07846,3.02178],[102.0785,3.0218],[102.07856,3.02182],[102.07864,3.02178],[102.07869,3.02183],[102.07869,3.02187],[102.07869,3.02195],[102.0787,3.02203],[102.07873,3.02206],[102.07879,3.02211],[102.07881,3.02218],[102.0788,3.02221],[102.07878,3.02226],[102.07875,3.02227],[102.07872,3.02227],[102.07867,3.02226],[102.07864,3.02228],[102.0786,3.0223],[102.07858,3.02233],[102.07856,3.02236]]]}},{"type":"Feature","properties":{"id":525768815,"kind":"water"},"geometry":{"type":"Polygon","coordinates":[[[102.07878,3.02443],[102.0786,3.02452],[102.07856,3.02451],[102.07854,3.02446],[102.07854,3.02438],[102.07853,3.02431],[102.07848,3.02423],[102.07844,3.02418],[102.0784,3.02411],[102.07836,3.02409],[102.07823,3.02408],[102.07807,3.02407],[102.078,3.02404],[102.07786,3.02397],[102.07774,3.02389],[102.07766,3.0238],[102.07765,3.02369],[102.07768,3.02359],[102.07777,3.02344],[102.0779,3.02332],[102.078,3.02325],[102.07806,3.02317],[102.07813,3.02315],[102.07821,3.02314],[102.07832,3.02315],[102.07844,3.02304],[102.07848,3.02298],[102.07851,3.02294],[102.07857,3.02292],[102.07861,3.02296],[102.07864,3.02301],[102.07863,3.02311],[102.07859,3.02318],[102.07862,3.02321],[102.07866,3.02322],[102.07874,3.02315],[102.07878,3.02315],[102.07879,3.02318],[102.07883,3.0232],[102.07887,3.02319],[102.07892,3.02315],[102.07897,3.02315],[102.07902,3.02314],[102.07905,3.02311],[102.07907,3.02309],[102.07909,3.02308],[102.07913,3.02307],[102.07918,3.02308],[102.0792,3.0231],[102.0792,3.02317],[102.07915,3.02321],[102.07909,3.02326],[102.07905,3.02329],[102.07901,3.02326],[102.07899,3.02326],[102.07893,3.02326],[102.07892,3.0233],[102.07894,3.02335],[102.07898,3.02337],[102.079,3.0234],[102.07901,3.02344],[102.07901,3.02348],[102.07897,3.02353],[102.07894,3.02354],[102.0789,3.02353],[102.07887,3.02354],[102.07884,3.02354],[102.07883,3.02349],[102.07881,3.02347],[102.07875,3.02346],[102.07873,3.02348],[102.07869,3.02349],[102.07866,3.02353],[102.07865,3.02356],[102.07861,3.02357],[102.07858,3.02359],[102.0786,3.02362],[102.07861,3.02365],[102.0786,3.02367],[102.07858,3.02371],[102.07854,3.02374],[102.07847,3.02375],[102.07843,3.02377],[102.07838,3.02383],[102.07832,3.02391],[102.07834,3.02394],[102.0784,3.02402],[102.07846,3.02406],[102.07856,3.02406],[102.07861,3.02408],[102.07867,3.02411],[102.07872,3.02413],[102.07879,3.02416],[102.07883,3.02421],[102.07888,3.02425],[102.0789,3.0243],[102.07889,3.02434],[102.07885,3.02438],[102.07878,3.02443]]]}},{"type":"Feature","properties":{"id":534842576,"kind":"pond"},"geometry":{"type":"Polygon","coordinates":[[[101.66659,3.54338],[101.66657,3.54351],[101.66668,3.5436],[101.66695,3.54362],[101.6683,3.54344],[101.66888,3.54328],[101.66915,3.54328],[101.6694,3.54341],[101.66943,3.54357],[101.66937,3.54394],[101.66935,3.54426],[101.66943,3.54443],[101.66956,3.54454],[101.66973,3.54454],[101.66992,3.5445],[101.67003,3.54454],[101.67015,3.54465],[101.67074,3.54516],[101.67095,3.54524],[101.6713,3.54534],[101.67158,3.54532],[101.67173,3.54524],[101.67185,3.5451],[101.67187,3.54497],[101.67181,3.54481],[101.67176,3.54467],[101.67175,3.54455],[101.67189,3.54438],[101.67218,3.54425],[101.6729,3.544],[101.67329,3.54383],[101.67347,3.54361],[101.67356,3.54342],[101.6736,3.54317],[101.67361,3.54284],[101.67335,3.54265],[101.67302,3.54192],[101.67287,3.54191],[101.67252,3.54203],[101.67242,3.54195],[101.67245,3.54179],[101.67249,3.54159],[101.6724,3.54144],[101.67221,3.54133],[101.67188,3.54133],[101.67149,3.54125],[101.67123,3.5413],[101.67103,3.54145],[101.67074,3.54161],[101.67081,3.5419],[101.67077,3.54213],[101.67064,3.54248],[101.67056,3.54263],[101.67039,3.54267],[101.67028,3.54263],[101.67009,3.54266],[101.66988,3.5427],[101.66975,3.54257],[101.66973,3.54242],[101.66975,3.54231],[101.66969,3.54221],[101.66958,3.54212],[101.66876,3.54241],[101.66836,3.54256],[101.66814,3.54265],[101.668,3.54274],[101.66783,3.54282],[101.66776,3.54296],[101.66764,3.54304],[101.66749,3.54304],[101.66716,3.54309],[101.66702,3.54319],[101.6669,3.54328],[101.66659,3.54338]]]}},{"type":"Feature","properties":{"id":534842577,"kind":"pond"},"geometry":{"type":"Polygon","coordinates":[[[101.66984,3.54513],[101.66919,3.54474],[101.669,3.54473],[101.66884,3.54491],[101.66842,3.54555],[101.66819,3.54562],[101.668,3.54568],[101.66795,3.54582],[101.66797,3.54595],[101.66809,3.54601],[101.66812,3.54611],[101.66809,3.54627],[101.668,3.54641],[101.66795,3.54652],[101.66806,3.54658],[101.66824,3.54644],[101.6684,3.54617],[101.66857,3.54615],[101.66878,3.54617],[101.66884,3.54601],[101.66892,3.54585],[101.669,3.54574],[101.66911,3.54566],[101.66927,3.54564],[101.66939,3.54572],[101.66943,3.54593],[101.66932,3.54629],[101.66939,3.54702],[101.66939,3.5472],[101.66948,3.54734],[101.66959,3.54735],[101.66977,3.54719],[101.66993,3.5468],[101.67015,3.54636],[101.6702,3.54603],[101.67015,3.5457],[101.67007,3.5454],[101.66984,3.54513]]]}},{"type":"Feature","properties":{"id":534842579,"kind":"pond"},"geometry":{"type":"Polygon","coordinates":[[[101.68136,3.54708],[101.68076,3.54603],[101.68059,3.54553],[101.68042,3.54518],[101.68013,3.54505],[101.67994,3.54505],[101.67977,3.54533],[101.67928,3.54593],[101.67926,3.54617],[101.67942,3.54666],[101.67972,3.54717],[101.67979,3.54756],[101.67997,3.54806],[101.68015,3.54828],[101.68032,3.54837],[101.68048,3.54846],[101.6806,3.54855],[101.68065,3.54877],[101.68067,3.54897],[101.68086,3.54919],[101.68126,3.54934],[101.68197,3.54955],[101.68219,3.54956],[101.6823,3.54939],[101.68228,3.54916],[101.68216,3.54879],[101.68136,3.54708]]]}},{"type":"Feature","properties":{"id":534842582,"kind":"pond"},"geometry":{"type":"Polygon","coordinates":[[[101.67743,3.5449],[101.67737,3.54504],[101.6773,3.54517],[101.67736,3.54529],[101.67739,3.54545],[101.67743,3.54556],[101.6776,3.54562],[101.67777,3.54569],[101.6781,3.54582],[101.67838,3.54605],[101.67846,3.54617],[101.67857,3.54619],[101.67869,3.54617],[101.67889,3.54601],[101.67923,3.54565],[101.67937,3.54537],[101.67938,3.54469],[101.67936,3.54441],[101.67931,3.54424],[101.67919,3.54413],[101.679,3.54394],[101.67884,3.54391],[101.67874,3.54394],[101.67863,3.54388],[101.67834,3.54373],[101.67821,3.5437],[101.67809,3.54375],[101.678,3.54379],[101.67794,3.54376],[101.67784,3.54371],[101.67774,3.54357],[101.67748,3.54311],[101.67739,3.54301],[101.67728,3.543],[101.67724,3.54313],[101.67718,3.54324],[101.67701,3.54333],[101.67693,3.5434],[101.67689,3.54363],[101.67691,3.54374],[101.67698,3.54387],[101.67692,3.54401],[101.67691,3.54422],[101.67697,3.54435],[101.67709,3.54451],[101.6772,3.54464],[101.67734,3.54474],[101.67743,3.5449]]]}},{"type":"Feature","properties":{"id":534842584,"kind":"pond"},"geometry":{"type":"Polygon","coordinates":[[[101.67616,3.54148],[101.67597,3.54159],[101.67587,3.54172],[101.67582,3.54184],[101.67575,3.54193],[101.67563,3.54198],[101.6755,3.54201],[101.67542,3.54198],[101.67539,3.54194],[101.67541,3.54181],[101.67547,3.5415],[101.67554,3.54124],[101.67557,3.5411],[101.6755,3.54111],[101.67529,3.54175],[101.67523,3.54197],[101.67523,3.54207],[101.67528,3.54213],[101.67538,3.54217],[101.67557,3.54214],[101.67576,3.54206],[101.67587,3.54195],[101.67597,3.54178],[101.67608,3.54164],[101.67612,3.54159],[101.67616,3.54148]]]}},{"type":"Feature","properties":{"id":534842585,"kind":"pond"},"geometry":{"type":"Polygon","coordinates":[[[101.67845,3.5425],[101.67829,3.54246],[101.67806,3.54252],[101.67782,3.54253],[101.67763,3.54267],[101.67751,3.54277],[101.67754,3.54287],[101.67777,3.54301],[101.67796,3.54312],[101.67818,3.54327],[101.6783,3.54335],[101.6784,3.54335],[101.67849,3.5433],[101.67861,3.54315],[101.67864,3.543],[101.6786,3.54278],[101.67854,3.54263],[101.67845,3.5425]]]}},{"type":"Feature","properties":{"id":535575953,"kind":"pond"},"geometry":{"type":"Polygon","coordinates":[[[101.51935,3.76937],[101.51941,3.76945],[101.51943,3.76948],[101.51949,3.76947],[101.51953,3.76947],[101.51958,3.7695],[101.5196,3.76959],[101.51959,3.76964],[101.51957,3.76969],[101.51962,3.76973],[101.51971,3.76976],[101.51981,3.76972],[101.51988,3.76973],[101.51997,3.76976],[101.52005,3.76977],[101.5201,3.76976],[101.52013,3.76972],[101.52015,3.76967],[101.52013,3.76961],[101.52002,3.76954],[101.51993,3.76946],[101.51977,3.76929],[101.51957,3.76909],[101.51944,3.76893],[101.51934,3.76885],[101.51925,3.7688],[101.5192,3.76882],[101.51916,3.76886],[101.5191,3.76895],[101.51909,3.76901],[101.51909,3.76909],[101.51914,3.76916],[101.51925,3.76928],[101.51935,3.76937]]]}},{"type":"Feature","properties":{"id":535575955,"kind":"pond"},"geometry":{"type":"Polygon","coordinates":[[[101.52151,3.76963],[101.52143,3.76971],[101.52141,3.76979],[101.5213,3.76983],[101.52125,3.76992],[101.52121,3.77],[101.52114,3.77],[101.52107,3.76998],[101.52103,3.76989],[101.52104,3.76983],[101.52112,3.76977],[101.5213,3.76964],[101.52134,3.76964],[101.5214,3.76961],[101.52142,3.76956],[101.52146,3.76949],[101.52157,3.76941],[101.52165,3.76938],[101.52172,3.76932],[101.52187,3.76925],[101.52193,3.76923],[101.52202,3.76924],[101.52202,3.7693],[101.52198,3.76933],[101.52185,3.76943],[101.52179,3.76944],[101.52174,3.76943],[101.52167,3.76942],[101.52161,3.76943],[101.52156,3.76949],[101.52156,3.76953],[101.52155,3.76958],[101.52151,3.76963]]]}},{"type":"Feature","properties":{"id":535575957,"kind":"pond"},"geometry":{"type":"Polygon","coordinates":[[[101.52433,3.76537],[101.52426,3.76556],[101.52426,3.76569],[101.52434,3.76582],[101.52446,3.76579],[101.5245,3.76568],[101.52455,3.76553],[101.52455,3.76541],[101.52453,3.76531],[101.52456,3.76525],[101.52465,3.76524],[101.52479,3.76528],[101.52487,3.76539],[101.52493,3.76543],[101.52505,3.76544],[101.52519,3.76543],[101.52535,3.76534],[101.52532,3.7652],[101.5253,3.76512],[101.52523,3.76508],[101.52507,3.76504],[101.52503,3.76498],[101.525,3.76488],[101.52495,3.76481],[101.52482,3.76475],[101.52473,3.76478],[101.52466,3.76484],[101.52459,3.76484],[101.52454,3.7648],[101.52446,3.76479],[101.52433,3.76483],[101.52425,3.76488],[101.52423,3.76497],[101.5242,3.76504],[101.52419,3.76516],[101.52424,3.7653],[101.52427,3.76534],[101.52433,3.76537]]]}},{"type":"Feature","properties":{"id":535575976,"kind":"pond"},"geometry":{"type":"Polygon","coordinates":[[[101.51581,3.76329],[101.51584,3.76311],[101.51585,3.76302],[101.51581,3.76291],[101.51576,3.7628],[101.51575,3.76275],[101.51576,3.76268],[101.51583,3.76261],[101.51591,3.76259],[101.51598,3.76258],[101.51601,3.76252],[101.516,3.76247],[101.51597,3.76243],[101.5159,3.76242],[101.51584,3.76244],[101.51574,3.76251],[101.51555,3.76282],[101.51552,3.76288],[101.51549,3.76296],[101.51545,3.76302],[101.5154,3.76306],[101.51529,3.76312],[101.51523,3.7632],[101.51515,3.76343],[101.51515,3.76348],[101.51514,3.76353],[101.5151,3.76359],[101.51499,3.76373],[101.51489,3.764],[101.51504,3.76408],[101.51519,3.76392],[101.51529,3.76386],[101.51539,3.76381],[101.51551,3.76373],[101.51561,3.76365],[101.51569,3.76359],[101.51569,3.76352],[101.51568,3.76344],[101.51571,3.76339],[101.51578,3.76334],[101.51581,3.76329]]]}},{"type":"Feature","properties":{"id":535575979,"kind":"pond"},"geometry":{"type":"Polygon","coordinates":[[[101.5181,3.76485],[101.51787,3.76452],[101.51777,3.76451],[101.5176,3.76452],[101.51753,3.7646],[101.5175,3.76464],[101.51753,3.7647],[101.51761,3.76474],[101.51773,3.7648],[101.51777,3.76486],[101.5178,3.76491],[101.51786,3.76496],[101.51793,3.765],[101.51798,3.76501],[101.51806,3.76496],[101.51811,3.76491],[101.5181,3.76485]]]}},{"type":"Feature","properties":{"id":535575983,"kind":"pond"},"geometry":{"type":"Polygon","coordinates":[[[101.49745,3.75552],[101.49759,3.75558],[101.49775,3.7556],[101.49788,3.75555],[101.49799,3.75547],[101.49806,3.75546],[101.4981,3.75548],[101.49812,3.75551],[101.49807,3.75561],[101.49799,3.75571],[101.49787,3.75576],[101.49768,3.75577],[101.49759,3.75575],[101.49749,3.75573],[101.4974,3.75569],[101.49728,3.75562],[101.49723,3.75553],[101.49728,3.75551],[101.49734,3.75549],[101.49739,3.75548],[101.49745,3.75552]]]}},{"type":"Feature","properties":{"id":539210219,"kind":"river"},"geometry":{"type":"Polygon","coordinates":[[[101.13033,3.44684],[101.13056,3.44685],[101.13124,3.447],[101.13244,3.44753],[101.13308,3.44788],[101.13325,3.44822],[101.13319,3.4485],[101.13312,3.44876],[101.13299,3.44885],[101.13314,3.44891],[101.13325,3.44876],[101.13335,3.44876],[101.13342,3.44882],[101.13338,3.44906],[101.13352,3.4494],[101.13354,3.44973],[101.13356,3.45022],[101.13367,3.45045],[101.13389,3.45082],[101.13424,3.45101],[101.1343,3.45127],[101.13443,3.45146],[101.13464,3.45148],[101.13477,3.45135],[101.13483,3.45118],[101.13488,3.45098],[101.13471,3.45088],[101.1343,3.45083],[101.13424,3.45069],[101.13398,3.45058],[101.13391,3.45026],[101.13387,3.44998],[101.13404,3.44987],[101.134,3.44972],[101.13391,3.4493],[101.13374,3.44876],[101.13363,3.4485],[101.13378,3.44805],[101.13358,3.44773],[101.13317,3.44736],[101.13237,3.44699],[101.13243,3.44688],[101.13291,3.44655],[101.13271,3.44653],[101.13221,3.44683],[101.13195,3.4469],[101.13143,3.44671],[101.13113,3.4466],[101.13101,3.44647],[101.13083,3.4464],[101.13075,3.44628],[101.13056,3.44652],[101.13033,3.44684]]]}},{"type":"Feature","properties":{"id":539210229,"kind":"lake"},"geometry":{"type":"Polygon","coordinates":[[[101.01939,3.63807],[101.01884,3.63756],[101.0188,3.6375],[101.0189,3.63737],[101.0191,3.63731],[101.01919,3.63712],[101.01923,3.63697],[101.01939,3.6369],[101.01951,3.63679],[101.01962,3.63662],[101.01979,3.63667],[101.02011,3.637],[101.02031,3.6373],[101.02038,3.6374],[101.02052,3.63739],[101.02056,3.63745],[101.02053,3.63758],[101.02016,3.63794],[101.01996,3.63803],[101.01981,3.63794],[101.01979,3.6378],[101.01956,3.6376],[101.01941,3.6376],[101.01936,3.63773],[101.01941,3.63786],[101.01934,3.6379],[101.01943,3.63803],[101.01939,3.63807]]]}},{"type":"Feature","properties":{"id":539217793,"kind":"lake"},"geometry":{"type":"Polygon","coordinates":[[[101.55962,3.45358],[101.55953,3.45349],[101.55874,3.45335],[101.55854,3.45344],[101.55808,3.45349],[101.55787,3.45362],[101.55772,3.45405],[101.55804,3.45419],[101.55819,3.45442],[101.55836,3.45445],[101.55839,3.45463],[101.55857,3.45481],[101.55872,3.45478],[101.55879,3.4547],[101.55893,3.45467],[101.55901,3.45394],[101.55936,3.45394],[101.55959,3.45388],[101.55962,3.45358]]]}},{"type":"Feature","properties":{"id":540737810,"kind":"lake"},"geometry":{"type":"Polygon","coordinates":[[[101.79072,2.58058],[101.79108,2.58149],[101.79094,2.5816],[101.79056,2.58146],[101.79019,2.58123],[101.7902,2.58093],[101.79072,2.58058]]]}},{"type":"Feature","properties":{"id":541648919,"kind":"pond"},"geometry":{"type":"Polygon","coordinates":[[[101.53959,3.72658],[101.54016,3.72588],[101.54062,3.72563],[101.54096,3.72545],[101.54142,3.72503],[101.54137,3.72498],[101.54082,3.72521],[101.53952,3.72576],[101.53927,3.72597],[101.53909,3.72626],[101.53898,3.72677],[101.53886,3.72713],[101.5387,3.72742],[101.53836,3.72775],[101.53815,3.72788],[101.53807,3.72789],[101.53756,3.72782],[101.53736,3.7279],[101.53709,3.72797],[101.53684,3.72792],[101.53659,3.72786],[101.53649,3.72778],[101.53643,3.72763],[101.53642,3.72719],[101.53634,3.72698],[101.53575,3.72653],[101.53554,3.72604],[101.53543,3.7255],[101.53543,3.72529],[101.53527,3.72522],[101.53497,3.72445],[101.53471,3.72442],[101.53457,3.72437],[101.53421,3.72446],[101.53414,3.72511],[101.53398,3.72508],[101.5339,3.72517],[101.5339,3.72525],[101.53404,3.72529],[101.53411,3.72535],[101.53412,3.72546],[101.53415,3.72561],[101.53425,3.72576],[101.53442,3.72593],[101.53449,3.72618],[101.53458,3.72661],[101.53473,3.72695],[101.53481,3.72737],[101.53486,3.72754],[101.53485,3.72763],[101.53477,3.72773],[101.53475,3.72783],[101.53479,3.72795],[101.53494,3.72812],[101.53529,3.72905],[101.53533,3.72915],[101.53542,3.72916],[101.53614,3.72896],[101.53639,3.72897],[101.53658,3.72924],[101.53654,3.72936],[101.53639,3.72947],[101.53564,3.7298],[101.53476,3.73013],[101.53471,3.73023],[101.5347,3.7303],[101.53487,3.73028],[101.53516,3.73018],[101.53586,3.72986],[101.53595,3.72988],[101.53603,3.72999],[101.53621,3.73006],[101.53666,3.73033],[101.53705,3.73065],[101.53717,3.73092],[101.53722,3.731],[101.53731,3.73102],[101.53739,3.73105],[101.53744,3.73114],[101.53746,3.73121],[101.53752,3.73126],[101.53758,3.73122],[101.5377,3.73121],[101.53782,3.73123],[101.53835,3.73239],[101.53821,3.73268],[101.53816,3.73292],[101.53819,3.73366],[101.53829,3.73401],[101.53851,3.73444],[101.53908,3.73466],[101.53956,3.7347],[101.53993,3.73445],[101.53991,3.73416],[101.5397,3.73382],[101.53964,3.73353],[101.53936,3.73316],[101.53922,3.73296],[101.53927,3.73276],[101.53943,3.73255],[101.53938,3.73218],[101.53951,3.73177],[101.54047,3.73124],[101.54042,3.73085],[101.53948,3.73097],[101.53899,3.73112],[101.53868,3.73126],[101.5386,3.73149],[101.53852,3.73165],[101.53837,3.73163],[101.53821,3.73155],[101.53808,3.73127],[101.53798,3.73099],[101.53814,3.73081],[101.53825,3.7307],[101.53826,3.73053],[101.53805,3.73046],[101.53793,3.73039],[101.53789,3.73029],[101.53779,3.72976],[101.53772,3.72962],[101.53757,3.7295],[101.53731,3.72942],[101.53684,3.72918],[101.53671,3.72876],[101.53706,3.72857],[101.53747,3.72818],[101.53761,3.72792],[101.53809,3.72802],[101.53894,3.72777],[101.53912,3.72763],[101.53923,3.72745],[101.53924,3.72714],[101.53959,3.72658]]]}},{"type":"Feature","properties":{"id":541823721,"kind":"lake"},"geometry":{"type":"Polygon","coordinates":[[[101.65504,3.54011],[101.65575,3.54098],[101.65563,3.5416],[101.65572,3.54203],[101.65591,3.54226],[101.65603,3.54248],[101.65595,3.54253],[101.65615,3.54282],[101.6564,3.54282],[101.65656,3.54307],[101.65644,3.54312],[101.65646,3.54344],[101.65667,3.54384],[101.65715,3.54407],[101.65728,3.54429],[101.65717,3.54451],[101.65671,3.54433],[101.65611,3.54445],[101.6556,3.54356],[101.65526,3.54268],[101.65526,3.5423],[101.65518,3.54212],[101.65498,3.54203],[101.65471,3.54138],[101.65459,3.54088],[101.65467,3.54065],[101.6546,3.54042],[101.65444,3.54025],[101.65454,3.54006],[101.65504,3.54011]]]}},{"type":"Feature","properties":{"id":542248736,"kind":"basin"},"geometry":{"type":"Polygon","coordinates":[[[101.64188,3.48376],[101.64279,3.48331],[101.64281,3.48244],[101.64308,3.48316],[101.64402,3.4828],[101.64417,3.48285],[101.64463,3.48331],[101.64454,3.48338],[101.64408,3.48299],[101.64333,3.48324],[101.64279,3.48348],[101.64202,3.48387],[101.64188,3.48376]]]}},{"type":"Feature","properties":{"id":543425724,"kind":"river"},"geometry":{"type":"Polygon","coordinates":[[[101.27324,3.36236],[101.27376,3.36277],[101.27419,3.36324],[101.27448,3.36371],[101.27473,3.36413],[101.27487,3.36456],[101.27521,3.36538],[101.27543,3.36668],[101.27584,3.36801],[101.27635,3.36928],[101.27723,3.37041],[101.27826,3.37133],[101.27969,3.37226],[101.28083,3.37269],[101.28202,3.37321],[101.28346,3.37418],[101.28384,3.37473],[101.28429,3.37545],[101.28432,3.37601],[101.28391,3.37654],[101.28259,3.37779],[101.28002,3.38027],[101.27917,3.38166],[101.27887,3.38259],[101.27907,3.38381],[101.27943,3.38504],[101.27978,3.38578],[101.28039,3.38629],[101.28096,3.38648],[101.28191,3.38621],[101.28254,3.38582],[101.28348,3.38496],[101.28467,3.38416],[101.285,3.38377],[101.28578,3.38319],[101.28696,3.38288],[101.28748,3.38284],[101.28826,3.38278],[101.28946,3.3832],[101.2902,3.38368],[101.29074,3.38424],[101.29139,3.38548],[101.2921,3.38686],[101.29265,3.38819],[101.29264,3.3887],[101.29296,3.3897],[101.29339,3.39009],[101.2942,3.39026],[101.29501,3.38993],[101.29579,3.38902],[101.29699,3.3877],[101.2977,3.3868],[101.29807,3.38605],[101.29815,3.38552],[101.29831,3.38492],[101.29848,3.38453],[101.29848,3.38371],[101.29817,3.38295],[101.29793,3.38257],[101.29752,3.38231],[101.2961,3.38205],[101.29421,3.38208],[101.29292,3.3822],[101.292,3.38217],[101.29131,3.38202],[101.29055,3.38164],[101.28972,3.38105],[101.289,3.38039],[101.28814,3.37923],[101.28778,3.37838],[101.28752,3.37721],[101.2872,3.37525],[101.28735,3.37427],[101.28784,3.37303],[101.28802,3.37249],[101.28846,3.37203],[101.28906,3.372],[101.29029,3.37266],[101.29152,3.37365],[101.29266,3.37453],[101.29359,3.37515],[101.29442,3.37553],[101.29581,3.37576],[101.29667,3.37577],[101.2977,3.37571],[101.29907,3.37543],[101.29991,3.37485],[101.30038,3.37398],[101.30044,3.37308],[101.30025,3.37239],[101.29985,3.37131],[101.29927,3.37045],[101.29856,3.36983],[101.29731,3.36877],[101.29672,3.36827],[101.29616,3.36769],[101.29591,3.36703],[101.29591,3.36607],[101.2958,3.36534],[101.29579,3.36469],[101.29604,3.36431],[101.29676,3.36389],[101.29749,3.36355],[101.29871,3.3634],[101.29995,3.36333],[101.30078,3.36318],[101.3016,3.36326],[101.30251,3.3638],[101.30292,3.36421],[101.30316,3.36473],[101.30297,3.36565],[101.30253,3.36668],[101.30198,3.36776],[101.30149,3.36881],[101.30133,3.37024],[101.30137,3.37148],[101.30186,3.3725],[101.30235,3.37333],[101.30329,3.37465],[101.3039,3.37526],[101.30531,3.37625],[101.30654,3.37686],[101.3076,3.37715],[101.3082,3.37707],[101.30885,3.37658],[101.30922,3.37598],[101.30951,3.37505],[101.30974,3.37358],[101.30987,3.37223],[101.30994,3.37106],[101.30993,3.36945],[101.30984,3.36829],[101.30963,3.36673],[101.30959,3.36597],[101.30984,3.36557],[101.31013,3.36514],[101.3106,3.36473],[101.31114,3.36457],[101.31178,3.3647],[101.31255,3.36515],[101.31325,3.36596],[101.31486,3.36797],[101.31536,3.36887],[101.31556,3.36941],[101.31565,3.37048],[101.31538,3.37156],[101.31487,3.37274],[101.31453,3.37399],[101.31425,3.37462],[101.31427,3.37547],[101.31481,3.37626],[101.31551,3.37667],[101.31647,3.37691],[101.31728,3.37692],[101.31823,3.37681],[101.31884,3.37671],[101.32008,3.37638],[101.32112,3.37577],[101.32154,3.37539],[101.32195,3.37487],[101.32249,3.37366],[101.32278,3.37292],[101.32307,3.37246],[101.32363,3.37216],[101.32439,3.37203],[101.32506,3.37218],[101.32605,3.37264],[101.32706,3.37328],[101.32748,3.37356],[101.32805,3.37368],[101.32851,3.37368],[101.32946,3.37337],[101.32987,3.37311],[101.33026,3.37284],[101.33077,3.37261],[101.33151,3.37246],[101.33207,3.37233],[101.33232,3.37197],[101.33243,3.37136],[101.33218,3.3706],[101.33173,3.37],[101.33129,3.36977],[101.33116,3.36959],[101.33069,3.36935],[101.32973,3.3691],[101.32912,3.36872],[101.32882,3.36829],[101.32849,3.36783],[101.32834,3.36753],[101.32824,3.3669],[101.3283,3.3659],[101.32852,3.36486],[101.32849,3.36392],[101.32855,3.36262],[101.32855,3.36178],[101.32864,3.36126],[101.32881,3.36087],[101.32925,3.36064],[101.3297,3.36065],[101.33024,3.361],[101.33062,3.36166],[101.33073,3.36239],[101.33071,3.36349],[101.33084,3.36446],[101.33106,3.36556],[101.33122,3.36654],[101.33119,3.36718],[101.33118,3.36799],[101.33163,3.36884],[101.33218,3.36908],[101.33285,3.36888],[101.33332,3.36839],[101.33341,3.36801],[101.33325,3.36696],[101.33319,3.36609],[101.33319,3.36579],[101.33339,3.36538],[101.33365,3.36512],[101.33404,3.36487],[101.3349,3.36471],[101.33554,3.36471],[101.33604,3.36466],[101.3368,3.36444],[101.33726,3.36418],[101.33754,3.36388],[101.33772,3.36354],[101.3379,3.36313],[101.33789,3.36258],[101.33781,3.36195],[101.33741,3.36136],[101.33726,3.3611],[101.33722,3.36082],[101.33736,3.3606],[101.33745,3.36051],[101.33751,3.36055],[101.33763,3.36067],[101.33778,3.36066],[101.33795,3.3606],[101.33848,3.36045],[101.339,3.36052],[101.33955,3.36071],[101.34,3.36105],[101.34017,3.3615],[101.34012,3.36216],[101.33997,3.36269],[101.33961,3.36351],[101.33945,3.3644],[101.3395,3.36526],[101.33986,3.36575],[101.33996,3.3659],[101.34029,3.36597],[101.34048,3.36581],[101.34061,3.36584],[101.3406,3.36598],[101.34089,3.36595],[101.34124,3.3658],[101.34166,3.36557],[101.34191,3.36545],[101.34227,3.36536],[101.34247,3.36537],[101.34298,3.36546],[101.34347,3.36578],[101.34386,3.36619],[101.34472,3.36721],[101.34515,3.3676],[101.34552,3.3678],[101.34588,3.36794],[101.34628,3.36802],[101.34664,3.36806],[101.34761,3.36807],[101.34825,3.36815],[101.34914,3.36832],[101.34961,3.3684],[101.34986,3.36839],[101.35001,3.36844],[101.3507,3.3684],[101.35148,3.36829],[101.35217,3.36811],[101.35259,3.36783],[101.35301,3.36714],[101.35318,3.36659],[101.35349,3.36636],[101.35365,3.36601],[101.35376,3.36565],[101.35398,3.36539],[101.35421,3.36488],[101.35453,3.36462],[101.35477,3.36449],[101.3551,3.36433],[101.35527,3.3645],[101.35598,3.36473],[101.35622,3.36493],[101.35633,3.36517],[101.35637,3.36552],[101.3563,3.36577],[101.35628,3.36606],[101.35621,3.36641],[101.35605,3.36646],[101.35572,3.36679],[101.3547,3.3683],[101.35463,3.36881],[101.35465,3.36924],[101.35494,3.37021],[101.35502,3.37048],[101.35525,3.37083],[101.35559,3.37111],[101.35589,3.37127],[101.35617,3.37137],[101.35677,3.37148],[101.3576,3.37131],[101.358,3.37124],[101.35837,3.37104],[101.35866,3.37081],[101.35889,3.37057],[101.35912,3.37029],[101.35939,3.36988],[101.35958,3.36936],[101.35972,3.36873],[101.35979,3.36849],[101.35988,3.36812],[101.35987,3.36732],[101.35987,3.36671],[101.35998,3.36608],[101.36008,3.36581],[101.36019,3.36543],[101.3603,3.36524],[101.36046,3.365],[101.36055,3.36491],[101.36071,3.36479],[101.3609,3.3647],[101.36102,3.36463],[101.36121,3.36457],[101.36141,3.36453],[101.36167,3.36451],[101.36207,3.3645],[101.36252,3.36454],[101.36279,3.36454],[101.36299,3.36469],[101.36332,3.36471],[101.36341,3.36468],[101.36348,3.36475],[101.36349,3.36485],[101.36362,3.36493],[101.36378,3.36496],[101.36388,3.36501],[101.36393,3.36508],[101.36401,3.36513],[101.36407,3.36524],[101.36416,3.36539],[101.36426,3.36557],[101.36435,3.36566],[101.36436,3.36576],[101.36439,3.36585],[101.36436,3.36603],[101.36431,3.36621],[101.36427,3.3664],[101.36419,3.36651],[101.36409,3.36656],[101.36397,3.36663],[101.36389,3.36667],[101.36375,3.36677],[101.36358,3.36686],[101.36332,3.36696],[101.36296,3.36701],[101.36235,3.36716],[101.36205,3.36732],[101.3619,3.36736],[101.3617,3.36738],[101.36154,3.36746],[101.3614,3.36752],[101.36126,3.36761],[101.36102,3.36782],[101.36081,3.36805],[101.36074,3.36815],[101.36067,3.36827],[101.36058,3.36853],[101.36055,3.36873],[101.36054,3.36891],[101.36065,3.36952],[101.36082,3.37017],[101.3607,3.37066],[101.36067,3.37112],[101.36072,3.37141],[101.36085,3.37172],[101.36098,3.37194],[101.36118,3.37216],[101.36141,3.37238],[101.36168,3.37247],[101.36199,3.37259],[101.3622,3.37259],[101.3625,3.3726],[101.36266,3.37253],[101.36283,3.37227],[101.36294,3.37202],[101.36299,3.37186],[101.36306,3.37166],[101.36314,3.37119],[101.36327,3.37079],[101.36346,3.37032],[101.36363,3.37015],[101.36403,3.36994],[101.36442,3.36985],[101.36463,3.36983],[101.36492,3.36988],[101.3652,3.36992],[101.36533,3.36994],[101.3655,3.37006],[101.36572,3.37007],[101.366,3.37012],[101.36612,3.37021],[101.36627,3.3702],[101.36684,3.3705],[101.36748,3.37069],[101.3677,3.37074],[101.36806,3.37082],[101.36958,3.37121],[101.3698,3.37132],[101.37041,3.37179],[101.37065,3.37188],[101.37104,3.37196],[101.37137,3.37199],[101.37172,3.37192],[101.37202,3.37179],[101.37221,3.37171],[101.37246,3.37166],[101.37263,3.37172],[101.37285,3.37185],[101.37293,3.372],[101.37302,3.37215],[101.37307,3.37232],[101.37307,3.37248],[101.37313,3.37276],[101.37328,3.3732],[101.37348,3.37349],[101.37361,3.37362],[101.37379,3.37372],[101.37404,3.37387],[101.37427,3.37395],[101.37451,3.37403],[101.37475,3.37413],[101.37504,3.37433],[101.37535,3.37461],[101.37561,3.37488],[101.37563,3.37505],[101.37581,3.37521],[101.37595,3.37531],[101.37602,3.37545],[101.37613,3.37554],[101.37632,3.376],[101.37613,3.3762],[101.37638,3.37658],[101.37657,3.37646],[101.37672,3.37627],[101.37683,3.37573],[101.37648,3.37521],[101.37625,3.37493],[101.37586,3.37466],[101.37557,3.3744],[101.37515,3.37399],[101.37501,3.3739],[101.37463,3.37374],[101.37437,3.37366],[101.37399,3.37343],[101.37382,3.37324],[101.37367,3.37305],[101.37359,3.37282],[101.3735,3.37243],[101.37329,3.3718],[101.37286,3.37143],[101.37267,3.37135],[101.3725,3.37133],[101.37222,3.37137],[101.37188,3.3715],[101.37136,3.37163],[101.37113,3.3716],[101.37089,3.37148],[101.37048,3.37127],[101.36985,3.37092],[101.36949,3.37075],[101.36912,3.37064],[101.3686,3.37055],[101.36786,3.37038],[101.36684,3.37002],[101.36583,3.36952],[101.36492,3.36924],[101.36479,3.36921],[101.36465,3.36921],[101.36422,3.36932],[101.36396,3.36939],[101.36362,3.36962],[101.36327,3.36994],[101.36302,3.37017],[101.36287,3.3707],[101.3628,3.37107],[101.36266,3.37186],[101.36256,3.37202],[101.36233,3.3722],[101.36217,3.37228],[101.36185,3.37217],[101.36169,3.37208],[101.36133,3.37179],[101.36112,3.37149],[101.36101,3.37118],[101.36107,3.37087],[101.36114,3.37046],[101.36113,3.36996],[101.36098,3.36937],[101.36093,3.36898],[101.36094,3.36875],[101.36102,3.36851],[101.36115,3.36828],[101.3613,3.36811],[101.36147,3.36796],[101.36161,3.36787],[101.36175,3.36777],[101.36186,3.36769],[101.36267,3.36751],[101.36316,3.36743],[101.36354,3.36735],[101.36367,3.36734],[101.36386,3.36733],[101.36402,3.36729],[101.36421,3.36715],[101.3643,3.36715],[101.36445,3.367],[101.36451,3.36687],[101.36458,3.36668],[101.36465,3.3664],[101.36472,3.3661],[101.36474,3.36592],[101.36473,3.36572],[101.36461,3.36537],[101.36447,3.36499],[101.36423,3.36474],[101.36408,3.36457],[101.36382,3.36441],[101.36357,3.36431],[101.36336,3.36425],[101.36226,3.36411],[101.36174,3.36408],[101.36118,3.36417],[101.36089,3.36429],[101.36075,3.36436],[101.36053,3.36447],[101.36029,3.36462],[101.3602,3.36474],[101.36009,3.36484],[101.36002,3.36498],[101.35996,3.36516],[101.3598,3.36544],[101.35974,3.3656],[101.35969,3.36575],[101.35955,3.36612],[101.35946,3.36655],[101.35943,3.36727],[101.35947,3.36792],[101.3594,3.3684],[101.35929,3.36872],[101.3592,3.36896],[101.35911,3.36931],[101.35882,3.36979],[101.35821,3.37058],[101.35805,3.3707],[101.35742,3.37092],[101.35698,3.37097],[101.35627,3.37095],[101.35558,3.37056],[101.35527,3.37005],[101.35502,3.36917],[101.35509,3.36847],[101.35557,3.36789],[101.35711,3.36611],[101.3572,3.3656],[101.35723,3.36486],[101.35705,3.36451],[101.35685,3.36415],[101.35625,3.36384],[101.35561,3.36373],[101.3551,3.36379],[101.3546,3.36394],[101.35432,3.36411],[101.35384,3.36434],[101.35353,3.36455],[101.35326,3.36479],[101.35299,3.36529],[101.35256,3.36554],[101.35234,3.36607],[101.35185,3.36703],[101.35124,3.3674],[101.3504,3.36772],[101.34915,3.36769],[101.34866,3.36771],[101.34791,3.36755],[101.34692,3.3676],[101.34593,3.36744],[101.34545,3.36718],[101.34493,3.36672],[101.34451,3.36618],[101.34404,3.3656],[101.34335,3.36507],[101.34294,3.36489],[101.34232,3.3648],[101.34174,3.36492],[101.34131,3.36517],[101.34084,3.36546],[101.34054,3.36554],[101.34017,3.36544],[101.33991,3.36514],[101.33986,3.36465],[101.33991,3.36418],[101.34005,3.36368],[101.34031,3.36301],[101.34051,3.36237],[101.34063,3.36192],[101.34062,3.3615],[101.34056,3.36105],[101.34035,3.3607],[101.33996,3.36031],[101.3396,3.36009],[101.33893,3.35982],[101.33842,3.35975],[101.33794,3.35982],[101.33758,3.35995],[101.33714,3.36013],[101.33708,3.36019],[101.33697,3.3603],[101.33684,3.36048],[101.33681,3.36055],[101.3368,3.36064],[101.33682,3.36072],[101.33687,3.36083],[101.33715,3.36175],[101.3373,3.36201],[101.33744,3.36255],[101.3374,3.36298],[101.33732,3.3633],[101.337,3.36372],[101.33662,3.364],[101.33606,3.36416],[101.33546,3.3642],[101.33464,3.36423],[101.33409,3.36438],[101.33358,3.3646],[101.33321,3.36484],[101.33287,3.36528],[101.33269,3.36579],[101.33271,3.36639],[101.33279,3.36696],[101.3329,3.36765],[101.3328,3.3681],[101.33261,3.36842],[101.33235,3.36862],[101.3321,3.3686],[101.33179,3.3684],[101.3316,3.36802],[101.33157,3.36766],[101.33162,3.36694],[101.33166,3.36632],[101.33162,3.36586],[101.33135,3.36422],[101.33128,3.36379],[101.33128,3.36311],[101.33129,3.36244],[101.33123,3.36194],[101.33108,3.3615],[101.33084,3.36114],[101.33069,3.36074],[101.33033,3.36049],[101.32985,3.36023],[101.33,3.35984],[101.32982,3.35978],[101.32963,3.3602],[101.32919,3.36015],[101.32894,3.36016],[101.32855,3.36056],[101.32819,3.36131],[101.3281,3.36172],[101.32803,3.3639],[101.32809,3.36467],[101.32793,3.36571],[101.32781,3.36674],[101.32783,3.36712],[101.32796,3.36769],[101.32813,3.36824],[101.32855,3.36873],[101.32917,3.3694],[101.33001,3.36967],[101.33057,3.36981],[101.33105,3.37007],[101.3316,3.37055],[101.3319,3.371],[101.33202,3.37155],[101.33183,3.37181],[101.33133,3.37204],[101.33061,3.37215],[101.33017,3.37237],[101.32925,3.37297],[101.32869,3.37318],[101.32815,3.37323],[101.32773,3.37317],[101.32664,3.37245],[101.32581,3.37202],[101.32503,3.37167],[101.32435,3.37161],[101.32369,3.3717],[101.32316,3.37184],[101.32251,3.37243],[101.32223,3.37295],[101.32217,3.37317],[101.3218,3.37398],[101.32135,3.37484],[101.32096,3.37525],[101.32037,3.37565],[101.31975,3.37596],[101.31873,3.37623],[101.31771,3.37642],[101.31702,3.37649],[101.31644,3.37645],[101.31554,3.37619],[101.315,3.37576],[101.31474,3.37543],[101.31471,3.37502],[101.31482,3.37444],[101.3151,3.37362],[101.31532,3.37283],[101.31564,3.37209],[101.31585,3.3715],[101.31599,3.37113],[101.31608,3.37058],[101.31607,3.37021],[101.31601,3.36958],[101.31578,3.36878],[101.31535,3.36803],[101.31493,3.36741],[101.31456,3.36685],[101.31391,3.36595],[101.31338,3.36534],[101.31289,3.36486],[101.31254,3.36455],[101.31165,3.3642],[101.31092,3.36416],[101.31038,3.36436],[101.30967,3.36513],[101.30914,3.36577],[101.30919,3.36621],[101.30911,3.36634],[101.30925,3.36684],[101.30925,3.36744],[101.30929,3.36806],[101.30944,3.3692],[101.30947,3.36982],[101.30946,3.37061],[101.30946,3.37139],[101.3094,3.37244],[101.30928,3.37337],[101.30912,3.37446],[101.30902,3.37525],[101.30861,3.3762],[101.30823,3.37654],[101.30789,3.37673],[101.30729,3.37659],[101.3069,3.37645],[101.3062,3.3762],[101.30568,3.37597],[101.30473,3.37532],[101.30408,3.3748],[101.30353,3.37416],[101.30319,3.37385],[101.30285,3.3733],[101.30249,3.37257],[101.30207,3.37195],[101.30186,3.37115],[101.30182,3.37046],[101.30192,3.36916],[101.30224,3.3683],[101.3027,3.36735],[101.30328,3.36619],[101.3036,3.36545],[101.30369,3.36473],[101.30351,3.3643],[101.30298,3.36345],[101.30263,3.36307],[101.30245,3.36294],[101.3023,3.36285],[101.30214,3.36279],[101.30204,3.36279],[101.30192,3.3628],[101.30178,3.36282],[101.30173,3.36281],[101.30165,3.36278],[101.30159,3.36273],[101.30152,3.36264],[101.30142,3.3626],[101.30137,3.36262],[101.30117,3.36261],[101.30078,3.3626],[101.30048,3.36261],[101.3002,3.36267],[101.29998,3.36273],[101.29966,3.36276],[101.29874,3.36279],[101.29776,3.36294],[101.2968,3.36326],[101.2959,3.36371],[101.29552,3.36422],[101.29526,3.36474],[101.29531,3.3652],[101.29534,3.36567],[101.29543,3.36618],[101.29537,3.36683],[101.29559,3.36769],[101.29607,3.36827],[101.29654,3.36873],[101.29695,3.3691],[101.29764,3.36972],[101.29841,3.3703],[101.29922,3.37126],[101.29983,3.37255],[101.29996,3.37311],[101.29989,3.37384],[101.29964,3.37441],[101.2992,3.37481],[101.29816,3.3751],[101.297,3.37522],[101.2958,3.37518],[101.29446,3.3749],[101.29406,3.3748],[101.29284,3.37393],[101.29244,3.37355],[101.29077,3.37238],[101.29,3.3719],[101.289,3.37142],[101.28835,3.37156],[101.28778,3.37207],[101.28736,3.3729],[101.28685,3.374],[101.28668,3.37576],[101.28688,3.37631],[101.28691,3.37694],[101.2871,3.37801],[101.2873,3.37872],[101.28804,3.37998],[101.2888,3.3809],[101.28938,3.38151],[101.29036,3.38208],[101.29116,3.38242],[101.29186,3.38268],[101.29264,3.38274],[101.29349,3.38268],[101.2946,3.38268],[101.29548,3.38273],[101.29573,3.38262],[101.29633,3.38272],[101.29683,3.38279],[101.29746,3.38293],[101.29778,3.38324],[101.29788,3.38362],[101.29791,3.38436],[101.2975,3.38574],[101.2972,3.3866],[101.29657,3.38739],[101.29567,3.38829],[101.29488,3.38908],[101.29428,3.38947],[101.29399,3.38945],[101.29361,3.38917],[101.29334,3.38875],[101.29313,3.38781],[101.29284,3.38699],[101.29231,3.38603],[101.292,3.38522],[101.29129,3.38412],[101.2907,3.38341],[101.28974,3.38267],[101.28884,3.38233],[101.28811,3.38217],[101.28666,3.38232],[101.2854,3.38284],[101.28429,3.38367],[101.28252,3.38501],[101.28145,3.38563],[101.28077,3.38576],[101.28026,3.38534],[101.27978,3.38434],[101.27948,3.38296],[101.27956,3.38234],[101.27983,3.38145],[101.28024,3.3808],[101.28101,3.38005],[101.282,3.37914],[101.28257,3.37883],[101.28312,3.37807],[101.28371,3.37756],[101.28417,3.37718],[101.28465,3.37665],[101.28487,3.37617],[101.28485,3.37523],[101.28469,3.37471],[101.2843,3.37425],[101.28283,3.37297],[101.28228,3.3725],[101.28143,3.37225],[101.2797,3.37152],[101.27868,3.37092],[101.27769,3.36989],[101.27724,3.36911],[101.2768,3.36785],[101.27601,3.36538],[101.27524,3.36371],[101.27464,3.36285],[101.27412,3.36225],[101.2739,3.36199],[101.27356,3.36181],[101.27329,3.36219],[101.27324,3.36236]]]}},{"type":"Feature","properties":{"id":544681272,"kind":"basin"},"geometry":{"type":"Polygon","coordinates":[[[101.64329,3.47411],[101.64315,3.47312],[101.64334,3.47305],[101.64356,3.47395],[101.64359,3.47406],[101.6433,3.47415],[101.64329,3.47411]]]}},{"type":"Feature","properties":{"id":544681275,"kind":"basin"},"geometry":{"type":"Polygon","coordinates":[[[101.64284,3.47434],[101.64273,3.47335],[101.64296,3.47325],[101.64317,3.47423],[101.64284,3.47434]]]}},{"type":"Feature","properties":{"id":544681278,"kind":"basin"},"geometry":{"type":"Polygon","coordinates":[[[101.64218,3.47457],[101.64218,3.47426],[101.6427,3.47406],[101.64279,3.47439],[101.64224,3.4746],[101.64218,3.47457]]]}},{"type":"Feature","properties":{"id":544681283,"kind":"basin"},"geometry":{"type":"Polygon","coordinates":[[[101.6418,3.47502],[101.64178,3.47486],[101.64264,3.4746],[101.64272,3.47482],[101.64229,3.47499],[101.6418,3.47502]]]}},{"type":"Feature","properties":{"id":545663534,"kind":"river"},"geometry":{"type":"Polygon","coordinates":[[[101.65836,3.54443],[101.65755,3.54469],[101.65712,3.54483],[101.65678,3.54485],[101.65645,3.54489],[101.65626,3.54491],[101.65599,3.54484],[101.65568,3.54455],[101.65556,3.54435],[101.65546,3.54414],[101.65539,3.54383],[101.65523,3.54338],[101.65514,3.54322],[101.65499,3.54297],[101.6549,3.54272],[101.65481,3.54243],[101.65466,3.54209],[101.6545,3.54168],[101.65437,3.54135],[101.65426,3.54106],[101.65418,3.54074],[101.654,3.54017],[101.65407,3.53989],[101.65388,3.53966],[101.65367,3.53832],[101.65375,3.53751],[101.65335,3.53698],[101.6531,3.53661],[101.65276,3.53639],[101.65241,3.53613],[101.65223,3.53602],[101.65164,3.53568],[101.65111,3.53502],[101.65093,3.53436],[101.65075,3.53402],[101.65056,3.53336],[101.6502,3.53243],[101.65,3.53192],[101.64983,3.53175],[101.64958,3.53137],[101.64945,3.53104],[101.64928,3.53076],[101.64892,3.53069],[101.64838,3.53058],[101.64808,3.53049],[101.6478,3.53049],[101.64751,3.53058],[101.64716,3.53069],[101.64694,3.53079],[101.64674,3.53104],[101.64663,3.53107],[101.64651,3.53104],[101.64635,3.53078],[101.6462,3.53054],[101.64612,3.53038],[101.64612,3.53027],[101.6462,3.53014],[101.64627,3.53005],[101.64664,3.52975],[101.64682,3.52959],[101.64702,3.52944],[101.64716,3.52925],[101.6473,3.52884],[101.64725,3.52865],[101.64716,3.52842],[101.647,3.52817],[101.64679,3.52798],[101.64659,3.52785],[101.64634,3.52774],[101.64611,3.52758],[101.64608,3.5273],[101.64615,3.52696],[101.64619,3.5267],[101.64623,3.52643],[101.64641,3.52627],[101.64653,3.52619],[101.64664,3.52608],[101.64668,3.52592],[101.64668,3.52577],[101.64674,3.52558],[101.64682,3.52537],[101.64692,3.52521],[101.64706,3.52506],[101.64698,3.52498],[101.64685,3.5251],[101.64669,3.52521],[101.64661,3.52533],[101.64658,3.52549],[101.64655,3.52565],[101.64654,3.52579],[101.64651,3.52598],[101.64649,3.52603],[101.64644,3.52612],[101.64629,3.52616],[101.64618,3.5262],[101.64612,3.52627],[101.64604,3.52641],[101.64599,3.52662],[101.64599,3.52674],[101.64598,3.52688],[101.64592,3.52709],[101.64588,3.52727],[101.64588,3.52745],[101.64587,3.52756],[101.646,3.52772],[101.64612,3.52772],[101.64623,3.52777],[101.64642,3.52793],[101.64649,3.52798],[101.64657,3.52807],[101.64677,3.52818],[101.64693,3.52828],[101.647,3.52835],[101.64712,3.52861],[101.64717,3.52878],[101.64715,3.52898],[101.64705,3.52912],[101.64701,3.52928],[101.64692,3.52938],[101.64677,3.52945],[101.64667,3.52954],[101.64664,3.52958],[101.64653,3.52955],[101.64639,3.52971],[101.6464,3.52981],[101.64619,3.52999],[101.64609,3.53011],[101.64601,3.53024],[101.64603,3.5304],[101.64612,3.53055],[101.64616,3.53062],[101.64632,3.53089],[101.64641,3.53104],[101.64651,3.53111],[101.6467,3.53117],[101.64686,3.53106],[101.6469,3.53096],[101.64696,3.53089],[101.64707,3.53084],[101.64717,3.53079],[101.64733,3.5308],[101.64745,3.53076],[101.64754,3.53073],[101.64761,3.53068],[101.64772,3.53063],[101.6479,3.53059],[101.64812,3.53064],[101.64842,3.53072],[101.64857,3.53078],[101.64873,3.5308],[101.64893,3.53078],[101.64915,3.53092],[101.64929,3.53113],[101.64934,3.5313],[101.64937,3.53147],[101.64944,3.5316],[101.64956,3.53167],[101.64968,3.53172],[101.64978,3.53202],[101.6503,3.53339],[101.65041,3.53373],[101.65067,3.53437],[101.65077,3.53468],[101.65082,3.5348],[101.65085,3.53492],[101.65088,3.53509],[101.65096,3.53525],[101.65106,3.53533],[101.6513,3.53563],[101.65147,3.53581],[101.65167,3.53599],[101.65181,3.5361],[101.65214,3.53626],[101.65236,3.53636],[101.65267,3.53649],[101.65288,3.53659],[101.65308,3.53682],[101.65323,3.537],[101.6534,3.53729],[101.65355,3.53752],[101.65355,3.53789],[101.65346,3.53848],[101.65351,3.5387],[101.65354,3.53883],[101.65364,3.53932],[101.65372,3.53977],[101.65379,3.53982],[101.65389,3.53993],[101.65385,3.54007],[101.65387,3.54021],[101.65394,3.54047],[101.65408,3.54077],[101.65413,3.54092],[101.65411,3.54099],[101.65425,3.5414],[101.65438,3.54174],[101.65447,3.54191],[101.65458,3.54212],[101.65465,3.5424],[101.65472,3.54257],[101.65481,3.54301],[101.65491,3.54323],[101.65503,3.54341],[101.65515,3.54379],[101.65523,3.54406],[101.6553,3.54423],[101.65543,3.54453],[101.65559,3.54479],[101.65574,3.54492],[101.65639,3.54502],[101.6566,3.54503],[101.65704,3.54497],[101.65729,3.54494],[101.65762,3.54491],[101.65782,3.54486],[101.65804,3.54477],[101.65833,3.54475],[101.65843,3.54471],[101.65836,3.54443]]]}},{"type":"Feature","properties":{"id":545663537,"kind":"river"},"geometry":{"type":"Polygon","coordinates":[[[101.66267,3.54017],[101.66215,3.54047],[101.66142,3.54141],[101.66134,3.54158],[101.66042,3.54264],[101.6597,3.54347],[101.65914,3.54405],[101.65888,3.54409],[101.65884,3.54402],[101.65872,3.54404],[101.65865,3.54411],[101.65845,3.54406],[101.65838,3.5442],[101.65836,3.54443],[101.65843,3.54471],[101.65859,3.54467],[101.65875,3.54471],[101.65893,3.54464],[101.659,3.54452],[101.6597,3.54403],[101.65987,3.5438],[101.66005,3.5435],[101.66043,3.5429],[101.66067,3.54262],[101.6609,3.54237],[101.66133,3.54195],[101.66171,3.54145],[101.66195,3.54113],[101.66198,3.54101],[101.66225,3.54072],[101.66251,3.54046],[101.66278,3.54034],[101.66267,3.54017]]]}},{"type":"Feature","properties":{"id":545663538,"kind":"river"},"geometry":{"type":"Polygon","coordinates":[[[101.66912,3.53829],[101.66531,3.53939],[101.66405,3.53973],[101.66399,3.53971],[101.66338,3.5399],[101.66317,3.53998],[101.663,3.54005],[101.66267,3.54017],[101.66278,3.54034],[101.66312,3.54021],[101.66356,3.54007],[101.66477,3.53976],[101.66507,3.53969],[101.66761,3.53897],[101.66929,3.53852],[101.66919,3.5383],[101.66912,3.53829]]]}},{"type":"Feature","properties":{"id":545663539,"kind":"river"},"geometry":{"type":"Polygon","coordinates":[[[101.67195,3.53689],[101.67089,3.53744],[101.67079,3.53757],[101.67022,3.53792],[101.66962,3.53816],[101.66919,3.5383],[101.66929,3.53852],[101.66958,3.53845],[101.67008,3.53824],[101.67074,3.53783],[101.67136,3.53741],[101.67207,3.53701],[101.67195,3.53689]]]}},{"type":"Feature","properties":{"id":545663653,"kind":"reservoir"},"geometry":{"type":"Polygon","coordinates":[[[101.66802,3.53553],[101.66769,3.53475],[101.66714,3.53408],[101.66656,3.53383],[101.66674,3.53357],[101.6669,3.53365],[101.66699,3.53353],[101.66658,3.53198],[101.66665,3.53197],[101.66704,3.53304],[101.66735,3.5333],[101.66736,3.53392],[101.66749,3.53422],[101.66776,3.53432],[101.66797,3.53375],[101.66795,3.5329],[101.66826,3.53265],[101.66846,3.533],[101.6684,3.53357],[101.6682,3.5338],[101.66835,3.53437],[101.66868,3.5348],[101.66834,3.53509],[101.66824,3.53557],[101.66802,3.53553]]]}},{"type":"Feature","properties":{"id":550664623,"kind":"lake"},"geometry":{"type":"Polygon","coordinates":[[[101.83193,3.90261],[101.83232,3.90301],[101.83248,3.90312],[101.83264,3.90329],[101.83284,3.9034],[101.83294,3.9035],[101.83303,3.90373],[101.83311,3.90377],[101.83312,3.90387],[101.83317,3.90393],[101.83361,3.90393],[101.83395,3.90389],[101.83431,3.90376],[101.83462,3.90375],[101.83427,3.9034],[101.83366,3.903],[101.83353,3.90302],[101.83336,3.90302],[101.83333,3.90308],[101.8332,3.90315],[101.83315,3.90308],[101.83314,3.90302],[101.83312,3.90296],[101.83319,3.90286],[101.83316,3.90279],[101.83284,3.90279],[101.83285,3.90265],[101.83211,3.90251],[101.83193,3.90261]]]}},{"type":"Feature","properties":{"id":550667276,"kind":"lake"},"geometry":{"type":"Polygon","coordinates":[[[101.83446,3.90463],[101.83441,3.90446],[101.83461,3.9044],[101.8346,3.90425],[101.83449,3.90423],[101.8344,3.90415],[101.83456,3.90406],[101.83462,3.90375],[101.83481,3.90367],[101.83486,3.90391],[101.83511,3.90388],[101.83521,3.90402],[101.83523,3.9042],[101.83497,3.90426],[101.83497,3.90459],[101.83446,3.90463]]]}},{"type":"Feature","properties":{"id":550667277,"kind":"lake"},"geometry":{"type":"Polygon","coordinates":[[[101.83564,3.90431],[101.83573,3.90436],[101.83574,3.90445],[101.83566,3.90451],[101.83584,3.90461],[101.83593,3.90451],[101.8361,3.90457],[101.83632,3.90439],[101.83656,3.90444],[101.83673,3.90443],[101.83683,3.90449],[101.83695,3.90448],[101.83719,3.90454],[101.83727,3.90448],[101.837,3.90431],[101.83697,3.9042],[101.83686,3.90413],[101.83661,3.90419],[101.83651,3.90426],[101.83639,3.90429],[101.83638,3.9042],[101.83603,3.90424],[101.8358,3.90419],[101.83564,3.90431]]]}},{"type":"Feature","properties":{"id":550667278,"kind":"lake"},"geometry":{"type":"Polygon","coordinates":[[[101.84145,3.8966],[101.84227,3.89656],[101.843,3.89622],[101.84313,3.89595],[101.84351,3.89607],[101.84385,3.89593],[101.844,3.89576],[101.84422,3.89584],[101.84425,3.89622],[101.84455,3.89636],[101.84473,3.89677],[101.84494,3.8965],[101.84443,3.89545],[101.84419,3.89542],[101.8433,3.89477],[101.84319,3.89509],[101.84274,3.89492],[101.84203,3.89494],[101.84262,3.89536],[101.84286,3.89538],[101.84313,3.89546],[101.84319,3.8956],[101.84285,3.89587],[101.84265,3.89617],[101.84214,3.89646],[101.84145,3.8966]]]}},{"type":"Feature","properties":{"id":550667280,"kind":"lake"},"geometry":{"type":"Polygon","coordinates":[[[101.82569,3.87199],[101.82587,3.87213],[101.82607,3.87215],[101.82617,3.87204],[101.8263,3.87204],[101.82643,3.87137],[101.82626,3.87127],[101.82638,3.87101],[101.82627,3.8707],[101.82665,3.8698],[101.82687,3.86978],[101.82685,3.86923],[101.82669,3.8687],[101.82684,3.86843],[101.82678,3.86826],[101.82684,3.86804],[101.82714,3.8677],[101.82705,3.86689],[101.82685,3.867],[101.82688,3.8671],[101.82656,3.86731],[101.82626,3.86728],[101.82649,3.8675],[101.82633,3.86763],[101.82617,3.8676],[101.82608,3.86754],[101.82598,3.86765],[101.8261,3.86784],[101.8262,3.86791],[101.82613,3.86801],[101.82613,3.86833],[101.82616,3.86856],[101.82607,3.86908],[101.82595,3.86894],[101.82584,3.86895],[101.82567,3.8691],[101.82564,3.86959],[101.8257,3.86998],[101.82555,3.8701],[101.82571,3.87006],[101.82577,3.86996],[101.82582,3.86998],[101.82581,3.87014],[101.82589,3.87022],[101.82589,3.87056],[101.82582,3.87071],[101.8256,3.87081],[101.82558,3.87087],[101.82566,3.87089],[101.82571,3.87096],[101.82565,3.87105],[101.8257,3.87132],[101.82564,3.87142],[101.82562,3.87162],[101.82568,3.87181],[101.82569,3.87199]]]}},{"type":"Feature","properties":{"id":550668989,"kind":"pond"},"geometry":{"type":"Polygon","coordinates":[[[101.82704,3.85493],[101.8271,3.85498],[101.82718,3.85496],[101.82724,3.85498],[101.82731,3.85485],[101.82737,3.85426],[101.82742,3.85419],[101.82743,3.85402],[101.82739,3.85399],[101.82755,3.8537],[101.82755,3.85361],[101.82748,3.85356],[101.82742,3.85349],[101.82744,3.85334],[101.82749,3.85336],[101.82753,3.85332],[101.82748,3.85328],[101.82751,3.85317],[101.82746,3.85304],[101.8274,3.85305],[101.82729,3.85298],[101.82717,3.85298],[101.82706,3.85302],[101.82702,3.85319],[101.82705,3.85326],[101.82704,3.85348],[101.82701,3.85355],[101.82706,3.85367],[101.82703,3.85372],[101.82703,3.85406],[101.82698,3.85406],[101.82697,3.85437],[101.82694,3.85446],[101.82696,3.85459],[101.82701,3.85463],[101.82703,3.85484],[101.82707,3.85486],[101.82704,3.85493]]]}},{"type":"Feature","properties":{"id":550670340,"kind":"pond"},"geometry":{"type":"Polygon","coordinates":[[[101.83958,3.82698],[101.83976,3.82719],[101.83986,3.82719],[101.83992,3.82732],[101.84004,3.82736],[101.84006,3.82742],[101.84017,3.82741],[101.8402,3.82736],[101.8403,3.82731],[101.84035,3.8272],[101.84044,3.82719],[101.84052,3.82703],[101.84057,3.82706],[101.84066,3.82701],[101.84061,3.8269],[101.84062,3.82684],[101.84067,3.82682],[101.84073,3.82648],[101.84068,3.82642],[101.84069,3.8263],[101.84076,3.82619],[101.84059,3.82607],[101.8405,3.82616],[101.84017,3.82633],[101.84008,3.82632],[101.84001,3.8264],[101.84,3.82663],[101.83991,3.82669],[101.83962,3.82693],[101.83958,3.82698]]]}},{"type":"Feature","properties":{"id":551093147,"kind":"pond"},"geometry":{"type":"Polygon","coordinates":[[[101.85702,3.7994],[101.85698,3.79946],[101.85706,3.79953],[101.85726,3.79952],[101.85743,3.79945],[101.85774,3.79916],[101.85783,3.79911],[101.85794,3.79909],[101.85794,3.79904],[101.85793,3.79896],[101.85779,3.79893],[101.8573,3.79863],[101.85725,3.79863],[101.85722,3.79872],[101.85735,3.79883],[101.85735,3.79895],[101.8572,3.79929],[101.85714,3.79936],[101.85702,3.7994]]]}},{"type":"Feature","properties":{"id":551093148,"kind":"pond"},"geometry":{"type":"Polygon","coordinates":[[[101.85633,3.79974],[101.85646,3.79963],[101.85661,3.79958],[101.85671,3.79957],[101.85671,3.79954],[101.85671,3.7995],[101.85666,3.7995],[101.85662,3.79944],[101.85681,3.79909],[101.85692,3.7988],[101.85699,3.79854],[101.857,3.79844],[101.8568,3.79828],[101.85674,3.79835],[101.85688,3.79849],[101.85688,3.79861],[101.8565,3.79944],[101.85629,3.7997],[101.85631,3.79972],[101.85633,3.79974]]]}},{"type":"Feature","properties":{"id":551095321,"kind":"pond"},"geometry":{"type":"Polygon","coordinates":[[[101.85316,3.80067],[101.85328,3.80068],[101.85342,3.80061],[101.8535,3.80054],[101.85376,3.80057],[101.85409,3.80062],[101.85425,3.80063],[101.85438,3.80067],[101.85447,3.80076],[101.85477,3.80078],[101.85519,3.80071],[101.85528,3.80084],[101.85537,3.80085],[101.85547,3.80055],[101.85556,3.80031],[101.85564,3.80018],[101.85608,3.79992],[101.85607,3.7999],[101.85605,3.79987],[101.85597,3.7999],[101.85555,3.79989],[101.85524,3.79982],[101.85473,3.79988],[101.85453,3.79983],[101.85436,3.79985],[101.85427,3.79981],[101.85416,3.7998],[101.85368,3.79988],[101.85352,3.80001],[101.85345,3.80009],[101.85346,3.80019],[101.85333,3.80034],[101.85313,3.80046],[101.85308,3.80068],[101.85316,3.80067]]]}},{"type":"Feature","properties":{"id":560269724,"kind":"water"},"geometry":{"type":"Polygon","coordinates":[[[101.59369,3.4697],[101.59397,3.46934],[101.59437,3.46953],[101.59427,3.46987],[101.5942,3.46992],[101.59397,3.46986],[101.59369,3.4697]]]}},{"type":"Feature","properties":{"id":560269725,"kind":"water"},"geometry":{"type":"Polygon","coordinates":[[[101.59346,3.46998],[101.59364,3.46978],[101.59406,3.47002],[101.59399,3.47017],[101.59376,3.4701],[101.59346,3.46998]]]}},{"type":"Feature","properties":{"id":560269726,"kind":"water"},"geometry":{"type":"Polygon","coordinates":[[[101.59459,3.4709],[101.59483,3.47038],[101.59526,3.47031],[101.5954,3.47049],[101.59517,3.47112],[101.59501,3.47114],[101.59466,3.47098],[101.59459,3.4709]]]}},{"type":"Feature","properties":{"id":560269728,"kind":"water"},"geometry":{"type":"Polygon","coordinates":[[[101.594,3.47068],[101.59407,3.47037],[101.59463,3.47041],[101.59445,3.47087],[101.594,3.47068]]]}},{"type":"Feature","properties":{"id":560269729,"kind":"water"},"geometry":{"type":"Polygon","coordinates":[[[101.59345,3.47064],[101.59332,3.47023],[101.59338,3.47007],[101.59393,3.47032],[101.59381,3.47067],[101.59345,3.47064]]]}},{"type":"Feature","properties":{"id":560269734,"kind":"water"},"geometry":{"type":"Polygon","coordinates":[[[101.5944,3.47142],[101.59449,3.47111],[101.59483,3.4713],[101.59478,3.47161],[101.59462,3.47154],[101.5944,3.47142]]]}},{"type":"Feature","properties":{"id":560269735,"kind":"water"},"geometry":{"type":"Polygon","coordinates":[[[101.59392,3.47131],[101.59411,3.47092],[101.59433,3.47105],[101.5942,3.47144],[101.59414,3.47146],[101.59392,3.47131]]]}},{"type":"Feature","properties":{"id":560269738,"kind":"water"},"geometry":{"type":"Polygon","coordinates":[[[101.59361,3.47195],[101.59388,3.47142],[101.59404,3.47157],[101.5939,3.47184],[101.5937,3.47202],[101.59361,3.47195]]]}},{"type":"Feature","properties":{"id":560269739,"kind":"water"},"geometry":{"type":"Polygon","coordinates":[[[101.59312,3.47275],[101.59318,3.47241],[101.59343,3.47208],[101.59356,3.47207],[101.59363,3.47214],[101.59327,3.47282],[101.59312,3.47275]]]}},{"type":"Feature","properties":{"id":560269742,"kind":"water"},"geometry":{"type":"Polygon","coordinates":[[[101.59494,3.47387],[101.59477,3.47347],[101.59473,3.47255],[101.5953,3.47234],[101.59544,3.47274],[101.59566,3.4729],[101.59543,3.47363],[101.59499,3.47388],[101.59494,3.47387]]]}},{"type":"Feature","properties":{"id":560269743,"kind":"water"},"geometry":{"type":"Polygon","coordinates":[[[101.59369,3.47502],[101.59357,3.47458],[101.59378,3.47445],[101.59403,3.47489],[101.59391,3.47505],[101.59369,3.47502]]]}},{"type":"Feature","properties":{"id":560269744,"kind":"water"},"geometry":{"type":"Polygon","coordinates":[[[101.59408,3.47455],[101.59421,3.47415],[101.59457,3.47425],[101.59421,3.47456],[101.59408,3.47455]]]}},{"type":"Feature","properties":{"id":560269745,"kind":"water"},"geometry":{"type":"Polygon","coordinates":[[[101.59514,3.47546],[101.59537,3.47508],[101.59563,3.47528],[101.5957,3.47549],[101.59547,3.47569],[101.59514,3.47546]]]}},{"type":"Feature","properties":{"id":560269746,"kind":"water"},"geometry":{"type":"Polygon","coordinates":[[[101.59406,3.47512],[101.59435,3.47472],[101.5947,3.47455],[101.59525,3.47503],[101.595,3.47535],[101.59418,3.47523],[101.59406,3.47512]]]}},{"type":"Feature","properties":{"id":560269747,"kind":"water"},"geometry":{"type":"Polygon","coordinates":[[[101.59366,3.47564],[101.59379,3.47549],[101.5945,3.4756],[101.59509,3.47581],[101.59525,3.47604],[101.59505,3.47621],[101.59366,3.47564]]]}},{"type":"Feature","properties":{"id":560269748,"kind":"water"},"geometry":{"type":"Polygon","coordinates":[[[101.60468,3.48349],[101.60447,3.4833],[101.60536,3.48232],[101.60521,3.48162],[101.6053,3.48143],[101.60592,3.48177],[101.60624,3.48214],[101.60606,3.48276],[101.60573,3.4831],[101.60468,3.48349]]]}},{"type":"Feature","properties":{"id":560269756,"kind":"reservoir"},"geometry":{"type":"Polygon","coordinates":[[[101.63268,3.40572],[101.63246,3.40553],[101.63265,3.40542],[101.63275,3.40526],[101.63296,3.4052],[101.63316,3.40523],[101.63326,3.40531],[101.63348,3.4053],[101.63347,3.40547],[101.63338,3.40551],[101.63319,3.40541],[101.63291,3.40548],[101.6328,3.40556],[101.63277,3.40571],[101.63275,3.40575],[101.63268,3.40572]]]}},{"type":"Feature","properties":{"id":560269757,"kind":"water"},"geometry":{"type":"Polygon","coordinates":[[[101.62948,3.40214],[101.62943,3.40186],[101.62946,3.40162],[101.62944,3.40143],[101.62953,3.40133],[101.62955,3.40122],[101.62964,3.40116],[101.62962,3.40104],[101.6296,3.40092],[101.62968,3.40059],[101.62969,3.40023],[101.62966,3.39961],[101.62978,3.39938],[101.63024,3.39935],[101.63038,3.39945],[101.63028,3.39993],[101.63045,3.40001],[101.63055,3.39977],[101.63061,3.39953],[101.63078,3.39946],[101.63096,3.39947],[101.6311,3.39966],[101.63098,3.39988],[101.63114,3.40014],[101.63118,3.40038],[101.63111,3.40066],[101.63079,3.4008],[101.63069,3.40125],[101.63035,3.40168],[101.63004,3.40195],[101.62975,3.40173],[101.62979,3.40198],[101.62964,3.40212],[101.62948,3.40214]]]}},{"type":"Feature","properties":{"id":560364117,"kind":"pond"},"geometry":{"type":"Polygon","coordinates":[[[101.41453,3.41101],[101.41481,3.41104],[101.41486,3.41131],[101.41498,3.41131],[101.41504,3.41156],[101.41522,3.41158],[101.41529,3.41136],[101.41558,3.41128],[101.41578,3.41141],[101.41591,3.41142],[101.41603,3.41127],[101.41616,3.41122],[101.41635,3.4113],[101.41689,3.41098],[101.41698,3.41102],[101.41699,3.41171],[101.41698,3.41202],[101.41703,3.41216],[101.41694,3.41222],[101.41687,3.4122],[101.41676,3.41212],[101.41662,3.41225],[101.41667,3.41261],[101.41657,3.4127],[101.41658,3.41301],[101.41675,3.41326],[101.41691,3.41338],[101.417,3.41357],[101.41701,3.41497],[101.41697,3.41519],[101.41686,3.41548],[101.41687,3.41575],[101.4168,3.41594],[101.41669,3.41602],[101.4166,3.41635],[101.41662,3.41647],[101.41658,3.41663],[101.41662,3.41679],[101.41667,3.41707],[101.41654,3.4173],[101.41657,3.41739],[101.41652,3.41747],[101.41651,3.41756],[101.41638,3.41757],[101.41634,3.41776],[101.41637,3.41787],[101.4163,3.41793],[101.41633,3.41882],[101.41638,3.41889],[101.41634,3.41905],[101.41626,3.41909],[101.41621,3.41924],[101.41631,3.41933],[101.41639,3.41935],[101.41641,3.41963],[101.41639,3.4198],[101.4163,3.41991],[101.41629,3.42016],[101.41621,3.42033],[101.41611,3.42046],[101.41573,3.42035],[101.41554,3.42018],[101.41534,3.42012],[101.41524,3.41995],[101.41513,3.41991],[101.41507,3.41962],[101.41496,3.41952],[101.41477,3.41955],[101.41459,3.4195],[101.41432,3.41955],[101.41434,3.41978],[101.41423,3.41982],[101.41413,3.41969],[101.4141,3.41869],[101.41411,3.41782],[101.41411,3.41745],[101.414,3.41729],[101.41403,3.41645],[101.4141,3.41635],[101.41408,3.41608],[101.41415,3.41595],[101.41414,3.4155],[101.41409,3.41524],[101.41411,3.41393],[101.41415,3.4129],[101.41413,3.41206],[101.41415,3.4119],[101.41419,3.41182],[101.41411,3.41177],[101.41409,3.41159],[101.41419,3.41143],[101.41426,3.41118],[101.41433,3.41106],[101.41443,3.41102],[101.41453,3.41101]]]}},{"type":"Feature","properties":{"id":561041459,"kind":"pond"},"geometry":{"type":"Polygon","coordinates":[[[101.63004,3.38499],[101.63009,3.38502],[101.63011,3.3851],[101.63018,3.38532],[101.63011,3.38536],[101.63006,3.38542],[101.63003,3.38554],[101.63004,3.38563],[101.63001,3.3857],[101.62999,3.38586],[101.63004,3.38593],[101.63007,3.38609],[101.63006,3.38616],[101.63013,3.38626],[101.63024,3.38654],[101.63029,3.38661],[101.63038,3.38668],[101.63048,3.38666],[101.63049,3.38677],[101.63078,3.38679],[101.63083,3.38674],[101.63092,3.38671],[101.63114,3.38671],[101.63118,3.38676],[101.63144,3.38673],[101.63162,3.38668],[101.63165,3.38662],[101.63163,3.38658],[101.63154,3.38657],[101.63138,3.38661],[101.63126,3.38659],[101.63123,3.38654],[101.63128,3.38641],[101.63114,3.38628],[101.63107,3.38621],[101.63125,3.38609],[101.63096,3.38584],[101.63077,3.38562],[101.63059,3.38533],[101.63054,3.38515],[101.63023,3.38501],[101.63007,3.38493],[101.63005,3.38496],[101.63004,3.38499]]]}},{"type":"Feature","properties":{"id":562896718,"kind":"wastewater"},"geometry":{"type":"Polygon","coordinates":[[[100.81594,3.89452],[100.81597,3.89464],[100.81599,3.89469],[100.81601,3.8947],[100.81605,3.89472],[100.81611,3.89471],[100.81633,3.89462],[100.81637,3.89458],[100.81637,3.89455],[100.81636,3.89448],[100.81622,3.89416],[100.81619,3.89413],[100.81615,3.89412],[100.8161,3.89412],[100.81602,3.89415],[100.81594,3.89419],[100.81591,3.89423],[100.8159,3.89426],[100.8159,3.89429],[100.81594,3.89452]]]}},{"type":"Feature","properties":{"id":564551067,"kind":"water"},"geometry":{"type":"Polygon","coordinates":[[[101.6341,3.43111],[101.63436,3.43038],[101.63456,3.43044],[101.6346,3.43108],[101.63466,3.43155],[101.63453,3.43155],[101.63445,3.43155],[101.63427,3.43119],[101.6341,3.43111]]]}},{"type":"Feature","properties":{"id":564551069,"kind":"water"},"geometry":{"type":"Polygon","coordinates":[[[101.63524,3.43211],[101.63506,3.43192],[101.63497,3.43179],[101.63484,3.43164],[101.63503,3.43148],[101.63506,3.43138],[101.63513,3.43133],[101.63544,3.43134],[101.63559,3.43135],[101.63569,3.4318],[101.63566,3.43185],[101.63561,3.43183],[101.63524,3.43211]]]}},{"type":"Feature","properties":{"id":564551070,"kind":"water"},"geometry":{"type":"Polygon","coordinates":[[[101.63456,3.43232],[101.63446,3.43198],[101.63462,3.43185],[101.63488,3.4321],[101.63456,3.43232]]]}},{"type":"Feature","properties":{"id":564551071,"kind":"water"},"geometry":{"type":"Polygon","coordinates":[[[101.63553,3.43266],[101.63506,3.43225],[101.63474,3.43249],[101.63531,3.43286],[101.63553,3.43266]]]}},{"type":"Feature","properties":{"id":564551072,"kind":"water"},"geometry":{"type":"Polygon","coordinates":[[[101.6358,3.4325],[101.63571,3.43241],[101.63563,3.43246],[101.63531,3.43214],[101.63561,3.4319],[101.63601,3.43228],[101.6358,3.4325]]]}},{"type":"Feature","properties":{"id":564551073,"kind":"water"},"geometry":{"type":"Polygon","coordinates":[[[101.63584,3.43457],[101.6355,3.43372],[101.6355,3.43338],[101.63574,3.43312],[101.63659,3.43416],[101.63584,3.43457]]]}},{"type":"Feature","properties":{"id":564551074,"kind":"water"},"geometry":{"type":"Polygon","coordinates":[[[101.63618,3.43541],[101.63588,3.43477],[101.63668,3.43427],[101.63705,3.4349],[101.63618,3.43541]]]}},{"type":"Feature","properties":{"id":564551075,"kind":"water"},"geometry":{"type":"Polygon","coordinates":[[[101.63647,3.43614],[101.6362,3.43559],[101.63717,3.43501],[101.63747,3.43552],[101.63647,3.43614]]]}},{"type":"Feature","properties":{"id":565187592,"kind":"river"},"geometry":{"type":"Polygon","coordinates":[[[100.76794,3.84862],[100.76963,3.84891],[100.77021,3.84895],[100.77077,3.84915],[100.77117,3.84953],[100.77114,3.84972],[100.77066,3.85001],[100.77056,3.85014],[100.77063,3.85023],[100.77077,3.85023],[100.77145,3.84995],[100.77165,3.84995],[100.77174,3.85004],[100.77177,3.85166],[100.77192,3.85713],[100.7721,3.86234],[100.77224,3.86274],[100.77237,3.86317],[100.77238,3.8615],[100.77229,3.85669],[100.77232,3.85331],[100.77225,3.85104],[100.77234,3.85074],[100.7724,3.85045],[100.7726,3.85034],[100.77286,3.85031],[100.77304,3.85033],[100.77339,3.85045],[100.77877,3.85345],[100.78143,3.85495],[100.78276,3.85566],[100.78373,3.85625],[100.78444,3.85647],[100.78427,3.85624],[100.78218,3.85489],[100.77809,3.85252],[100.77486,3.85069],[100.77289,3.84957],[100.77256,3.8493],[100.77229,3.84895],[100.77213,3.84876],[100.77151,3.8484],[100.77046,3.84787],[100.77014,3.8476],[100.7699,3.84736],[100.76921,3.84777],[100.76794,3.84862]]]}},{"type":"Feature","properties":{"id":565187604,"kind":"river"},"geometry":{"type":"Polygon","coordinates":[[[100.71514,3.90693],[100.71521,3.90703],[100.71521,3.9071],[100.71521,3.90715],[100.71528,3.90718],[100.71545,3.90709],[100.71553,3.90709],[100.71574,3.90709],[100.71588,3.90709],[100.71589,3.90705],[100.7159,3.907],[100.71529,3.90679],[100.71508,3.90667],[100.71491,3.90653],[100.71485,3.90644],[100.71475,3.90622],[100.71469,3.90602],[100.71463,3.9059],[100.7145,3.90574],[100.71436,3.90565],[100.71423,3.9056],[100.71383,3.90553],[100.71187,3.90496],[100.70961,3.90442],[100.70883,3.90427],[100.70855,3.90429],[100.70814,3.90422],[100.70789,3.90456],[100.70774,3.90472],[100.70802,3.9048],[100.70828,3.90473],[100.70856,3.90459],[100.7089,3.90462],[100.7104,3.90499],[100.71312,3.90563],[100.71405,3.90582],[100.71421,3.90592],[100.71436,3.90604],[100.71458,3.90635],[100.71478,3.90664],[100.71492,3.90678],[100.71514,3.90693]]]}},{"type":"Feature","properties":{"id":566005938,"kind":"wetland"},"geometry":{"type":"Polygon","coordinates":[[[100.89329,3.86029],[100.8967,3.86138],[100.89695,3.86127],[100.89703,3.86083],[100.89393,3.85964],[100.89102,3.85889],[100.88814,3.85838],[100.88217,3.85867],[100.88217,3.85924],[100.88293,3.85927],[100.88932,3.85919],[100.89103,3.85949],[100.89329,3.86029]]]}},{"type":"Feature","properties":{"id":566005939,"kind":"wetland"},"geometry":{"type":"Polygon","coordinates":[[[100.89819,3.86127],[100.8981,3.86171],[100.90044,3.86256],[100.9006,3.86223],[100.89929,3.86169],[100.89819,3.86127]]]}},{"type":"Feature","properties":{"id":566005940,"kind":"wetland"},"geometry":{"type":"Polygon","coordinates":[[[100.90105,3.86241],[100.90101,3.86276],[100.90437,3.86412],[100.90437,3.86464],[100.90238,3.86457],[100.9023,3.86545],[100.9043,3.86554],[100.90434,3.86618],[100.90689,3.86628],[100.90718,3.86634],[100.90807,3.86665],[100.91,3.86693],[100.91019,3.86612],[100.90105,3.86241]]]}},{"type":"Feature","properties":{"id":566005959,"kind":"river"},"geometry":{"type":"Polygon","coordinates":[[[100.90116,3.866],[100.90106,3.86601],[100.90073,3.8642],[100.90061,3.86329],[100.90044,3.86256],[100.9006,3.86223],[100.9007,3.86226],[100.90094,3.86236],[100.90086,3.8626],[100.90087,3.86289],[100.90096,3.86394],[100.90113,3.86497],[100.90124,3.86596],[100.90116,3.866]]]}},{"type":"Feature","properties":{"id":566005962,"kind":"wetland"},"geometry":{"type":"Polygon","coordinates":[[[100.88215,3.86293],[100.88215,3.86231],[100.88215,3.86177],[100.88217,3.85924],[100.88217,3.85867],[100.8799,3.85878],[100.87069,3.85975],[100.86424,3.85998],[100.86419,3.86017],[100.86693,3.86026],[100.8695,3.86015],[100.86953,3.86043],[100.87075,3.86068],[100.87141,3.86063],[100.87241,3.86025],[100.87293,3.85997],[100.87364,3.85991],[100.87441,3.85997],[100.87584,3.86014],[100.87585,3.86265],[100.87585,3.86415],[100.88099,3.86436],[100.88104,3.86306],[100.88215,3.86293]]]}},{"type":"Feature","properties":{"id":566005965,"kind":"wetland"},"geometry":{"type":"Polygon","coordinates":[[[100.85993,3.85975],[100.85996,3.86001],[100.86419,3.86017],[100.86424,3.85998],[100.85993,3.85975]]]}},{"type":"Feature","properties":{"id":566005968,"kind":"wetland"},"geometry":{"type":"Polygon","coordinates":[[[100.80655,3.86047],[100.80642,3.86089],[100.80638,3.86135],[100.80639,3.86169],[100.80657,3.8617],[100.80705,3.86162],[100.81357,3.86034],[100.81664,3.85975],[100.81656,3.8594],[100.81727,3.85909],[100.81869,3.85885],[100.81917,3.85874],[100.81943,3.85851],[100.81871,3.8578],[100.81862,3.85795],[100.81855,3.85803],[100.81852,3.8581],[100.8185,3.85816],[100.81849,3.85825],[100.81847,3.85837],[100.81846,3.85846],[100.81843,3.85852],[100.8184,3.85855],[100.81833,3.85857],[100.81824,3.85859],[100.81812,3.85861],[100.81784,3.85863],[100.81745,3.85866],[100.81706,3.85871],[100.81499,3.8591],[100.81401,3.85925],[100.81341,3.85934],[100.81271,3.85944],[100.81185,3.85949],[100.81111,3.85948],[100.81053,3.85955],[100.81023,3.85961],[100.8101,3.85962],[100.81002,3.85963],[100.80996,3.85963],[100.80989,3.85966],[100.80982,3.8597],[100.80972,3.85978],[100.80966,3.85981],[100.80961,3.85982],[100.80957,3.85981],[100.80952,3.85979],[100.80947,3.85975],[100.8094,3.8597],[100.80934,3.85969],[100.80929,3.8597],[100.80924,3.85973],[100.80918,3.8598],[100.80913,3.85986],[100.809,3.86],[100.80882,3.86012],[100.80833,3.86036],[100.80777,3.86056],[100.80739,3.86063],[100.80716,3.86064],[100.80687,3.86064],[100.80673,3.86061],[100.80662,3.86055],[100.80655,3.86047]]]}},{"type":"Feature","properties":{"id":566005972,"kind":"wetland"},"geometry":{"type":"Polygon","coordinates":[[[100.7699,3.84736],[100.77014,3.8476],[100.77046,3.84787],[100.77151,3.8484],[100.77213,3.84876],[100.77303,3.84889],[100.77412,3.84965],[100.77999,3.85299],[100.78299,3.85467],[100.78377,3.85538],[100.78786,3.85765],[100.78855,3.8575],[100.7892,3.85703],[100.78975,3.85685],[100.79022,3.85694],[100.79492,3.85866],[100.7955,3.85886],[100.79647,3.85886],[100.80011,3.8588],[100.80009,3.85866],[100.79757,3.85808],[100.79724,3.85801],[100.79694,3.85793],[100.79672,3.85782],[100.79645,3.85762],[100.79632,3.85742],[100.7963,3.8574],[100.79628,3.85739],[100.79625,3.85739],[100.79618,3.85739],[100.79606,3.8574],[100.79591,3.85742],[100.79574,3.8574],[100.79556,3.85732],[100.79536,3.85721],[100.7949,3.85707],[100.79418,3.85678],[100.79334,3.85652],[100.7926,3.85628],[100.79189,3.85601],[100.79111,3.85562],[100.7901,3.85507],[100.78911,3.8546],[100.78797,3.85412],[100.78705,3.85384],[100.78652,3.85354],[100.78597,3.85314],[100.78493,3.8524],[100.78384,3.8516],[100.78276,3.8509],[100.78162,3.85041],[100.78057,3.84986],[100.77904,3.84883],[100.77809,3.84809],[100.77741,3.84759],[100.77683,3.84714],[100.7761,3.84677],[100.77466,3.84627],[100.77387,3.84608],[100.77327,3.84606],[100.77236,3.84626],[100.77139,3.84661],[100.77039,3.847],[100.7699,3.84736]]]}},{"type":"Feature","properties":{"id":566005973,"kind":"wetland"},"geometry":{"type":"Polygon","coordinates":[[[100.78821,3.86528],[100.78774,3.85828],[100.78745,3.85796],[100.78443,3.8562],[100.78427,3.85624],[100.78444,3.85647],[100.78373,3.85625],[100.78276,3.85566],[100.77877,3.85345],[100.77339,3.85045],[100.77304,3.85033],[100.77286,3.85031],[100.7726,3.85034],[100.7724,3.85045],[100.77234,3.85074],[100.77225,3.85104],[100.77232,3.85331],[100.77229,3.85669],[100.77238,3.8615],[100.77237,3.86317],[100.77247,3.86466],[100.77244,3.86598],[100.77836,3.86572],[100.78521,3.86544],[100.78821,3.86528]]]}},{"type":"Feature","properties":{"id":566005974,"kind":"wetland"},"geometry":{"type":"Polygon","coordinates":[[[100.75399,3.85126],[100.75548,3.85054],[100.75587,3.85049],[100.75632,3.85043],[100.75669,3.85028],[100.75695,3.85011],[100.75708,3.84995],[100.75719,3.8497],[100.75727,3.84953],[100.75735,3.84944],[100.75739,3.84939],[100.75747,3.84934],[100.75758,3.84931],[100.75769,3.84931],[100.75804,3.84933],[100.75828,3.84933],[100.75858,3.84932],[100.7587,3.84935],[100.75888,3.84946],[100.75968,3.84987],[100.75992,3.84997],[100.76035,3.85007],[100.76068,3.85013],[100.76108,3.85016],[100.76178,3.85013],[100.76337,3.8497],[100.76442,3.84908],[100.76481,3.84876],[100.76525,3.84867],[100.76581,3.8487],[100.76626,3.84877],[100.76668,3.84876],[100.76794,3.84862],[100.76963,3.84891],[100.77021,3.84895],[100.77077,3.84915],[100.77117,3.84953],[100.77114,3.84972],[100.77066,3.85001],[100.77056,3.85014],[100.77063,3.85023],[100.77077,3.85023],[100.77145,3.84995],[100.77165,3.84995],[100.77174,3.85004],[100.77177,3.85166],[100.77192,3.85713],[100.7721,3.86234],[100.77224,3.86274],[100.77237,3.86317],[100.77247,3.86466],[100.77244,3.86598],[100.77123,3.8661],[100.7692,3.8671],[100.76753,3.8683],[100.7638,3.87199],[100.76287,3.87005],[100.76431,3.86925],[100.76565,3.86876],[100.76511,3.86774],[100.76233,3.86891],[100.7619,3.86817],[100.76319,3.86751],[100.76187,3.86472],[100.76048,3.8653],[100.75954,3.86357],[100.75951,3.86326],[100.75922,3.86242],[100.75843,3.86096],[100.7582,3.86077],[100.75745,3.85925],[100.75576,3.85543],[100.75372,3.8514],[100.75399,3.85126]]]}},{"type":"Feature","properties":{"id":566033602,"kind":"wetland"},"geometry":{"type":"Polygon","coordinates":[[[100.70456,3.90815],[100.70439,3.90844],[100.70443,3.90964],[100.70439,3.91099],[100.70434,3.91235],[100.70423,3.91533],[100.70389,3.91921],[100.70384,3.91999],[100.7037,3.92131],[100.70356,3.92294],[100.70322,3.92619],[100.70301,3.9294],[100.70263,3.93258],[100.70253,3.93387],[100.70329,3.93345],[100.70417,3.93294],[100.70418,3.93258],[100.70423,3.9313],[100.7043,3.92579],[100.70436,3.92191],[100.70439,3.91947],[100.70441,3.91884],[100.7046,3.91236],[100.70464,3.9095],[100.70456,3.90815]]]}},{"type":"Feature","properties":{"id":566033608,"kind":"wetland"},"geometry":{"type":"Polygon","coordinates":[[[100.70108,3.94543],[100.70166,3.94547],[100.7042,3.94523],[100.7035,3.93874],[100.70307,3.93503],[100.70301,3.93455],[100.70248,3.93449],[100.70218,3.93851],[100.70187,3.94011],[100.70153,3.94196],[100.70128,3.94421],[100.70108,3.94543]]]}},{"type":"Feature","properties":{"id":566033610,"kind":"wetland"},"geometry":{"type":"Polygon","coordinates":[[[100.70166,3.94547],[100.70108,3.94543],[100.70098,3.94606],[100.70088,3.94742],[100.70092,3.94875],[100.70089,3.94947],[100.70088,3.95015],[100.70093,3.95055],[100.70095,3.95066],[100.70102,3.95078],[100.70126,3.95084],[100.70168,3.95084],[100.70224,3.95072],[100.70327,3.95056],[100.70489,3.95037],[100.70466,3.94894],[100.70456,3.94882],[100.70184,3.94909],[100.70166,3.94547]]]}},{"type":"Feature","properties":{"id":567483234,"kind":"pond"},"geometry":{"type":"Polygon","coordinates":[[[101.43459,3.35302],[101.43459,3.3535],[101.43465,3.35366],[101.43476,3.35373],[101.43492,3.35375],[101.43822,3.35376],[101.43832,3.35375],[101.43843,3.3537],[101.4385,3.3536],[101.43851,3.35351],[101.43851,3.35118],[101.43848,3.35109],[101.4384,3.35106],[101.43828,3.35106],[101.4381,3.35106],[101.43814,3.35249],[101.43811,3.35314],[101.43809,3.35364],[101.43806,3.35367],[101.438,3.35367],[101.43797,3.35361],[101.43803,3.35306],[101.43804,3.35235],[101.43802,3.35165],[101.43799,3.35161],[101.43726,3.35157],[101.43719,3.35156],[101.43684,3.35157],[101.43675,3.35162],[101.43628,3.35165],[101.43605,3.35163],[101.43582,3.35159],[101.43574,3.35153],[101.43549,3.35153],[101.43546,3.35149],[101.43547,3.35141],[101.43551,3.35134],[101.43558,3.35133],[101.43564,3.35137],[101.43781,3.35144],[101.43793,3.35145],[101.43799,3.35141],[101.43801,3.35134],[101.43797,3.35109],[101.4379,3.35106],[101.43546,3.35105],[101.43542,3.35113],[101.43543,3.35118],[101.43556,3.35119],[101.43567,3.35117],[101.43627,3.35117],[101.43641,3.35119],[101.43674,3.35117],[101.43711,3.35119],[101.43785,3.35116],[101.43789,3.35122],[101.43788,3.35132],[101.43781,3.35134],[101.43709,3.35132],[101.43627,3.3513],[101.43558,3.35128],[101.4354,3.3513],[101.43537,3.3515],[101.43538,3.35195],[101.43536,3.35216],[101.43536,3.35239],[101.43531,3.35258],[101.43524,3.35279],[101.43518,3.35288],[101.43513,3.3529],[101.43466,3.35302],[101.43459,3.35302]]]}},{"type":"Feature","properties":{"id":567483236,"kind":"pond"},"geometry":{"type":"Polygon","coordinates":[[[101.43457,3.35292],[101.43463,3.35293],[101.43471,3.35285],[101.43502,3.35281],[101.4351,3.35277],[101.43514,3.35266],[101.43519,3.35216],[101.43516,3.35136],[101.43515,3.35123],[101.43518,3.35119],[101.43529,3.35116],[101.43536,3.35111],[101.43535,3.35106],[101.43509,3.35107],[101.43508,3.35113],[101.43505,3.35114],[101.43502,3.35107],[101.43494,3.35106],[101.43468,3.35105],[101.43458,3.35107],[101.43455,3.35145],[101.43458,3.35241],[101.43457,3.35292]]]}},{"type":"Feature","properties":{"id":567483237,"kind":"pond"},"geometry":{"type":"Polygon","coordinates":[[[101.43497,3.35099],[101.43794,3.35098],[101.43802,3.35093],[101.43799,3.35081],[101.43798,3.35066],[101.438,3.35058],[101.438,3.3505],[101.43795,3.35049],[101.43505,3.35047],[101.43499,3.35052],[101.43498,3.35058],[101.43503,3.35063],[101.43508,3.35066],[101.43522,3.35066],[101.43527,3.35069],[101.43529,3.35075],[101.43526,3.35082],[101.43508,3.35082],[101.43498,3.3509],[101.43497,3.35099]]]}},{"type":"Feature","properties":{"id":567483238,"kind":"pond"},"geometry":{"type":"Polygon","coordinates":[[[101.43498,3.35039],[101.43543,3.35041],[101.43747,3.35041],[101.43787,3.35037],[101.43793,3.35034],[101.43794,3.35012],[101.43792,3.34992],[101.43783,3.34986],[101.43699,3.34986],[101.43511,3.34987],[101.43499,3.34989],[101.43495,3.34994],[101.43493,3.35019],[101.43498,3.35039]]]}},{"type":"Feature","properties":{"id":567483240,"kind":"pond"},"geometry":{"type":"Polygon","coordinates":[[[101.43434,3.35077],[101.4344,3.35077],[101.43444,3.35076],[101.43456,3.35079],[101.43458,3.35091],[101.4346,3.35095],[101.43465,3.35098],[101.43468,3.35098],[101.43472,3.35094],[101.43473,3.35089],[101.43474,3.35061],[101.43474,3.35053],[101.43468,3.35049],[101.43463,3.35049],[101.43458,3.3505],[101.43455,3.35052],[101.43453,3.35058],[101.43457,3.35068],[101.43457,3.35071],[101.43454,3.35074],[101.43451,3.35073],[101.43448,3.35071],[101.43444,3.35071],[101.4344,3.35069],[101.43434,3.35069],[101.43434,3.35077]]]}},{"type":"Feature","properties":{"id":567483244,"kind":"pond"},"geometry":{"type":"Polygon","coordinates":[[[101.43811,3.35096],[101.43836,3.35096],[101.43846,3.35093],[101.4385,3.35086],[101.43852,3.35061],[101.43848,3.3505],[101.4384,3.35046],[101.4381,3.35048],[101.43806,3.35051],[101.43807,3.35091],[101.43811,3.35096]]]}},{"type":"Feature","properties":{"id":567814972,"kind":"water"},"geometry":{"type":"Polygon","coordinates":[[[101.65439,3.51509],[101.654,3.51409],[101.6541,3.51398],[101.65426,3.51414],[101.65455,3.51513],[101.65439,3.51509]]]}},{"type":"Feature","properties":{"id":569703781,"kind":"pond"},"geometry":{"type":"Polygon","coordinates":[[[102.07813,2.72997],[102.07796,2.73016],[102.07786,2.7302],[102.07775,2.7302],[102.07764,2.73014],[102.07758,2.73003],[102.07758,2.72993],[102.07763,2.72978],[102.07767,2.7297],[102.07772,2.72974],[102.07767,2.72989],[102.07767,2.72997],[102.07766,2.72998],[102.07765,2.73],[102.07766,2.73001],[102.07766,2.73002],[102.07768,2.73004],[102.0777,2.73005],[102.07773,2.73004],[102.07777,2.73006],[102.07782,2.73007],[102.07787,2.73006],[102.0779,2.73004],[102.07798,2.72998],[102.07807,2.72991],[102.07813,2.72997]]]}},{"type":"Feature","properties":{"id":569703785,"kind":"pond"},"geometry":{"type":"Polygon","coordinates":[[[102.07968,2.72925],[102.07957,2.72933],[102.07942,2.72939],[102.07924,2.7294],[102.07909,2.72938],[102.07901,2.7293],[102.07896,2.7291],[102.07894,2.72896],[102.07891,2.72885],[102.07886,2.72874],[102.0788,2.72865],[102.07886,2.72863],[102.07901,2.7287],[102.07915,2.72876],[102.07928,2.72878],[102.0794,2.72886],[102.07963,2.72915],[102.07968,2.72925]]]}},{"type":"Feature","properties":{"id":570650273,"kind":"pond"},"geometry":{"type":"Polygon","coordinates":[[[101.57532,3.63531],[101.57554,3.63536],[101.57569,3.63537],[101.57576,3.63536],[101.57588,3.63543],[101.57588,3.63552],[101.57583,3.63561],[101.57591,3.63578],[101.57589,3.63584],[101.57599,3.63603],[101.57608,3.6361],[101.57638,3.63611],[101.5766,3.63619],[101.57667,3.63629],[101.57671,3.6364],[101.57672,3.63653],[101.57651,3.63657],[101.57645,3.63663],[101.57645,3.63668],[101.57639,3.63679],[101.57632,3.63681],[101.576,3.63673],[101.57566,3.63663],[101.57539,3.63671],[101.5752,3.63678],[101.57497,3.63685],[101.57481,3.63685],[101.57478,3.63662],[101.57479,3.63642],[101.57485,3.63627],[101.57505,3.63567],[101.57513,3.63555],[101.57513,3.63541],[101.57522,3.63535],[101.57532,3.63531]]]}},{"type":"Feature","properties":{"id":582102429,"kind":"basin"},"geometry":{"type":"Polygon","coordinates":[[[102.01586,2.48301],[102.01585,2.48308],[102.01583,2.48314],[102.01559,2.48359],[102.01553,2.48364],[102.01546,2.48366],[102.01543,2.48365],[102.01412,2.48253],[102.01411,2.48249],[102.01411,2.48246],[102.01413,2.48243],[102.01473,2.48211],[102.01477,2.48211],[102.01482,2.48213],[102.01516,2.48233],[102.01558,2.48266],[102.01579,2.48288],[102.01586,2.48301]]]}},{"type":"Feature","properties":{"id":607826138,"kind":"basin"},"geometry":{"type":"Polygon","coordinates":[[[101.60721,3.36972],[101.60759,3.37002],[101.60763,3.37015],[101.60771,3.37024],[101.60784,3.37025],[101.60788,3.37028],[101.60791,3.37035],[101.60789,3.37042],[101.60776,3.37051],[101.60782,3.37062],[101.6078,3.37075],[101.60774,3.3708],[101.6076,3.37073],[101.60754,3.37063],[101.60746,3.37063],[101.6074,3.37067],[101.60742,3.37073],[101.60748,3.37081],[101.60747,3.37082],[101.60738,3.37081],[101.60734,3.37083],[101.60731,3.3709],[101.60719,3.37092],[101.60713,3.3709],[101.60707,3.37091],[101.60705,3.37097],[101.60695,3.37098],[101.60684,3.37093],[101.60677,3.37086],[101.60666,3.37084],[101.60655,3.37078],[101.60649,3.3707],[101.60645,3.3705],[101.6064,3.3704],[101.6065,3.37034],[101.60681,3.37041],[101.60693,3.3703],[101.60709,3.36995],[101.60721,3.36972]]]}},{"type":"Feature","properties":{"id":609630211,"kind":"pond"},"geometry":{"type":"Polygon","coordinates":[[[100.81427,3.8111],[100.81425,3.81124],[100.81429,3.81142],[100.81438,3.81158],[100.8145,3.81167],[100.8148,3.81173],[100.81507,3.81173],[100.81516,3.81168],[100.8152,3.8116],[100.81537,3.81122],[100.81537,3.81115],[100.81535,3.81107],[100.8153,3.81101],[100.81518,3.81093],[100.81494,3.81081],[100.81476,3.81074],[100.81468,3.81073],[100.81453,3.81074],[100.81438,3.81083],[100.81432,3.81094],[100.81427,3.8111]]]}},{"type":"Feature","properties":{"id":611350408,"kind":"pond"},"geometry":{"type":"Polygon","coordinates":[[[101.52914,3.34986],[101.5292,3.35022],[101.52918,3.35039],[101.52922,3.35049],[101.52933,3.3505],[101.52953,3.35048],[101.52963,3.35043],[101.5297,3.35026],[101.52978,3.35018],[101.52983,3.3501],[101.52979,3.35007],[101.52965,3.35006],[101.52956,3.35002],[101.52946,3.34994],[101.52931,3.34985],[101.52924,3.34981],[101.52918,3.34982],[101.52914,3.34986]]]}},{"type":"Feature","properties":{"id":611350422,"kind":"pond"},"geometry":{"type":"Polygon","coordinates":[[[101.53678,3.35055],[101.53715,3.3511],[101.5378,3.35064],[101.5378,3.35058],[101.53805,3.35035],[101.53749,3.34996],[101.53732,3.3501],[101.53725,3.35014],[101.53678,3.35055]]]}},{"type":"Feature","properties":{"id":619341966,"kind":"pond"},"geometry":{"type":"Polygon","coordinates":[[[102.0794,3.02569],[102.07913,3.02594],[102.07903,3.02605],[102.07899,3.02606],[102.07892,3.02604],[102.07886,3.026],[102.0787,3.02582],[102.07864,3.02572],[102.07862,3.0256],[102.07877,3.02544],[102.07907,3.02529],[102.07914,3.02532],[102.0792,3.02537],[102.07928,3.0255],[102.07941,3.0256],[102.07942,3.02563],[102.0794,3.02569]]]}},{"type":"Feature","properties":{"id":619342364,"kind":"pond"},"geometry":{"type":"Polygon","coordinates":[[[102.07952,3.02563],[102.07968,3.02579],[102.07955,3.02594],[102.07952,3.02605],[102.0795,3.02606],[102.07916,3.02609],[102.07914,3.02607],[102.07913,3.02605],[102.07916,3.026],[102.0794,3.0258],[102.07952,3.02563]]]}},{"type":"Feature","properties":{"id":619343769,"kind":"water"},"geometry":{"type":"Polygon","coordinates":[[[102.07759,3.02571],[102.07746,3.02588],[102.07736,3.02594],[102.07734,3.02598],[102.07736,3.02604],[102.07741,3.02611],[102.07739,3.02619],[102.07736,3.02623],[102.07733,3.02623],[102.07726,3.02624],[102.07719,3.02623],[102.07711,3.02619],[102.07702,3.02612],[102.07659,3.02596],[102.07654,3.02593],[102.07639,3.02577],[102.07636,3.02569],[102.07635,3.02549],[102.0763,3.02545],[102.07625,3.02544],[102.07621,3.02544],[102.07618,3.02544],[102.07616,3.02547],[102.07615,3.0255],[102.07611,3.02551],[102.07606,3.0255],[102.07606,3.02546],[102.07606,3.02544],[102.07604,3.02539],[102.076,3.02536],[102.07597,3.02536],[102.07591,3.02537],[102.07588,3.02535],[102.0759,3.02522],[102.07585,3.02518],[102.07565,3.02508],[102.07558,3.02504],[102.07558,3.02501],[102.07559,3.02498],[102.07565,3.02497],[102.07572,3.02498],[102.07588,3.02503],[102.07599,3.0251],[102.07605,3.02516],[102.07608,3.0252],[102.07611,3.02521],[102.07614,3.0252],[102.07618,3.02518],[102.07625,3.02517],[102.07651,3.02525],[102.07664,3.02527],[102.07672,3.02526],[102.07686,3.02531],[102.07705,3.0253],[102.07726,3.02544],[102.07735,3.02544],[102.07746,3.02549],[102.07758,3.02559],[102.0776,3.02567],[102.07759,3.02571]]]}},{"type":"Feature","properties":{"id":619344754,"kind":"water"},"geometry":{"type":"Polygon","coordinates":[[[102.07506,3.02803],[102.07499,3.02801],[102.07497,3.02801],[102.07494,3.028],[102.07492,3.028],[102.07491,3.02801],[102.07488,3.028],[102.07488,3.02797],[102.07487,3.02793],[102.07485,3.02791],[102.07482,3.02789],[102.07481,3.02788],[102.07482,3.02785],[102.07482,3.02783],[102.07483,3.0278],[102.07485,3.02776],[102.07485,3.02772],[102.07485,3.0277],[102.07484,3.02767],[102.07483,3.02764],[102.07481,3.02763],[102.07479,3.02761],[102.07478,3.0276],[102.07478,3.02757],[102.07478,3.0275],[102.07478,3.02743],[102.07477,3.02738],[102.07475,3.02734],[102.07474,3.02731],[102.07473,3.02729],[102.07471,3.02727],[102.0747,3.02723],[102.07472,3.02721],[102.07473,3.0272],[102.07474,3.02717],[102.07475,3.02714],[102.07477,3.02712],[102.0748,3.0271],[102.07482,3.0271],[102.07485,3.02711],[102.07487,3.02714],[102.07487,3.02716],[102.07488,3.02723],[102.07488,3.02736],[102.07488,3.02738],[102.0749,3.02741],[102.07489,3.02744],[102.0749,3.02747],[102.07491,3.0275],[102.07493,3.02754],[102.07496,3.02758],[102.07498,3.02762],[102.07501,3.02766],[102.07502,3.0277],[102.07502,3.02772],[102.07501,3.02777],[102.07501,3.02779],[102.07501,3.02781],[102.07502,3.02783],[102.07504,3.02784],[102.07503,3.02786],[102.07501,3.02787],[102.075,3.02789],[102.07501,3.02791],[102.07503,3.02791],[102.07504,3.02792],[102.07504,3.02794],[102.07504,3.02795],[102.07504,3.02797],[102.07505,3.02798],[102.07507,3.02799],[102.07508,3.02801],[102.0751,3.02802],[102.07511,3.02803],[102.07506,3.02803]]]}},{"type":"Feature","properties":{"id":619345686,"kind":"water"},"geometry":{"type":"Polygon","coordinates":[[[102.07311,3.02882],[102.07331,3.02886],[102.07345,3.02888],[102.07351,3.02893],[102.07357,3.02891],[102.07367,3.02892],[102.0738,3.02892],[102.07396,3.02896],[102.07401,3.029],[102.07402,3.02908],[102.07401,3.02918],[102.07404,3.02928],[102.07406,3.0294],[102.07402,3.02947],[102.07395,3.02946],[102.07387,3.02952],[102.07381,3.02949],[102.07379,3.02954],[102.07372,3.02955],[102.07364,3.02955],[102.07358,3.0296],[102.07355,3.02966],[102.07346,3.02969],[102.07337,3.02981],[102.07329,3.02989],[102.0732,3.02994],[102.07313,3.02988],[102.07315,3.02978],[102.0732,3.02966],[102.07322,3.0296],[102.07321,3.02949],[102.07315,3.02938],[102.07309,3.02935],[102.07299,3.02928],[102.07293,3.02926],[102.07287,3.02923],[102.07283,3.02923],[102.07274,3.02922],[102.07262,3.02917],[102.07249,3.02908],[102.07231,3.02899],[102.07219,3.02896],[102.07202,3.02889],[102.07187,3.02883],[102.0718,3.02875],[102.07169,3.02871],[102.0716,3.02869],[102.0715,3.0287],[102.07139,3.02867],[102.07137,3.02861],[102.07142,3.02857],[102.07147,3.02855],[102.07147,3.02849],[102.07151,3.02844],[102.07157,3.02845],[102.07163,3.02843],[102.07168,3.0284],[102.07172,3.02833],[102.07172,3.02825],[102.07175,3.02821],[102.07187,3.02825],[102.07194,3.02825],[102.07201,3.02828],[102.07208,3.02828],[102.0722,3.02829],[102.07226,3.02832],[102.07232,3.02829],[102.07234,3.02824],[102.07233,3.02816],[102.07232,3.02803],[102.07231,3.02794],[102.0724,3.02805],[102.07248,3.02816],[102.07259,3.02828],[102.07264,3.02841],[102.07269,3.02851],[102.07271,3.02858],[102.07268,3.02868],[102.07277,3.02873],[102.0729,3.02877],[102.07299,3.02881],[102.07311,3.02882]]]}},{"type":"Feature","properties":{"id":625591153,"kind":"river"},"geometry":{"type":"Polygon","coordinates":[[[102.0855,2.59243],[102.08575,2.59242],[102.08575,2.59223],[102.08582,2.59209],[102.0859,2.59186],[102.08599,2.59171],[102.08605,2.59149],[102.08612,2.59132],[102.08617,2.59116],[102.08622,2.59092],[102.08626,2.59083],[102.08631,2.59052],[102.08634,2.59024],[102.08634,2.59001],[102.08628,2.59],[102.08621,2.59023],[102.08618,2.59043],[102.08611,2.59067],[102.08606,2.59074],[102.08594,2.59077],[102.0857,2.59132],[102.08567,2.5915],[102.08558,2.59155],[102.08557,2.59168],[102.08568,2.59181],[102.08559,2.59208],[102.08551,2.59222],[102.0855,2.59243]]]}},{"type":"Feature","properties":{"id":638006120,"kind":"water"},"geometry":{"type":"Polygon","coordinates":[[[102.07148,2.45606],[102.07159,2.45616],[102.07162,2.45613],[102.07159,2.45609],[102.07181,2.45599],[102.07186,2.45593],[102.07195,2.4559],[102.07204,2.45578],[102.07201,2.45569],[102.07189,2.45571],[102.07188,2.45575],[102.07189,2.45584],[102.07172,2.4559],[102.07169,2.45582],[102.07164,2.4558],[102.07154,2.45593],[102.07148,2.45606]]]}},{"type":"Feature","properties":{"id":638687608,"kind":"pond"},"geometry":{"type":"Polygon","coordinates":[[[101.9127,2.43185],[101.91289,2.43212],[101.91311,2.43194],[101.91313,2.43192],[101.91312,2.43187],[101.91296,2.43166],[101.91292,2.43166],[101.9127,2.43181],[101.91269,2.43183],[101.9127,2.43185]]]}},{"type":"Feature","properties":{"id":643279446,"kind":"reservoir"},"geometry":{"type":"Polygon","coordinates":[[[101.18332,3.39481],[101.18312,3.39491],[101.18336,3.39533],[101.18356,3.39522],[101.18332,3.39481]]]}},{"type":"Feature","properties":{"id":643279450,"kind":"reservoir"},"geometry":{"type":"Polygon","coordinates":[[[101.18921,3.39217],[101.1894,3.3921],[101.18954,3.3921],[101.18961,3.39206],[101.18957,3.39197],[101.1896,3.39192],[101.18987,3.39174],[101.18971,3.3915],[101.18936,3.39173],[101.18908,3.39196],[101.18921,3.39217]]]}},{"type":"Feature","properties":{"id":649997041,"kind":"river"},"geometry":{"type":"Polygon","coordinates":[[[102.09662,3.47648],[102.0965,3.47671],[102.09661,3.47676],[102.09674,3.47698],[102.09671,3.47713],[102.09653,3.47746],[102.09623,3.47786],[102.09603,3.47843],[102.09601,3.47858],[102.09601,3.47876],[102.09607,3.47893],[102.09617,3.47911],[102.09632,3.47927],[102.09648,3.47936],[102.0966,3.4794],[102.09681,3.47943],[102.09693,3.47945],[102.09704,3.4795],[102.09715,3.47963],[102.09723,3.47974],[102.09753,3.47982],[102.09942,3.48018],[102.09966,3.48028],[102.0999,3.48054],[102.10009,3.48036],[102.09995,3.48021],[102.09976,3.47977],[102.09901,3.47888],[102.09755,3.47722],[102.09719,3.47673],[102.09682,3.47649],[102.09662,3.47648]]]}},{"type":"Feature","properties":{"id":661004956,"kind":"water"},"geometry":{"type":"Polygon","coordinates":[[[101.86042,3.76346],[101.8604,3.76331],[101.86033,3.76323],[101.86015,3.76302],[101.86007,3.76288],[101.86007,3.76271],[101.86004,3.76267],[101.85976,3.76283],[101.85973,3.76292],[101.85997,3.76343],[101.86002,3.76348],[101.86004,3.76349],[101.86012,3.76352],[101.86036,3.76355],[101.86048,3.76352],[101.86042,3.76346]]]}},{"type":"Feature","properties":{"id":663247873,"kind":"water"},"geometry":{"type":"Polygon","coordinates":[[[101.24646,3.71906],[101.24652,3.71948],[101.24675,3.71969],[101.24711,3.71977],[101.24743,3.71967],[101.2478,3.71928],[101.24785,3.71902],[101.24788,3.71868],[101.24771,3.71851],[101.24701,3.71839],[101.2471,3.71875],[101.24745,3.71892],[101.2475,3.71909],[101.2474,3.71921],[101.24702,3.71938],[101.24678,3.71931],[101.24665,3.71898],[101.24646,3.71906]]]}},{"type":"Feature","properties":{"id":663247875,"kind":"pond"},"geometry":{"type":"Polygon","coordinates":[[[101.24784,3.71991],[101.24791,3.71998],[101.24801,3.71998],[101.24805,3.71995],[101.24822,3.71918],[101.2482,3.71908],[101.24807,3.71907],[101.248,3.71918],[101.24784,3.71991]]]}},{"type":"Feature","properties":{"id":664092440,"kind":"pond"},"geometry":{"type":"Polygon","coordinates":[[[101.54005,3.6679],[101.54019,3.66807],[101.54041,3.66805],[101.54047,3.66792],[101.54057,3.66788],[101.54073,3.66792],[101.54079,3.66789],[101.54083,3.668],[101.54068,3.66804],[101.54052,3.66803],[101.54045,3.66809],[101.5404,3.66815],[101.54061,3.66838],[101.54087,3.66855],[101.541,3.66873],[101.54126,3.66875],[101.54185,3.66852],[101.54234,3.66818],[101.54238,3.66807],[101.54238,3.66795],[101.54231,3.66797],[101.54225,3.6679],[101.5422,3.66788],[101.54222,3.6678],[101.54246,3.66765],[101.54242,3.66757],[101.54246,3.66745],[101.54232,3.66719],[101.54224,3.66712],[101.54215,3.66717],[101.54208,3.66716],[101.54204,3.66722],[101.54194,3.66718],[101.54182,3.66725],[101.54173,3.6672],[101.5418,3.66711],[101.54164,3.66695],[101.54136,3.66696],[101.54116,3.6671],[101.54102,3.66728],[101.54042,3.66761],[101.54017,3.66777],[101.54005,3.6679]]]}},{"type":"Feature","properties":{"id":669326589,"kind":"pond"},"geometry":{"type":"Polygon","coordinates":[[[101.44441,3.85111],[101.44436,3.85155],[101.44457,3.8521],[101.44505,3.85215],[101.44561,3.85226],[101.44647,3.85292],[101.44714,3.85212],[101.44752,3.85195],[101.44775,3.85172],[101.44809,3.85121],[101.44857,3.85095],[101.44885,3.85087],[101.44882,3.85067],[101.44858,3.85057],[101.44847,3.85035],[101.44863,3.8501],[101.44844,3.84984],[101.44812,3.84984],[101.44806,3.8501],[101.44771,3.85],[101.44745,3.85045],[101.44747,3.85086],[101.44727,3.8511],[101.44714,3.85105],[101.44694,3.85042],[101.44678,3.85028],[101.44659,3.85033],[101.44617,3.85082],[101.44586,3.85085],[101.44561,3.85059],[101.44559,3.85033],[101.44566,3.85012],[101.44559,3.84999],[101.44521,3.85018],[101.44441,3.85111]]]}},{"type":"Feature","properties":{"id":669326591,"kind":"pond"},"geometry":{"type":"Polygon","coordinates":[[[101.42583,3.83917],[101.42606,3.83958],[101.42673,3.83946],[101.42699,3.83956],[101.42721,3.83941],[101.42827,3.83964],[101.42835,3.83945],[101.42797,3.83896],[101.42607,3.83897],[101.42583,3.83917]]]}},{"type":"Feature","properties":{"id":669326592,"kind":"pond"},"geometry":{"type":"Polygon","coordinates":[[[101.42405,3.84096],[101.42423,3.84101],[101.42432,3.84091],[101.4247,3.8408],[101.42499,3.84052],[101.42513,3.84048],[101.42519,3.84054],[101.42534,3.84046],[101.42537,3.84033],[101.42543,3.8403],[101.42553,3.84036],[101.42556,3.84051],[101.42569,3.84047],[101.42579,3.84021],[101.42565,3.83979],[101.42579,3.83958],[101.42579,3.83934],[101.42566,3.83915],[101.42553,3.83911],[101.42529,3.83925],[101.42516,3.83941],[101.42505,3.83935],[101.42484,3.83946],[101.42476,3.83978],[101.42486,3.84005],[101.42458,3.8404],[101.4243,3.84051],[101.424,3.84084],[101.42405,3.84096]]]}},{"type":"Feature","properties":{"id":712265179,"name":"flood retention pond","kind":"basin"},"geometry":{"type":"Polygon","coordinates":[[[102.04452,2.57584],[102.04447,2.57591],[102.04444,2.57632],[102.04446,2.57636],[102.0445,2.57638],[102.04471,2.57639],[102.04478,2.57634],[102.0449,2.57635],[102.04496,2.57633],[102.04498,2.57629],[102.04502,2.57593],[102.045,2.57587],[102.04495,2.57585],[102.04456,2.57582],[102.04452,2.57584]]]}},{"type":"Feature","properties":{"id":712320086,"kind":"basin"},"geometry":{"type":"Polygon","coordinates":[[[102.00988,2.48139],[102.00908,2.48096],[102.00861,2.4807],[102.00819,2.48058],[102.00738,2.48038],[102.0065,2.48017],[102.00596,2.48004],[102.00581,2.48005],[102.00573,2.48008],[102.00563,2.48016],[102.00556,2.48031],[102.00532,2.48129],[102.00532,2.48138],[102.00536,2.48145],[102.00551,2.48149],[102.007,2.4818],[102.0074,2.48184],[102.00765,2.48191],[102.00844,2.48204],[102.00884,2.4821],[102.00908,2.48211],[102.00934,2.48215],[102.00969,2.48225],[102.00977,2.48224],[102.00983,2.48219],[102.01005,2.4819],[102.01014,2.4818],[102.01017,2.48178],[102.01028,2.48185],[102.01032,2.48177],[102.01031,2.48176],[102.01032,2.48173],[102.01034,2.48171],[102.01032,2.48169],[102.01031,2.48165],[102.0102,2.48156],[102.00988,2.48139]]]}},{"type":"Feature","properties":{"id":717255333,"kind":"pond"},"geometry":{"type":"Polygon","coordinates":[[[101.81508,3.72416],[101.81513,3.72425],[101.81522,3.72427],[101.81547,3.72417],[101.81564,3.72414],[101.81582,3.72402],[101.81592,3.72381],[101.81597,3.72354],[101.81593,3.72338],[101.81585,3.72326],[101.81571,3.72319],[101.81554,3.7235],[101.81547,3.72361],[101.81532,3.72385],[101.81521,3.72403],[101.81508,3.72416]]]}},{"type":"Feature","properties":{"id":725184424,"kind":"wetland"},"geometry":{"type":"Polygon","coordinates":[[[101.8847,2.41806],[101.88441,2.41768],[101.88445,2.41754],[101.88443,2.41747],[101.88456,2.41741],[101.8847,2.41746],[101.88482,2.41758],[101.88485,2.41765],[101.88503,2.41765],[101.88508,2.41771],[101.88506,2.41798],[101.885,2.41804],[101.88493,2.41801],[101.8849,2.41796],[101.88491,2.41782],[101.88491,2.4178],[101.88483,2.41771],[101.88475,2.41764],[101.88464,2.41755],[101.8846,2.41754],[101.88458,2.41756],[101.88457,2.41758],[101.88458,2.4176],[101.88471,2.41776],[101.88474,2.4178],[101.88475,2.41787],[101.8847,2.41806]]]}},{"type":"Feature","properties":{"id":725185710,"kind":"wetland"},"geometry":{"type":"Polygon","coordinates":[[[101.85922,2.40818],[101.85915,2.4082],[101.85912,2.40822],[101.85907,2.40821],[101.85898,2.40823],[101.85894,2.40826],[101.8589,2.4083],[101.85884,2.4083],[101.85874,2.40835],[101.85869,2.4084],[101.85863,2.40842],[101.85862,2.40845],[101.85863,2.40849],[101.85869,2.4085],[101.85875,2.40851],[101.85881,2.40855],[101.85882,2.40858],[101.85886,2.4086],[101.85896,2.40857],[101.85901,2.40855],[101.85908,2.40855],[101.85915,2.40852],[101.85911,2.4085],[101.85906,2.40849],[101.859,2.4085],[101.85893,2.40851],[101.85889,2.40851],[101.85888,2.40851],[101.85887,2.40848],[101.85888,2.40845],[101.85892,2.40842],[101.859,2.40839],[101.85915,2.40832],[101.8592,2.40825],[101.85922,2.40818]]]}},{"type":"Feature","properties":{"id":725185711,"kind":"wetland"},"geometry":{"type":"Polygon","coordinates":[[[101.87916,2.41885],[101.8794,2.41878],[101.87955,2.41915],[101.87929,2.41938],[101.87942,2.41975],[101.8799,2.41991],[101.87987,2.42006],[101.87941,2.42006],[101.87906,2.42007],[101.87871,2.42011],[101.87839,2.42014],[101.87809,2.42018],[101.87799,2.42019],[101.87785,2.42015],[101.87772,2.42005],[101.87765,2.41996],[101.87763,2.41986],[101.87764,2.41983],[101.87765,2.41974],[101.87764,2.4196],[101.8784,2.41971],[101.87875,2.41962],[101.87916,2.41885]]]}},{"type":"Feature","properties":{"id":725188385,"kind":"wetland"},"geometry":{"type":"Polygon","coordinates":[[[101.83637,2.49188],[101.83638,2.49195],[101.83642,2.492],[101.83645,2.49205],[101.83648,2.49209],[101.8365,2.49214],[101.8368,2.49206],[101.83698,2.49194],[101.83698,2.49186],[101.83715,2.49178],[101.83732,2.49183],[101.83731,2.49201],[101.83736,2.49216],[101.83744,2.49232],[101.83749,2.49234],[101.83753,2.4923],[101.83751,2.49225],[101.8375,2.49219],[101.83752,2.49214],[101.83753,2.4921],[101.83758,2.49205],[101.83764,2.49201],[101.83766,2.492],[101.83766,2.49198],[101.83766,2.49196],[101.83765,2.49195],[101.83761,2.49193],[101.83753,2.49192],[101.83745,2.49188],[101.8374,2.49185],[101.83736,2.49181],[101.83733,2.49176],[101.83732,2.49172],[101.8373,2.4917],[101.83728,2.4917],[101.83726,2.4917],[101.83723,2.49171],[101.8372,2.49173],[101.83716,2.49174],[101.83713,2.49174],[101.83711,2.49172],[101.83711,2.4917],[101.83711,2.49166],[101.83711,2.49163],[101.8371,2.4916],[101.83706,2.49156],[101.83703,2.49156],[101.837,2.49154],[101.83698,2.4915],[101.83698,2.49146],[101.83698,2.49137],[101.83697,2.49134],[101.83694,2.49132],[101.83691,2.49133],[101.83689,2.49135],[101.83688,2.49144],[101.83687,2.49153],[101.83686,2.49158],[101.83684,2.4916],[101.83679,2.4916],[101.83675,2.49159],[101.83666,2.4915],[101.83661,2.49146],[101.83657,2.49144],[101.83652,2.49144],[101.83648,2.49147],[101.83646,2.49151],[101.83645,2.49158],[101.83646,2.49165],[101.83643,2.49173],[101.8364,2.49178],[101.83637,2.49183],[101.83637,2.49188]]]}},{"type":"Feature","properties":{"id":725188386,"kind":"wetland"},"geometry":{"type":"Polygon","coordinates":[[[101.8368,2.49232],[101.83681,2.4922],[101.83694,2.49209],[101.83711,2.49207],[101.83722,2.4921],[101.83729,2.49219],[101.83734,2.49229],[101.83739,2.49236],[101.83743,2.49242],[101.8374,2.49246],[101.8373,2.49244],[101.83719,2.49241],[101.83711,2.4924],[101.83702,2.49239],[101.83695,2.49238],[101.83687,2.49234],[101.8368,2.49232]]]}},{"type":"Feature","properties":{"id":725299835,"kind":"basin"},"geometry":{"type":"Polygon","coordinates":[[[101.8479,2.47323],[101.84788,2.47321],[101.84712,2.47238],[101.8472,2.47238],[101.84745,2.4724],[101.84767,2.47233],[101.84819,2.47236],[101.84836,2.47231],[101.84854,2.4723],[101.84852,2.47236],[101.84865,2.47233],[101.84883,2.47221],[101.84886,2.47178],[101.85153,2.47193],[101.85152,2.472],[101.85152,2.47201],[101.85154,2.47201],[101.85156,2.47202],[101.85159,2.47201],[101.8516,2.47202],[101.8516,2.47203],[101.85159,2.47211],[101.85158,2.47238],[101.85158,2.4724],[101.8516,2.47241],[101.85205,2.47266],[101.85233,2.47276],[101.85272,2.47281],[101.85298,2.47279],[101.85314,2.47269],[101.85325,2.47258],[101.85339,2.47243],[101.85358,2.47232],[101.85377,2.47224],[101.85397,2.47222],[101.85416,2.47223],[101.85438,2.4723],[101.85458,2.47242],[101.85475,2.47259],[101.85489,2.47283],[101.85495,2.47307],[101.85495,2.47332],[101.85488,2.47352],[101.85477,2.4737],[101.85462,2.47386],[101.85444,2.47401],[101.85421,2.47413],[101.85402,2.47415],[101.85379,2.47415],[101.85356,2.47409],[101.85337,2.47404],[101.85323,2.47392],[101.85314,2.47381],[101.85287,2.47345],[101.85279,2.47339],[101.85265,2.47337],[101.8521,2.47336],[101.85202,2.47336],[101.85192,2.47338],[101.85155,2.47353],[101.85134,2.47358],[101.85115,2.47358],[101.85095,2.47352],[101.85066,2.47344],[101.85035,2.47332],[101.85015,2.47328],[101.84991,2.47327],[101.84964,2.4733],[101.84929,2.47334],[101.84891,2.47336],[101.84867,2.47336],[101.84847,2.47331],[101.84833,2.47324],[101.8479,2.47323]]]}},{"type":"Feature","properties":{"id":731263216,"kind":"lake"},"geometry":{"type":"Polygon","coordinates":[[[101.56502,3.45047],[101.5651,3.45047],[101.56523,3.45052],[101.56535,3.45049],[101.56548,3.45035],[101.56546,3.45025],[101.56534,3.45022],[101.56516,3.45028],[101.56508,3.45028],[101.56501,3.45019],[101.56493,3.45012],[101.56477,3.45013],[101.56473,3.45022],[101.56476,3.45032],[101.56488,3.45036],[101.56495,3.45045],[101.56502,3.45047]]]}},{"type":"Feature","properties":{"id":731594307,"kind":"lake"},"geometry":{"type":"Polygon","coordinates":[[[101.85173,3.82731],[101.85149,3.82692],[101.85147,3.82647],[101.85158,3.82619],[101.85188,3.82471],[101.85199,3.82379],[101.85162,3.82307],[101.85145,3.82219],[101.85175,3.82095],[101.85229,3.8197],[101.85242,3.81908],[101.853,3.81908],[101.8528,3.81951],[101.85278,3.81968],[101.85259,3.82045],[101.85214,3.8214],[101.85199,3.82212],[101.8524,3.82253],[101.85252,3.82399],[101.85276,3.82484],[101.85231,3.82499],[101.8519,3.82549],[101.85222,3.82574],[101.85231,3.82606],[101.8519,3.82645],[101.85173,3.82731]]]}},{"type":"Feature","properties":{"id":731594308,"kind":"reservoir"},"geometry":{"type":"Polygon","coordinates":[[[101.85338,3.82455],[101.85326,3.82471],[101.85358,3.82523],[101.85385,3.82544],[101.85387,3.82525],[101.85401,3.82508],[101.8543,3.82513],[101.85441,3.82566],[101.85451,3.82549],[101.85464,3.82549],[101.85474,3.82558],[101.85478,3.82541],[101.85492,3.82536],[101.85469,3.82475],[101.85481,3.82433],[101.85444,3.82405],[101.85448,3.82389],[101.85435,3.82364],[101.85383,3.82299],[101.85347,3.82271],[101.85316,3.82265],[101.85305,3.82284],[101.85291,3.82324],[101.85303,3.82423],[101.85338,3.82455]]]}},{"type":"Feature","properties":{"id":731594309,"kind":"reservoir"},"geometry":{"type":"Polygon","coordinates":[[[101.85607,3.81909],[101.8577,3.81916],[101.85769,3.8189],[101.85744,3.81862],[101.8569,3.81834],[101.85622,3.81836],[101.85588,3.81846],[101.85597,3.81873],[101.85607,3.81909]]]}},{"type":"Feature","properties":{"id":731594311,"kind":"pond"},"geometry":{"type":"Polygon","coordinates":[[[101.85553,3.82556],[101.85585,3.82644],[101.85619,3.8272],[101.85639,3.82739],[101.85657,3.82749],[101.85807,3.82712],[101.85817,3.82652],[101.85812,3.8256],[101.85812,3.82517],[101.8581,3.82465],[101.85804,3.82446],[101.85796,3.82419],[101.85779,3.82406],[101.85754,3.82403],[101.85708,3.82411],[101.85679,3.8242],[101.85671,3.82439],[101.85665,3.82457],[101.85664,3.82471],[101.85645,3.82482],[101.85614,3.82498],[101.85567,3.82529],[101.85553,3.82556]]]}},{"type":"Feature","properties":{"id":740050980,"kind":"lake"},"geometry":{"type":"Polygon","coordinates":[[[101.86817,2.43634],[101.86846,2.43667],[101.86873,2.43668],[101.86882,2.43658],[101.8689,2.43581],[101.86887,2.43568],[101.86878,2.4357],[101.86869,2.4357],[101.86817,2.43634]]]}},{"type":"Feature","properties":{"id":744568117,"name":"Hutan Rizab Kuala Bernam","kind":"wetland"},"geometry":{"type":"Polygon","coordinates":[[[100.82972,3.77903],[100.82934,3.77732],[100.82929,3.77701],[100.82931,3.77694],[100.82937,3.77686],[100.82947,3.7768],[100.82956,3.77679],[100.82963,3.77679],[100.82988,3.7769],[100.83004,3.77695],[100.83016,3.77695],[100.8307,3.7769],[100.83111,3.77687],[100.83152,3.77677],[100.83182,3.77669],[100.83199,3.77661],[100.83213,3.7765],[100.8325,3.77611],[100.83328,3.77477],[100.83389,3.77379],[100.83418,3.77352],[100.83452,3.77338],[100.83502,3.77325],[100.83546,3.7732],[100.836,3.77322],[100.83659,3.77333],[100.83711,3.77335],[100.83754,3.77333],[100.83784,3.77325],[100.83808,3.77311],[100.83833,3.77286],[100.83867,3.77263],[100.83886,3.77256],[100.84081,3.772],[100.84169,3.77177],[100.84245,3.77165],[100.84387,3.7715],[100.84473,3.77145],[100.84602,3.77139],[100.84748,3.77134],[100.85095,3.77125],[100.85368,3.77109],[100.85574,3.77092],[100.85734,3.77098],[100.8593,3.7711],[100.86135,3.77117],[100.8619,3.77121],[100.86254,3.7712],[100.86287,3.77115],[100.8632,3.77109],[100.86347,3.77104],[100.86384,3.77083],[100.86432,3.77052],[100.86478,3.77033],[100.8653,3.7701],[100.86576,3.76994],[100.86628,3.76979],[100.86677,3.76969],[100.86732,3.76957],[100.86767,3.76947],[100.86796,3.76934],[100.86819,3.76919],[100.86846,3.76905],[100.86875,3.76899],[100.86902,3.76894],[100.86935,3.76889],[100.86964,3.76875],[100.86983,3.76859],[100.87004,3.7684],[100.8703,3.76813],[100.87051,3.76799],[100.87069,3.76789],[100.87099,3.76779],[100.87126,3.76772],[100.87156,3.76771],[100.87194,3.7678],[100.87211,3.76784],[100.87244,3.76799],[100.87252,3.76806],[100.87255,3.76811],[100.87255,3.7682],[100.87251,3.7683],[100.87246,3.76839],[100.87238,3.76847],[100.8723,3.76854],[100.87213,3.7686],[100.87194,3.76867],[100.8717,3.76876],[100.87138,3.76891],[100.87026,3.76949],[100.86568,3.77206],[100.86103,3.77459],[100.85746,3.77658],[100.85411,3.77842],[100.85005,3.78067],[100.84492,3.7835],[100.84437,3.78384],[100.84412,3.78393],[100.8435,3.78409],[100.84168,3.78441],[100.84029,3.78457],[100.83953,3.78463],[100.8394,3.78464],[100.83927,3.78467],[100.83915,3.78472],[100.83902,3.78479],[100.83796,3.7854],[100.83755,3.78565],[100.83734,3.78576],[100.83728,3.78579],[100.83721,3.78579],[100.83713,3.78576],[100.83707,3.78571],[100.83698,3.7856],[100.83683,3.78551],[100.83549,3.785],[100.83373,3.78445],[100.8333,3.78431],[100.83321,3.78427],[100.83318,3.78421],[100.83318,3.78414],[100.83323,3.78406],[100.83341,3.78405],[100.83669,3.7835],[100.83711,3.78344],[100.83732,3.78338],[100.83746,3.78329],[100.83755,3.7832],[100.83759,3.78308],[100.83753,3.78158],[100.8374,3.78093],[100.83725,3.78028],[100.83711,3.7797],[100.83698,3.77918],[100.83689,3.77878],[100.83684,3.77852],[100.83685,3.77832],[100.83684,3.7782],[100.83676,3.7781],[100.83663,3.77804],[100.83638,3.77804],[100.83598,3.77808],[100.83558,3.77817],[100.83525,3.77827],[100.83515,3.7783],[100.83466,3.77837],[100.83408,3.77846],[100.83335,3.77856],[100.83277,3.77865],[100.83222,3.77874],[100.83177,3.77882],[100.83122,3.77889],[100.83077,3.77894],[100.83037,3.77899],[100.83007,3.77902],[100.82987,3.77905],[100.82972,3.77903]]]}},{"type":"Feature","properties":{"id":744568123,"kind":"wetland"},"geometry":{"type":"Polygon","coordinates":[[[100.9758,3.6701],[100.9755,3.67034],[100.97509,3.67067],[100.97475,3.67097],[100.97444,3.67119],[100.97388,3.67166],[100.97338,3.67203],[100.97291,3.67245],[100.97251,3.67277],[100.97208,3.67312],[100.97176,3.67338],[100.97162,3.67339],[100.97153,3.67335],[100.97146,3.67328],[100.97128,3.67305],[100.97105,3.67271],[100.97092,3.67251],[100.97081,3.67244],[100.97069,3.67243],[100.97047,3.67248],[100.97023,3.67257],[100.96994,3.67269],[100.96962,3.6728],[100.96928,3.67292],[100.96895,3.67305],[100.96867,3.67316],[100.96839,3.67326],[100.96818,3.67333],[100.96794,3.67341],[100.96779,3.6735],[100.96769,3.67361],[100.9676,3.67376],[100.96756,3.6739],[100.96756,3.674],[100.96759,3.6741],[100.96761,3.67423],[100.9676,3.67431],[100.96752,3.67447],[100.96741,3.67468],[100.96735,3.67483],[100.96727,3.6749],[100.96707,3.67502],[100.96685,3.67515],[100.96663,3.67532],[100.9664,3.6755],[100.96616,3.67568],[100.96591,3.67584],[100.96563,3.67602],[100.96539,3.67619],[100.96515,3.67635],[100.96497,3.67646],[100.96479,3.67657],[100.96466,3.67668],[100.96451,3.67683],[100.96437,3.67694],[100.96425,3.67703],[100.96415,3.6771],[100.9641,3.67716],[100.96406,3.67725],[100.96401,3.67735],[100.96392,3.67742],[100.96363,3.67766],[100.96301,3.67804],[100.9625,3.67838],[100.96203,3.67872],[100.96151,3.67913],[100.96107,3.6795],[100.96064,3.67985],[100.9602,3.68018],[100.95983,3.68048],[100.95955,3.68068],[100.95935,3.68085],[100.95914,3.68103],[100.95895,3.68118],[100.95885,3.68123],[100.95877,3.68122],[100.9587,3.68116],[100.95856,3.68097],[100.95838,3.68074],[100.9582,3.68051],[100.95797,3.68023],[100.95782,3.68003],[100.95775,3.6799],[100.95767,3.67983],[100.95758,3.67979],[100.95746,3.67975],[100.95734,3.67963],[100.95723,3.67951],[100.95713,3.67934],[100.95701,3.67918],[100.95696,3.67911],[100.95693,3.67911],[100.95691,3.67915],[100.95691,3.67919],[100.95693,3.67924],[100.95696,3.67929],[100.95708,3.67947],[100.95726,3.6797],[100.95741,3.67991],[100.95759,3.68014],[100.95776,3.68042],[100.95796,3.68068],[100.95807,3.68084],[100.95811,3.68094],[100.9581,3.6811],[100.95804,3.68134],[100.95793,3.68152],[100.95772,3.68182],[100.95725,3.68229],[100.95687,3.68271],[100.95642,3.68314],[100.95602,3.68349],[100.95568,3.68381],[100.9555,3.68394],[100.95537,3.68396],[100.95515,3.68413],[100.95506,3.68435],[100.95508,3.68466],[100.95598,3.68567],[100.93824,3.69181],[100.93729,3.69141],[100.93703,3.69146],[100.93654,3.69184],[100.93604,3.69128],[100.93607,3.69099],[100.93601,3.69049],[100.93569,3.69015],[100.93605,3.6897],[100.9369,3.68797],[100.93857,3.68311],[100.93871,3.683],[100.9389,3.68288],[100.93907,3.68264],[100.93913,3.68239],[100.93921,3.68198],[100.93934,3.68151],[100.93945,3.68105],[100.93957,3.68058],[100.93969,3.68006],[100.93986,3.67948],[100.94003,3.67896],[100.94026,3.67836],[100.94046,3.6778],[100.94068,3.67723],[100.94091,3.67674],[100.94115,3.67616],[100.94142,3.67558],[100.94166,3.67509],[100.94193,3.67454],[100.94223,3.67392],[100.94255,3.67329],[100.94289,3.67261],[100.94315,3.67226],[100.94449,3.67069],[100.94686,3.66948],[100.95063,3.6685],[100.95446,3.66837],[100.96383,3.66802],[100.96595,3.66762],[100.96739,3.66752],[100.96848,3.66789],[100.96939,3.66857],[100.97014,3.66932],[100.97048,3.66975],[100.97065,3.66991],[100.97123,3.66985],[100.97213,3.66962],[100.97373,3.66963],[100.97458,3.6697],[100.97518,3.66995],[100.97561,3.67],[100.9758,3.6701]]]}},{"type":"Feature","properties":{"id":744568128,"kind":"wetland"},"geometry":{"type":"Polygon","coordinates":[[[100.97953,3.66649],[100.98533,3.6647],[100.99709,3.6546],[101.00011,3.65184],[101.00013,3.65182],[101.00014,3.65179],[101.00014,3.65176],[101.00012,3.65173],[101.00011,3.65172],[101.00009,3.65172],[101.00006,3.65172],[101.00004,3.65173],[100.99989,3.65187],[100.99967,3.65205],[100.99949,3.65219],[100.99921,3.65239],[100.99895,3.65257],[100.99874,3.65273],[100.99852,3.65289],[100.99835,3.65301],[100.99821,3.65313],[100.99794,3.65331],[100.99774,3.65345],[100.99753,3.65355],[100.99739,3.65357],[100.99725,3.65357],[100.9971,3.65355],[100.99695,3.65356],[100.99681,3.65361],[100.99664,3.65374],[100.99649,3.65392],[100.99639,3.65409],[100.99627,3.65428],[100.99607,3.6545],[100.99587,3.65471],[100.99552,3.65501],[100.99522,3.65529],[100.99488,3.65558],[100.99454,3.65584],[100.99431,3.65599],[100.9939,3.65629],[100.99351,3.65652],[100.99322,3.6567],[100.99296,3.65684],[100.99267,3.65698],[100.99247,3.65708],[100.99226,3.65718],[100.99208,3.65729],[100.9919,3.65744],[100.99177,3.65758],[100.99163,3.65771],[100.99144,3.65785],[100.99093,3.6582],[100.99057,3.65841],[100.9903,3.65862],[100.99008,3.6588],[100.98948,3.65921],[100.98885,3.6595],[100.98841,3.65969],[100.988,3.65987],[100.98749,3.66007],[100.98697,3.66033],[100.98652,3.6605],[100.98598,3.66069],[100.9857,3.66079],[100.98536,3.66093],[100.98503,3.66109],[100.98473,3.66122],[100.98427,3.66144],[100.98399,3.66157],[100.9837,3.66173],[100.98334,3.66192],[100.98313,3.66201],[100.98295,3.66204],[100.98277,3.66203],[100.98261,3.66205],[100.98232,3.66212],[100.98209,3.66219],[100.98193,3.66227],[100.98175,3.66243],[100.9816,3.6626],[100.98148,3.66273],[100.98135,3.66282],[100.98119,3.66288],[100.98089,3.66297],[100.98065,3.66307],[100.9804,3.66326],[100.98015,3.66351],[100.98,3.66371],[100.97986,3.66395],[100.97975,3.66423],[100.97969,3.66449],[100.97962,3.66477],[100.97958,3.66514],[100.97954,3.66548],[100.97953,3.66577],[100.97953,3.66614],[100.97953,3.66649]]]}},{"type":"Feature","properties":{"id":750970897,"kind":"pond"},"geometry":{"type":"Polygon","coordinates":[[[101.4064,3.43044],[101.40638,3.43054],[101.40631,3.43058],[101.40617,3.43059],[101.40586,3.43062],[101.40536,3.43058],[101.40506,3.43057],[101.40454,3.43051],[101.40447,3.43057],[101.40441,3.43071],[101.40435,3.43116],[101.40437,3.43153],[101.40444,3.43182],[101.4045,3.43196],[101.40496,3.43223],[101.40511,3.43227],[101.40569,3.43224],[101.40653,3.43208],[101.40725,3.43196],[101.40814,3.432],[101.40965,3.43209],[101.41208,3.43208],[101.41296,3.43211],[101.41325,3.43211],[101.41406,3.43197],[101.41419,3.43189],[101.41429,3.43176],[101.41432,3.43156],[101.41441,3.43103],[101.41444,3.4308],[101.41434,3.42994],[101.4143,3.42836],[101.414,3.42716],[101.41395,3.42703],[101.41395,3.42689],[101.41392,3.42612],[101.41392,3.42597],[101.414,3.42575],[101.41416,3.42519],[101.4142,3.42498],[101.4142,3.42468],[101.41433,3.42318],[101.41428,3.42192],[101.4142,3.42177],[101.41404,3.4217],[101.41378,3.42169],[101.4134,3.42181],[101.41165,3.42139],[101.4111,3.42135],[101.41071,3.42143],[101.41049,3.42146],[101.41033,3.42144],[101.41023,3.42138],[101.41013,3.42132],[101.41002,3.42128],[101.40991,3.42129],[101.40979,3.42131],[101.40958,3.42132],[101.40942,3.42129],[101.40909,3.4211],[101.40894,3.42109],[101.40882,3.42111],[101.40869,3.42112],[101.40853,3.4211],[101.40829,3.42105],[101.40815,3.42106],[101.408,3.4211],[101.40781,3.4211],[101.40757,3.42105],[101.40724,3.42097],[101.40693,3.42095],[101.4067,3.42104],[101.4066,3.42117],[101.40657,3.42137],[101.40664,3.42162],[101.40666,3.42178],[101.40658,3.42197],[101.40653,3.42274],[101.40661,3.42418],[101.4067,3.4243],[101.40693,3.42445],[101.40706,3.42451],[101.40711,3.42456],[101.40714,3.42464],[101.40717,3.42565],[101.40713,3.42583],[101.40705,3.42597],[101.40669,3.4264],[101.40655,3.4267],[101.40651,3.42685],[101.40648,3.42765],[101.40651,3.42791],[101.40656,3.42799],[101.40666,3.42805],[101.40672,3.42812],[101.40675,3.42824],[101.40672,3.42844],[101.40668,3.42865],[101.40672,3.42881],[101.40676,3.42887],[101.40683,3.4289],[101.40693,3.42891],[101.40699,3.42896],[101.40704,3.42906],[101.40702,3.4292],[101.40698,3.42935],[101.40684,3.42952],[101.40668,3.42961],[101.40637,3.42991],[101.40631,3.43002],[101.40628,3.4301],[101.40629,3.4302],[101.4064,3.43044]]]}},{"type":"Feature","properties":{"id":750980474,"kind":"pond"},"geometry":{"type":"Polygon","coordinates":[[[101.34876,3.79891],[101.34919,3.79921],[101.34949,3.79909],[101.3497,3.79877],[101.34992,3.79867],[101.35004,3.79853],[101.34994,3.79839],[101.34964,3.79823],[101.34923,3.79798],[101.34896,3.79794],[101.34862,3.79801],[101.34844,3.79829],[101.34858,3.79851],[101.34865,3.79873],[101.34876,3.79891]]]}},{"type":"Feature","properties":{"id":775257554,"kind":"lake"},"geometry":{"type":"Polygon","coordinates":[[[102.063,3.4481],[102.06277,3.44779],[102.06253,3.44773],[102.06232,3.44748],[102.06222,3.44736],[102.06213,3.44729],[102.06182,3.44726],[102.06168,3.44723],[102.06162,3.44712],[102.06166,3.44693],[102.06155,3.44673],[102.06135,3.44658],[102.06135,3.44642],[102.06093,3.446],[102.06109,3.4457],[102.06138,3.44568],[102.06167,3.44554],[102.06186,3.44534],[102.06203,3.44528],[102.06226,3.44533],[102.06267,3.44579],[102.06274,3.446],[102.06287,3.44616],[102.06291,3.44636],[102.06302,3.44662],[102.0633,3.44675],[102.06344,3.44683],[102.06358,3.44696],[102.06384,3.44744],[102.06391,3.44761],[102.06393,3.44796],[102.0639,3.44829],[102.06383,3.44847],[102.06367,3.44855],[102.063,3.4481]]]}},{"type":"Feature","properties":{"id":775257555,"kind":"basin"},"geometry":{"type":"Polygon","coordinates":[[[102.06279,3.44853],[102.06292,3.44839],[102.06316,3.44852],[102.06339,3.44874],[102.06319,3.44886],[102.06313,3.44887],[102.06306,3.44885],[102.06279,3.44858],[102.06279,3.44853]]]}},{"type":"Feature","properties":{"id":781435430,"kind":"water"},"geometry":{"type":"Polygon","coordinates":[[[101.63099,3.36869],[101.63083,3.36861],[101.63054,3.36869],[101.63062,3.3688],[101.63066,3.36895],[101.63073,3.36908],[101.63089,3.36908],[101.63099,3.36869]]]}},{"type":"Feature","properties":{"id":781435431,"kind":"water"},"geometry":{"type":"Polygon","coordinates":[[[101.63111,3.36806],[101.63048,3.36768],[101.63035,3.36775],[101.63046,3.36853],[101.63055,3.36855],[101.63064,3.36847],[101.63099,3.36843],[101.63111,3.36806]]]}},{"type":"Feature","properties":{"id":781435468,"kind":"water"},"geometry":{"type":"Polygon","coordinates":[[[101.63282,3.37027],[101.6326,3.37024],[101.63243,3.37057],[101.63288,3.3707],[101.63295,3.37051],[101.63282,3.37027]]]}},{"type":"Feature","properties":{"id":781435476,"kind":"pond"},"geometry":{"type":"Polygon","coordinates":[[[101.63497,3.36691],[101.63458,3.36726],[101.63457,3.3673],[101.63477,3.36784],[101.63479,3.36785],[101.63481,3.36786],[101.63502,3.36781],[101.63507,3.36779],[101.63509,3.36777],[101.63511,3.36773],[101.6351,3.36727],[101.63502,3.36694],[101.63501,3.36692],[101.63499,3.36691],[101.63497,3.36691]]]}},{"type":"Feature","properties":{"id":781435477,"kind":"pond"},"geometry":{"type":"Polygon","coordinates":[[[101.63432,3.36738],[101.63417,3.36748],[101.63414,3.36752],[101.63396,3.36763],[101.63396,3.36765],[101.63397,3.36766],[101.63398,3.36769],[101.63396,3.36772],[101.63396,3.36774],[101.63403,3.36781],[101.63444,3.36787],[101.63456,3.36786],[101.63463,3.36783],[101.63464,3.36779],[101.63464,3.36774],[101.63457,3.36755],[101.63453,3.36754],[101.63452,3.36748],[101.63432,3.36738]]]}},{"type":"Feature","properties":{"id":801484996,"kind":"pond"},"geometry":{"type":"Polygon","coordinates":[[[101.89124,3.40909],[101.89122,3.40922],[101.89115,3.40933],[101.89114,3.40945],[101.89119,3.40949],[101.89132,3.40942],[101.89139,3.40919],[101.89144,3.40908],[101.89146,3.40893],[101.89145,3.40882],[101.89143,3.40861],[101.89137,3.40857],[101.89126,3.40857],[101.89122,3.4086],[101.89116,3.40873],[101.89115,3.40884],[101.89117,3.40888],[101.89116,3.40893],[101.89118,3.409],[101.89123,3.40905],[101.89124,3.40909]]]}},{"type":"Feature","properties":{"id":808880745,"kind":"pond"},"geometry":{"type":"Polygon","coordinates":[[[101.8552,2.48875],[101.85539,2.48875],[101.85547,2.4887],[101.85552,2.48853],[101.85544,2.48838],[101.85529,2.48829],[101.85509,2.48829],[101.85496,2.48821],[101.85491,2.48801],[101.85495,2.48787],[101.85503,2.48784],[101.85517,2.48771],[101.85525,2.48753],[101.85526,2.4874],[101.85503,2.48727],[101.85475,2.48716],[101.85451,2.48718],[101.85438,2.48713],[101.85427,2.48704],[101.85399,2.48697],[101.85372,2.4867],[101.8536,2.48666],[101.85347,2.48672],[101.85334,2.48674],[101.85306,2.48682],[101.85295,2.48682],[101.85289,2.48693],[101.85287,2.4871],[101.853,2.4872],[101.85325,2.48725],[101.85334,2.48735],[101.85356,2.48734],[101.85378,2.48726],[101.85496,2.48771],[101.85489,2.48783],[101.85483,2.48802],[101.85475,2.48823],[101.85458,2.48827],[101.85433,2.48833],[101.85425,2.48818],[101.85404,2.4881],[101.85388,2.48805],[101.85384,2.48789],[101.85366,2.48777],[101.85351,2.48767],[101.85344,2.48766],[101.85333,2.4876],[101.8532,2.48761],[101.85308,2.48752],[101.85297,2.48752],[101.85289,2.48749],[101.85284,2.48738],[101.85273,2.48731],[101.85261,2.48726],[101.85253,2.48728],[101.85252,2.48739],[101.8526,2.48746],[101.85276,2.48753],[101.85287,2.48759],[101.85306,2.48765],[101.85326,2.48771],[101.85337,2.48776],[101.85355,2.48782],[101.85369,2.48792],[101.85384,2.48814],[101.85402,2.48818],[101.8542,2.48828],[101.85427,2.48854],[101.8543,2.48892],[101.85439,2.48973],[101.85456,2.48964],[101.85466,2.48949],[101.85481,2.4893],[101.855,2.48915],[101.85505,2.48901],[101.85511,2.48881],[101.8552,2.48875]]]}},{"type":"Feature","properties":{"id":827071298,"kind":"pond"},"geometry":{"type":"Polygon","coordinates":[[[102.03367,3.53704],[102.03349,3.53649],[102.03337,3.53601],[102.03306,3.53584],[102.03267,3.5354],[102.03257,3.53495],[102.03256,3.53472],[102.03257,3.53457],[102.03252,3.53435],[102.032,3.53451],[102.03177,3.53446],[102.03143,3.53392],[102.03103,3.53411],[102.03083,3.5344],[102.03075,3.53476],[102.03085,3.53491],[102.03117,3.53489],[102.03144,3.5351],[102.03173,3.53519],[102.03236,3.5352],[102.03244,3.5353],[102.03251,3.53542],[102.03251,3.53573],[102.0326,3.53593],[102.03272,3.53626],[102.03316,3.53667],[102.03353,3.53707],[102.03367,3.53704]]]}},{"type":"Feature","properties":{"id":857829002,"kind":"water"},"geometry":{"type":"Polygon","coordinates":[[[101.4979,3.42431],[101.49789,3.42427],[101.49782,3.42424],[101.49771,3.42426],[101.49758,3.42416],[101.4976,3.42407],[101.49756,3.42404],[101.49752,3.42408],[101.49745,3.42405],[101.49744,3.42399],[101.49739,3.42397],[101.49728,3.42382],[101.49717,3.42379],[101.49728,3.42399],[101.4974,3.42422],[101.49763,3.42446],[101.49769,3.42458],[101.49776,3.42461],[101.49779,3.42468],[101.49786,3.4247],[101.49788,3.42481],[101.49795,3.42483],[101.49797,3.4249],[101.49804,3.42492],[101.49805,3.42498],[101.4981,3.42499],[101.4981,3.42503],[101.49813,3.42504],[101.49814,3.425],[101.4982,3.42497],[101.49828,3.42499],[101.49831,3.42501],[101.49831,3.42506],[101.49838,3.42507],[101.49839,3.42502],[101.49838,3.42498],[101.49835,3.42497],[101.49832,3.42495],[101.49831,3.42487],[101.49824,3.4248],[101.49821,3.42459],[101.49816,3.42457],[101.49814,3.42445],[101.4981,3.42447],[101.498,3.42441],[101.49797,3.42433],[101.4979,3.42431]]]}},{"type":"Feature","properties":{"id":857837322,"kind":"pond"},"geometry":{"type":"Polygon","coordinates":[[[101.54037,3.71149],[101.54053,3.71177],[101.54053,3.71193],[101.54065,3.7119],[101.54072,3.712],[101.54088,3.71209],[101.54118,3.71196],[101.54125,3.71174],[101.54109,3.71155],[101.54097,3.71069],[101.54075,3.71033],[101.54049,3.71027],[101.54017,3.71034],[101.54018,3.71058],[101.54027,3.71066],[101.54028,3.71086],[101.54038,3.71093],[101.54046,3.71122],[101.54037,3.71149]]]}},{"type":"Feature","properties":{"id":857846138,"kind":"pond"},"geometry":{"type":"Polygon","coordinates":[[[101.40801,3.82434],[101.40843,3.82506],[101.40879,3.8252],[101.40881,3.82521],[101.40926,3.82525],[101.40956,3.82488],[101.40967,3.82384],[101.4094,3.82325],[101.40966,3.823],[101.40892,3.82226],[101.40893,3.82193],[101.40908,3.82149],[101.40872,3.82122],[101.40839,3.82067],[101.40778,3.82106],[101.40734,3.82157],[101.4071,3.82213],[101.40739,3.82211],[101.40718,3.82253],[101.40735,3.82302],[101.40753,3.82302],[101.40784,3.82367],[101.40801,3.82434]]]}},{"type":"Feature","properties":{"id":857846141,"kind":"pond"},"geometry":{"type":"Polygon","coordinates":[[[101.40882,3.82077],[101.40934,3.82148],[101.41002,3.82146],[101.41019,3.82166],[101.41028,3.82164],[101.41041,3.82193],[101.41052,3.82203],[101.41105,3.82192],[101.41118,3.82121],[101.41161,3.821],[101.41106,3.81994],[101.4107,3.82003],[101.41063,3.82051],[101.41051,3.82046],[101.41031,3.8203],[101.40953,3.82019],[101.409,3.82041],[101.40882,3.82077]]]}},{"type":"Feature","properties":{"id":857846147,"kind":"pond"},"geometry":{"type":"Polygon","coordinates":[[[101.41767,3.83562],[101.41774,3.83584],[101.41789,3.83605],[101.41805,3.8363],[101.41831,3.8363],[101.41849,3.83573],[101.41868,3.8353],[101.41883,3.83527],[101.41894,3.83521],[101.41893,3.83509],[101.41864,3.83504],[101.41825,3.83476],[101.41807,3.83474],[101.41787,3.83504],[101.41767,3.83562]]]}},{"type":"Feature","properties":{"id":857846149,"kind":"pond"},"geometry":{"type":"Polygon","coordinates":[[[101.4184,3.83265],[101.41875,3.83263],[101.41905,3.83274],[101.41923,3.83286],[101.41937,3.83277],[101.41925,3.83257],[101.41921,3.83234],[101.41899,3.83225],[101.41899,3.83197],[101.41876,3.83177],[101.4187,3.83152],[101.4186,3.83126],[101.41795,3.83084],[101.41772,3.83079],[101.41754,3.83095],[101.41736,3.83097],[101.4173,3.8309],[101.41736,3.83071],[101.41735,3.83057],[101.41709,3.8306],[101.41625,3.83067],[101.41651,3.83117],[101.41723,3.8316],[101.41774,3.83192],[101.4184,3.83265]]]}},{"type":"Feature","properties":{"id":857997564,"kind":"pond"},"geometry":{"type":"Polygon","coordinates":[[[101.48834,3.40631],[101.48916,3.40586],[101.48943,3.40637],[101.48863,3.40678],[101.48834,3.40631]]]}},{"type":"Feature","properties":{"id":858063932,"kind":"basin"},"geometry":{"type":"Polygon","coordinates":[[[101.48778,3.4222],[101.48783,3.42218],[101.48786,3.42211],[101.48793,3.42211],[101.48795,3.42223],[101.48798,3.42229],[101.48795,3.42243],[101.48787,3.42247],[101.48786,3.42262],[101.48795,3.42266],[101.48804,3.42271],[101.48816,3.42269],[101.48828,3.42298],[101.48832,3.42303],[101.48832,3.42309],[101.48835,3.42315],[101.48837,3.42323],[101.48841,3.42327],[101.48846,3.42327],[101.48852,3.42326],[101.48847,3.42333],[101.48846,3.42342],[101.48841,3.42336],[101.48837,3.42338],[101.48833,3.42333],[101.48829,3.42336],[101.48823,3.42334],[101.48818,3.42339],[101.48816,3.42347],[101.48819,3.42352],[101.48813,3.42356],[101.48808,3.42352],[101.48798,3.42353],[101.48793,3.42351],[101.48795,3.42345],[101.48792,3.42341],[101.48793,3.42333],[101.48786,3.4233],[101.48776,3.42329],[101.48768,3.42333],[101.48766,3.42328],[101.4877,3.42322],[101.48761,3.42322],[101.48765,3.4231],[101.48764,3.42298],[101.48755,3.42301],[101.48752,3.42296],[101.48755,3.42288],[101.48763,3.42284],[101.48772,3.4226],[101.48776,3.42245],[101.48776,3.42232],[101.48777,3.42226],[101.48778,3.4222]]]}},{"type":"Feature","properties":{"id":858383025,"kind":"lake"},"geometry":{"type":"Polygon","coordinates":[[[101.48227,3.39764],[101.48216,3.39746],[101.48201,3.39722],[101.48199,3.39708],[101.48207,3.39698],[101.48214,3.39699],[101.48243,3.39664],[101.48264,3.3962],[101.48272,3.39621],[101.48283,3.39628],[101.48283,3.39605],[101.48266,3.39598],[101.48259,3.39579],[101.48296,3.39581],[101.48319,3.39591],[101.48374,3.39567],[101.48417,3.39521],[101.4844,3.3951],[101.48445,3.39499],[101.48434,3.39483],[101.48411,3.39477],[101.48393,3.39459],[101.48451,3.39457],[101.48483,3.39439],[101.48493,3.39414],[101.48515,3.39393],[101.48526,3.39374],[101.48547,3.39373],[101.48561,3.39382],[101.48552,3.39408],[101.48514,3.39447],[101.48503,3.39469],[101.48514,3.39483],[101.48507,3.39511],[101.48494,3.3952],[101.4849,3.39545],[101.48494,3.39563],[101.48485,3.39589],[101.48501,3.39605],[101.48522,3.39612],[101.48523,3.39621],[101.48511,3.39628],[101.48521,3.39639],[101.48526,3.39651],[101.48535,3.39655],[101.4854,3.39676],[101.48516,3.39656],[101.48503,3.39642],[101.48474,3.39624],[101.48439,3.39623],[101.48419,3.39631],[101.48403,3.39652],[101.48413,3.39675],[101.48401,3.39676],[101.48393,3.39682],[101.48397,3.39694],[101.48384,3.39687],[101.4837,3.39688],[101.48364,3.39706],[101.48369,3.39732],[101.48382,3.39784],[101.48395,3.39801],[101.48398,3.39811],[101.48387,3.39807],[101.48372,3.39788],[101.48363,3.39762],[101.48348,3.39744],[101.48331,3.39739],[101.48302,3.39744],[101.48277,3.3976],[101.48265,3.39771],[101.48255,3.39775],[101.48243,3.39772],[101.48227,3.39764]]]}},{"type":"Feature","properties":{"id":858384661,"kind":"lake"},"geometry":{"type":"Polygon","coordinates":[[[101.47819,3.39328],[101.47814,3.39309],[101.47804,3.39303],[101.47808,3.39293],[101.47815,3.39294],[101.47826,3.39285],[101.47824,3.39275],[101.4784,3.39279],[101.47869,3.39276],[101.47903,3.3927],[101.47917,3.39255],[101.47933,3.39253],[101.47951,3.39244],[101.47962,3.39227],[101.47979,3.39222],[101.47988,3.39234],[101.47976,3.39252],[101.4797,3.39267],[101.47961,3.39285],[101.47957,3.39311],[101.47958,3.39329],[101.47969,3.39348],[101.47975,3.39363],[101.47973,3.39376],[101.47972,3.39382],[101.47966,3.39385],[101.47964,3.3938],[101.47959,3.39377],[101.47962,3.3937],[101.47959,3.39359],[101.4794,3.39336],[101.47911,3.39324],[101.47883,3.39324],[101.47867,3.39325],[101.47842,3.39331],[101.47831,3.39329],[101.47819,3.39328]]]}},{"type":"Feature","properties":{"id":858384928,"kind":"lake"},"geometry":{"type":"Polygon","coordinates":[[[101.48032,3.39236],[101.48024,3.39228],[101.48023,3.39215],[101.48026,3.39203],[101.48036,3.39198],[101.4807,3.39202],[101.48104,3.39193],[101.48109,3.39185],[101.48123,3.39192],[101.4812,3.39203],[101.48103,3.39205],[101.48073,3.39217],[101.48065,3.39219],[101.48056,3.39229],[101.48046,3.39229],[101.48032,3.39236]]]}},{"type":"Feature","properties":{"id":858385767,"kind":"lake"},"geometry":{"type":"Polygon","coordinates":[[[101.47951,3.38852],[101.47932,3.38843],[101.47947,3.38793],[101.47956,3.38779],[101.47955,3.38749],[101.4798,3.38659],[101.4799,3.38646],[101.47988,3.38626],[101.47972,3.38597],[101.47947,3.386],[101.47929,3.38594],[101.47933,3.3856],[101.47951,3.38546],[101.48032,3.38509],[101.48085,3.38477],[101.48143,3.38416],[101.48176,3.38364],[101.48203,3.38301],[101.48221,3.38285],[101.48219,3.3827],[101.48238,3.38264],[101.48249,3.3828],[101.48221,3.38317],[101.48215,3.38361],[101.48196,3.38383],[101.48189,3.38422],[101.48179,3.38429],[101.48189,3.38453],[101.48198,3.3846],[101.48198,3.38472],[101.48179,3.38466],[101.48193,3.38494],[101.48248,3.38518],[101.48266,3.38508],[101.48298,3.38533],[101.48338,3.38543],[101.48385,3.38528],[101.48409,3.3854],[101.4839,3.38567],[101.48355,3.38578],[101.4833,3.38573],[101.48279,3.38554],[101.4826,3.38553],[101.4824,3.38558],[101.48223,3.38572],[101.48193,3.38557],[101.48101,3.38557],[101.48082,3.38568],[101.48056,3.38573],[101.48044,3.38573],[101.48033,3.38592],[101.48035,3.38602],[101.48027,3.38614],[101.48026,3.38643],[101.48016,3.3865],[101.48008,3.38682],[101.48023,3.38716],[101.48018,3.38748],[101.48037,3.38794],[101.48057,3.38809],[101.4805,3.38827],[101.48036,3.38829],[101.48022,3.38827],[101.4801,3.38811],[101.47985,3.38814],[101.47951,3.38852]]]}},{"type":"Feature","properties":{"id":858460054,"kind":"lake"},"geometry":{"type":"Polygon","coordinates":[[[101.50991,3.46301],[101.50996,3.46315],[101.50983,3.4634],[101.50975,3.46343],[101.50974,3.46352],[101.50966,3.46359],[101.50949,3.46388],[101.50942,3.46394],[101.50939,3.46404],[101.50935,3.46411],[101.50931,3.46416],[101.50922,3.46433],[101.5092,3.46452],[101.50922,3.46456],[101.5092,3.46466],[101.50908,3.46468],[101.50895,3.46468],[101.50874,3.46473],[101.50857,3.46464],[101.50855,3.46442],[101.50862,3.46428],[101.50873,3.46422],[101.50886,3.46424],[101.50889,3.46416],[101.50876,3.46412],[101.50868,3.46412],[101.50856,3.4642],[101.5084,3.46435],[101.50831,3.46438],[101.5082,3.46446],[101.50803,3.46454],[101.50779,3.46462],[101.5077,3.46463],[101.50767,3.46469],[101.50753,3.46475],[101.50726,3.46475],[101.50721,3.46478],[101.5071,3.46477],[101.50699,3.46479],[101.50674,3.46479],[101.50665,3.46478],[101.50656,3.46479],[101.50633,3.46479],[101.50607,3.46473],[101.50588,3.46461],[101.50572,3.46464],[101.5056,3.46453],[101.5055,3.46453],[101.50531,3.46442],[101.50521,3.46426],[101.50509,3.46421],[101.50495,3.46413],[101.50484,3.46402],[101.50478,3.464],[101.50474,3.46403],[101.50458,3.46393],[101.50436,3.46382],[101.50426,3.46371],[101.50423,3.46343],[101.50417,3.46307],[101.50421,3.46291],[101.50426,3.46266],[101.50428,3.46245],[101.50456,3.46249],[101.50477,3.46252],[101.50508,3.46275],[101.50517,3.46274],[101.50523,3.46278],[101.50531,3.46274],[101.50527,3.46266],[101.50514,3.46264],[101.5051,3.46259],[101.50495,3.46255],[101.50483,3.46246],[101.50462,3.46243],[101.50458,3.46237],[101.5048,3.46222],[101.50501,3.46216],[101.50513,3.46215],[101.50523,3.46211],[101.50542,3.46207],[101.50562,3.4621],[101.50566,3.46274],[101.50574,3.46286],[101.50595,3.46285],[101.50603,3.46287],[101.50618,3.46285],[101.50633,3.46291],[101.50651,3.46288],[101.50675,3.46275],[101.50679,3.4627],[101.50691,3.46268],[101.50697,3.46277],[101.50705,3.46268],[101.50715,3.46274],[101.50716,3.46284],[101.50737,3.46296],[101.50739,3.46313],[101.50733,3.46323],[101.50716,3.46329],[101.50681,3.46341],[101.50672,3.46351],[101.50671,3.46359],[101.50689,3.46363],[101.50703,3.46368],[101.50718,3.46377],[101.50725,3.46395],[101.50722,3.464],[101.50738,3.464],[101.50749,3.46401],[101.50756,3.46397],[101.50743,3.46375],[101.50743,3.46356],[101.50749,3.46335],[101.50766,3.46296],[101.50785,3.46299],[101.50799,3.46292],[101.50793,3.46276],[101.50819,3.46266],[101.5084,3.46269],[101.50854,3.46267],[101.50854,3.4628],[101.50867,3.46285],[101.50875,3.4627],[101.50898,3.46265],[101.50911,3.46269],[101.50931,3.46265],[101.50947,3.46276],[101.50972,3.46281],[101.50981,3.46294],[101.50991,3.46301]]]}},{"type":"Feature","properties":{"id":858463561,"kind":"lake"},"geometry":{"type":"Polygon","coordinates":[[[101.5099,3.46509],[101.50988,3.46502],[101.50984,3.46495],[101.5099,3.46483],[101.50992,3.46468],[101.51019,3.46463],[101.5105,3.4646],[101.51072,3.46466],[101.5112,3.46463],[101.51167,3.46471],[101.51187,3.46479],[101.51197,3.46493],[101.51188,3.46508],[101.51187,3.46523],[101.51192,3.46528],[101.51194,3.46536],[101.51199,3.46535],[101.5121,3.46532],[101.51224,3.46553],[101.51224,3.46559],[101.5122,3.46568],[101.51218,3.46576],[101.51196,3.46586],[101.5119,3.46597],[101.51184,3.46606],[101.51188,3.46616],[101.5118,3.46618],[101.51178,3.46629],[101.51162,3.46651],[101.51155,3.46688],[101.51147,3.46724],[101.51145,3.46742],[101.5114,3.46749],[101.51142,3.46759],[101.51135,3.46763],[101.51131,3.4677],[101.51122,3.46775],[101.51115,3.46777],[101.51109,3.46774],[101.51102,3.46773],[101.51102,3.46767],[101.51096,3.46768],[101.51082,3.46743],[101.51073,3.4674],[101.5106,3.46738],[101.51052,3.46739],[101.51046,3.46742],[101.51044,3.46745],[101.51057,3.46744],[101.51069,3.46747],[101.51077,3.4675],[101.51088,3.46773],[101.51081,3.4679],[101.51072,3.46797],[101.51061,3.46805],[101.51037,3.46783],[101.51027,3.46771],[101.51018,3.46768],[101.51007,3.46766],[101.51001,3.46762],[101.50991,3.46752],[101.50991,3.46741],[101.50983,3.46734],[101.50978,3.46709],[101.50971,3.46689],[101.50969,3.46679],[101.50959,3.46671],[101.50962,3.46657],[101.50972,3.46649],[101.50974,3.46642],[101.50971,3.46626],[101.50978,3.46608],[101.50977,3.46597],[101.50965,3.46585],[101.50969,3.46575],[101.50968,3.46562],[101.50971,3.46542],[101.50977,3.46534],[101.50994,3.4653],[101.51015,3.46529],[101.51027,3.46529],[101.51037,3.46525],[101.5104,3.4652],[101.51038,3.46514],[101.51029,3.4651],[101.51019,3.46509],[101.51002,3.4651],[101.5099,3.46509]]]}},{"type":"Feature","properties":{"id":858466492,"kind":"lake"},"geometry":{"type":"Polygon","coordinates":[[[101.49816,3.45913],[101.49843,3.4592],[101.49843,3.45931],[101.4983,3.4594],[101.49834,3.4595],[101.49827,3.45984],[101.49832,3.45993],[101.49843,3.45994],[101.49834,3.46026],[101.49839,3.46036],[101.49868,3.46044],[101.49897,3.46058],[101.49919,3.46059],[101.49928,3.4607],[101.49914,3.46078],[101.49931,3.46105],[101.49931,3.46121],[101.49938,3.46132],[101.499,3.4617],[101.49884,3.46173],[101.49871,3.46172],[101.49837,3.46194],[101.49831,3.46206],[101.49823,3.46214],[101.49811,3.46214],[101.49803,3.46215],[101.49792,3.4621],[101.49781,3.46214],[101.49764,3.46213],[101.49755,3.46211],[101.49759,3.46199],[101.49766,3.46197],[101.49767,3.46187],[101.49769,3.46181],[101.49761,3.46169],[101.49754,3.46169],[101.49746,3.46166],[101.49744,3.4616],[101.49747,3.46152],[101.49745,3.46145],[101.49742,3.4614],[101.49737,3.46138],[101.49734,3.46129],[101.49729,3.46126],[101.49726,3.46118],[101.49732,3.46108],[101.49733,3.46102],[101.4973,3.46096],[101.49735,3.4609],[101.49744,3.46089],[101.4975,3.46084],[101.49762,3.46083],[101.49767,3.46087],[101.49781,3.46088],[101.4979,3.46097],[101.49798,3.46098],[101.49802,3.46094],[101.49799,3.46084],[101.49796,3.46076],[101.49795,3.46059],[101.49798,3.46053],[101.49795,3.45975],[101.49791,3.45959],[101.4979,3.45942],[101.49798,3.45933],[101.49813,3.45923],[101.49811,3.45919],[101.49808,3.45916],[101.4981,3.45912],[101.49816,3.45913]]]}},{"type":"Feature","properties":{"id":858467240,"kind":"lake"},"geometry":{"type":"Polygon","coordinates":[[[101.49839,3.46238],[101.49843,3.46231],[101.49845,3.46219],[101.49855,3.46207],[101.49867,3.46198],[101.4988,3.46193],[101.49896,3.46193],[101.49907,3.46195],[101.49912,3.46189],[101.49913,3.46178],[101.49918,3.4617],[101.49921,3.46162],[101.49949,3.46135],[101.49967,3.46146],[101.49998,3.46174],[101.50023,3.46185],[101.50036,3.46207],[101.50054,3.46219],[101.50074,3.46221],[101.50085,3.4622],[101.50097,3.46224],[101.50104,3.46222],[101.50111,3.46226],[101.50133,3.46223],[101.50155,3.46222],[101.50162,3.46214],[101.50175,3.46216],[101.50204,3.46204],[101.50242,3.4619],[101.50265,3.46189],[101.50299,3.46198],[101.50329,3.46209],[101.5035,3.46213],[101.50367,3.4622],[101.50378,3.46235],[101.50386,3.46247],[101.50377,3.46259],[101.50319,3.46292],[101.50305,3.46295],[101.50272,3.46289],[101.50266,3.46283],[101.50246,3.46287],[101.50231,3.46288],[101.50193,3.46284],[101.50175,3.46281],[101.50144,3.46285],[101.50139,3.46282],[101.5012,3.46293],[101.50093,3.46298],[101.50059,3.46294],[101.50036,3.46303],[101.50022,3.46269],[101.50019,3.4626],[101.49998,3.46258],[101.49983,3.46288],[101.49968,3.4629],[101.49956,3.46298],[101.49937,3.4629],[101.49922,3.46289],[101.49892,3.46272],[101.4988,3.46259],[101.49865,3.46258],[101.49851,3.46251],[101.49839,3.46238]]]}},{"type":"Feature","properties":{"id":858469106,"kind":"pond"},"geometry":{"type":"Polygon","coordinates":[[[101.50304,3.45159],[101.50306,3.4515],[101.50307,3.45146],[101.50318,3.45147],[101.50359,3.45157],[101.50393,3.45164],[101.50397,3.45168],[101.50403,3.45172],[101.50403,3.4518],[101.50396,3.45194],[101.5037,3.45237],[101.50361,3.45239],[101.50336,3.45232],[101.50325,3.45232],[101.50311,3.45245],[101.50305,3.4525],[101.50291,3.45249],[101.50285,3.4523],[101.50272,3.45213],[101.50268,3.452],[101.50269,3.45188],[101.50278,3.45163],[101.50283,3.45158],[101.50293,3.45161],[101.50299,3.45158],[101.50301,3.4516],[101.50304,3.45159]]]}},{"type":"Feature","properties":{"id":859527322,"kind":"basin"},"geometry":{"type":"Polygon","coordinates":[[[101.50369,3.35035],[101.50362,3.35037],[101.50339,3.35026],[101.50328,3.35026],[101.50328,3.35019],[101.50341,3.34983],[101.50351,3.34975],[101.50366,3.34974],[101.50375,3.34983],[101.50385,3.34998],[101.50384,3.35007],[101.50369,3.35035]]]}},{"type":"Feature","properties":{"id":859527325,"kind":"basin"},"geometry":{"type":"Polygon","coordinates":[[[101.50418,3.35052],[101.50388,3.35041],[101.50375,3.3504],[101.50376,3.35032],[101.5039,3.35009],[101.50426,3.3504],[101.50418,3.35052]]]}},{"type":"Feature","properties":{"id":861158491,"kind":"pond"},"geometry":{"type":"Polygon","coordinates":[[[102.09793,2.59037],[102.09791,2.59034],[102.0979,2.5903],[102.09789,2.59022],[102.09791,2.59017],[102.09794,2.59012],[102.098,2.59009],[102.09806,2.59008],[102.09812,2.59009],[102.09871,2.59034],[102.09875,2.59039],[102.09877,2.59046],[102.09877,2.59051],[102.09875,2.59055],[102.09872,2.59058],[102.09869,2.59061],[102.09864,2.59064],[102.09858,2.59064],[102.0985,2.59061],[102.09793,2.59037]]]}},{"type":"Feature","properties":{"id":862395003,"kind":"pond"},"geometry":{"type":"Polygon","coordinates":[[[101.81587,3.72119],[101.81575,3.72121],[101.81554,3.72125],[101.8155,3.72115],[101.81551,3.72097],[101.81553,3.72075],[101.81552,3.7205],[101.81555,3.72042],[101.81565,3.72042],[101.81583,3.72045],[101.81587,3.72052],[101.81597,3.72049],[101.81603,3.72053],[101.81607,3.72062],[101.81601,3.72072],[101.81595,3.72079],[101.8159,3.72094],[101.8159,3.72109],[101.81592,3.72115],[101.81587,3.72119]]]}},{"type":"Feature","properties":{"id":862395145,"kind":"pond"},"geometry":{"type":"Polygon","coordinates":[[[101.81333,3.71948],[101.81347,3.71963],[101.81361,3.71978],[101.81409,3.72015],[101.81414,3.72019],[101.81426,3.72019],[101.81436,3.72011],[101.81436,3.72004],[101.81431,3.7199],[101.81415,3.71965],[101.81421,3.71963],[101.81427,3.71957],[101.81422,3.7195],[101.81403,3.71933],[101.81392,3.71915],[101.8138,3.71902],[101.81362,3.71897],[101.81342,3.71898],[101.81334,3.71903],[101.81329,3.71916],[101.81333,3.71948]]]}},{"type":"Feature","properties":{"id":862395418,"kind":"pond"},"geometry":{"type":"Polygon","coordinates":[[[101.81215,3.71886],[101.81205,3.71882],[101.81202,3.71876],[101.81203,3.71869],[101.81197,3.71868],[101.81196,3.71861],[101.81199,3.71857],[101.81207,3.71854],[101.81212,3.71846],[101.81223,3.71842],[101.81232,3.71834],[101.81237,3.71829],[101.81248,3.71837],[101.8124,3.7185],[101.8123,3.71852],[101.81221,3.7187],[101.81215,3.71886]]]}},{"type":"Feature","properties":{"id":866906089,"kind":"water"},"geometry":{"type":"Polygon","coordinates":[[[101.63013,3.39459],[101.63011,3.39468],[101.63012,3.39482],[101.63037,3.39487],[101.63043,3.39491],[101.6305,3.39505],[101.63062,3.39509],[101.63079,3.39513],[101.63081,3.39516],[101.63087,3.39519],[101.63093,3.3952],[101.63103,3.39514],[101.63108,3.39506],[101.631,3.39499],[101.6309,3.39499],[101.63083,3.39493],[101.63066,3.39496],[101.63057,3.39494],[101.63048,3.39489],[101.6304,3.39482],[101.63039,3.39464],[101.63034,3.39462],[101.63026,3.39467],[101.63017,3.39465],[101.63013,3.39459]]]}},{"type":"Feature","properties":{"id":866906712,"kind":"water"},"geometry":{"type":"Polygon","coordinates":[[[101.6283,3.38361],[101.62835,3.38383],[101.62854,3.38396],[101.62863,3.38396],[101.62879,3.38387],[101.62885,3.38372],[101.62885,3.38354],[101.62895,3.38329],[101.62902,3.38311],[101.62903,3.38303],[101.62899,3.38293],[101.62893,3.38292],[101.62889,3.38287],[101.62886,3.38289],[101.6289,3.38296],[101.6289,3.38304],[101.62883,3.38311],[101.6285,3.38327],[101.62849,3.38333],[101.62833,3.38345],[101.6283,3.38361]]]}},{"type":"Feature","properties":{"id":866907939,"kind":"water"},"geometry":{"type":"Polygon","coordinates":[[[101.59352,3.39427],[101.5936,3.39444],[101.59371,3.39462],[101.59386,3.39467],[101.59389,3.39494],[101.59395,3.39506],[101.59396,3.39516],[101.59401,3.39533],[101.59402,3.39539],[101.59399,3.39547],[101.59377,3.39558],[101.59389,3.39568],[101.59415,3.39571],[101.5943,3.39609],[101.59436,3.39622],[101.59452,3.39627],[101.5947,3.39656],[101.59481,3.39687],[101.59489,3.39711],[101.5949,3.39726],[101.59491,3.39739],[101.59502,3.39763],[101.59515,3.39782],[101.59552,3.39788],[101.59591,3.39789],[101.59606,3.39784],[101.59676,3.39785],[101.59722,3.39779],[101.59786,3.39781],[101.59747,3.39697],[101.59737,3.39695],[101.59716,3.39665],[101.59714,3.39645],[101.59723,3.3963],[101.59723,3.39617],[101.597,3.39636],[101.59679,3.3962],[101.59668,3.39604],[101.5966,3.39603],[101.59683,3.39644],[101.59683,3.39672],[101.59696,3.39683],[101.59699,3.39732],[101.59702,3.39743],[101.59699,3.39749],[101.59661,3.39754],[101.59605,3.39749],[101.59581,3.39743],[101.59573,3.39731],[101.59557,3.39699],[101.59554,3.39659],[101.59508,3.39614],[101.59503,3.39608],[101.59499,3.39597],[101.59504,3.39578],[101.59516,3.39574],[101.59524,3.39548],[101.59523,3.39539],[101.59497,3.39565],[101.59485,3.3957],[101.59483,3.39577],[101.59471,3.39582],[101.59459,3.39579],[101.5946,3.39569],[101.59446,3.39566],[101.5944,3.39532],[101.59425,3.39516],[101.59415,3.39514],[101.59413,3.39502],[101.59402,3.39488],[101.59406,3.39479],[101.59401,3.39463],[101.59392,3.39463],[101.59388,3.3946],[101.59381,3.39459],[101.59365,3.39438],[101.59364,3.39429],[101.59362,3.39426],[101.59356,3.39423],[101.59351,3.39423],[101.59352,3.39427]]]}},{"type":"Feature","properties":{"id":866907940,"kind":"water"},"geometry":{"type":"Polygon","coordinates":[[[101.62502,3.37807],[101.62508,3.37813],[101.62515,3.3781],[101.62526,3.37816],[101.62528,3.37823],[101.62528,3.37831],[101.62533,3.37835],[101.62545,3.37831],[101.6255,3.37823],[101.62551,3.37813],[101.62545,3.37794],[101.62537,3.37784],[101.62539,3.3778],[101.62543,3.37775],[101.62543,3.37766],[101.62548,3.37763],[101.62554,3.37763],[101.62552,3.37759],[101.62546,3.37757],[101.62542,3.37759],[101.62535,3.37761],[101.62539,3.3777],[101.6253,3.37783],[101.62528,3.37787],[101.62528,3.37798],[101.62522,3.37798],[101.62517,3.37793],[101.6251,3.37793],[101.62502,3.37807]]]}},{"type":"Feature","properties":{"id":866915852,"kind":"basin"},"geometry":{"type":"Polygon","coordinates":[[[101.61413,3.35828],[101.61416,3.35842],[101.61421,3.35848],[101.6142,3.35854],[101.61422,3.35864],[101.61429,3.35869],[101.61433,3.35878],[101.61436,3.35881],[101.61437,3.35889],[101.61432,3.359],[101.61431,3.35912],[101.61461,3.35956],[101.61472,3.35966],[101.61479,3.3596],[101.61487,3.35935],[101.61488,3.35922],[101.61485,3.35911],[101.6148,3.35908],[101.61478,3.35903],[101.6148,3.35893],[101.61475,3.35884],[101.61481,3.35874],[101.61481,3.35866],[101.61465,3.35811],[101.6145,3.35806],[101.61444,3.35807],[101.61432,3.35812],[101.61429,3.35815],[101.61415,3.3582],[101.61413,3.35828]]]}},{"type":"Feature","properties":{"id":866915854,"kind":"water"},"geometry":{"type":"Polygon","coordinates":[[[101.61633,3.35726],[101.61628,3.35734],[101.61627,3.35744],[101.61624,3.35748],[101.61627,3.35752],[101.61632,3.35766],[101.61628,3.35784],[101.61634,3.35801],[101.61652,3.35807],[101.61653,3.35813],[101.61665,3.35816],[101.61672,3.35814],[101.61685,3.35817],[101.61687,3.35822],[101.61695,3.35824],[101.61692,3.35819],[101.61695,3.35816],[101.617,3.35811],[101.61704,3.35812],[101.61705,3.35804],[101.61699,3.35788],[101.61705,3.35779],[101.61703,3.35774],[101.61708,3.35763],[101.61705,3.35753],[101.61689,3.35749],[101.61675,3.35742],[101.61663,3.35748],[101.6165,3.35748],[101.61646,3.35728],[101.61642,3.35724],[101.61633,3.35726]]]}},{"type":"Feature","properties":{"id":866915855,"kind":"water"},"geometry":{"type":"Polygon","coordinates":[[[101.61536,3.3559],[101.61536,3.35604],[101.61538,3.35624],[101.61543,3.35635],[101.61543,3.35642],[101.61537,3.35669],[101.6153,3.35676],[101.61525,3.35684],[101.61528,3.35692],[101.61538,3.35696],[101.61554,3.35681],[101.61578,3.35661],[101.61598,3.35656],[101.61682,3.3563],[101.61689,3.35633],[101.61699,3.35628],[101.61699,3.35621],[101.61694,3.35604],[101.61694,3.35599],[101.61689,3.35593],[101.61683,3.35591],[101.61682,3.35596],[101.61666,3.35578],[101.61653,3.35578],[101.61649,3.35572],[101.61598,3.35559],[101.61595,3.3557],[101.61583,3.3558],[101.61573,3.35584],[101.61569,3.35592],[101.61552,3.35596],[101.61546,3.35594],[101.61544,3.35596],[101.6154,3.35597],[101.61536,3.3559]]]}},{"type":"Feature","properties":{"id":866916651,"kind":"water"},"geometry":{"type":"Polygon","coordinates":[[[101.61326,3.35966],[101.61332,3.35952],[101.61365,3.35949],[101.61384,3.35965],[101.61399,3.36005],[101.61398,3.36011],[101.61415,3.36056],[101.6142,3.3606],[101.61429,3.36079],[101.61436,3.36112],[101.61439,3.36117],[101.61438,3.36131],[101.61453,3.36173],[101.61463,3.36188],[101.61461,3.3619],[101.61444,3.36162],[101.61427,3.36127],[101.61417,3.36106],[101.61405,3.36072],[101.61384,3.36041],[101.61377,3.36035],[101.61355,3.36026],[101.61339,3.35982],[101.61327,3.35975],[101.61326,3.35966]]]}},{"type":"Feature","properties":{"id":866916900,"kind":"water"},"geometry":{"type":"Polygon","coordinates":[[[101.60295,3.35748],[101.60303,3.35738],[101.60349,3.35733],[101.60357,3.35741],[101.60368,3.35758],[101.60375,3.35778],[101.60373,3.35791],[101.60358,3.35806],[101.60356,3.35814],[101.60343,3.35814],[101.60334,3.35808],[101.60334,3.358],[101.60321,3.3578],[101.60322,3.35769],[101.60317,3.35763],[101.60302,3.35764],[101.60294,3.35762],[101.603,3.35752],[101.60293,3.35752],[101.60288,3.35757],[101.6028,3.35753],[101.6028,3.35746],[101.60287,3.35746],[101.60295,3.35748]]]}},{"type":"Feature","properties":{"id":866916901,"kind":"water"},"geometry":{"type":"Polygon","coordinates":[[[101.60457,3.35707],[101.60452,3.35714],[101.60452,3.35726],[101.6046,3.35742],[101.60482,3.35753],[101.60488,3.35759],[101.60505,3.35765],[101.60512,3.35772],[101.60527,3.35783],[101.60536,3.3579],[101.60561,3.35795],[101.60563,3.35771],[101.60559,3.35765],[101.60551,3.35761],[101.60548,3.35741],[101.60541,3.35739],[101.60532,3.35733],[101.60526,3.35714],[101.60508,3.35706],[101.60505,3.35699],[101.60498,3.35695],[101.60485,3.35699],[101.60482,3.35703],[101.60461,3.35708],[101.60457,3.35707]]]}},{"type":"Feature","properties":{"id":866966533,"kind":"basin"},"geometry":{"type":"Polygon","coordinates":[[[101.62739,3.42445],[101.62736,3.42463],[101.62777,3.42473],[101.62788,3.42472],[101.62796,3.42473],[101.62814,3.4248],[101.62823,3.42483],[101.62834,3.42481],[101.62848,3.42469],[101.62867,3.42447],[101.62869,3.42443],[101.62869,3.42436],[101.62869,3.42422],[101.628,3.42422],[101.62798,3.42431],[101.62784,3.42444],[101.62739,3.42445]]]}},{"type":"Feature","properties":{"id":867468915,"kind":"pond"},"geometry":{"type":"Polygon","coordinates":[[[101.63523,3.4629],[101.63529,3.46292],[101.63541,3.46299],[101.63559,3.46299],[101.63574,3.46306],[101.63575,3.46318],[101.63573,3.46342],[101.63575,3.46353],[101.63566,3.46387],[101.63564,3.46424],[101.6356,3.46432],[101.63532,3.46441],[101.63522,3.46442],[101.63515,3.46446],[101.63509,3.46454],[101.63499,3.4646],[101.63474,3.46442],[101.63426,3.46445],[101.6342,3.46451],[101.63409,3.46451],[101.63409,3.46446],[101.63404,3.4644],[101.63411,3.46428],[101.63421,3.46426],[101.63409,3.46418],[101.63398,3.46403],[101.63384,3.46391],[101.63381,3.46388],[101.63378,3.46377],[101.63397,3.46371],[101.63424,3.46353],[101.6343,3.46359],[101.63445,3.46354],[101.63451,3.46347],[101.63464,3.46349],[101.63481,3.46339],[101.63481,3.46327],[101.63485,3.46318],[101.63503,3.46309],[101.63515,3.46295],[101.63521,3.46294],[101.63523,3.4629]]]}},{"type":"Feature","properties":{"id":867468917,"kind":"pond"},"geometry":{"type":"Polygon","coordinates":[[[101.63611,3.46424],[101.63625,3.46373],[101.63635,3.46355],[101.63645,3.46345],[101.63656,3.46338],[101.63666,3.46338],[101.63681,3.46356],[101.63695,3.46381],[101.63705,3.46409],[101.63704,3.46467],[101.637,3.46476],[101.6369,3.46484],[101.63654,3.4648],[101.63635,3.46459],[101.63626,3.46454],[101.6362,3.46458],[101.63615,3.46455],[101.63619,3.46449],[101.63614,3.46441],[101.63611,3.46424]]]}},{"type":"Feature","properties":{"id":868288770,"kind":"pond"},"geometry":{"type":"Polygon","coordinates":[[[101.52247,3.39038],[101.52258,3.39024],[101.52268,3.39013],[101.52278,3.39009],[101.52288,3.39008],[101.52302,3.39011],[101.52312,3.39013],[101.5233,3.39019],[101.52348,3.39024],[101.52355,3.39024],[101.52355,3.39027],[101.52352,3.39037],[101.52344,3.39061],[101.52339,3.39066],[101.52324,3.39062],[101.52313,3.39059],[101.52305,3.39057],[101.52296,3.39054],[101.52285,3.39054],[101.52276,3.39054],[101.5227,3.39051],[101.5226,3.39048],[101.52251,3.39044],[101.52249,3.39042],[101.52247,3.39038]]]}},{"type":"Feature","properties":{"id":870904694,"kind":"pond"},"geometry":{"type":"Polygon","coordinates":[[[101.57576,3.39964],[101.57562,3.39984],[101.57557,3.39998],[101.57556,3.4001],[101.57561,3.40019],[101.57571,3.40024],[101.57581,3.40024],[101.57589,3.4002],[101.57594,3.40017],[101.57592,3.40011],[101.57592,3.40005],[101.57592,3.4],[101.57598,3.39995],[101.576,3.39992],[101.57598,3.39985],[101.5759,3.39972],[101.57584,3.39966],[101.57581,3.39964],[101.57579,3.39964],[101.57576,3.39964]]]}},{"type":"Feature","properties":{"id":870904695,"kind":"pond"},"geometry":{"type":"Polygon","coordinates":[[[101.57427,3.39878],[101.57437,3.39884],[101.57439,3.39882],[101.57442,3.39881],[101.57445,3.39882],[101.5745,3.39875],[101.57455,3.39871],[101.57461,3.39867],[101.57466,3.39866],[101.57469,3.39866],[101.57471,3.39868],[101.57473,3.39871],[101.57474,3.39874],[101.57474,3.39878],[101.57472,3.39881],[101.5747,3.39882],[101.57471,3.39884],[101.57485,3.39875],[101.57493,3.39867],[101.57497,3.39862],[101.57498,3.39859],[101.575,3.39854],[101.57495,3.39854],[101.57485,3.39846],[101.57474,3.39836],[101.5746,3.39832],[101.57449,3.39833],[101.57436,3.39841],[101.5743,3.39847],[101.57428,3.39852],[101.57427,3.39874],[101.57427,3.39878]]]}},{"type":"Feature","properties":{"id":870904697,"kind":"pond"},"geometry":{"type":"Polygon","coordinates":[[[101.57509,3.39855],[101.57511,3.39857],[101.57522,3.39862],[101.5753,3.39862],[101.57555,3.39875],[101.57566,3.39888],[101.57572,3.39909],[101.57575,3.39929],[101.57578,3.39939],[101.5758,3.39944],[101.57594,3.3993],[101.57612,3.39922],[101.57633,3.39898],[101.57635,3.39885],[101.57627,3.39865],[101.57626,3.39858],[101.57618,3.3985],[101.57592,3.39837],[101.57577,3.39823],[101.57564,3.39807],[101.57556,3.39801],[101.57547,3.39799],[101.57537,3.39799],[101.57527,3.39804],[101.57517,3.39816],[101.5751,3.39836],[101.57508,3.39851],[101.57509,3.39855]]]}},{"type":"Feature","properties":{"id":871970507,"kind":"lake"},"geometry":{"type":"Polygon","coordinates":[[[101.45278,3.40072],[101.45322,3.4014],[101.45353,3.4015],[101.45392,3.40198],[101.45448,3.40257],[101.4546,3.40288],[101.45454,3.40399],[101.4553,3.40443],[101.45551,3.405],[101.45592,3.40525],[101.45652,3.40524],[101.45699,3.4051],[101.45762,3.40429],[101.45759,3.40404],[101.45712,3.40353],[101.4569,3.40324],[101.45573,3.40261],[101.45565,3.40221],[101.45553,3.40152],[101.4554,3.4012],[101.45504,3.40098],[101.45424,3.40065],[101.45344,3.4005],[101.45301,3.40041],[101.45278,3.40072]]]}},{"type":"Feature","properties":{"id":871970508,"kind":"wetland"},"geometry":{"type":"Polygon","coordinates":[[[101.4316,3.42267],[101.44251,3.42271],[101.44229,3.42523],[101.44437,3.42569],[101.44572,3.42571],[101.44579,3.42632],[101.44895,3.42637],[101.44888,3.42799],[101.44574,3.42811],[101.44581,3.42973],[101.44622,3.43233],[101.44678,3.4328],[101.45205,3.43294],[101.45217,3.4385],[101.45236,3.43871],[101.45313,3.43879],[101.45314,3.44026],[101.45334,3.44058],[101.4525,3.44084],[101.45133,3.44097],[101.45112,3.4411],[101.45091,3.4414],[101.45071,3.44217],[101.45077,3.443],[101.45051,3.44341],[101.44983,3.44421],[101.44952,3.44554],[101.4486,3.44604],[101.4475,3.44612],[101.44755,3.44717],[101.44339,3.45153],[101.43867,3.45178],[101.43639,3.45197],[101.43473,3.45205],[101.43442,3.45159],[101.43418,3.44971],[101.43294,3.44965],[101.43269,3.44902],[101.43108,3.4489],[101.42967,3.44987],[101.42933,3.4505],[101.42827,3.45088],[101.42822,3.45139],[101.42803,3.45137],[101.42563,3.45541],[101.42359,3.45501],[101.42358,3.44793],[101.42054,3.44766],[101.42047,3.4444],[101.42051,3.4432],[101.4209,3.4424],[101.42094,3.43599],[101.42209,3.43554],[101.42203,3.4321],[101.42109,3.43181],[101.42116,3.43069],[101.42523,3.43062],[101.42542,3.42898],[101.43045,3.42918],[101.43088,3.42819],[101.43105,3.42331],[101.4316,3.42267]]]}},{"type":"Feature","properties":{"id":871970509,"kind":"lake"},"geometry":{"type":"Polygon","coordinates":[[[101.40992,3.41883],[101.41045,3.41928],[101.41155,3.41966],[101.41278,3.41885],[101.41386,3.41883],[101.41385,3.4176],[101.41362,3.41702],[101.41371,3.41565],[101.41357,3.41515],[101.4133,3.41512],[101.41143,3.41714],[101.41048,3.41762],[101.40992,3.41883]]]}},{"type":"Feature","properties":{"id":871970510,"kind":"lake"},"geometry":{"type":"Polygon","coordinates":[[[101.40586,3.42422],[101.40463,3.42418],[101.40386,3.42492],[101.403,3.4261],[101.40247,3.42571],[101.4026,3.42488],[101.40283,3.42264],[101.4035,3.42259],[101.40365,3.42216],[101.4036,3.42168],[101.4053,3.42122],[101.4059,3.42125],[101.4058,3.42269],[101.40586,3.42422]]]}},{"type":"Feature","properties":{"id":871970511,"kind":"lake"},"geometry":{"type":"Polygon","coordinates":[[[101.40032,3.43616],[101.40034,3.43696],[101.40229,3.4382],[101.4032,3.43881],[101.40514,3.43799],[101.41304,3.43606],[101.41479,3.4353],[101.41539,3.43469],[101.41654,3.43472],[101.41682,3.43419],[101.41697,3.43307],[101.41616,3.43258],[101.41585,3.43068],[101.41611,3.4302],[101.41531,3.42973],[101.41498,3.43026],[101.41469,3.43199],[101.41402,3.43253],[101.40683,3.43242],[101.40406,3.43321],[101.40214,3.43361],[101.40224,3.43422],[101.40289,3.43455],[101.40283,3.43515],[101.40228,3.43554],[101.40126,3.43571],[101.40032,3.43616]]]}},{"type":"Feature","properties":{"id":871970513,"name":"HORAS 600 (Hybrid Off River Augmentation System)","kind":"basin"},"geometry":{"type":"Polygon","coordinates":[[[101.42753,3.40457],[101.4265,3.40363],[101.42388,3.40029],[101.4235,3.39892],[101.42335,3.39696],[101.42356,3.3963],[101.42415,3.39587],[101.42498,3.39557],[101.42771,3.39453],[101.42966,3.39393],[101.43034,3.39409],[101.43252,3.39574],[101.43352,3.3961],[101.43384,3.39683],[101.43421,3.39706],[101.43452,3.39764],[101.43477,3.39829],[101.43451,3.39879],[101.43495,3.39952],[101.43467,3.40159],[101.43483,3.40292],[101.43525,3.40439],[101.43595,3.40495],[101.43698,3.40544],[101.43732,3.40586],[101.43742,3.40626],[101.43674,3.40686],[101.4358,3.40714],[101.43485,3.4073],[101.43387,3.40716],[101.43186,3.40641],[101.42753,3.40457]]]}},{"type":"Feature","properties":{"id":871970517,"kind":"pond"},"geometry":{"type":"Polygon","coordinates":[[[101.41823,3.40911],[101.42349,3.40986],[101.42393,3.40923],[101.42455,3.40899],[101.42553,3.40899],[101.42582,3.408],[101.42561,3.40759],[101.4251,3.40753],[101.42477,3.40728],[101.41832,3.40712],[101.4178,3.40721],[101.41792,3.40752],[101.41815,3.40777],[101.41823,3.40911]]]}},{"type":"Feature","properties":{"id":875428439,"kind":"wetland"},"geometry":{"type":"Polygon","coordinates":[[[100.71278,3.88613],[100.71967,3.88012],[100.72404,3.87862],[100.73215,3.87269],[100.73282,3.8738],[100.73342,3.87355],[100.73153,3.87016],[100.73733,3.86428],[100.74033,3.86124],[100.74192,3.85965],[100.7421,3.8596],[100.74332,3.85966],[100.74391,3.85895],[100.74432,3.85826],[100.74434,3.8577],[100.7434,3.85483],[100.74073,3.85565],[100.74053,3.8557],[100.74031,3.85573],[100.74014,3.8557],[100.73999,3.85569],[100.73987,3.85566],[100.73968,3.85564],[100.73944,3.85564],[100.73917,3.85568],[100.73898,3.85573],[100.73888,3.85578],[100.73876,3.85583],[100.73863,3.85591],[100.73847,3.85601],[100.73799,3.85611],[100.73696,3.85612],[100.73581,3.85605],[100.73469,3.85597],[100.73389,3.85587],[100.73303,3.85577],[100.73235,3.85572],[100.73214,3.85577],[100.73202,3.85581],[100.73189,3.85588],[100.73177,3.85597],[100.7316,3.85615],[100.73142,3.85662],[100.73135,3.85721],[100.7313,3.85748],[100.73119,3.85766],[100.73104,3.85779],[100.73085,3.85787],[100.73068,3.85791],[100.73046,3.85792],[100.73025,3.85796],[100.73004,3.85798],[100.72992,3.85807],[100.72983,3.85829],[100.7298,3.85868],[100.72976,3.85897],[100.72967,3.85919],[100.72945,3.85934],[100.72914,3.85946],[100.72889,3.85951],[100.72847,3.85964],[100.72767,3.85993],[100.72695,3.86029],[100.72661,3.86083],[100.72578,3.86212],[100.72508,3.86328],[100.72456,3.86501],[100.72433,3.86624],[100.72418,3.86689],[100.72369,3.86754],[100.72276,3.86813],[100.72158,3.86884],[100.72022,3.87124],[100.71893,3.87396],[100.71851,3.87515],[100.71823,3.87593],[100.71799,3.87656],[100.71774,3.87725],[100.71713,3.8787],[100.71658,3.87945],[100.7161,3.88022],[100.71533,3.88158],[100.71458,3.88307],[100.71352,3.8849],[100.71298,3.88583],[100.71278,3.88613]]]}},{"type":"Feature","properties":{"id":875428440,"kind":"wetland"},"geometry":{"type":"Polygon","coordinates":[[[100.74291,3.85229],[100.74304,3.85282],[100.74323,3.85347],[100.74336,3.85383],[100.74352,3.85425],[100.74366,3.85461],[100.74368,3.85469],[100.74368,3.85472],[100.74367,3.85474],[100.74427,3.856],[100.74472,3.8581],[100.74463,3.8584],[100.74487,3.85857],[100.74514,3.85812],[100.74551,3.85734],[100.7459,3.85655],[100.74682,3.85603],[100.74804,3.85549],[100.74887,3.8551],[100.74937,3.85488],[100.74979,3.85464],[100.75,3.85446],[100.75027,3.85422],[100.75074,3.85393],[100.75117,3.85351],[100.75154,3.8532],[100.75166,3.85295],[100.75172,3.85254],[100.75174,3.85231],[100.75184,3.8522],[100.75201,3.8521],[100.7525,3.8519],[100.75304,3.85169],[100.75372,3.8514],[100.75399,3.85126],[100.75548,3.85054],[100.75474,3.85052],[100.75412,3.85047],[100.7539,3.85047],[100.75346,3.85047],[100.75298,3.8505],[100.75221,3.85051],[100.75171,3.85052],[100.75126,3.85055],[100.75062,3.85065],[100.74976,3.85082],[100.74918,3.85094],[100.74845,3.85117],[100.74704,3.85158],[100.74621,3.85185],[100.74595,3.85192],[100.74557,3.85196],[100.74504,3.85196],[100.74455,3.85189],[100.74441,3.85189],[100.74408,3.85186],[100.74397,3.85186],[100.74383,3.85189],[100.74349,3.85195],[100.74321,3.85196],[100.74303,3.85196],[100.74297,3.85194],[100.74294,3.85192],[100.74292,3.85188],[100.7429,3.85186],[100.74288,3.85185],[100.74285,3.85185],[100.74284,3.85186],[100.74283,3.85189],[100.74282,3.85192],[100.74283,3.85199],[100.74288,3.85212],[100.7429,3.85221],[100.74291,3.85229]]]}},{"type":"Feature","properties":{"id":876539620,"kind":"wastewater"},"geometry":{"type":"Polygon","coordinates":[[[102.09556,2.59919],[102.09565,2.59922],[102.09638,2.5999],[102.09598,2.60033],[102.09534,2.60005],[102.09525,2.60007],[102.09523,2.59999],[102.09556,2.59919]]]}},{"type":"Feature","properties":{"id":876539621,"kind":"wastewater"},"geometry":{"type":"Polygon","coordinates":[[[102.09498,2.59936],[102.09521,2.59945],[102.09504,2.59988],[102.09481,2.59979],[102.09498,2.59936]]]}},{"type":"Feature","properties":{"id":891429126,"kind":"lake"},"geometry":{"type":"Polygon","coordinates":[[[101.13229,3.70972],[101.13227,3.70967],[101.13229,3.70964],[101.13233,3.70961],[101.13238,3.7096],[101.13241,3.7096],[101.1324,3.70963],[101.13242,3.70966],[101.13246,3.70969],[101.13251,3.70974],[101.1326,3.70978],[101.13264,3.7098],[101.13285,3.71],[101.13292,3.71008],[101.13294,3.71012],[101.13294,3.71016],[101.13294,3.71019],[101.13294,3.71023],[101.13296,3.71027],[101.13296,3.71031],[101.13297,3.71034],[101.13298,3.71037],[101.13299,3.71039],[101.13304,3.71043],[101.13308,3.71046],[101.13313,3.7105],[101.13316,3.71054],[101.13323,3.71061],[101.13333,3.71069],[101.13336,3.71071],[101.13344,3.71074],[101.13349,3.71076],[101.1335,3.71078],[101.13351,3.71083],[101.13351,3.71087],[101.13349,3.71091],[101.13344,3.71096],[101.1334,3.71101],[101.13339,3.71104],[101.13338,3.71106],[101.13335,3.71107],[101.13333,3.71108],[101.13329,3.71104],[101.13325,3.71102],[101.13321,3.71101],[101.13316,3.711],[101.13312,3.711],[101.13307,3.71099],[101.13305,3.71098],[101.13303,3.71092],[101.13301,3.71087],[101.13295,3.71058],[101.13295,3.71055],[101.13293,3.71049],[101.1329,3.71046],[101.13287,3.71042],[101.13254,3.71005],[101.13235,3.70981],[101.13229,3.70972]]]}},{"type":"Feature","properties":{"id":898000988,"kind":"pond"},"geometry":{"type":"Polygon","coordinates":[[[102.01175,3.44569],[102.01172,3.44574],[102.01171,3.44593],[102.01173,3.44597],[102.01184,3.44601],[102.01203,3.44618],[102.01219,3.4463],[102.01224,3.44632],[102.01226,3.44626],[102.01221,3.44621],[102.01201,3.4459],[102.01192,3.44577],[102.01175,3.44569]]]}},{"type":"Feature","properties":{"id":898014745,"kind":"pond"},"geometry":{"type":"Polygon","coordinates":[[[101.97724,3.52437],[101.97735,3.52437],[101.97739,3.52424],[101.97749,3.52418],[101.97767,3.52426],[101.97779,3.52431],[101.97785,3.52453],[101.9779,3.52454],[101.97802,3.52428],[101.97811,3.52418],[101.97824,3.52406],[101.97796,3.52416],[101.97777,3.52423],[101.97769,3.52416],[101.97765,3.52402],[101.97771,3.52384],[101.97767,3.52366],[101.97755,3.52372],[101.97749,3.52394],[101.97738,3.52408],[101.97728,3.52423],[101.97717,3.52419],[101.97713,3.52422],[101.97723,3.52428],[101.97727,3.52433],[101.97724,3.52437]]]}},{"type":"Feature","properties":{"id":898017449,"kind":"pond"},"geometry":{"type":"Polygon","coordinates":[[[102.0305,3.43052],[102.03051,3.43064],[102.03054,3.43075],[102.03071,3.43079],[102.03119,3.43074],[102.03149,3.4306],[102.03168,3.43037],[102.0317,3.43033],[102.03168,3.43022],[102.03143,3.42976],[102.03115,3.42973],[102.03101,3.42972],[102.03089,3.42967],[102.03071,3.42973],[102.03067,3.42988],[102.03064,3.42992],[102.03064,3.43005],[102.03053,3.43024],[102.03047,3.43025],[102.03051,3.43044],[102.0305,3.43052]]]}},{"type":"Feature","properties":{"id":898017451,"kind":"pond"},"geometry":{"type":"Polygon","coordinates":[[[102.02931,3.43005],[102.02939,3.42987],[102.02948,3.42976],[102.02962,3.42963],[102.02972,3.42955],[102.02979,3.42942],[102.02982,3.42928],[102.02983,3.42921],[102.02991,3.42917],[102.0301,3.42918],[102.03014,3.42921],[102.03013,3.42933],[102.02998,3.42949],[102.02986,3.42966],[102.02966,3.42978],[102.02959,3.42991],[102.02949,3.42994],[102.02943,3.43],[102.02942,3.43006],[102.02944,3.43014],[102.02943,3.43019],[102.02935,3.43016],[102.0293,3.43012],[102.02931,3.43005]]]}},{"type":"Feature","properties":{"id":898017452,"kind":"pond"},"geometry":{"type":"Polygon","coordinates":[[[102.02889,3.42913],[102.02892,3.42921],[102.02908,3.42932],[102.0292,3.42936],[102.02931,3.4293],[102.02941,3.42928],[102.02948,3.42932],[102.0295,3.42942],[102.02955,3.4295],[102.02962,3.42949],[102.02972,3.42936],[102.02974,3.42915],[102.0297,3.42902],[102.02967,3.429],[102.02959,3.42901],[102.02949,3.42906],[102.02945,3.42909],[102.0294,3.42908],[102.02935,3.42903],[102.02914,3.42902],[102.02904,3.42905],[102.02893,3.42905],[102.02888,3.42909],[102.02889,3.42913]]]}},{"type":"Feature","properties":{"id":898017453,"kind":"pond"},"geometry":{"type":"Polygon","coordinates":[[[102.02732,3.42961],[102.02744,3.42942],[102.0275,3.42937],[102.02762,3.42935],[102.02795,3.42935],[102.02811,3.42929],[102.02823,3.42927],[102.0285,3.42938],[102.02857,3.42947],[102.02859,3.42957],[102.02854,3.42987],[102.0285,3.42994],[102.02832,3.42997],[102.02817,3.42995],[102.02807,3.42992],[102.02794,3.42994],[102.02762,3.43004],[102.02749,3.43004],[102.02744,3.43],[102.02733,3.42982],[102.0273,3.42972],[102.02732,3.42961]]]}},{"type":"Feature","properties":{"id":898045074,"kind":"pond"},"geometry":{"type":"Polygon","coordinates":[[[101.98193,3.63156],[101.98204,3.63162],[101.98223,3.63202],[101.98219,3.63208],[101.98206,3.63207],[101.98196,3.63195],[101.98192,3.63199],[101.98197,3.63208],[101.98191,3.63221],[101.98177,3.63225],[101.98169,3.63217],[101.9816,3.63217],[101.9815,3.63228],[101.9814,3.63233],[101.9814,3.63242],[101.98131,3.63245],[101.98125,3.63218],[101.98105,3.63221],[101.9809,3.6321],[101.98078,3.63213],[101.98071,3.63221],[101.98053,3.63224],[101.98027,3.63214],[101.98019,3.63216],[101.9802,3.63227],[101.97996,3.63243],[101.97986,3.63254],[101.97965,3.63252],[101.97948,3.6326],[101.979,3.63265],[101.9789,3.63269],[101.97891,3.63256],[101.97889,3.63247],[101.97892,3.63244],[101.97909,3.63254],[101.97931,3.63252],[101.97949,3.6325],[101.97956,3.63244],[101.97965,3.63237],[101.97985,3.63241],[101.98007,3.63219],[101.97997,3.6321],[101.98012,3.63206],[101.98018,3.63194],[101.98042,3.63202],[101.9807,3.63193],[101.98082,3.63177],[101.98094,3.63177],[101.98107,3.63192],[101.98126,3.63192],[101.98136,3.63198],[101.98156,3.63194],[101.98171,3.63181],[101.98187,3.63169],[101.98186,3.63156],[101.98189,3.63154],[101.98193,3.63156]]]}},{"type":"Feature","properties":{"id":898045077,"kind":"pond"},"geometry":{"type":"Polygon","coordinates":[[[101.98902,3.64956],[101.98913,3.6495],[101.9893,3.64949],[101.98938,3.64958],[101.98953,3.6496],[101.98967,3.64968],[101.98968,3.64991],[101.98977,3.64999],[101.98987,3.64994],[101.99016,3.65007],[101.99036,3.65027],[101.99008,3.6501],[101.98966,3.65013],[101.98949,3.65024],[101.98944,3.65036],[101.98948,3.65057],[101.98932,3.65041],[101.98916,3.65008],[101.98906,3.64999],[101.98902,3.64956]]]}},{"type":"Feature","properties":{"id":898045079,"kind":"pond"},"geometry":{"type":"Polygon","coordinates":[[[101.98756,3.64323],[101.98762,3.64333],[101.98755,3.64338],[101.98724,3.64336],[101.9871,3.64332],[101.98694,3.64306],[101.98685,3.64287],[101.98669,3.64284],[101.98648,3.64269],[101.98622,3.64274],[101.98626,3.64265],[101.98627,3.64254],[101.98639,3.64259],[101.98668,3.64258],[101.98697,3.64267],[101.98715,3.64257],[101.98725,3.64255],[101.98733,3.6425],[101.98738,3.64237],[101.98741,3.64228],[101.98747,3.64225],[101.98759,3.64233],[101.98759,3.64242],[101.9875,3.64259],[101.98747,3.64268],[101.98736,3.64275],[101.98727,3.64291],[101.98733,3.64299],[101.98746,3.64306],[101.98756,3.64323]]]}},{"type":"Feature","properties":{"id":898045081,"kind":"lake"},"geometry":{"type":"Polygon","coordinates":[[[101.9878,3.64133],[101.98759,3.64141],[101.98771,3.64162],[101.98763,3.64179],[101.98751,3.64181],[101.9874,3.64164],[101.98726,3.64171],[101.98721,3.64188],[101.98689,3.64207],[101.98677,3.64192],[101.98683,3.64185],[101.98702,3.64173],[101.98704,3.6415],[101.98719,3.64141],[101.98741,3.64121],[101.98762,3.6412],[101.98757,3.6409],[101.98745,3.64081],[101.98718,3.64078],[101.98724,3.64055],[101.98695,3.64029],[101.98693,3.64011],[101.98658,3.63997],[101.98635,3.63988],[101.9861,3.64003],[101.98592,3.63996],[101.98584,3.63996],[101.98576,3.64032],[101.98555,3.64049],[101.98542,3.64085],[101.9852,3.64109],[101.98533,3.64083],[101.98539,3.64043],[101.98546,3.64037],[101.98547,3.64015],[101.98519,3.64019],[101.98516,3.64012],[101.98503,3.64006],[101.98492,3.64014],[101.98469,3.64027],[101.9844,3.64022],[101.98473,3.64005],[101.9851,3.63995],[101.98524,3.63999],[101.98533,3.63994],[101.98531,3.63985],[101.98516,3.63977],[101.98531,3.63971],[101.98538,3.63982],[101.98554,3.63983],[101.98575,3.63979],[101.98585,3.63967],[101.98611,3.63967],[101.98614,3.6396],[101.98633,3.63957],[101.98641,3.63968],[101.98663,3.63969],[101.98676,3.63956],[101.98675,3.63931],[101.98668,3.63909],[101.98668,3.63888],[101.98677,3.6389],[101.98704,3.63943],[101.98702,3.63972],[101.98723,3.63997],[101.98733,3.63999],[101.98749,3.64017],[101.9877,3.64055],[101.98777,3.64088],[101.9878,3.64133]]]}},{"type":"Feature","properties":{"id":898049659,"name":"Sungai Kelau","kind":"river"},"geometry":{"type":"Polygon","coordinates":[[[101.98913,3.68728],[101.98918,3.68734],[101.98921,3.68739],[101.98932,3.68733],[101.98937,3.6875],[101.98946,3.68763],[101.9894,3.6877],[101.98957,3.68779],[101.98942,3.68786],[101.98925,3.68796],[101.98892,3.68802],[101.98857,3.68818],[101.98849,3.68836],[101.98838,3.68848],[101.98828,3.68867],[101.98821,3.68882],[101.988,3.68888],[101.98785,3.68912],[101.98731,3.68878],[101.98709,3.68882],[101.98702,3.68896],[101.98693,3.68961],[101.98714,3.69001],[101.98735,3.69018],[101.98762,3.69029],[101.98786,3.6903],[101.98832,3.69025],[101.98911,3.69008],[101.98944,3.68999],[101.98958,3.68965],[101.98906,3.68959],[101.98869,3.68977],[101.9883,3.68986],[101.98802,3.6898],[101.98792,3.68959],[101.98828,3.68973],[101.9885,3.6897],[101.98858,3.68959],[101.9886,3.68946],[101.98872,3.68925],[101.98864,3.68879],[101.98913,3.68865],[101.98984,3.68835],[101.99001,3.68828],[101.99011,3.68798],[101.99001,3.68751],[101.98948,3.68675],[101.9892,3.68666],[101.98903,3.68666],[101.98849,3.68648],[101.98829,3.68676],[101.98801,3.68675],[101.98788,3.68685],[101.98758,3.6867],[101.98734,3.68693],[101.98754,3.6871],[101.98749,3.68715],[101.98716,3.68703],[101.98695,3.68715],[101.98685,3.68713],[101.98671,3.68729],[101.98664,3.6873],[101.98661,3.68735],[101.98664,3.68747],[101.98671,3.68752],[101.98686,3.68745],[101.98697,3.6875],[101.98704,3.68745],[101.98712,3.68752],[101.98718,3.68776],[101.98726,3.68784],[101.98733,3.68777],[101.98735,3.68767],[101.98776,3.68769],[101.98812,3.68759],[101.98817,3.68782],[101.9885,3.68783],[101.98862,3.68769],[101.98876,3.68764],[101.98892,3.68757],[101.98896,3.68749],[101.98908,3.6874],[101.98913,3.68728]]]}},{"type":"Feature","properties":{"id":898049662,"kind":"lake"},"geometry":{"type":"Polygon","coordinates":[[[101.98236,3.68739],[101.9824,3.68744],[101.98246,3.68744],[101.98252,3.68738],[101.98252,3.68731],[101.9826,3.68728],[101.98273,3.68728],[101.98288,3.68739],[101.98304,3.68736],[101.98309,3.68723],[101.98319,3.68715],[101.98324,3.68717],[101.98331,3.68724],[101.9834,3.68725],[101.98361,3.68694],[101.98372,3.68677],[101.98374,3.68661],[101.98384,3.68655],[101.98397,3.68653],[101.98406,3.68664],[101.98409,3.68682],[101.98432,3.68684],[101.98438,3.68691],[101.98445,3.68694],[101.98455,3.68692],[101.98465,3.68694],[101.98473,3.687],[101.98481,3.68699],[101.98486,3.687],[101.98487,3.68706],[101.98476,3.68712],[101.98465,3.68714],[101.98471,3.68723],[101.98466,3.68728],[101.9847,3.68737],[101.9848,3.68741],[101.98488,3.68741],[101.98495,3.68735],[101.98496,3.68735],[101.98498,3.68737],[101.98498,3.68739],[101.98492,3.68745],[101.98488,3.68763],[101.98487,3.68769],[101.98494,3.68774],[101.98503,3.6877],[101.98509,3.68773],[101.98519,3.68769],[101.9853,3.68756],[101.98532,3.68753],[101.98539,3.68751],[101.98546,3.68756],[101.98555,3.68757],[101.98564,3.68753],[101.98572,3.68751],[101.98573,3.68759],[101.98569,3.68764],[101.98561,3.68765],[101.98554,3.68762],[101.98546,3.68766],[101.98543,3.68773],[101.98544,3.68783],[101.98553,3.68787],[101.9855,3.68796],[101.98537,3.68799],[101.98528,3.68811],[101.98525,3.68826],[101.98525,3.68837],[101.98519,3.68847],[101.98513,3.68844],[101.985,3.68857],[101.98492,3.68864],[101.98494,3.68869],[101.985,3.68871],[101.9851,3.68856],[101.98521,3.68851],[101.98534,3.68854],[101.98541,3.68846],[101.98539,3.68832],[101.98533,3.68823],[101.98534,3.68818],[101.98542,3.68817],[101.98544,3.68808],[101.98561,3.68803],[101.98566,3.68778],[101.98577,3.68775],[101.98585,3.68765],[101.98583,3.6875],[101.98587,3.68748],[101.98601,3.6876],[101.98602,3.68773],[101.98648,3.68746],[101.98647,3.68735],[101.98642,3.68728],[101.98633,3.68735],[101.98626,3.68737],[101.98613,3.6875],[101.98605,3.68741],[101.98602,3.68734],[101.98607,3.68724],[101.98611,3.68724],[101.9861,3.68709],[101.98621,3.68701],[101.98619,3.68693],[101.98611,3.68692],[101.98609,3.68685],[101.98615,3.68681],[101.98609,3.68678],[101.98599,3.68674],[101.9859,3.68694],[101.9857,3.68698],[101.98553,3.6872],[101.98546,3.68721],[101.98545,3.6873],[101.98539,3.68734],[101.98528,3.68731],[101.98511,3.68728],[101.98504,3.68735],[101.98502,3.68735],[101.98499,3.68732],[101.985,3.68729],[101.98506,3.68725],[101.98509,3.68702],[101.98513,3.68696],[101.98526,3.68685],[101.98512,3.68684],[101.98507,3.68674],[101.98513,3.68663],[101.98521,3.68659],[101.98523,3.68654],[101.98514,3.68638],[101.98504,3.68636],[101.98494,3.68631],[101.98486,3.68635],[101.98479,3.68634],[101.98472,3.68638],[101.9847,3.68643],[101.98459,3.68648],[101.98448,3.6865],[101.98429,3.68648],[101.98426,3.68639],[101.98421,3.68634],[101.98427,3.68628],[101.98414,3.68622],[101.98399,3.68616],[101.9838,3.68628],[101.98371,3.68633],[101.98355,3.68661],[101.98342,3.68678],[101.98337,3.68681],[101.98334,3.68702],[101.98326,3.68709],[101.98317,3.68703],[101.98307,3.68709],[101.98296,3.68718],[101.98292,3.68701],[101.98278,3.68696],[101.98265,3.68701],[101.98249,3.68708],[101.98244,3.68727],[101.98246,3.68737],[101.98242,3.68741],[101.98237,3.68736],[101.98236,3.68739]]]}},{"type":"Feature","properties":{"id":901102154,"kind":"river"},"geometry":{"type":"Polygon","coordinates":[[[102.02871,2.44041],[102.02884,2.44058],[102.02895,2.44076],[102.0285,2.44107],[102.02816,2.44132],[102.02796,2.44153],[102.0277,2.44176],[102.0275,2.44187],[102.02722,2.44196],[102.02698,2.44203],[102.02667,2.44207],[102.02648,2.44205],[102.02631,2.44197],[102.02602,2.44184],[102.02562,2.4416],[102.02527,2.44135],[102.02506,2.44112],[102.02484,2.44087],[102.02461,2.44052],[102.0244,2.4402],[102.02428,2.44005],[102.02418,2.43997],[102.02408,2.43991],[102.02398,2.43987],[102.02372,2.43985],[102.02353,2.43987],[102.02331,2.43995],[102.02305,2.44009],[102.02282,2.4403],[102.02263,2.44053],[102.02239,2.44085],[102.02228,2.44101],[102.02212,2.44133],[102.022,2.44161],[102.02185,2.44195],[102.02166,2.44236],[102.02149,2.44281],[102.02134,2.44327],[102.02118,2.44367],[102.02089,2.44428],[102.02055,2.44507],[102.02043,2.44534],[102.02032,2.44565],[102.02023,2.44597],[102.02017,2.44623],[102.02008,2.44646],[102.01994,2.44665],[102.01983,2.44679],[102.01976,2.44676],[102.01963,2.44668],[102.01977,2.44643],[102.01987,2.44621],[102.01998,2.44594],[102.02009,2.44561],[102.02021,2.4451],[102.0203,2.44484],[102.02041,2.44454],[102.02059,2.44409],[102.02078,2.44367],[102.02087,2.44344],[102.02101,2.44305],[102.02117,2.44259],[102.02128,2.44233],[102.02146,2.44184],[102.0216,2.44156],[102.02189,2.441],[102.02205,2.44071],[102.02222,2.44046],[102.02237,2.44025],[102.02255,2.44007],[102.02271,2.4399],[102.02286,2.43979],[102.02309,2.43966],[102.02328,2.43953],[102.02344,2.43944],[102.02362,2.43939],[102.02375,2.43938],[102.02393,2.43944],[102.02411,2.43951],[102.02429,2.43964],[102.02444,2.43981],[102.02459,2.44001],[102.02484,2.44038],[102.02495,2.44053],[102.02507,2.44063],[102.02533,2.44085],[102.02563,2.44108],[102.02587,2.44125],[102.0261,2.44139],[102.0263,2.44148],[102.02649,2.44155],[102.02674,2.44159],[102.02698,2.44158],[102.02719,2.44153],[102.02742,2.44146],[102.02761,2.44135],[102.02781,2.44117],[102.02798,2.44099],[102.02809,2.44088],[102.02817,2.44081],[102.0283,2.44072],[102.0285,2.44059],[102.02871,2.44041]]]}},{"type":"Feature","properties":{"id":901104063,"kind":"river"},"geometry":{"type":"Polygon","coordinates":[[[102.01963,2.44668],[102.01976,2.44676],[102.01983,2.44679],[102.01971,2.447],[102.01959,2.44716],[102.01938,2.44735],[102.01921,2.4475],[102.01915,2.44755],[102.01902,2.44772],[102.01892,2.44782],[102.01878,2.44793],[102.01849,2.44824],[102.01839,2.44838],[102.01827,2.44863],[102.01821,2.44884],[102.01812,2.44917],[102.0181,2.44937],[102.01808,2.44965],[102.01808,2.44988],[102.01811,2.44998],[102.01817,2.45011],[102.01829,2.45022],[102.0185,2.45029],[102.01863,2.45029],[102.01882,2.45026],[102.01904,2.45016],[102.01931,2.45003],[102.01964,2.44982],[102.01997,2.44965],[102.0204,2.44946],[102.02083,2.44928],[102.02114,2.44917],[102.02135,2.44924],[102.02122,2.4494],[102.02082,2.44957],[102.02046,2.44975],[102.02004,2.44996],[102.01972,2.45011],[102.01936,2.45029],[102.01912,2.45043],[102.01902,2.45052],[102.01889,2.45056],[102.01872,2.4506],[102.01854,2.45061],[102.01833,2.45059],[102.01816,2.45055],[102.01803,2.45044],[102.01791,2.4503],[102.01784,2.4501],[102.01781,2.44985],[102.01783,2.44952],[102.01787,2.44907],[102.01793,2.4488],[102.01803,2.44855],[102.0182,2.44819],[102.01835,2.44795],[102.01852,2.44778],[102.01881,2.44758],[102.01899,2.44743],[102.01922,2.44723],[102.01941,2.44701],[102.01963,2.44668]]]}},{"type":"Feature","properties":{"id":901111096,"kind":"river"},"geometry":{"type":"Polygon","coordinates":[[[102.02602,2.4564],[102.02606,2.45618],[102.02628,2.4563],[102.02637,2.45654],[102.02644,2.45672],[102.02646,2.45688],[102.02652,2.45706],[102.02673,2.4577],[102.0269,2.45803],[102.02719,2.45852],[102.02748,2.45906],[102.02766,2.45935],[102.02782,2.45963],[102.02794,2.45981],[102.02807,2.45994],[102.02832,2.46012],[102.02869,2.46037],[102.02902,2.46055],[102.02937,2.46072],[102.02971,2.4609],[102.03004,2.4611],[102.03015,2.46116],[102.03024,2.46119],[102.0303,2.46123],[102.03038,2.46134],[102.03049,2.4616],[102.03056,2.46191],[102.03059,2.46215],[102.03057,2.46234],[102.03049,2.46255],[102.0303,2.46283],[102.02993,2.46324],[102.02959,2.46361],[102.02951,2.46372],[102.02934,2.46398],[102.02922,2.46424],[102.02916,2.46442],[102.02914,2.46471],[102.02912,2.46503],[102.02915,2.46514],[102.02914,2.4652],[102.02905,2.46528],[102.02908,2.46562],[102.02911,2.46623],[102.02913,2.4665],[102.0291,2.46665],[102.02909,2.46681],[102.02907,2.4673],[102.02905,2.46738],[102.02904,2.46745],[102.02904,2.4675],[102.02902,2.46756],[102.02897,2.46778],[102.02897,2.46802],[102.02897,2.46818],[102.02895,2.4683],[102.0289,2.46842],[102.02882,2.46855],[102.02868,2.46875],[102.02853,2.46897],[102.02837,2.46921],[102.02827,2.46943],[102.02816,2.4697],[102.02812,2.46985],[102.02809,2.47004],[102.02806,2.47019],[102.02793,2.4706],[102.02784,2.47093],[102.0278,2.47104],[102.02775,2.47108],[102.02768,2.4711],[102.02745,2.47111],[102.02708,2.47108],[102.02695,2.47105],[102.02681,2.471],[102.0266,2.47087],[102.02652,2.47081],[102.02637,2.47069],[102.02627,2.47058],[102.02617,2.47043],[102.02608,2.47004],[102.0259,2.46965],[102.02575,2.4694],[102.02553,2.46909],[102.02534,2.46893],[102.0251,2.46875],[102.02491,2.46862],[102.02461,2.46846],[102.02443,2.46839],[102.02419,2.46836],[102.02369,2.46833],[102.02332,2.46831],[102.02293,2.46827],[102.02264,2.46825],[102.02239,2.46823],[102.02219,2.46817],[102.022,2.46812],[102.0219,2.46809],[102.02176,2.46805],[102.02158,2.46808],[102.02135,2.46817],[102.02113,2.46838],[102.02098,2.46856],[102.02085,2.46875],[102.02069,2.46912],[102.02041,2.46978],[102.02032,2.47016],[102.02023,2.47055],[102.02018,2.47098],[102.02017,2.47133],[102.02015,2.47186],[102.02012,2.47209],[102.02013,2.47227],[102.02019,2.47246],[102.02028,2.47262],[102.02041,2.47279],[102.02061,2.473],[102.02082,2.4732],[102.02106,2.47337],[102.02115,2.47348],[102.02124,2.47366],[102.02133,2.47395],[102.02147,2.47434],[102.02163,2.47474],[102.02168,2.47501],[102.02174,2.47528],[102.02184,2.47563],[102.02191,2.47585],[102.02179,2.47586],[102.02162,2.47587],[102.0215,2.47551],[102.02136,2.47507],[102.02119,2.4745],[102.021,2.474],[102.02087,2.4737],[102.02074,2.47351],[102.02061,2.47337],[102.02049,2.47323],[102.02026,2.47303],[102.02003,2.4728],[102.01991,2.47265],[102.01983,2.47249],[102.01979,2.47233],[102.01977,2.47217],[102.0198,2.4719],[102.01982,2.4716],[102.01983,2.47143],[102.01984,2.47105],[102.01984,2.4709],[102.01991,2.47039],[102.02002,2.47001],[102.02014,2.46958],[102.02022,2.46937],[102.02034,2.46918],[102.02046,2.46884],[102.02048,2.46877],[102.02049,2.46872],[102.02052,2.46862],[102.02065,2.46843],[102.02093,2.46815],[102.02112,2.46798],[102.02132,2.46785],[102.02151,2.46776],[102.02167,2.46775],[102.02182,2.46776],[102.02208,2.46782],[102.02243,2.46792],[102.02271,2.46797],[102.02301,2.46801],[102.02326,2.46799],[102.02336,2.468],[102.02391,2.46803],[102.0245,2.4681],[102.02468,2.46816],[102.02483,2.46824],[102.02506,2.46838],[102.02528,2.46849],[102.02555,2.46869],[102.02579,2.46889],[102.02597,2.46917],[102.02615,2.46954],[102.02634,2.46994],[102.02641,2.47012],[102.02649,2.4703],[102.02662,2.47047],[102.02672,2.47057],[102.02691,2.47067],[102.02712,2.47075],[102.02732,2.47078],[102.02745,2.47078],[102.02756,2.47073],[102.02761,2.47068],[102.02765,2.47061],[102.02771,2.47038],[102.02773,2.47024],[102.02777,2.47002],[102.0278,2.4698],[102.02788,2.46953],[102.02797,2.46936],[102.0281,2.46913],[102.02826,2.46886],[102.0284,2.46864],[102.02856,2.46835],[102.02866,2.46811],[102.02868,2.46793],[102.02873,2.46771],[102.02876,2.46745],[102.02875,2.46718],[102.02877,2.467],[102.02876,2.46662],[102.02881,2.46648],[102.02876,2.46598],[102.02871,2.46541],[102.02874,2.46518],[102.02878,2.46513],[102.02881,2.46509],[102.02881,2.46504],[102.02878,2.4647],[102.0288,2.46445],[102.02887,2.46421],[102.02891,2.46411],[102.02897,2.46399],[102.02908,2.46385],[102.02929,2.46357],[102.02948,2.46332],[102.02967,2.46306],[102.0299,2.4628],[102.03004,2.46265],[102.03016,2.46248],[102.03022,2.46236],[102.03027,2.46219],[102.03029,2.46204],[102.03028,2.46189],[102.03017,2.46164],[102.03001,2.46145],[102.02984,2.46131],[102.0294,2.46108],[102.02907,2.4609],[102.02876,2.46073],[102.02847,2.46056],[102.0283,2.46046],[102.02812,2.46034],[102.0278,2.46008],[102.02766,2.45996],[102.02755,2.45983],[102.02747,2.45967],[102.02729,2.45933],[102.02701,2.45885],[102.02677,2.45842],[102.0266,2.45806],[102.02641,2.4576],[102.02626,2.45715],[102.02602,2.4564]]]}},{"type":"Feature","properties":{"id":901117360,"kind":"river"},"geometry":{"type":"Polygon","coordinates":[[[102.02162,2.47587],[102.02179,2.47586],[102.02191,2.47585],[102.02194,2.47609],[102.02193,2.47629],[102.02187,2.47644],[102.02177,2.47661],[102.02153,2.47699],[102.02125,2.47749],[102.02106,2.47787],[102.02092,2.47819],[102.02081,2.47839],[102.02067,2.47857],[102.02054,2.4787],[102.02032,2.47885],[102.01996,2.47906],[102.0195,2.47929],[102.01945,2.47932],[102.01944,2.47935],[102.01945,2.47939],[102.01946,2.4794],[102.0195,2.47939],[102.01953,2.47944],[102.01933,2.47955],[102.01929,2.4795],[102.01932,2.47948],[102.01932,2.47946],[102.01928,2.47943],[102.019,2.4796],[102.01863,2.47982],[102.01818,2.48005],[102.01766,2.48032],[102.01722,2.48053],[102.01677,2.48078],[102.01648,2.48096],[102.01613,2.48122],[102.01579,2.4814],[102.01561,2.48151],[102.01535,2.48166],[102.01499,2.4818],[102.01468,2.48189],[102.01438,2.482],[102.01422,2.48205],[102.01396,2.48208],[102.01368,2.48209],[102.01332,2.48208],[102.01305,2.4821],[102.01295,2.4821],[102.01288,2.48209],[102.0128,2.48206],[102.01257,2.48202],[102.01247,2.48198],[102.0124,2.48192],[102.01232,2.48185],[102.01228,2.48178],[102.01227,2.4817],[102.01229,2.48164],[102.01235,2.48156],[102.01236,2.48152],[102.01235,2.48149],[102.01195,2.48117],[102.01174,2.48106],[102.01139,2.48091],[102.01106,2.48079],[102.01071,2.48063],[102.01046,2.48053],[102.01029,2.48045],[102.00982,2.48038],[102.00946,2.48034],[102.00932,2.48032],[102.00921,2.48031],[102.00912,2.4803],[102.00901,2.48026],[102.00874,2.48015],[102.00825,2.47998],[102.00772,2.47981],[102.00717,2.47961],[102.00678,2.47946],[102.00664,2.47942],[102.00649,2.47935],[102.00626,2.47926],[102.00598,2.47918],[102.00574,2.47914],[102.00543,2.4791],[102.00517,2.4791],[102.0048,2.47912],[102.0042,2.47919],[102.00368,2.47924],[102.00338,2.47928],[102.00305,2.47935],[102.00277,2.47945],[102.00252,2.47959],[102.00224,2.4797],[102.00203,2.4798],[102.0018,2.47989],[102.00151,2.47997],[102.00126,2.48002],[102.00097,2.48003],[102.0008,2.48004],[102.00054,2.48009],[102.00021,2.48018],[101.9999,2.4803],[101.99953,2.48044],[101.99917,2.48052],[101.99915,2.48038],[101.99912,2.48019],[101.99946,2.48013],[101.9998,2.48003],[102.00006,2.4799],[102.0008,2.47967],[102.00087,2.47969],[102.00093,2.47971],[102.00099,2.47971],[102.00105,2.47969],[102.00108,2.47967],[102.00132,2.47963],[102.00165,2.47959],[102.00185,2.47952],[102.00215,2.47939],[102.00245,2.47926],[102.00274,2.47912],[102.00288,2.47909],[102.00313,2.47899],[102.00332,2.47895],[102.00364,2.47892],[102.00403,2.47888],[102.00432,2.47884],[102.00466,2.4788],[102.00495,2.47876],[102.00522,2.47877],[102.00552,2.47878],[102.00599,2.47884],[102.00628,2.47894],[102.0065,2.47901],[102.00705,2.47925],[102.00736,2.47934],[102.00752,2.4794],[102.00765,2.47942],[102.00794,2.47949],[102.00834,2.47962],[102.00869,2.47972],[102.00913,2.47987],[102.00939,2.47994],[102.00966,2.47997],[102.00999,2.48004],[102.01032,2.48013],[102.0107,2.48027],[102.011,2.48038],[102.01145,2.48059],[102.01186,2.48078],[102.01212,2.48088],[102.0123,2.48097],[102.01244,2.48107],[102.01258,2.48121],[102.01265,2.48132],[102.0127,2.48148],[102.01273,2.48154],[102.01286,2.48168],[102.01291,2.4817],[102.01325,2.4817],[102.01381,2.4817],[102.01409,2.48167],[102.01442,2.48162],[102.01476,2.48152],[102.01507,2.48139],[102.01541,2.48123],[102.01574,2.48104],[102.01603,2.48082],[102.01612,2.48079],[102.01623,2.4807],[102.01657,2.48043],[102.01692,2.48023],[102.01731,2.48004],[102.01767,2.47987],[102.01799,2.47972],[102.01879,2.47932],[102.01908,2.47916],[102.01925,2.47901],[102.01974,2.47872],[102.0201,2.47858],[102.02035,2.4784],[102.02052,2.47825],[102.02069,2.47794],[102.02082,2.47767],[102.02098,2.47726],[102.02107,2.47703],[102.0212,2.47678],[102.02136,2.47655],[102.02158,2.47622],[102.02163,2.47608],[102.02163,2.47594],[102.02162,2.47587]]]}},{"type":"Feature","properties":{"id":901126916,"kind":"river"},"geometry":{"type":"Polygon","coordinates":[[[101.99477,2.4807],[101.99515,2.48067],[101.9954,2.48068],[101.99578,2.48078],[101.99603,2.48081],[101.9964,2.48081],[101.99674,2.48074],[101.9973,2.4806],[101.99826,2.48035],[101.99879,2.48025],[101.99912,2.48019],[101.99915,2.48038],[101.99917,2.48052],[101.99891,2.48056],[101.99838,2.48067],[101.99751,2.4809],[101.99701,2.48102],[101.99673,2.48107],[101.99639,2.48111],[101.99617,2.48112],[101.99592,2.48109],[101.99564,2.48102],[101.99526,2.48102],[101.99458,2.48112],[101.99415,2.48128],[101.99366,2.48147],[101.99344,2.48155],[101.99331,2.48161],[101.99313,2.48172],[101.99301,2.4818],[101.99288,2.48187],[101.99273,2.48193],[101.99253,2.48199],[101.99219,2.48208],[101.99176,2.48223],[101.99108,2.48243],[101.99065,2.48257],[101.99038,2.48267],[101.99024,2.48276],[101.99016,2.48282],[101.99007,2.48284],[101.98997,2.48286],[101.98981,2.48288],[101.98961,2.48286],[101.98932,2.48278],[101.98901,2.48267],[101.98856,2.48253],[101.98831,2.48247],[101.98815,2.48244],[101.98794,2.48243],[101.98764,2.4824],[101.9875,2.48242],[101.98739,2.48247],[101.98727,2.48257],[101.98709,2.48276],[101.98696,2.48299],[101.98685,2.48323],[101.98678,2.48338],[101.98668,2.48362],[101.98658,2.48383],[101.98647,2.48406],[101.98639,2.4842],[101.98632,2.48428],[101.98618,2.48438],[101.98593,2.48452],[101.98562,2.48465],[101.98545,2.48474],[101.98531,2.48486],[101.98518,2.485],[101.98507,2.48517],[101.98498,2.48532],[101.98489,2.48546],[101.98481,2.4856],[101.98468,2.48578],[101.98448,2.48601],[101.98424,2.48627],[101.98414,2.48639],[101.98406,2.48653],[101.98398,2.4867],[101.98395,2.48681],[101.98395,2.4869],[101.98399,2.48704],[101.98408,2.48729],[101.98417,2.4875],[101.98425,2.48766],[101.9843,2.48777],[101.98433,2.48788],[101.98434,2.48807],[101.98433,2.48831],[101.98431,2.48865],[101.98431,2.48882],[101.98433,2.48905],[101.98438,2.48933],[101.9844,2.4895],[101.98441,2.48966],[101.98439,2.48982],[101.98432,2.49004],[101.98418,2.49035],[101.98408,2.49055],[101.98381,2.49087],[101.98362,2.49103],[101.98339,2.49121],[101.98325,2.49131],[101.9831,2.49139],[101.983,2.49146],[101.98295,2.49153],[101.9829,2.49163],[101.98286,2.49173],[101.98285,2.49185],[101.98285,2.49197],[101.9829,2.49211],[101.98297,2.49225],[101.98311,2.49246],[101.98328,2.49267],[101.98344,2.49283],[101.98356,2.49295],[101.98372,2.49307],[101.98386,2.49319],[101.98398,2.4933],[101.98411,2.49345],[101.98418,2.49358],[101.98423,2.49374],[101.98426,2.49392],[101.98426,2.49415],[101.98423,2.49432],[101.98408,2.4947],[101.98394,2.49504],[101.98379,2.49533],[101.98354,2.49579],[101.98329,2.49614],[101.9832,2.49628],[101.98313,2.49644],[101.98305,2.4966],[101.983,2.49671],[101.98295,2.4968],[101.98286,2.49688],[101.98275,2.49698],[101.98265,2.49705],[101.98254,2.49708],[101.98237,2.49708],[101.98218,2.49704],[101.98186,2.49694],[101.98166,2.49691],[101.98153,2.49689],[101.98142,2.49685],[101.98127,2.49677],[101.98118,2.49674],[101.9811,2.49672],[101.98097,2.49672],[101.98087,2.49675],[101.98065,2.4969],[101.98044,2.49706],[101.98021,2.49724],[101.97993,2.49751],[101.97975,2.49771],[101.9797,2.49781],[101.97965,2.49789],[101.97957,2.49796],[101.9795,2.498],[101.97939,2.49806],[101.97922,2.49816],[101.97899,2.49825],[101.97875,2.49834],[101.97855,2.4984],[101.97832,2.49844],[101.97807,2.49848],[101.97782,2.49853],[101.97764,2.49858],[101.97748,2.49864],[101.97736,2.49869],[101.97722,2.4988],[101.97702,2.49897],[101.97693,2.49909],[101.9769,2.49916],[101.97684,2.49933],[101.97676,2.49967],[101.97671,2.49985],[101.97665,2.50002],[101.97658,2.5002],[101.97647,2.50051],[101.97636,2.50078],[101.97625,2.501],[101.97616,2.5011],[101.97608,2.50115],[101.97597,2.50118],[101.97583,2.50122],[101.97572,2.50125],[101.97562,2.50125],[101.97536,2.50126],[101.97499,2.50124],[101.97466,2.50124],[101.97452,2.50125],[101.97442,2.50127],[101.97432,2.50131],[101.97412,2.50144],[101.97398,2.50155],[101.97389,2.50165],[101.97385,2.50174],[101.97378,2.50192],[101.97372,2.5022],[101.97367,2.50238],[101.97365,2.50254],[101.97363,2.50264],[101.97359,2.50276],[101.97349,2.50298],[101.97336,2.50319],[101.97323,2.50333],[101.9731,2.50343],[101.97287,2.50358],[101.9726,2.50372],[101.97238,2.50379],[101.97218,2.50383],[101.97198,2.50384],[101.9718,2.50381],[101.97161,2.50374],[101.97137,2.50363],[101.97114,2.50351],[101.97102,2.50348],[101.97084,2.50345],[101.97065,2.50344],[101.97044,2.50344],[101.97028,2.50347],[101.97006,2.50356],[101.96991,2.50364],[101.96973,2.50376],[101.96956,2.50391],[101.96948,2.504],[101.96938,2.50415],[101.96931,2.50429],[101.96921,2.50449],[101.96911,2.50468],[101.96902,2.50483],[101.9689,2.50501],[101.9688,2.50518],[101.96874,2.50533],[101.96868,2.50551],[101.96861,2.50563],[101.96851,2.50579],[101.96832,2.50602],[101.96815,2.5062],[101.968,2.50631],[101.96778,2.50644],[101.96761,2.50652],[101.96742,2.5066],[101.96724,2.50668],[101.96703,2.50675],[101.96674,2.50683],[101.96646,2.50691],[101.96627,2.50696],[101.96606,2.50704],[101.96583,2.50713],[101.96567,2.5072],[101.96545,2.50731],[101.96531,2.50741],[101.96521,2.50748],[101.96507,2.50761],[101.96494,2.50775],[101.96484,2.50788],[101.96477,2.508],[101.96472,2.50811],[101.96466,2.50822],[101.96461,2.50828],[101.96456,2.50834],[101.96448,2.50844],[101.9643,2.50861],[101.96419,2.50868],[101.96398,2.50878],[101.96393,2.50883],[101.96387,2.50891],[101.96383,2.50899],[101.96382,2.50909],[101.96382,2.5092],[101.96384,2.50936],[101.96389,2.50955],[101.96395,2.5097],[101.96407,2.51],[101.96414,2.5102],[101.96417,2.5103],[101.96416,2.51045],[101.96414,2.51059],[101.96403,2.51083],[101.96391,2.51107],[101.96384,2.51122],[101.96372,2.51115],[101.96358,2.51109],[101.96368,2.51093],[101.96375,2.5108],[101.96381,2.51066],[101.96387,2.51049],[101.9639,2.51036],[101.96391,2.51026],[101.96388,2.51009],[101.96377,2.50983],[101.96366,2.50953],[101.96358,2.50928],[101.96354,2.5091],[101.96354,2.50896],[101.96357,2.50882],[101.96363,2.50872],[101.96375,2.50866],[101.96385,2.50864],[101.96398,2.50857],[101.96407,2.5085],[101.96425,2.50832],[101.96439,2.50817],[101.96448,2.50805],[101.96454,2.50796],[101.9646,2.50784],[101.9647,2.50767],[101.96487,2.50749],[101.96504,2.50733],[101.96521,2.50722],[101.96532,2.50715],[101.96556,2.50699],[101.96576,2.50689],[101.96601,2.50677],[101.96631,2.50666],[101.96649,2.50659],[101.9668,2.50647],[101.96712,2.50634],[101.96736,2.50624],[101.96756,2.50616],[101.96769,2.50612],[101.9678,2.50608],[101.96794,2.50599],[101.96805,2.5059],[101.9682,2.50574],[101.96835,2.50555],[101.96845,2.50538],[101.96852,2.50524],[101.96861,2.50502],[101.96866,2.50491],[101.96875,2.50471],[101.96892,2.5044],[101.96912,2.50402],[101.96921,2.50389],[101.96935,2.50373],[101.96972,2.50339],[101.96995,2.50323],[101.97011,2.50312],[101.97024,2.50306],[101.97032,2.50304],[101.97042,2.50305],[101.9706,2.50309],[101.97081,2.50314],[101.97102,2.5032],[101.97135,2.50336],[101.9717,2.50353],[101.97188,2.50358],[101.97203,2.50358],[101.97221,2.50356],[101.97248,2.50351],[101.97265,2.50345],[101.97278,2.50338],[101.97288,2.50332],[101.97301,2.5032],[101.97312,2.50308],[101.97324,2.50289],[101.97336,2.50268],[101.97344,2.50244],[101.97351,2.50211],[101.97356,2.50187],[101.97365,2.50167],[101.97378,2.50147],[101.9739,2.50134],[101.97405,2.50122],[101.9742,2.50111],[101.97438,2.50105],[101.97462,2.50098],[101.97484,2.501],[101.97509,2.50103],[101.97528,2.50104],[101.97544,2.50103],[101.97561,2.50102],[101.97575,2.50099],[101.97583,2.50093],[101.97597,2.5008],[101.97609,2.50064],[101.97622,2.50038],[101.97639,2.50002],[101.97649,2.49977],[101.97655,2.49955],[101.97663,2.49925],[101.97671,2.49905],[101.97676,2.49894],[101.97684,2.49884],[101.97697,2.49872],[101.97726,2.49853],[101.97757,2.4984],[101.97798,2.49826],[101.97834,2.49818],[101.97874,2.49811],[101.97895,2.49806],[101.97907,2.498],[101.97917,2.49794],[101.9793,2.49781],[101.97964,2.4975],[101.9799,2.49725],[101.98016,2.49701],[101.98046,2.49676],[101.9807,2.4966],[101.98083,2.49653],[101.98099,2.4965],[101.98115,2.4965],[101.98132,2.49652],[101.98153,2.49659],[101.98178,2.49669],[101.98201,2.49677],[101.9822,2.49682],[101.98237,2.49684],[101.98248,2.49682],[101.98259,2.49678],[101.98269,2.49672],[101.98275,2.49664],[101.98283,2.49652],[101.9829,2.49637],[101.98296,2.49617],[101.98302,2.49601],[101.98315,2.49577],[101.98329,2.49555],[101.9835,2.49525],[101.98362,2.49505],[101.98373,2.49482],[101.98388,2.4945],[101.98398,2.49425],[101.984,2.49413],[101.984,2.49391],[101.98396,2.49373],[101.98386,2.49353],[101.98366,2.49331],[101.9834,2.49311],[101.98308,2.49286],[101.98292,2.49271],[101.98281,2.49255],[101.98268,2.4923],[101.98256,2.49206],[101.98249,2.49187],[101.98247,2.4917],[101.98249,2.4916],[101.98255,2.49148],[101.98262,2.49138],[101.9827,2.49131],[101.98294,2.49119],[101.98321,2.49108],[101.98332,2.49101],[101.98343,2.49092],[101.98352,2.49083],[101.98363,2.49069],[101.98382,2.49043],[101.98396,2.4902],[101.98402,2.49009],[101.98406,2.48995],[101.98411,2.48971],[101.98412,2.4895],[101.98409,2.48925],[101.98406,2.48902],[101.98404,2.48876],[101.98404,2.48855],[101.98404,2.48833],[101.98402,2.48811],[101.98401,2.48792],[101.98398,2.48778],[101.98389,2.48758],[101.98378,2.48735],[101.9837,2.4871],[101.98365,2.4869],[101.98363,2.48677],[101.98363,2.48666],[101.98366,2.48659],[101.98371,2.48649],[101.98386,2.48633],[101.98406,2.48611],[101.98426,2.48589],[101.98439,2.48572],[101.98455,2.48551],[101.98466,2.48532],[101.98475,2.48515],[101.98485,2.48497],[101.98493,2.48484],[101.98501,2.48475],[101.98519,2.48457],[101.98527,2.48447],[101.98533,2.48442],[101.98539,2.48441],[101.98545,2.48441],[101.98551,2.48443],[101.98558,2.48443],[101.98564,2.48441],[101.98581,2.48431],[101.98595,2.4842],[101.98607,2.4841],[101.98617,2.48396],[101.98628,2.48378],[101.98638,2.4836],[101.98647,2.4834],[101.9866,2.48309],[101.98669,2.48291],[101.98678,2.48276],[101.98693,2.48253],[101.98705,2.48239],[101.98717,2.48229],[101.9873,2.48222],[101.9874,2.48219],[101.98756,2.48217],[101.98777,2.48217],[101.98812,2.4822],[101.98844,2.48224],[101.98873,2.4823],[101.98901,2.48236],[101.9892,2.48242],[101.98943,2.48252],[101.98969,2.48257],[101.98988,2.48255],[101.99009,2.48248],[101.99042,2.48233],[101.99072,2.48218],[101.99103,2.48206],[101.99141,2.48192],[101.99173,2.48185],[101.99194,2.48177],[101.99251,2.48166],[101.99289,2.4815],[101.99323,2.48131],[101.99349,2.48118],[101.99376,2.48108],[101.99401,2.48097],[101.99441,2.4808],[101.99477,2.4807]]]}},{"type":"Feature","properties":{"id":901160578,"kind":"river"},"geometry":{"type":"Polygon","coordinates":[[[101.94933,2.54384],[101.94953,2.54386],[101.94968,2.54389],[101.94967,2.54414],[101.94966,2.54439],[101.94968,2.54464],[101.9497,2.54495],[101.94971,2.5452],[101.94972,2.54542],[101.94973,2.54554],[101.94977,2.54573],[101.94983,2.5459],[101.94993,2.54614],[101.94999,2.54629],[101.95009,2.54656],[101.95028,2.54706],[101.95034,2.54719],[101.95051,2.5475],[101.9507,2.54779],[101.9509,2.54814],[101.951,2.54831],[101.9512,2.54857],[101.95135,2.54875],[101.95153,2.54898],[101.95175,2.54928],[101.95199,2.54963],[101.95216,2.54989],[101.95226,2.55005],[101.95237,2.55022],[101.95243,2.55035],[101.95248,2.55049],[101.95252,2.55065],[101.95256,2.55086],[101.9526,2.55109],[101.95266,2.55135],[101.95273,2.55174],[101.95277,2.55199],[101.95278,2.55213],[101.95278,2.55234],[101.95275,2.55255],[101.95271,2.5527],[101.95265,2.55301],[101.95265,2.55316],[101.95264,2.55333],[101.9526,2.55346],[101.9525,2.55364],[101.95237,2.5538],[101.95208,2.5541],[101.95181,2.55438],[101.95172,2.55448],[101.95166,2.55458],[101.95158,2.55473],[101.95148,2.55493],[101.9514,2.55514],[101.95126,2.55545],[101.95113,2.55574],[101.95104,2.55601],[101.95098,2.55621],[101.95092,2.55645],[101.95088,2.55662],[101.95079,2.5569],[101.95072,2.55712],[101.9506,2.55752],[101.95055,2.55772],[101.95049,2.55801],[101.95041,2.55836],[101.95033,2.55866],[101.95027,2.5589],[101.95023,2.55909],[101.9502,2.55935],[101.95015,2.5596],[101.95012,2.55989],[101.95008,2.56007],[101.94997,2.56005],[101.94988,2.56003],[101.94991,2.55979],[101.94993,2.55948],[101.94998,2.55918],[101.95001,2.55896],[101.95008,2.55859],[101.95015,2.55829],[101.9502,2.55806],[101.9503,2.55768],[101.95038,2.55732],[101.95047,2.55693],[101.95058,2.55652],[101.95064,2.55627],[101.9508,2.55574],[101.95087,2.55556],[101.95099,2.55527],[101.95112,2.55499],[101.95127,2.55467],[101.9514,2.55444],[101.95154,2.55428],[101.95164,2.55415],[101.95176,2.55406],[101.95186,2.55399],[101.95191,2.55393],[101.95203,2.5538],[101.95225,2.5536],[101.95235,2.55348],[101.9524,2.5534],[101.95245,2.55331],[101.95247,2.55321],[101.95249,2.55301],[101.95249,2.55268],[101.95249,2.55246],[101.95246,2.55236],[101.9524,2.55218],[101.95235,2.55206],[101.95233,2.55196],[101.95233,2.55175],[101.95233,2.55156],[101.95232,2.55136],[101.9523,2.55106],[101.95227,2.55092],[101.95219,2.55064],[101.95197,2.55011],[101.95168,2.54968],[101.95143,2.54934],[101.95122,2.54906],[101.95092,2.54868],[101.95076,2.54844],[101.9506,2.54816],[101.95037,2.54782],[101.95016,2.54743],[101.95006,2.54725],[101.94988,2.54683],[101.94969,2.5464],[101.94957,2.54607],[101.94948,2.5458],[101.94944,2.54554],[101.94941,2.54521],[101.94941,2.54482],[101.94939,2.54456],[101.94936,2.54419],[101.94933,2.54384]]]}},{"type":"Feature","properties":{"id":901428206,"kind":"river"},"geometry":{"type":"Polygon","coordinates":[[[101.94988,2.56003],[101.94997,2.56005],[101.95008,2.56007],[101.95004,2.56045],[101.95001,2.56065],[101.94997,2.56092],[101.94992,2.56116],[101.94984,2.56142],[101.94973,2.56178],[101.94964,2.562],[101.9496,2.5621],[101.94957,2.56219],[101.94954,2.56233],[101.94951,2.56253],[101.9495,2.56274],[101.94952,2.56313],[101.94955,2.56331],[101.9496,2.56356],[101.94966,2.56374],[101.94974,2.56388],[101.9499,2.56423],[101.95005,2.56453],[101.95034,2.56513],[101.95049,2.56543],[101.95063,2.56565],[101.95077,2.56589],[101.95085,2.56602],[101.95092,2.56616],[101.95096,2.56626],[101.95098,2.56633],[101.95098,2.56641],[101.95096,2.56655],[101.95092,2.56669],[101.95086,2.56686],[101.95081,2.567],[101.95076,2.5671],[101.95071,2.5672],[101.95062,2.5674],[101.95055,2.56754],[101.95046,2.56771],[101.95041,2.56781],[101.95033,2.56796],[101.95027,2.5681],[101.95021,2.56825],[101.95017,2.56838],[101.95012,2.56853],[101.9501,2.56865],[101.95007,2.56886],[101.95005,2.56901],[101.95003,2.5693],[101.95003,2.56947],[101.95002,2.56964],[101.95,2.56979],[101.94998,2.56994],[101.94996,2.57013],[101.94994,2.5703],[101.94991,2.57041],[101.94988,2.57056],[101.94985,2.57071],[101.94982,2.57084],[101.9498,2.57095],[101.94979,2.57103],[101.94979,2.57115],[101.9498,2.57128],[101.94983,2.57147],[101.94986,2.57157],[101.94993,2.57174],[101.95,2.57186],[101.95011,2.57208],[101.95022,2.5723],[101.95031,2.57248],[101.95041,2.57268],[101.95054,2.57287],[101.9507,2.57307],[101.95086,2.57325],[101.95095,2.5734],[101.95099,2.57356],[101.95101,2.57379],[101.951,2.57399],[101.95093,2.57424],[101.95091,2.5745],[101.95093,2.57475],[101.95101,2.57503],[101.95116,2.57541],[101.95136,2.5758],[101.95165,2.57637],[101.95179,2.57664],[101.95208,2.57716],[101.95224,2.57738],[101.95247,2.57765],[101.95264,2.57785],[101.95286,2.57803],[101.9532,2.57833],[101.95347,2.57854],[101.95375,2.57869],[101.95419,2.57889],[101.9549,2.57922],[101.95544,2.57946],[101.95602,2.5797],[101.95648,2.57987],[101.95669,2.57995],[101.95682,2.58003],[101.95696,2.58016],[101.95719,2.58048],[101.95741,2.58076],[101.95754,2.58093],[101.95787,2.58131],[101.95811,2.58157],[101.95829,2.5818],[101.95835,2.58195],[101.95847,2.58227],[101.95868,2.58285],[101.95883,2.58318],[101.95895,2.58334],[101.95903,2.58344],[101.95913,2.58356],[101.95919,2.58365],[101.95924,2.58375],[101.95925,2.58383],[101.95926,2.58389],[101.95928,2.58399],[101.95931,2.58415],[101.95933,2.58424],[101.95935,2.58434],[101.95934,2.58451],[101.95928,2.5847],[101.95916,2.58498],[101.95856,2.58576],[101.95836,2.58595],[101.95795,2.5863],[101.95779,2.58631],[101.95779,2.58621],[101.95799,2.58604],[101.95812,2.58594],[101.95842,2.5857],[101.95869,2.58541],[101.95888,2.58511],[101.95914,2.58466],[101.95919,2.58441],[101.95917,2.58424],[101.95909,2.58398],[101.95901,2.58381],[101.9589,2.58361],[101.95883,2.5835],[101.95873,2.5834],[101.95868,2.58334],[101.95865,2.58329],[101.95862,2.58313],[101.95851,2.5829],[101.95833,2.58244],[101.95825,2.58219],[101.95797,2.58168],[101.95776,2.58143],[101.95759,2.58125],[101.95727,2.58084],[101.95693,2.58046],[101.95675,2.58026],[101.95669,2.58021],[101.95656,2.58013],[101.95629,2.58001],[101.95587,2.57983],[101.95538,2.57966],[101.95507,2.57953],[101.95489,2.57947],[101.95474,2.57942],[101.95461,2.57937],[101.95443,2.57927],[101.95419,2.57913],[101.95396,2.57901],[101.95363,2.57883],[101.95325,2.57864],[101.95304,2.5785],[101.9528,2.5783],[101.95238,2.57786],[101.95202,2.57746],[101.95188,2.57725],[101.95171,2.57694],[101.95158,2.57672],[101.95135,2.57638],[101.95105,2.57591],[101.95083,2.5755],[101.95074,2.57529],[101.9507,2.57513],[101.95067,2.57501],[101.95064,2.57481],[101.95063,2.57458],[101.95064,2.5744],[101.95068,2.57416],[101.95073,2.57393],[101.95074,2.57385],[101.95073,2.57379],[101.95064,2.57353],[101.95043,2.57314],[101.95014,2.57268],[101.94991,2.57233],[101.94982,2.57217],[101.94976,2.57206],[101.94971,2.57193],[101.94963,2.57169],[101.94958,2.57145],[101.94956,2.57134],[101.94955,2.5712],[101.94957,2.57101],[101.94961,2.57078],[101.94973,2.5704],[101.94976,2.57026],[101.94978,2.5701],[101.9498,2.5698],[101.94983,2.56919],[101.94984,2.5688],[101.9499,2.56845],[101.94996,2.56825],[101.95005,2.56803],[101.95019,2.56771],[101.95041,2.56731],[101.95062,2.56688],[101.95067,2.56677],[101.9507,2.56664],[101.95069,2.56651],[101.95065,2.56632],[101.95057,2.566],[101.95044,2.56575],[101.95019,2.56533],[101.95004,2.56501],[101.94977,2.56444],[101.94952,2.56389],[101.94938,2.56349],[101.94934,2.56334],[101.94929,2.5631],[101.94925,2.56278],[101.94925,2.56256],[101.94927,2.56241],[101.94936,2.56212],[101.94951,2.56173],[101.94957,2.5615],[101.94968,2.56115],[101.94974,2.56095],[101.94976,2.56083],[101.9498,2.56059],[101.94988,2.56003]]]}},{"type":"Feature","properties":{"id":901624834,"name":"Quarry Pond","kind":"pond"},"geometry":{"type":"Polygon","coordinates":[[[101.63626,3.39569],[101.63626,3.39572],[101.63633,3.39587],[101.63635,3.39595],[101.63635,3.39598],[101.6363,3.39602],[101.63626,3.39602],[101.63621,3.396],[101.63616,3.39593],[101.63613,3.39585],[101.63606,3.39576],[101.63599,3.39564],[101.63598,3.39556],[101.63599,3.39553],[101.63604,3.39551],[101.63613,3.3955],[101.63618,3.39552],[101.63627,3.39562],[101.63626,3.39569]]]}},{"type":"Feature","properties":{"id":901624835,"name":"Quarry Pond","kind":"pond"},"geometry":{"type":"Polygon","coordinates":[[[101.63655,3.39465],[101.63635,3.39462],[101.63629,3.39454],[101.63626,3.39429],[101.63633,3.39426],[101.63646,3.39426],[101.63655,3.39427],[101.6366,3.39434],[101.6366,3.39461],[101.63655,3.39465]]]}},{"type":"Feature","properties":{"id":906720892,"kind":"pond"},"geometry":{"type":"Polygon","coordinates":[[[101.5535,3.42241],[101.55404,3.42241],[101.55405,3.42235],[101.55407,3.4221],[101.55405,3.42202],[101.55408,3.42191],[101.55407,3.42184],[101.5538,3.4217],[101.55365,3.42164],[101.55351,3.42173],[101.55349,3.42203],[101.5535,3.42241]]]}},{"type":"Feature","properties":{"id":916117815,"kind":"river"},"geometry":{"type":"Polygon","coordinates":[[[101.69901,3.57255],[101.69904,3.57261],[101.69923,3.57261],[101.69942,3.57265],[101.69968,3.57271],[101.70005,3.57273],[101.70052,3.5728],[101.70067,3.57288],[101.70109,3.57304],[101.70146,3.57319],[101.70179,3.57332],[101.70231,3.57354],[101.70237,3.57342],[101.70244,3.5733],[101.70223,3.57319],[101.7021,3.57309],[101.70226,3.57308],[101.70241,3.57309],[101.70258,3.57306],[101.70253,3.5724],[101.70235,3.57239],[101.70195,3.57243],[101.70151,3.57244],[101.70109,3.57246],[101.70066,3.57247],[101.70046,3.57254],[101.70026,3.57258],[101.70002,3.57252],[101.69973,3.57251],[101.6995,3.57252],[101.69938,3.57252],[101.69928,3.57251],[101.69914,3.57245],[101.69899,3.57249],[101.69901,3.57255]]]}},{"type":"Feature","properties":{"id":921174610,"kind":"river"},"geometry":{"type":"Polygon","coordinates":[[[101.03646,3.61917],[101.03649,3.61911],[101.03662,3.61901],[101.03672,3.61909],[101.03689,3.6192],[101.03713,3.6193],[101.03755,3.61945],[101.03787,3.61957],[101.03809,3.61967],[101.03855,3.61988],[101.03874,3.61995],[101.03897,3.61999],[101.03925,3.62001],[101.03962,3.62003],[101.04002,3.62001],[101.04023,3.62002],[101.04038,3.62005],[101.04042,3.62009],[101.04046,3.62015],[101.04046,3.62024],[101.04043,3.62032],[101.04035,3.62045],[101.04026,3.62035],[101.04018,3.62026],[101.0401,3.62022],[101.03998,3.62021],[101.03964,3.62024],[101.03941,3.62024],[101.03911,3.62019],[101.03881,3.62013],[101.03853,3.62005],[101.03838,3.62001],[101.03822,3.61995],[101.03803,3.61987],[101.03782,3.61977],[101.03756,3.61964],[101.03731,3.61952],[101.03706,3.61942],[101.03675,3.61929],[101.03646,3.61917]]]}},{"type":"Feature","properties":{"id":931367945,"kind":"river"},"geometry":{"type":"Polygon","coordinates":[[[101.84451,3.95032],[101.84438,3.95027],[101.84421,3.95021],[101.84396,3.95009],[101.84381,3.94991],[101.84377,3.94976],[101.84378,3.94948],[101.84388,3.94927],[101.84406,3.94912],[101.84425,3.94897],[101.84442,3.94889],[101.8445,3.9488],[101.84458,3.94864],[101.84461,3.94846],[101.84458,3.94833],[101.84442,3.94803],[101.84433,3.94794],[101.84423,3.94787],[101.84413,3.94786],[101.84394,3.94784],[101.84373,3.94779],[101.84358,3.94771],[101.84351,3.9476],[101.84349,3.94749],[101.8435,3.94734],[101.84355,3.94718],[101.84362,3.94707],[101.84377,3.94699],[101.84392,3.94694],[101.84438,3.94694],[101.84447,3.9469],[101.8445,3.94688],[101.84454,3.94682],[101.84456,3.94675],[101.84445,3.94658],[101.84429,3.94644],[101.8442,3.94634],[101.84414,3.94623],[101.84412,3.94613],[101.84413,3.94593],[101.8441,3.94558],[101.84405,3.94541],[101.84401,3.94529],[101.84397,3.94518],[101.84396,3.9451],[101.84398,3.94503],[101.84407,3.94487],[101.8442,3.94469],[101.84446,3.94445],[101.84483,3.94407],[101.84499,3.94394],[101.8451,3.94383],[101.84518,3.94368],[101.84531,3.94339],[101.84553,3.94276],[101.84554,3.94263],[101.84552,3.94255],[101.84547,3.94249],[101.84543,3.94243],[101.84529,3.94227],[101.84506,3.94194],[101.84501,3.94165],[101.84495,3.94115],[101.84503,3.94074],[101.84516,3.94042],[101.84528,3.94024],[101.84538,3.94001],[101.84539,3.93985],[101.84536,3.93974],[101.84526,3.93929],[101.84525,3.93906],[101.84528,3.93883],[101.84534,3.93875],[101.84553,3.93861],[101.84567,3.93852],[101.84581,3.93837],[101.8459,3.93822],[101.84611,3.93786],[101.84625,3.93751],[101.84626,3.93723],[101.84625,3.93714],[101.84616,3.93706],[101.84606,3.93699],[101.8461,3.93691],[101.84614,3.93683],[101.84627,3.93693],[101.84634,3.93706],[101.84637,3.93714],[101.84637,3.93723],[101.84638,3.93737],[101.84632,3.93775],[101.84622,3.93808],[101.84601,3.93833],[101.84587,3.93851],[101.84574,3.93866],[101.8456,3.93879],[101.84549,3.93888],[101.84542,3.93893],[101.84538,3.93902],[101.84538,3.93914],[101.84539,3.93925],[101.84547,3.93954],[101.84553,3.93979],[101.84552,3.94],[101.84538,3.94031],[101.84521,3.94069],[101.84512,3.94102],[101.84514,3.94137],[101.84518,3.94168],[101.84534,3.94203],[101.8454,3.94213],[101.84548,3.94221],[101.84556,3.9423],[101.84563,3.94239],[101.84567,3.94257],[101.84567,3.9428],[101.8456,3.94328],[101.84544,3.94368],[101.84506,3.94412],[101.84477,3.9444],[101.84443,3.9447],[101.84433,3.94478],[101.84426,3.9449],[101.84423,3.94505],[101.84424,3.9453],[101.84425,3.9456],[101.84428,3.94604],[101.84433,3.94621],[101.84439,3.94629],[101.84449,3.9464],[101.84462,3.94649],[101.8447,3.94655],[101.84475,3.94666],[101.84472,3.94685],[101.84463,3.94703],[101.84451,3.94715],[101.84447,3.94718],[101.84442,3.94721],[101.84427,3.94723],[101.84411,3.94718],[101.84404,3.94715],[101.84396,3.94715],[101.84388,3.94715],[101.84383,3.94718],[101.84374,3.94723],[101.8437,3.9473],[101.84368,3.94737],[101.84367,3.94743],[101.84371,3.9475],[101.84374,3.94755],[101.84386,3.94764],[101.84401,3.94771],[101.84426,3.94772],[101.84445,3.94774],[101.84452,3.94777],[101.84465,3.94796],[101.84472,3.94816],[101.8447,3.94867],[101.84452,3.94899],[101.84419,3.94926],[101.84401,3.94943],[101.84392,3.94959],[101.84392,3.94977],[101.84398,3.94988],[101.84411,3.94998],[101.84458,3.95016],[101.84454,3.95025],[101.84451,3.95032]]]}},{"type":"Feature","properties":{"id":931372211,"kind":"river"},"geometry":{"type":"Polygon","coordinates":[[[101.84606,3.93699],[101.84597,3.93689],[101.84586,3.93673],[101.84569,3.93641],[101.84557,3.93619],[101.84554,3.93603],[101.84554,3.93592],[101.84562,3.93563],[101.84573,3.93552],[101.84588,3.93545],[101.84606,3.93547],[101.84647,3.93561],[101.84677,3.93567],[101.84705,3.93567],[101.84733,3.93562],[101.84751,3.93556],[101.84767,3.93541],[101.8479,3.93507],[101.84805,3.93485],[101.84807,3.93477],[101.8481,3.9346],[101.84811,3.93406],[101.84816,3.93381],[101.84823,3.93364],[101.84839,3.93342],[101.84848,3.93335],[101.84866,3.93326],[101.84883,3.93311],[101.84888,3.93301],[101.84891,3.93289],[101.84892,3.93285],[101.84892,3.93282],[101.84889,3.93277],[101.84886,3.93274],[101.84881,3.93273],[101.84877,3.93273],[101.84865,3.93271],[101.84845,3.93262],[101.8483,3.93244],[101.84819,3.93228],[101.84808,3.93202],[101.84789,3.93175],[101.84763,3.93151],[101.84739,3.93135],[101.8471,3.93123],[101.84702,3.9312],[101.84691,3.93109],[101.84683,3.93097],[101.84681,3.93084],[101.8468,3.9306],[101.84683,3.93038],[101.84686,3.93033],[101.8469,3.93027],[101.84692,3.93023],[101.84693,3.93016],[101.84692,3.93011],[101.84682,3.92992],[101.84671,3.92976],[101.84652,3.92944],[101.84637,3.92915],[101.84627,3.9289],[101.84624,3.92871],[101.84627,3.92858],[101.84631,3.92852],[101.84657,3.92833],[101.84666,3.92829],[101.84681,3.92828],[101.84695,3.92833],[101.84706,3.92841],[101.84725,3.9289],[101.8473,3.92897],[101.84732,3.92899],[101.84737,3.92899],[101.84742,3.92897],[101.84748,3.92892],[101.84761,3.92868],[101.84771,3.92835],[101.84778,3.92811],[101.84782,3.92799],[101.84788,3.9279],[101.84793,3.92779],[101.84797,3.92759],[101.84796,3.92743],[101.84791,3.92685],[101.84788,3.92673],[101.84783,3.92666],[101.84778,3.92662],[101.84767,3.92656],[101.84754,3.92648],[101.84743,3.92636],[101.84722,3.92601],[101.84716,3.92579],[101.8471,3.92541],[101.84707,3.92487],[101.84709,3.92447],[101.84707,3.92427],[101.84702,3.92407],[101.84691,3.92379],[101.84681,3.92359],[101.84677,3.92346],[101.84676,3.92324],[101.84679,3.92311],[101.84694,3.92258],[101.84698,3.92229],[101.84701,3.92203],[101.84698,3.92184],[101.8469,3.92172],[101.84678,3.92166],[101.84656,3.92168],[101.84621,3.92168],[101.84597,3.92164],[101.84582,3.92159],[101.84562,3.92148],[101.84545,3.92129],[101.84535,3.92106],[101.84534,3.92086],[101.84537,3.92072],[101.84551,3.92058],[101.8458,3.92048],[101.84606,3.9204],[101.84647,3.92029],[101.84665,3.92019],[101.84685,3.91996],[101.84688,3.91984],[101.84691,3.91951],[101.84694,3.91939],[101.847,3.91929],[101.84712,3.91913],[101.84724,3.91903],[101.84736,3.91898],[101.84751,3.91897],[101.84777,3.91893],[101.84799,3.91883],[101.8482,3.91865],[101.84838,3.9184],[101.84847,3.91827],[101.84855,3.91816],[101.84867,3.91809],[101.84874,3.91809],[101.84881,3.91809],[101.84888,3.91808],[101.84897,3.91805],[101.84907,3.918],[101.84917,3.91791],[101.84925,3.91782],[101.8494,3.91768],[101.84951,3.91756],[101.84955,3.91748],[101.84958,3.91738],[101.84958,3.91731],[101.84952,3.91722],[101.84956,3.91712],[101.8496,3.91701],[101.84973,3.9171],[101.8498,3.91721],[101.84981,3.91738],[101.84975,3.91754],[101.8496,3.91776],[101.84935,3.91801],[101.84916,3.91815],[101.84892,3.91823],[101.8488,3.91829],[101.84867,3.91834],[101.84859,3.91837],[101.84855,3.91841],[101.84842,3.91862],[101.84837,3.91873],[101.8483,3.91883],[101.84794,3.91905],[101.84778,3.91912],[101.84756,3.91916],[101.84747,3.91916],[101.8474,3.91915],[101.84733,3.91913],[101.84728,3.91915],[101.84723,3.91919],[101.84717,3.91927],[101.84711,3.91938],[101.84709,3.91947],[101.84702,3.91992],[101.84696,3.92011],[101.84686,3.92026],[101.8467,3.92042],[101.84643,3.92054],[101.84623,3.92058],[101.84599,3.92061],[101.84584,3.92063],[101.84556,3.92072],[101.84551,3.92081],[101.84551,3.92097],[101.84555,3.92107],[101.84569,3.92126],[101.84578,3.92137],[101.84583,3.92141],[101.84595,3.92147],[101.84629,3.92152],[101.84646,3.92153],[101.84657,3.92153],[101.84671,3.9215],[101.84681,3.9215],[101.84697,3.92156],[101.84705,3.92164],[101.8471,3.92172],[101.84714,3.92186],[101.84714,3.92217],[101.84711,3.92247],[101.84707,3.9228],[101.847,3.92304],[101.84693,3.9233],[101.84693,3.92342],[101.84698,3.92359],[101.84708,3.92375],[101.84716,3.92392],[101.8472,3.924],[101.84721,3.9241],[101.84722,3.92425],[101.84724,3.92456],[101.84723,3.92495],[101.84726,3.92543],[101.8473,3.92573],[101.84738,3.92598],[101.84745,3.92609],[101.84751,3.92615],[101.84757,3.92619],[101.84765,3.92623],[101.84773,3.92627],[101.84781,3.92635],[101.84787,3.92645],[101.84792,3.92655],[101.848,3.92672],[101.84806,3.92694],[101.84809,3.92707],[101.84809,3.92729],[101.84808,3.92753],[101.84806,3.92768],[101.848,3.92786],[101.84786,3.92824],[101.84778,3.92858],[101.84772,3.92882],[101.84763,3.929],[101.84756,3.92905],[101.84745,3.92906],[101.84735,3.92906],[101.84727,3.92904],[101.8472,3.92897],[101.84714,3.92884],[101.84707,3.9287],[101.84698,3.92857],[101.84691,3.92854],[101.84686,3.92856],[101.84683,3.92858],[101.84681,3.92862],[101.8468,3.92867],[101.84678,3.92876],[101.84666,3.929],[101.84661,3.92909],[101.8466,3.92915],[101.84663,3.92929],[101.84676,3.92966],[101.84682,3.92972],[101.84692,3.92981],[101.84707,3.93],[101.84711,3.93005],[101.84712,3.93011],[101.84712,3.93016],[101.84709,3.93022],[101.84704,3.93028],[101.847,3.93033],[101.84698,3.93037],[101.84698,3.93041],[101.84695,3.93078],[101.84696,3.93091],[101.84697,3.93099],[101.84702,3.93105],[101.84711,3.93113],[101.84741,3.93123],[101.84767,3.93138],[101.84792,3.93163],[101.84808,3.93182],[101.84819,3.932],[101.84826,3.93216],[101.8484,3.93236],[101.8486,3.93251],[101.8487,3.93256],[101.84877,3.93258],[101.84888,3.93259],[101.84893,3.93261],[101.84898,3.93265],[101.84902,3.93272],[101.84902,3.93281],[101.84902,3.93296],[101.84899,3.93312],[101.84896,3.9332],[101.84891,3.93327],[101.8488,3.93333],[101.84868,3.93341],[101.84856,3.93351],[101.84849,3.9336],[101.84838,3.93374],[101.84825,3.93408],[101.84821,3.93441],[101.84824,3.93471],[101.84817,3.9349],[101.84784,3.93539],[101.84756,3.93569],[101.84718,3.93584],[101.84684,3.93586],[101.84617,3.93571],[101.84598,3.93575],[101.84585,3.93589],[101.84577,3.93608],[101.84578,3.9362],[101.84588,3.93643],[101.84603,3.93661],[101.84614,3.93683],[101.8461,3.93691],[101.84606,3.93699]]]}},{"type":"Feature","properties":{"id":936614876,"kind":"water"},"geometry":{"type":"Polygon","coordinates":[[[101.32803,3.69709],[101.32803,3.69767],[101.32806,3.6985],[101.32819,3.69877],[101.32832,3.69854],[101.32879,3.6983],[101.32897,3.69802],[101.32898,3.69774],[101.32881,3.69759],[101.32863,3.69702],[101.32841,3.69686],[101.32803,3.69709]]]}},{"type":"Feature","properties":{"id":936614877,"kind":"water"},"geometry":{"type":"Polygon","coordinates":[[[101.32849,3.69976],[101.32885,3.6995],[101.32918,3.69916],[101.32974,3.69879],[101.32939,3.70054],[101.32965,3.70149],[101.33006,3.70164],[101.33045,3.70118],[101.33088,3.70147],[101.33096,3.70119],[101.33075,3.70097],[101.33071,3.70064],[101.33098,3.70058],[101.33098,3.70084],[101.33159,3.70159],[101.33193,3.70203],[101.33223,3.70293],[101.33182,3.70338],[101.33157,3.70412],[101.33236,3.70328],[101.33256,3.70276],[101.33241,3.702],[101.33176,3.70142],[101.3309,3.70019],[101.32926,3.69767],[101.32837,3.69592],[101.32777,3.69606],[101.32776,3.69621],[101.32798,3.69677],[101.32807,3.69691],[101.32848,3.6968],[101.32875,3.69699],[101.32919,3.69807],[101.32911,3.69838],[101.32829,3.6989],[101.32825,3.6991],[101.32829,3.69954],[101.32849,3.69976]]]}},{"type":"Feature","properties":{"id":943535237,"kind":"pond"},"geometry":{"type":"Polygon","coordinates":[[[102.04195,2.41786],[102.04231,2.41766],[102.04294,2.41828],[102.04294,2.41834],[102.04258,2.41859],[102.04252,2.41859],[102.04195,2.41794],[102.04195,2.41786]]]}},{"type":"Feature","properties":{"id":943535238,"kind":"pond"},"geometry":{"type":"Polygon","coordinates":[[[102.04183,2.41955],[102.04185,2.41961],[102.0419,2.41963],[102.0422,2.41955],[102.04231,2.41946],[102.04294,2.41926],[102.04295,2.41922],[102.0428,2.41875],[102.04275,2.41861],[102.0426,2.41866],[102.04257,2.41883],[102.04226,2.41907],[102.04183,2.41955]]]}},{"type":"Feature","properties":{"id":943537367,"kind":"reservoir"},"geometry":{"type":"Polygon","coordinates":[[[101.94978,2.55135],[101.94967,2.55167],[101.94969,2.55184],[101.94979,2.55191],[101.95122,2.55181],[101.95131,2.55178],[101.95136,2.55172],[101.95142,2.55164],[101.95162,2.55173],[101.95175,2.55153],[101.95152,2.55143],[101.95152,2.55125],[101.95147,2.5511],[101.95139,2.55097],[101.95062,2.54998],[101.95054,2.54993],[101.95044,2.54994],[101.95039,2.55001],[101.95031,2.55013],[101.95021,2.55043],[101.95002,2.55038],[101.95026,2.54986],[101.95033,2.54965],[101.95035,2.54955],[101.95033,2.54946],[101.94979,2.54857],[101.94921,2.54765],[101.94868,2.54643],[101.94851,2.54587],[101.94843,2.54525],[101.94841,2.54487],[101.94844,2.54399],[101.94861,2.54375],[101.94828,2.54347],[101.94812,2.54343],[101.94679,2.54339],[101.94667,2.54343],[101.94658,2.54354],[101.94651,2.54365],[101.9465,2.54377],[101.94658,2.54434],[101.9468,2.54549],[101.94717,2.54764],[101.94719,2.54804],[101.94727,2.54833],[101.94741,2.54878],[101.94744,2.54908],[101.94743,2.54941],[101.94745,2.54972],[101.94755,2.55037],[101.94782,2.55172],[101.94784,2.55181],[101.9479,2.5519],[101.94799,2.55195],[101.94812,2.55197],[101.94917,2.55194],[101.9493,2.5519],[101.94936,2.55183],[101.94942,2.55168],[101.94959,2.55126],[101.94976,2.55126],[101.94978,2.55135]]]}},{"type":"Feature","properties":{"id":943537368,"kind":"lake"},"geometry":{"type":"Polygon","coordinates":[[[102.02354,2.47353],[102.02355,2.47229],[102.02348,2.47179],[102.02332,2.47099],[102.02328,2.47096],[102.02321,2.47094],[102.02309,2.47096],[102.0231,2.47099],[102.02313,2.47102],[102.02311,2.47103],[102.0229,2.47104],[102.02277,2.471],[102.02259,2.47102],[102.02236,2.47099],[102.02228,2.47099],[102.02224,2.47106],[102.02213,2.4711],[102.02206,2.47109],[102.02203,2.47107],[102.02203,2.47097],[102.02197,2.47091],[102.02191,2.47093],[102.02185,2.471],[102.02177,2.47099],[102.02168,2.471],[102.02109,2.47108],[102.0209,2.47114],[102.02048,2.47127],[102.02039,2.47138],[102.02035,2.47147],[102.02033,2.47162],[102.02029,2.47216],[102.02033,2.47237],[102.02057,2.47286],[102.02065,2.47295],[102.02122,2.47338],[102.02132,2.47362],[102.02144,2.47378],[102.02156,2.4739],[102.02167,2.47415],[102.02171,2.47421],[102.02174,2.47422],[102.0218,2.47421],[102.02183,2.47417],[102.02186,2.47409],[102.02208,2.4739],[102.02227,2.47377],[102.02231,2.47377],[102.02235,2.47382],[102.02236,2.47384],[102.02238,2.47387],[102.02243,2.47388],[102.02246,2.47387],[102.02252,2.4738],[102.02256,2.47379],[102.0229,2.47377],[102.02321,2.47378],[102.02335,2.47377],[102.02345,2.47374],[102.02348,2.4737],[102.02352,2.47365],[102.02354,2.47353]]]}},{"type":"Feature","properties":{"id":945077336,"kind":"pond"},"geometry":{"type":"Polygon","coordinates":[[[102.02731,2.50113],[102.0276,2.5014],[102.02768,2.50143],[102.02772,2.50142],[102.02827,2.50108],[102.0286,2.50092],[102.02863,2.50086],[102.02863,2.50078],[102.02857,2.5007],[102.02849,2.5007],[102.02763,2.50093],[102.02733,2.50097],[102.0273,2.50101],[102.02729,2.50105],[102.02731,2.50113]]]}},{"type":"Feature","properties":{"id":945077337,"kind":"wastewater"},"geometry":{"type":"Polygon","coordinates":[[[102.02478,2.50251],[102.02467,2.50242],[102.02466,2.50238],[102.02467,2.50236],[102.02471,2.50235],[102.02482,2.50236],[102.02485,2.50237],[102.02488,2.50241],[102.0249,2.50241],[102.02493,2.50237],[102.02496,2.50236],[102.0255,2.50234],[102.02567,2.50234],[102.02571,2.50236],[102.02569,2.50243],[102.02565,2.50245],[102.02521,2.50252],[102.02491,2.50254],[102.02478,2.50251]]]}},{"type":"Feature","properties":{"id":945936229,"kind":"pond"},"geometry":{"type":"Polygon","coordinates":[[[101.59851,3.40148],[101.59823,3.40127],[101.59811,3.40136],[101.59796,3.40127],[101.59736,3.40204],[101.59742,3.40224],[101.59772,3.40248],[101.59848,3.4016],[101.59851,3.40148]]]}},{"type":"Feature","properties":{"id":945958982,"kind":"pond"},"geometry":{"type":"Polygon","coordinates":[[[101.57977,3.42138],[101.57987,3.42152],[101.57996,3.42158],[101.58001,3.42178],[101.57995,3.42193],[101.57979,3.42208],[101.57965,3.42209],[101.5795,3.42204],[101.5794,3.42198],[101.57917,3.42204],[101.57894,3.42205],[101.57872,3.42211],[101.57842,3.42229],[101.57817,3.42246],[101.57803,3.42258],[101.57803,3.42283],[101.57818,3.4228],[101.57831,3.42271],[101.57868,3.42267],[101.57882,3.42269],[101.5789,3.4228],[101.57885,3.42297],[101.57868,3.42312],[101.57849,3.42322],[101.57835,3.42335],[101.5782,3.42348],[101.57807,3.42358],[101.57796,3.42369],[101.57794,3.42376],[101.57804,3.42378],[101.57825,3.42375],[101.57839,3.42372],[101.57854,3.42361],[101.57879,3.42354],[101.5789,3.42363],[101.57893,3.42385],[101.57887,3.42399],[101.57871,3.42422],[101.57858,3.42444],[101.57849,3.42455],[101.57834,3.42481],[101.57834,3.42495],[101.57841,3.425],[101.57854,3.42485],[101.57864,3.42474],[101.57878,3.42467],[101.57886,3.42459],[101.57893,3.42455],[101.57908,3.42463],[101.57923,3.42471],[101.57931,3.42481],[101.57939,3.4249],[101.57941,3.42481],[101.57929,3.42447],[101.57928,3.42429],[101.57931,3.42413],[101.57937,3.42401],[101.57946,3.42393],[101.57959,3.42389],[101.57967,3.42384],[101.57967,3.42373],[101.57949,3.42367],[101.57942,3.42358],[101.57942,3.42335],[101.57946,3.42319],[101.57947,3.42291],[101.57951,3.42285],[101.5796,3.42268],[101.57973,3.42249],[101.57985,3.42236],[101.58004,3.42236],[101.58025,3.42233],[101.58041,3.42241],[101.58037,3.42224],[101.58046,3.42193],[101.58055,3.42188],[101.58048,3.42174],[101.58034,3.42164],[101.58019,3.42152],[101.58012,3.42147],[101.57977,3.42138]]]}},{"type":"Feature","properties":{"id":945961199,"kind":"pond"},"geometry":{"type":"Polygon","coordinates":[[[101.58409,3.42141],[101.58351,3.42156],[101.58338,3.42225],[101.58323,3.42267],[101.58292,3.4229],[101.58272,3.42316],[101.5825,3.42319],[101.58263,3.42326],[101.58263,3.42339],[101.58257,3.42354],[101.58257,3.42368],[101.5825,3.42422],[101.58264,3.42414],[101.58272,3.42368],[101.58287,3.42332],[101.58317,3.42308],[101.58343,3.423],[101.58369,3.42271],[101.58383,3.42279],[101.58386,3.42313],[101.58395,3.42365],[101.58407,3.42408],[101.58423,3.42437],[101.58416,3.42371],[101.58408,3.42336],[101.58412,3.42298],[101.58423,3.42274],[101.58436,3.42265],[101.58503,3.42298],[101.58512,3.42328],[101.58525,3.42348],[101.58533,3.42377],[101.58554,3.42398],[101.58561,3.42399],[101.58548,3.42376],[101.58536,3.42331],[101.5853,3.42286],[101.58579,3.42274],[101.58631,3.42263],[101.58689,3.42254],[101.58728,3.42248],[101.58763,3.42236],[101.58765,3.42226],[101.58704,3.42241],[101.58677,3.42241],[101.58648,3.42234],[101.58612,3.42233],[101.58569,3.4224],[101.58515,3.42247],[101.58492,3.42244],[101.58465,3.42228],[101.58438,3.42203],[101.58431,3.42181],[101.58409,3.42141]]]}},{"type":"Feature","properties":{"id":945961200,"kind":"pond"},"geometry":{"type":"Polygon","coordinates":[[[101.5905,3.42649],[101.59032,3.42602],[101.59024,3.42581],[101.59013,3.42555],[101.58991,3.42524],[101.58959,3.42504],[101.5893,3.42489],[101.58908,3.42501],[101.58894,3.42518],[101.58899,3.42544],[101.58907,3.42575],[101.5892,3.42601],[101.58939,3.42632],[101.58946,3.42655],[101.58946,3.42686],[101.5894,3.4271],[101.58928,3.4273],[101.58913,3.42745],[101.58909,3.42768],[101.58914,3.42781],[101.5893,3.42793],[101.58963,3.42781],[101.58968,3.42776],[101.58967,3.4277],[101.58961,3.42753],[101.58955,3.42729],[101.58952,3.42719],[101.58966,3.42707],[101.58981,3.42688],[101.58993,3.42677],[101.59008,3.42665],[101.59025,3.42647],[101.5905,3.42649]]]}},{"type":"Feature","properties":{"id":945961399,"kind":"pond"},"geometry":{"type":"Polygon","coordinates":[[[101.59852,3.46485],[101.59844,3.46496],[101.59842,3.46511],[101.59848,3.46523],[101.59861,3.46522],[101.59877,3.4652],[101.59897,3.46533],[101.59916,3.46547],[101.59927,3.4656],[101.59939,3.46573],[101.59941,3.46585],[101.59936,3.46604],[101.59924,3.46612],[101.59912,3.46626],[101.59932,3.46627],[101.59943,3.46625],[101.59958,3.46614],[101.59966,3.46609],[101.59975,3.46602],[101.59988,3.46603],[101.60046,3.46633],[101.60099,3.46677],[101.60116,3.46682],[101.60119,3.46672],[101.60124,3.46659],[101.60116,3.4665],[101.60108,3.46636],[101.60093,3.46635],[101.60078,3.46625],[101.60077,3.46619],[101.60082,3.46606],[101.60087,3.46592],[101.60079,3.46589],[101.60054,3.46595],[101.60044,3.46599],[101.60036,3.46593],[101.60023,3.46581],[101.60015,3.46567],[101.60009,3.46559],[101.59996,3.46561],[101.59983,3.4656],[101.59972,3.46555],[101.59965,3.46543],[101.59948,3.46529],[101.59943,3.46516],[101.59953,3.46514],[101.59977,3.46512],[101.59985,3.46508],[101.59984,3.46501],[101.5998,3.46495],[101.59978,3.46489],[101.59957,3.46498],[101.59943,3.46498],[101.59934,3.465],[101.59924,3.46503],[101.59917,3.46503],[101.59913,3.46497],[101.59913,3.46487],[101.59916,3.46476],[101.59918,3.4647],[101.59904,3.46475],[101.59896,3.46484],[101.59884,3.46487],[101.59874,3.46487],[101.59863,3.46489],[101.59852,3.46485]]]}},{"type":"Feature","properties":{"id":946034041,"kind":"wastewater"},"geometry":{"type":"Polygon","coordinates":[[[102.06435,2.59689],[102.06484,2.59687],[102.06484,2.59635],[102.0643,2.59637],[102.06435,2.59689]]]}},{"type":"Feature","properties":{"id":946034042,"kind":"wastewater"},"geometry":{"type":"Polygon","coordinates":[[[102.06437,2.597],[102.06483,2.59696],[102.06484,2.59747],[102.06437,2.59747],[102.06433,2.59702],[102.06437,2.597]]]}},{"type":"Feature","properties":{"id":946034043,"kind":"wastewater"},"geometry":{"type":"Polygon","coordinates":[[[102.06494,2.59695],[102.06543,2.59693],[102.06546,2.5974],[102.06543,2.59744],[102.06494,2.59745],[102.06492,2.59731],[102.06491,2.59697],[102.06494,2.59695]]]}},{"type":"Feature","properties":{"id":946034044,"kind":"wastewater"},"geometry":{"type":"Polygon","coordinates":[[[102.06491,2.59635],[102.0654,2.59634],[102.06542,2.59681],[102.06493,2.59685],[102.06491,2.59635]]]}},{"type":"Feature","properties":{"id":946034045,"kind":"wastewater"},"geometry":{"type":"Polygon","coordinates":[[[102.06556,2.59681],[102.06596,2.59683],[102.06602,2.59674],[102.06602,2.59634],[102.06559,2.59635],[102.0655,2.59643],[102.06552,2.59674],[102.06556,2.59681]]]}},{"type":"Feature","properties":{"id":946034046,"kind":"wastewater"},"geometry":{"type":"Polygon","coordinates":[[[102.06553,2.59691],[102.06607,2.59693],[102.06608,2.59734],[102.06607,2.5974],[102.06605,2.59745],[102.06558,2.59747],[102.06554,2.59741],[102.06553,2.59691]]]}},{"type":"Feature","properties":{"id":946034047,"kind":"wastewater"},"geometry":{"type":"Polygon","coordinates":[[[102.06614,2.59696],[102.0667,2.59696],[102.06675,2.59716],[102.06679,2.59732],[102.06679,2.59741],[102.06645,2.59745],[102.06616,2.59743],[102.06614,2.59739],[102.06614,2.59696]]]}},{"type":"Feature","properties":{"id":946034048,"kind":"wastewater"},"geometry":{"type":"Polygon","coordinates":[[[102.06615,2.59636],[102.06617,2.59683],[102.06623,2.59688],[102.06662,2.59686],[102.06665,2.59682],[102.06667,2.59678],[102.06657,2.59636],[102.06653,2.59634],[102.06621,2.59633],[102.06615,2.59636]]]}},{"type":"Feature","properties":{"id":946034049,"kind":"wastewater"},"geometry":{"type":"Polygon","coordinates":[[[102.06283,2.59644],[102.0628,2.59659],[102.06283,2.59737],[102.06291,2.59742],[102.06381,2.59745],[102.0642,2.59741],[102.06423,2.59729],[102.06415,2.59645],[102.06412,2.5964],[102.06283,2.59644]]]}},{"type":"Feature","properties":{"id":946403336,"kind":"pond"},"geometry":{"type":"Polygon","coordinates":[[[101.64081,3.43242],[101.64013,3.4317],[101.64059,3.43124],[101.64061,3.43122],[101.64122,3.43182],[101.6413,3.43204],[101.64085,3.43239],[101.64081,3.43242]]]}},{"type":"Feature","properties":{"id":946426336,"kind":"lake"},"geometry":{"type":"Polygon","coordinates":[[[101.63962,3.44493],[101.63984,3.44484],[101.63998,3.44486],[101.64016,3.44494],[101.64024,3.44499],[101.64025,3.44506],[101.64031,3.44509],[101.64035,3.44516],[101.64032,3.44532],[101.64036,3.44539],[101.64028,3.44553],[101.64029,3.44558],[101.64032,3.44561],[101.64034,3.44561],[101.64037,3.44559],[101.64042,3.44563],[101.64042,3.44568],[101.64036,3.44571],[101.64031,3.44574],[101.6403,3.4458],[101.64029,3.4459],[101.64022,3.44601],[101.64002,3.44607],[101.63998,3.44603],[101.6399,3.446],[101.63984,3.44598],[101.63982,3.44596],[101.63976,3.44597],[101.63972,3.44587],[101.63971,3.4458],[101.63951,3.44574],[101.63951,3.44564],[101.6394,3.4455],[101.63943,3.4453],[101.63954,3.4452],[101.63954,3.44513],[101.63946,3.44511],[101.63937,3.44502],[101.63935,3.44491],[101.63939,3.44486],[101.63946,3.44485],[101.63954,3.4449],[101.63962,3.44493]]]}},{"type":"Feature","properties":{"id":946426348,"kind":"lake"},"geometry":{"type":"Polygon","coordinates":[[[101.64444,3.44683],[101.64436,3.44644],[101.64429,3.44633],[101.64422,3.44633],[101.64416,3.44606],[101.64418,3.44587],[101.64423,3.44572],[101.64419,3.44566],[101.64413,3.44551],[101.64422,3.44548],[101.64418,3.44527],[101.64423,3.44517],[101.64418,3.44482],[101.64411,3.44463],[101.64411,3.44431],[101.64423,3.44423],[101.6443,3.44411],[101.64436,3.4441],[101.64437,3.44436],[101.64435,3.44445],[101.64439,3.44451],[101.64441,3.44471],[101.64476,3.44472],[101.64479,3.44454],[101.64501,3.44462],[101.64505,3.44459],[101.6451,3.44467],[101.64492,3.44491],[101.64488,3.44509],[101.64499,3.44526],[101.64505,3.44536],[101.64506,3.44538],[101.64505,3.4455],[101.64511,3.44561],[101.6453,3.44581],[101.64543,3.44588],[101.6453,3.44618],[101.64532,3.44625],[101.64528,3.44639],[101.64523,3.4465],[101.64524,3.44661],[101.64506,3.44671],[101.64502,3.44685],[101.64487,3.44696],[101.64467,3.44697],[101.64458,3.44693],[101.64445,3.44685],[101.64444,3.44683]]]}},{"type":"Feature","properties":{"id":946426352,"kind":"lake"},"geometry":{"type":"Polygon","coordinates":[[[101.64786,3.44182],[101.64775,3.44176],[101.64773,3.44167],[101.64773,3.44154],[101.64801,3.44129],[101.64807,3.4413],[101.64855,3.44174],[101.64875,3.44199],[101.64884,3.44215],[101.64879,3.44216],[101.64875,3.44217],[101.64866,3.44208],[101.64846,3.44192],[101.64844,3.44191],[101.64829,3.44185],[101.64816,3.44189],[101.64805,3.44195],[101.64796,3.44194],[101.64788,3.44189],[101.64786,3.44182]]]}},{"type":"Feature","properties":{"id":946454997,"kind":"pond"},"geometry":{"type":"Polygon","coordinates":[[[101.63245,3.42982],[101.63223,3.42994],[101.63199,3.43002],[101.63172,3.43003],[101.63155,3.43003],[101.63142,3.42993],[101.63139,3.42978],[101.6314,3.42968],[101.63147,3.42932],[101.63156,3.42913],[101.6316,3.42902],[101.63165,3.429],[101.63183,3.42888],[101.63194,3.42877],[101.63209,3.42878],[101.63228,3.42875],[101.63246,3.4288],[101.63261,3.42876],[101.63266,3.42877],[101.6327,3.42898],[101.63271,3.42916],[101.63263,3.42933],[101.63253,3.42966],[101.63245,3.42982]]]}},{"type":"Feature","properties":{"id":946454998,"kind":"pond"},"geometry":{"type":"Polygon","coordinates":[[[101.63138,3.42924],[101.63128,3.42935],[101.63124,3.42966],[101.631,3.42964],[101.63047,3.42908],[101.63028,3.42877],[101.63031,3.42864],[101.63036,3.4286],[101.63048,3.42856],[101.63054,3.42835],[101.6306,3.4283],[101.63069,3.42832],[101.63082,3.42825],[101.63081,3.42816],[101.63099,3.4281],[101.63111,3.4281],[101.63121,3.42809],[101.63129,3.4281],[101.63134,3.42822],[101.63145,3.42834],[101.63155,3.42846],[101.63166,3.42866],[101.63162,3.42873],[101.63147,3.42888],[101.63144,3.42901],[101.6314,3.42922],[101.63138,3.42924]]]}},{"type":"Feature","properties":{"id":948415683,"kind":"pond"},"geometry":{"type":"Polygon","coordinates":[[[101.82141,2.5624],[101.82196,2.56208],[101.82314,2.56213],[101.82336,2.56257],[101.82335,2.56306],[101.82311,2.56308],[101.82303,2.56304],[101.82303,2.56284],[101.82297,2.56272],[101.82283,2.5626],[101.82227,2.56253],[101.82196,2.56273],[101.82193,2.56281],[101.82203,2.56301],[101.822,2.56307],[101.82164,2.56305],[101.82161,2.56301],[101.82139,2.56246],[101.82141,2.5624]]]}},{"type":"Feature","properties":{"id":949745070,"kind":"wastewater"},"geometry":{"type":"Polygon","coordinates":[[[102.0032,3.47761],[102.00362,3.47761],[102.00366,3.47762],[102.00368,3.47765],[102.00362,3.47793],[102.00359,3.47796],[102.00346,3.47799],[102.00325,3.478],[102.0032,3.478],[102.00316,3.47798],[102.00315,3.47795],[102.00314,3.4778],[102.00315,3.47763],[102.00316,3.47762],[102.00317,3.47761],[102.00319,3.47761],[102.0032,3.47761]]]}},{"type":"Feature","properties":{"id":949823480,"kind":"pond"},"geometry":{"type":"Polygon","coordinates":[[[101.62995,3.41974],[101.63,3.41978],[101.63069,3.41948],[101.63071,3.41952],[101.63096,3.41944],[101.63093,3.41919],[101.63095,3.41902],[101.63099,3.4189],[101.63108,3.41881],[101.63118,3.41873],[101.63114,3.41862],[101.63123,3.41839],[101.63125,3.41834],[101.63119,3.41832],[101.63113,3.41806],[101.63105,3.41803],[101.63098,3.41804],[101.6309,3.41808],[101.63092,3.41813],[101.63091,3.41821],[101.63085,3.41829],[101.63071,3.41829],[101.63056,3.41819],[101.63037,3.41837],[101.6302,3.4186],[101.63007,3.41884],[101.62999,3.41904],[101.62995,3.41922],[101.62992,3.4194],[101.62992,3.4196],[101.62995,3.41974]]]}},{"type":"Feature","properties":{"id":953626541,"kind":"pond"},"geometry":{"type":"Polygon","coordinates":[[[101.55642,3.42369],[101.5564,3.42354],[101.5564,3.42336],[101.5564,3.42302],[101.55641,3.42296],[101.55648,3.42292],[101.55655,3.42294],[101.55662,3.42302],[101.55669,3.42334],[101.55668,3.42349],[101.55655,3.42367],[101.55648,3.42372],[101.55642,3.42369]]]}},{"type":"Feature","properties":{"id":953915936,"kind":"pond"},"geometry":{"type":"Polygon","coordinates":[[[101.53977,3.41279],[101.53972,3.41271],[101.53965,3.41265],[101.53952,3.41265],[101.53944,3.41262],[101.53948,3.41255],[101.53955,3.41245],[101.53966,3.4123],[101.53976,3.41225],[101.5399,3.41224],[101.53996,3.41225],[101.54007,3.41229],[101.54017,3.41229],[101.5405,3.41221],[101.54046,3.41233],[101.54037,3.41246],[101.54028,3.41235],[101.54021,3.41234],[101.54008,3.41237],[101.53997,3.41245],[101.5399,3.4125],[101.53984,3.41266],[101.53977,3.41279]]]}},{"type":"Feature","properties":{"id":953915937,"kind":"pond"},"geometry":{"type":"Polygon","coordinates":[[[101.53573,3.41045],[101.53574,3.41039],[101.53606,3.41031],[101.53645,3.41034],[101.537,3.41024],[101.53723,3.41017],[101.53739,3.41016],[101.53749,3.41022],[101.53746,3.41034],[101.5373,3.41058],[101.53719,3.41087],[101.53716,3.41107],[101.53708,3.41123],[101.53697,3.41141],[101.53692,3.41155],[101.53681,3.41167],[101.53676,3.41178],[101.53669,3.41183],[101.53667,3.41189],[101.53668,3.41196],[101.53673,3.41197],[101.53683,3.41189],[101.53693,3.41183],[101.53699,3.41175],[101.53705,3.41161],[101.5371,3.41155],[101.53712,3.41147],[101.53718,3.41132],[101.53724,3.41121],[101.53734,3.41109],[101.53747,3.41102],[101.53748,3.41094],[101.53747,3.41086],[101.53746,3.41076],[101.53757,3.41059],[101.53778,3.4104],[101.53803,3.41028],[101.53805,3.4102],[101.53792,3.4101],[101.53778,3.41003],[101.53764,3.4099],[101.53752,3.40967],[101.53745,3.40952],[101.53736,3.40939],[101.53722,3.40932],[101.53722,3.40945],[101.5373,3.40968],[101.53723,3.4098],[101.53712,3.40993],[101.53696,3.41],[101.53676,3.41008],[101.53655,3.41013],[101.53633,3.41019],[101.53584,3.41018],[101.5357,3.41021],[101.53567,3.41029],[101.53569,3.41036],[101.53567,3.41048],[101.53573,3.41045]]]}},{"type":"Feature","properties":{"id":958542324,"kind":"pond"},"geometry":{"type":"Polygon","coordinates":[[[101.55906,3.43931],[101.559,3.43937],[101.55898,3.43945],[101.55892,3.43954],[101.55882,3.43961],[101.55871,3.43969],[101.55858,3.43967],[101.55849,3.43971],[101.55842,3.43976],[101.55837,3.43983],[101.55836,3.43986],[101.55831,3.43993],[101.55822,3.43993],[101.55816,3.43994],[101.55814,3.44001],[101.55817,3.44011],[101.5583,3.44029],[101.55839,3.44042],[101.55843,3.44055],[101.55844,3.44063],[101.55848,3.44064],[101.55855,3.44056],[101.55875,3.44054],[101.559,3.44057],[101.5591,3.4406],[101.55913,3.44067],[101.55919,3.44066],[101.55922,3.44069],[101.55927,3.44075],[101.55933,3.44076],[101.55939,3.44068],[101.55938,3.44049],[101.55913,3.44031],[101.55899,3.44026],[101.55867,3.44026],[101.55849,3.44024],[101.5584,3.44014],[101.55838,3.44002],[101.55838,3.43997],[101.55844,3.43988],[101.55853,3.43985],[101.55869,3.43985],[101.5589,3.43984],[101.55909,3.43985],[101.55923,3.43983],[101.55933,3.43974],[101.55934,3.43961],[101.55931,3.43951],[101.5592,3.43937],[101.55906,3.43931]]]}},{"type":"Feature","properties":{"id":958543225,"kind":"pond"},"geometry":{"type":"Polygon","coordinates":[[[101.56343,3.44905],[101.56344,3.44911],[101.56341,3.44919],[101.56341,3.44927],[101.56344,3.44934],[101.56348,3.44941],[101.56353,3.44943],[101.56358,3.44941],[101.56361,3.44934],[101.56365,3.44929],[101.5637,3.44927],[101.56381,3.44929],[101.5639,3.44931],[101.56401,3.44931],[101.56408,3.44928],[101.56414,3.44924],[101.56416,3.44916],[101.56416,3.4491],[101.56413,3.44905],[101.56408,3.44902],[101.56395,3.449],[101.56389,3.44897],[101.56386,3.44891],[101.56386,3.44885],[101.56386,3.4488],[101.56386,3.44874],[101.56383,3.44868],[101.56377,3.44864],[101.5637,3.44864],[101.56364,3.44867],[101.5636,3.4487],[101.56359,3.44873],[101.56352,3.44876],[101.56338,3.44875],[101.56334,3.44878],[101.56331,3.44884],[101.56332,3.44893],[101.56338,3.44898],[101.56343,3.44905]]]}},{"type":"Feature","properties":{"id":958543226,"kind":"pond"},"geometry":{"type":"Polygon","coordinates":[[[101.56406,3.44963],[101.56406,3.44969],[101.56407,3.44973],[101.5641,3.44977],[101.56413,3.44977],[101.56416,3.44976],[101.56418,3.44977],[101.5642,3.44979],[101.56424,3.44978],[101.5643,3.44978],[101.56435,3.44981],[101.56438,3.44982],[101.56443,3.44982],[101.56449,3.44982],[101.56453,3.44983],[101.56457,3.44986],[101.56462,3.44989],[101.56465,3.4499],[101.56468,3.44995],[101.56468,3.44999],[101.5647,3.45],[101.56471,3.45004],[101.56475,3.45005],[101.56487,3.45004],[101.56495,3.45005],[101.565,3.45007],[101.56503,3.45009],[101.56507,3.45017],[101.56512,3.4502],[101.56518,3.45019],[101.56524,3.45016],[101.56528,3.45015],[101.56533,3.45012],[101.5654,3.45014],[101.5655,3.45012],[101.56553,3.45007],[101.56553,3.45002],[101.56541,3.44991],[101.56487,3.44973],[101.56431,3.44963],[101.56414,3.44959],[101.56406,3.44963]]]}},{"type":"Feature","properties":{"id":958543524,"kind":"pond"},"geometry":{"type":"Polygon","coordinates":[[[101.57363,3.45258],[101.57359,3.45264],[101.57353,3.45269],[101.57352,3.45274],[101.57356,3.4528],[101.57356,3.45287],[101.57354,3.45291],[101.57357,3.45297],[101.57361,3.45304],[101.57361,3.45309],[101.57354,3.45311],[101.57349,3.45308],[101.5735,3.45299],[101.57347,3.45297],[101.57341,3.45301],[101.57336,3.45308],[101.57336,3.45319],[101.57332,3.4533],[101.57323,3.45337],[101.57311,3.45341],[101.57291,3.45341],[101.57282,3.45348],[101.57279,3.45364],[101.57277,3.45385],[101.57272,3.454],[101.57278,3.45423],[101.57281,3.45436],[101.57284,3.45451],[101.57282,3.45475],[101.57282,3.45504],[101.57274,3.45507],[101.57267,3.45514],[101.57264,3.45527],[101.57263,3.45539],[101.57255,3.45551],[101.57254,3.45558],[101.57258,3.45565],[101.57267,3.45572],[101.57275,3.45579],[101.57293,3.45585],[101.57301,3.45584],[101.57308,3.45582],[101.5732,3.45585],[101.57327,3.45588],[101.57328,3.45591],[101.57327,3.45596],[101.57331,3.45598],[101.57334,3.45602],[101.57342,3.45601],[101.57348,3.456],[101.57346,3.45593],[101.57349,3.4559],[101.5736,3.45587],[101.57367,3.45588],[101.57373,3.45589],[101.57376,3.45589],[101.5738,3.45585],[101.57378,3.45578],[101.57376,3.45572],[101.57375,3.45567],[101.57377,3.45563],[101.57379,3.45555],[101.57385,3.45548],[101.57399,3.45541],[101.57407,3.45538],[101.57417,3.45534],[101.57423,3.45527],[101.57429,3.45525],[101.57436,3.45523],[101.57442,3.45526],[101.57455,3.45541],[101.57466,3.45549],[101.57482,3.45561],[101.57485,3.45567],[101.57486,3.45572],[101.57495,3.45575],[101.57503,3.45575],[101.5751,3.45571],[101.57517,3.45572],[101.57523,3.45572],[101.57526,3.45569],[101.57531,3.45557],[101.57542,3.45553],[101.57547,3.45555],[101.57552,3.45553],[101.5757,3.45534],[101.57575,3.45528],[101.57574,3.45522],[101.57558,3.45519],[101.57555,3.45515],[101.57556,3.45507],[101.57552,3.45502],[101.57526,3.45483],[101.57524,3.45475],[101.5752,3.45472],[101.5752,3.45467],[101.57523,3.45464],[101.57525,3.45467],[101.57538,3.45469],[101.57544,3.45471],[101.57548,3.45468],[101.57549,3.45462],[101.57545,3.45444],[101.57538,3.45415],[101.57535,3.45407],[101.57525,3.45398],[101.57511,3.45387],[101.57494,3.45373],[101.57488,3.45367],[101.57479,3.45368],[101.57472,3.45368],[101.5746,3.45363],[101.57447,3.45358],[101.57437,3.4535],[101.57429,3.4534],[101.57426,3.45324],[101.57422,3.45318],[101.57417,3.45312],[101.57416,3.45305],[101.57416,3.453],[101.57416,3.45296],[101.57409,3.45296],[101.574,3.45292],[101.57391,3.45289],[101.57382,3.45281],[101.5738,3.45274],[101.57377,3.45267],[101.57373,3.45258],[101.57371,3.45254],[101.57366,3.45255],[101.57363,3.45258]]]}},{"type":"Feature","properties":{"id":958547266,"kind":"pond"},"geometry":{"type":"Polygon","coordinates":[[[101.59569,3.45951],[101.59562,3.45932],[101.59562,3.45918],[101.59566,3.4591],[101.59582,3.45898],[101.59587,3.45891],[101.59591,3.45886],[101.59597,3.45885],[101.59606,3.4589],[101.59616,3.45898],[101.59637,3.45923],[101.59637,3.4593],[101.5963,3.4594],[101.59597,3.45948],[101.59583,3.45952],[101.59579,3.45954],[101.59573,3.45955],[101.59569,3.45951]]]}},{"type":"Feature","properties":{"id":958547267,"kind":"pond"},"geometry":{"type":"Polygon","coordinates":[[[101.59504,3.45873],[101.59561,3.45903],[101.59566,3.45904],[101.59571,3.45904],[101.59579,3.45897],[101.59584,3.4589],[101.59584,3.45886],[101.59581,3.45884],[101.59513,3.45855],[101.59503,3.45849],[101.59501,3.4586],[101.59496,3.45866],[101.59496,3.4587],[101.59504,3.45873]]]}},{"type":"Feature","properties":{"id":958547268,"kind":"pond"},"geometry":{"type":"Polygon","coordinates":[[[101.59636,3.45889],[101.59571,3.4586],[101.5957,3.45857],[101.5957,3.45855],[101.59572,3.45851],[101.59593,3.45826],[101.59596,3.45824],[101.596,3.45822],[101.59605,3.45824],[101.59643,3.45857],[101.59645,3.4586],[101.59645,3.45863],[101.59644,3.45869],[101.59636,3.45889]]]}},{"type":"Feature","properties":{"id":958547269,"kind":"pond"},"geometry":{"type":"Polygon","coordinates":[[[101.59645,3.45841],[101.59615,3.45815],[101.59638,3.4579],[101.59665,3.45818],[101.59657,3.45829],[101.59652,3.45839],[101.59645,3.45841]]]}},{"type":"Feature","properties":{"id":958547270,"kind":"pond"},"geometry":{"type":"Polygon","coordinates":[[[101.59669,3.4581],[101.59646,3.45784],[101.59643,3.4578],[101.59644,3.45775],[101.5967,3.45751],[101.59674,3.4575],[101.59677,3.45752],[101.59683,3.45756],[101.59686,3.45765],[101.59691,3.4577],[101.59697,3.45774],[101.59699,3.45777],[101.59701,3.45784],[101.59697,3.45792],[101.59688,3.45802],[101.59677,3.45811],[101.59673,3.45811],[101.59669,3.4581]]]}},{"type":"Feature","properties":{"id":958547271,"kind":"pond"},"geometry":{"type":"Polygon","coordinates":[[[101.5956,3.45796],[101.59537,3.45816],[101.59532,3.45815],[101.5953,3.4581],[101.59532,3.45807],[101.59601,3.45748],[101.59607,3.45754],[101.59605,3.45758],[101.59597,3.45762],[101.59616,3.45784],[101.5963,3.45771],[101.59652,3.4575],[101.59662,3.45738],[101.59667,3.45732],[101.59665,3.45722],[101.59651,3.45711],[101.59644,3.45705],[101.59638,3.45701],[101.59632,3.457],[101.59623,3.45706],[101.59608,3.45719],[101.59597,3.45729],[101.5959,3.45734],[101.59579,3.45742],[101.59544,3.45766],[101.59526,3.4578],[101.59504,3.45798],[101.59498,3.45805],[101.595,3.45811],[101.59503,3.45824],[101.5951,3.4583],[101.5955,3.45848],[101.59555,3.45847],[101.59561,3.45841],[101.59565,3.45835],[101.59572,3.45832],[101.59575,3.45824],[101.59576,3.45815],[101.5956,3.45796]]]}},{"type":"Feature","properties":{"id":958547272,"kind":"pond"},"geometry":{"type":"Polygon","coordinates":[[[101.5943,3.45971],[101.59414,3.45975],[101.59401,3.45967],[101.59393,3.45959],[101.59394,3.45949],[101.59401,3.45936],[101.59405,3.45932],[101.59411,3.45929],[101.5942,3.45926],[101.59424,3.45929],[101.59434,3.45941],[101.59441,3.45953],[101.5944,3.45963],[101.5943,3.45971]]]}},{"type":"Feature","properties":{"id":958547277,"kind":"pond"},"geometry":{"type":"Polygon","coordinates":[[[101.59342,3.4595],[101.59285,3.45951],[101.59281,3.4595],[101.59276,3.45948],[101.59274,3.45943],[101.59273,3.45938],[101.59278,3.45929],[101.59301,3.45904],[101.5931,3.45897],[101.59316,3.45897],[101.59318,3.45895],[101.59319,3.4589],[101.5932,3.45888],[101.59332,3.45874],[101.59337,3.45871],[101.59341,3.4587],[101.59374,3.45902],[101.59375,3.45906],[101.5937,3.45913],[101.5936,3.4592],[101.59352,3.45927],[101.5935,3.4594],[101.59347,3.45949],[101.59342,3.4595]]]}},{"type":"Feature","properties":{"id":958547278,"kind":"pond"},"geometry":{"type":"Polygon","coordinates":[[[101.59383,3.45902],[101.59346,3.45869],[101.59389,3.45822],[101.59425,3.45854],[101.59383,3.45902]]]}},{"type":"Feature","properties":{"id":958547279,"kind":"pond"},"geometry":{"type":"Polygon","coordinates":[[[101.59429,3.4585],[101.59398,3.45823],[101.59396,3.4582],[101.59396,3.45817],[101.59397,3.45813],[101.5945,3.45765],[101.59455,3.45762],[101.59458,3.45763],[101.59462,3.45767],[101.59482,3.45793],[101.59484,3.45801],[101.59483,3.45808],[101.59479,3.45816],[101.59465,3.45827],[101.59434,3.45854],[101.59429,3.4585]]]}},{"type":"Feature","properties":{"id":958547280,"kind":"pond"},"geometry":{"type":"Polygon","coordinates":[[[101.59487,3.45788],[101.59458,3.45752],[101.59457,3.45746],[101.59493,3.45712],[101.59496,3.45713],[101.59528,3.4575],[101.5953,3.45755],[101.5953,3.45759],[101.59527,3.45762],[101.59495,3.45788],[101.59491,3.4579],[101.59487,3.45788]]]}},{"type":"Feature","properties":{"id":958547281,"kind":"pond"},"geometry":{"type":"Polygon","coordinates":[[[101.59502,3.45706],[101.59526,3.45736],[101.59535,3.45736],[101.59541,3.45736],[101.59549,3.45739],[101.59557,3.45739],[101.59565,3.45734],[101.59585,3.45719],[101.59587,3.45715],[101.59587,3.45708],[101.59581,3.45703],[101.59547,3.45668],[101.59542,3.45667],[101.59538,3.45669],[101.59507,3.45699],[101.59502,3.45706]]]}},{"type":"Feature","properties":{"id":958547826,"kind":"pond"},"geometry":{"type":"Polygon","coordinates":[[[101.59276,3.45891],[101.59237,3.45866],[101.59235,3.45866],[101.59228,3.45875],[101.59207,3.45917],[101.59206,3.45922],[101.59208,3.45926],[101.59211,3.45928],[101.59234,3.45939],[101.59239,3.45939],[101.59244,3.45938],[101.59276,3.459],[101.59278,3.45895],[101.59276,3.45891]]]}},{"type":"Feature","properties":{"id":958547827,"kind":"pond"},"geometry":{"type":"Polygon","coordinates":[[[101.59243,3.45862],[101.59281,3.45888],[101.59284,3.45889],[101.59289,3.45887],[101.59315,3.45858],[101.59316,3.45855],[101.59314,3.4585],[101.59274,3.45811],[101.59269,3.45808],[101.59265,3.45809],[101.59258,3.45819],[101.59241,3.45854],[101.5924,3.45859],[101.59243,3.45862]]]}},{"type":"Feature","properties":{"id":958547828,"kind":"pond"},"geometry":{"type":"Polygon","coordinates":[[[101.59273,3.45803],[101.59316,3.45845],[101.59318,3.45848],[101.59324,3.45848],[101.59373,3.45802],[101.59374,3.458],[101.59374,3.45796],[101.59329,3.45749],[101.59325,3.45747],[101.59321,3.4575],[101.59275,3.45795],[101.59272,3.45799],[101.59273,3.45803]]]}},{"type":"Feature","properties":{"id":958547829,"kind":"pond"},"geometry":{"type":"Polygon","coordinates":[[[101.59379,3.45792],[101.59343,3.45755],[101.59342,3.4575],[101.59363,3.45731],[101.59367,3.45731],[101.59369,3.45727],[101.59381,3.45738],[101.59401,3.45717],[101.59405,3.45716],[101.59431,3.45742],[101.59431,3.45746],[101.59404,3.45772],[101.59382,3.45792],[101.59379,3.45792]]]}},{"type":"Feature","properties":{"id":958547830,"kind":"pond"},"geometry":{"type":"Polygon","coordinates":[[[101.59435,3.45744],[101.59441,3.45741],[101.59452,3.45735],[101.59489,3.45699],[101.5949,3.45694],[101.59462,3.4567],[101.59459,3.45671],[101.59427,3.45714],[101.59425,3.45723],[101.59419,3.45728],[101.59435,3.45744]]]}},{"type":"Feature","properties":{"id":958547831,"kind":"pond"},"geometry":{"type":"Polygon","coordinates":[[[101.59499,3.45691],[101.59472,3.45667],[101.59469,3.45664],[101.59469,3.45658],[101.59498,3.45625],[101.59501,3.45624],[101.59534,3.45654],[101.59536,3.45659],[101.59532,3.45666],[101.59506,3.45691],[101.59499,3.45691]]]}},{"type":"Feature","properties":{"id":958547832,"kind":"pond"},"geometry":{"type":"Polygon","coordinates":[[[101.59574,3.45685],[101.5951,3.45625],[101.59508,3.45622],[101.59508,3.45617],[101.59517,3.45609],[101.59525,3.45606],[101.59533,3.4561],[101.59564,3.45632],[101.59583,3.45649],[101.59596,3.45658],[101.59598,3.45663],[101.59596,3.45668],[101.5958,3.45685],[101.59574,3.45685]]]}},{"type":"Feature","properties":{"id":958564295,"kind":"pond"},"geometry":{"type":"Polygon","coordinates":[[[101.59599,3.46402],[101.5959,3.46386],[101.59586,3.46378],[101.59577,3.46365],[101.59554,3.46371],[101.59548,3.46378],[101.59546,3.46389],[101.59546,3.46395],[101.59551,3.464],[101.59561,3.46404],[101.59584,3.46409],[101.59593,3.46409],[101.59597,3.46406],[101.59599,3.46402]]]}},{"type":"Feature","properties":{"id":958567190,"kind":"pond"},"geometry":{"type":"Polygon","coordinates":[[[101.54707,3.43001],[101.54718,3.43007],[101.54728,3.4301],[101.5474,3.43011],[101.54749,3.43014],[101.54753,3.43019],[101.54764,3.43019],[101.54781,3.43022],[101.54786,3.43024],[101.54789,3.43017],[101.5479,3.43005],[101.54794,3.42993],[101.54808,3.42971],[101.54811,3.42963],[101.54808,3.42953],[101.54807,3.42939],[101.54806,3.42932],[101.54798,3.42926],[101.54787,3.4292],[101.54782,3.42922],[101.54728,3.4297],[101.54721,3.42972],[101.54725,3.42977],[101.54721,3.4298],[101.54722,3.42989],[101.54717,3.4299],[101.54707,3.43001]]]}},{"type":"Feature","properties":{"id":967863000,"kind":"lake"},"geometry":{"type":"Polygon","coordinates":[[[101.41777,3.42272],[101.41773,3.4226],[101.41766,3.42252],[101.4176,3.42236],[101.41757,3.42223],[101.41766,3.42212],[101.4178,3.422],[101.41816,3.42188],[101.4185,3.42183],[101.41853,3.42199],[101.41852,3.42219],[101.41859,3.42227],[101.41874,3.4223],[101.41879,3.42232],[101.419,3.42259],[101.419,3.42278],[101.41885,3.42318],[101.41871,3.42339],[101.41847,3.42367],[101.41835,3.42379],[101.4182,3.42388],[101.41812,3.42391],[101.41794,3.42392],[101.41788,3.42385],[101.41776,3.42381],[101.41769,3.42374],[101.41776,3.42363],[101.4179,3.42352],[101.41799,3.4234],[101.41796,3.42331],[101.41779,3.42331],[101.41765,3.42331],[101.41764,3.42323],[101.41768,3.42314],[101.41777,3.42272]]]}},{"type":"Feature","properties":{"id":967863001,"kind":"lake"},"geometry":{"type":"Polygon","coordinates":[[[101.41638,3.42656],[101.41626,3.42651],[101.41614,3.42623],[101.41613,3.42613],[101.41617,3.42604],[101.4163,3.42593],[101.41639,3.42586],[101.41666,3.42565],[101.41704,3.42543],[101.41732,3.42533],[101.41754,3.42526],[101.41778,3.42531],[101.41795,3.4254],[101.41813,3.42542],[101.41885,3.42547],[101.41897,3.42539],[101.4193,3.42541],[101.41947,3.42565],[101.41953,3.42587],[101.41961,3.42631],[101.4196,3.42672],[101.4195,3.427],[101.41941,3.42723],[101.41938,3.42731],[101.41924,3.42739],[101.41901,3.4275],[101.41886,3.42768],[101.41867,3.42784],[101.41844,3.42804],[101.41828,3.42821],[101.41816,3.42844],[101.41814,3.42855],[101.41824,3.42866],[101.41834,3.42882],[101.41836,3.42897],[101.41831,3.42909],[101.41835,3.42923],[101.41853,3.42922],[101.41859,3.42921],[101.41864,3.42912],[101.41868,3.42898],[101.41878,3.42879],[101.41889,3.42873],[101.41893,3.42894],[101.41889,3.42914],[101.41885,3.42938],[101.41881,3.42955],[101.41877,3.4296],[101.41867,3.42962],[101.41858,3.42969],[101.41852,3.42971],[101.41843,3.42964],[101.41823,3.42958],[101.41817,3.42954],[101.41819,3.42945],[101.41815,3.42939],[101.41806,3.42935],[101.41795,3.42935],[101.41788,3.42932],[101.41784,3.42924],[101.4178,3.42912],[101.4178,3.42893],[101.41782,3.42877],[101.41774,3.42863],[101.41757,3.42863],[101.41744,3.42866],[101.41733,3.42869],[101.41723,3.4287],[101.41706,3.42849],[101.41698,3.42835],[101.41679,3.42791],[101.41673,3.42772],[101.41674,3.42757],[101.41677,3.42749],[101.41679,3.42727],[101.41687,3.42723],[101.41703,3.42711],[101.41709,3.42693],[101.41693,3.42675],[101.4168,3.42675],[101.41669,3.42671],[101.41657,3.42662],[101.41643,3.42658],[101.41638,3.42656]]]}},{"type":"Feature","properties":{"id":967863002,"kind":"lake"},"geometry":{"type":"Polygon","coordinates":[[[101.41484,3.42418],[101.4147,3.42187],[101.41483,3.42164],[101.41507,3.42156],[101.41527,3.42167],[101.41535,3.42175],[101.41545,3.4218],[101.41565,3.42184],[101.41584,3.42192],[101.41606,3.42215],[101.41623,3.42237],[101.41645,3.42248],[101.41683,3.42253],[101.4169,3.42285],[101.41685,3.42335],[101.4167,3.42406],[101.41661,3.42447],[101.41644,3.42471],[101.41615,3.4248],[101.41575,3.42492],[101.41529,3.42495],[101.41508,3.42495],[101.41501,3.42492],[101.41497,3.42486],[101.41505,3.42477],[101.41517,3.42464],[101.41518,3.42442],[101.41508,3.42423],[101.41495,3.42418],[101.41484,3.42418]]]}},{"type":"Feature","properties":{"id":967863003,"kind":"lake"},"geometry":{"type":"Polygon","coordinates":[[[101.40339,3.42102],[101.40374,3.42093],[101.40406,3.42093],[101.40441,3.42093],[101.40495,3.42078],[101.40553,3.42065],[101.40604,3.42057],[101.40634,3.42041],[101.4065,3.4199],[101.40656,3.41944],[101.40668,3.41918],[101.40685,3.41886],[101.40698,3.41858],[101.40704,3.41833],[101.40685,3.41817],[101.40638,3.41819],[101.40609,3.41817],[101.40579,3.41804],[101.40551,3.41788],[101.40521,3.41784],[101.40474,3.41787],[101.40449,3.41799],[101.40429,3.41817],[101.40415,3.41856],[101.4037,3.41863],[101.40334,3.41857],[101.40303,3.41856],[101.40288,3.41871],[101.40283,3.41943],[101.40285,3.41976],[101.40294,3.42029],[101.40306,3.42072],[101.40315,3.42094],[101.40332,3.421],[101.40339,3.42102]]]}},{"type":"Feature","properties":{"id":967863011,"kind":"lake"},"geometry":{"type":"Polygon","coordinates":[[[101.4073,3.44746],[101.40745,3.44744],[101.40767,3.4474],[101.4078,3.44736],[101.40792,3.44731],[101.40796,3.44723],[101.40796,3.44713],[101.40793,3.44707],[101.40786,3.44698],[101.40774,3.44696],[101.4075,3.44697],[101.40647,3.44704],[101.4063,3.44707],[101.40584,3.44696],[101.40524,3.44696],[101.40499,3.44691],[101.40468,3.44685],[101.40381,3.44679],[101.40358,3.44683],[101.40326,3.44693],[101.40302,3.44694],[101.40268,3.44692],[101.40251,3.44681],[101.40219,3.44677],[101.40185,3.44683],[101.40115,3.44684],[101.40045,3.44668],[101.40015,3.44665],[101.39973,3.4466],[101.39954,3.44664],[101.3991,3.44679],[101.39888,3.4469],[101.39799,3.44708],[101.39776,3.44717],[101.39742,3.44715],[101.39723,3.44709],[101.39697,3.44703],[101.39651,3.44714],[101.39621,3.44733],[101.39603,3.44747],[101.39586,3.44769],[101.39559,3.44826],[101.39534,3.4485],[101.39522,3.44852],[101.39497,3.44833],[101.39501,3.44782],[101.39514,3.44747],[101.39542,3.4472],[101.39559,3.4469],[101.39565,3.44634],[101.39576,3.4455],[101.396,3.44475],[101.39708,3.44341],[101.39742,3.44321],[101.39748,3.44281],[101.39746,3.44219],[101.39744,3.44177],[101.39737,3.44134],[101.39737,3.4412],[101.39782,3.44101],[101.39785,3.4412],[101.39793,3.44125],[101.39809,3.44132],[101.39819,3.44135],[101.3984,3.44128],[101.39852,3.44142],[101.39846,3.44177],[101.39828,3.44306],[101.39826,3.44336],[101.39819,3.44355],[101.398,3.44374],[101.3977,3.44387],[101.39736,3.44389],[101.39712,3.44408],[101.39672,3.44487],[101.39671,3.44517],[101.39683,3.44531],[101.39729,3.44554],[101.39774,3.44566],[101.39783,3.44602],[101.398,3.44619],[101.39825,3.44612],[101.39868,3.44594],[101.39909,3.44602],[101.3994,3.44611],[101.39948,3.44585],[101.39953,3.44549],[101.39966,3.44503],[101.39952,3.44477],[101.39931,3.44455],[101.39924,3.44422],[101.39917,3.44294],[101.39919,3.4421],[101.39945,3.44136],[101.39966,3.44108],[101.39998,3.4407],[101.40021,3.44028],[101.40024,3.44004],[101.40004,3.43979],[101.39971,3.43953],[101.39961,3.43924],[101.39965,3.439],[101.39976,3.43864],[101.39964,3.43825],[101.39955,3.43798],[101.39955,3.43771],[101.39942,3.43743],[101.39891,3.4369],[101.39898,3.43656],[101.39926,3.4362],[101.39961,3.43591],[101.40007,3.43561],[101.40057,3.43543],[101.40085,3.43519],[101.401,3.43485],[101.40108,3.43441],[101.40118,3.43401],[101.40138,3.4338],[101.40145,3.43368],[101.40144,3.43343],[101.40142,3.43321],[101.40155,3.43292],[101.40212,3.43289],[101.40238,3.43294],[101.40277,3.43286],[101.40318,3.43268],[101.40337,3.43268],[101.40301,3.4321],[101.40279,3.43166],[101.40262,3.43117],[101.40248,3.43092],[101.40231,3.43081],[101.40224,3.43119],[101.40229,3.43153],[101.40205,3.4318],[101.40172,3.43189],[101.40091,3.43162],[101.40036,3.43157],[101.39986,3.43159],[101.39962,3.43142],[101.3995,3.43121],[101.39895,3.43108],[101.39573,3.43023],[101.39548,3.43013],[101.39534,3.42969],[101.39518,3.42936],[101.39494,3.42904],[101.39468,3.4289],[101.39446,3.42902],[101.39431,3.42918],[101.39437,3.42948],[101.39454,3.42983],[101.39454,3.43096],[101.3945,3.4317],[101.39428,3.43188],[101.393,3.43198],[101.39184,3.43206],[101.3905,3.4321],[101.39039,3.43218],[101.39046,3.43236],[101.39061,3.43243],[101.39197,3.43247],[101.3921,3.4325],[101.39218,3.43274],[101.39221,3.43287],[101.39233,3.43289],[101.39289,3.43295],[101.39298,3.43305],[101.39296,3.43473],[101.39302,3.43477],[101.39309,3.4348],[101.39391,3.43484],[101.39422,3.4347],[101.39468,3.43453],[101.39497,3.43449],[101.39513,3.43448],[101.3952,3.43452],[101.39525,3.43463],[101.39536,3.43524],[101.39544,3.43532],[101.39551,3.43533],[101.39561,3.43532],[101.39576,3.43525],[101.39607,3.43511],[101.39633,3.4349],[101.39638,3.43477],[101.39648,3.43468],[101.39674,3.43472],[101.3969,3.43481],[101.39681,3.43559],[101.39674,3.43584],[101.39649,3.43596],[101.39605,3.43603],[101.39521,3.436],[101.39472,3.43612],[101.39434,3.44025],[101.39456,3.44036],[101.39498,3.44037],[101.39523,3.44037],[101.39582,3.44097],[101.39563,3.44142],[101.39531,3.44214],[101.39521,3.4427],[101.3949,3.44318],[101.39461,3.44361],[101.39429,3.4439],[101.39401,3.44417],[101.3938,3.44474],[101.39347,3.4451],[101.39315,3.44515],[101.39305,3.44482],[101.39303,3.44445],[101.3929,3.44426],[101.39263,3.44413],[101.39246,3.44393],[101.39247,3.44375],[101.39249,3.44356],[101.3926,3.44326],[101.39275,3.44274],[101.39281,3.44245],[101.39276,3.44235],[101.39264,3.44235],[101.39254,3.44243],[101.39142,3.44508],[101.3914,3.4453],[101.39143,3.4456],[101.39155,3.44572],[101.3919,3.44579],[101.39242,3.44584],[101.39246,3.44629],[101.39231,3.44655],[101.39213,3.44674],[101.39194,3.44682],[101.39163,3.44714],[101.39143,3.44747],[101.39141,3.44769],[101.39143,3.44782],[101.39133,3.4481],[101.39115,3.44823],[101.39107,3.44819],[101.39103,3.44806],[101.39113,3.44796],[101.39117,3.44782],[101.39109,3.44778],[101.39091,3.44774],[101.39082,3.44768],[101.39078,3.44747],[101.39075,3.44722],[101.39071,3.44689],[101.39071,3.44648],[101.39079,3.44608],[101.3909,3.44591],[101.39094,3.4457],[101.39108,3.44563],[101.39111,3.44553],[101.3911,3.44541],[101.39099,3.44534],[101.39049,3.44538],[101.39038,3.44542],[101.39024,3.44552],[101.3899,3.44553],[101.38958,3.44556],[101.38925,3.44588],[101.38915,3.44615],[101.38918,3.44651],[101.38917,3.44681],[101.38903,3.44731],[101.38903,3.44742],[101.38913,3.44759],[101.38929,3.44784],[101.38931,3.44806],[101.38931,3.4482],[101.38933,3.44845],[101.38938,3.44852],[101.39024,3.4487],[101.39058,3.44877],[101.39129,3.449],[101.39254,3.44939],[101.39282,3.44953],[101.39284,3.44962],[101.3929,3.44971],[101.39305,3.44972],[101.39553,3.44991],[101.39637,3.4499],[101.39642,3.44974],[101.3964,3.44905],[101.39641,3.44874],[101.39649,3.44815],[101.39648,3.44782],[101.39654,3.44765],[101.39708,3.44755],[101.39741,3.44758],[101.39973,3.44744],[101.40208,3.44734],[101.40254,3.44726],[101.40311,3.44724],[101.40409,3.4473],[101.40505,3.44745],[101.40557,3.44744],[101.40609,3.44746],[101.40647,3.4474],[101.40675,3.44741],[101.40695,3.44745],[101.40715,3.44746],[101.4073,3.44746]]]}},{"type":"Feature","properties":{"id":967863012,"kind":"lake"},"geometry":{"type":"Polygon","coordinates":[[[101.40894,3.44727],[101.4089,3.44726],[101.40894,3.44722],[101.409,3.44716],[101.40903,3.44705],[101.40904,3.44696],[101.40903,3.44686],[101.40897,3.44677],[101.40892,3.44669],[101.4089,3.44663],[101.4089,3.44657],[101.40887,3.44651],[101.40882,3.44647],[101.40879,3.44644],[101.40878,3.4464],[101.40877,3.44637],[101.40878,3.44632],[101.40885,3.44629],[101.40891,3.44629],[101.40899,3.44621],[101.40902,3.44617],[101.40905,3.44609],[101.40909,3.44602],[101.40919,3.44596],[101.40922,3.44603],[101.40924,3.44608],[101.40929,3.44616],[101.4093,3.44632],[101.40931,3.44649],[101.4093,3.44673],[101.40929,3.44693],[101.40929,3.44703],[101.40929,3.44713],[101.40923,3.44719],[101.40911,3.44723],[101.40904,3.44724],[101.40894,3.44727]]]}},{"type":"Feature","properties":{"id":967863013,"kind":"lake"},"geometry":{"type":"Polygon","coordinates":[[[101.40912,3.44552],[101.40914,3.44547],[101.40908,3.44542],[101.40901,3.44535],[101.40895,3.44523],[101.40895,3.44505],[101.40895,3.44487],[101.40893,3.4446],[101.40893,3.44436],[101.40899,3.4442],[101.40913,3.44412],[101.40927,3.44394],[101.4095,3.44379],[101.4098,3.44366],[101.41004,3.44359],[101.41029,3.44355],[101.4107,3.44358],[101.41081,3.4438],[101.41085,3.44407],[101.41085,3.44433],[101.41076,3.44461],[101.41072,3.44481],[101.41076,3.44496],[101.4108,3.44505],[101.41074,3.44528],[101.41065,3.44532],[101.41044,3.44535],[101.41029,3.44529],[101.4101,3.44517],[101.4098,3.44518],[101.40956,3.44532],[101.40934,3.44541],[101.40912,3.44552]]]}},{"type":"Feature","properties":{"id":967863014,"kind":"lake"},"geometry":{"type":"Polygon","coordinates":[[[101.41018,3.443],[101.40981,3.44275],[101.40975,3.44268],[101.40976,3.44262],[101.40981,3.44257],[101.40979,3.44249],[101.40975,3.4424],[101.40975,3.44222],[101.40968,3.44214],[101.40962,3.44211],[101.40955,3.44207],[101.40958,3.44201],[101.40968,3.44191],[101.40971,3.44185],[101.40974,3.4417],[101.40978,3.44148],[101.40976,3.44132],[101.40978,3.44117],[101.40988,3.44109],[101.41001,3.44107],[101.41015,3.44108],[101.41032,3.44118],[101.4105,3.44124],[101.41065,3.44133],[101.41077,3.44148],[101.41079,3.44174],[101.41084,3.44209],[101.41079,3.44237],[101.41068,3.44257],[101.41045,3.44273],[101.41025,3.44295],[101.41018,3.443]]]}},{"type":"Feature","properties":{"id":967863015,"kind":"lake"},"geometry":{"type":"Polygon","coordinates":[[[101.4074,3.44435],[101.40715,3.44432],[101.407,3.44422],[101.40698,3.44409],[101.40704,3.44386],[101.40701,3.44351],[101.40703,3.44327],[101.40708,3.44312],[101.40713,3.44296],[101.40731,3.44299],[101.40735,3.44303],[101.40743,3.443],[101.40745,3.44281],[101.40732,3.44261],[101.40722,3.44237],[101.40731,3.44208],[101.40754,3.44177],[101.40769,3.44164],[101.40781,3.44168],[101.40796,3.4417],[101.40819,3.44156],[101.40844,3.44139],[101.40868,3.44134],[101.40881,3.44149],[101.40858,3.44168],[101.40822,3.44185],[101.40792,3.4419],[101.40775,3.44196],[101.40753,3.44215],[101.40755,3.44229],[101.40764,3.44237],[101.40794,3.44235],[101.40798,3.44241],[101.4079,3.44258],[101.40785,3.44278],[101.40801,3.44305],[101.40815,3.44295],[101.40818,3.44268],[101.40834,3.4426],[101.40847,3.44262],[101.40862,3.44268],[101.40882,3.44271],[101.40902,3.44271],[101.40922,3.44287],[101.40927,3.4428],[101.40924,3.44257],[101.40937,3.44246],[101.40945,3.44258],[101.40945,3.44274],[101.40955,3.44279],[101.40955,3.44285],[101.40955,3.44306],[101.40947,3.44329],[101.40925,3.44342],[101.40915,3.44344],[101.40909,3.44334],[101.40912,3.44316],[101.40911,3.443],[101.409,3.44291],[101.40884,3.44284],[101.40853,3.44279],[101.40831,3.44303],[101.40823,3.44318],[101.4082,3.44338],[101.40823,3.44364],[101.40822,3.44387],[101.40815,3.44405],[101.40808,3.44422],[101.40793,3.44432],[101.40787,3.4443],[101.40777,3.44413],[101.40765,3.44403],[101.40754,3.444],[101.40746,3.44406],[101.40743,3.44414],[101.40743,3.44428],[101.4074,3.44435]]]}},{"type":"Feature","properties":{"id":967863016,"kind":"lake"},"geometry":{"type":"Polygon","coordinates":[[[101.4038,3.44525],[101.40392,3.44532],[101.40403,3.44542],[101.40415,3.44546],[101.40441,3.44543],[101.40478,3.44536],[101.40514,3.4453],[101.4053,3.4454],[101.40551,3.44539],[101.40583,3.44535],[101.40635,3.44539],[101.40664,3.44531],[101.40691,3.44516],[101.40689,3.44509],[101.40677,3.44495],[101.40679,3.44481],[101.40681,3.44464],[101.40671,3.44454],[101.40646,3.44457],[101.4061,3.44467],[101.40574,3.44475],[101.40565,3.44475],[101.40563,3.44465],[101.4057,3.44451],[101.40592,3.44442],[101.4061,3.4444],[101.40624,3.44444],[101.40631,3.44441],[101.40636,3.44436],[101.40651,3.44431],[101.40661,3.4443],[101.40666,3.44425],[101.40663,3.44417],[101.40659,3.44406],[101.40655,3.44392],[101.40655,3.44372],[101.40652,3.44361],[101.40645,3.44355],[101.40624,3.44355],[101.40608,3.44364],[101.40583,3.44384],[101.40566,3.44403],[101.4055,3.44422],[101.40534,3.44432],[101.40529,3.4444],[101.40528,3.44477],[101.40514,3.44486],[101.40445,3.44495],[101.4041,3.44505],[101.4039,3.44516],[101.4038,3.44525]]]}},{"type":"Feature","properties":{"id":967863017,"kind":"lake"},"geometry":{"type":"Polygon","coordinates":[[[101.40038,3.44452],[101.40033,3.44452],[101.40026,3.44453],[101.40016,3.44454],[101.40011,3.44448],[101.40014,3.44436],[101.40027,3.44429],[101.40036,3.44426],[101.40049,3.44421],[101.40066,3.44415],[101.40072,3.4441],[101.40077,3.44405],[101.40085,3.44408],[101.40094,3.44409],[101.40106,3.44408],[101.40114,3.44411],[101.40128,3.44412],[101.40138,3.4441],[101.40141,3.44404],[101.40134,3.44399],[101.40129,3.44396],[101.40125,3.44389],[101.40121,3.44381],[101.40123,3.44372],[101.40131,3.44362],[101.40139,3.44353],[101.40144,3.44343],[101.40146,3.44333],[101.40154,3.44322],[101.40161,3.44321],[101.40171,3.44327],[101.40178,3.44336],[101.40187,3.44342],[101.40195,3.44347],[101.40192,3.44365],[101.40183,3.44378],[101.40179,3.44391],[101.40185,3.44398],[101.40193,3.44407],[101.40229,3.44429],[101.40245,3.44439],[101.40257,3.44441],[101.40288,3.44449],[101.40283,3.44454],[101.40276,3.44454],[101.40209,3.4444],[101.40184,3.44439],[101.40169,3.44434],[101.40154,3.44437],[101.40143,3.44438],[101.40134,3.44435],[101.40123,3.44435],[101.40113,3.44437],[101.40099,3.44441],[101.40094,3.44442],[101.40093,3.44452],[101.40095,3.44458],[101.40103,3.4446],[101.40111,3.4446],[101.40125,3.4446],[101.40137,3.44466],[101.40148,3.44471],[101.40154,3.4447],[101.40181,3.4447],[101.40197,3.44475],[101.40198,3.44478],[101.40194,3.44485],[101.40183,3.44495],[101.40172,3.44507],[101.40154,3.44522],[101.4011,3.44526],[101.40097,3.44527],[101.40084,3.44526],[101.40078,3.4452],[101.40073,3.44509],[101.40065,3.44505],[101.40047,3.44508],[101.4004,3.445],[101.4004,3.44494],[101.40044,3.44487],[101.40061,3.4449],[101.40078,3.44497],[101.4009,3.44493],[101.40093,3.44485],[101.40086,3.44477],[101.40071,3.44467],[101.40058,3.44462],[101.40052,3.44462],[101.40047,3.44462],[101.40043,3.4446],[101.40039,3.44457],[101.40038,3.44452]]]}},{"type":"Feature","properties":{"id":967863018,"kind":"lake"},"geometry":{"type":"Polygon","coordinates":[[[101.40064,3.43971],[101.4005,3.43962],[101.40034,3.43946],[101.40019,3.43927],[101.40019,3.43911],[101.40028,3.43878],[101.40035,3.43856],[101.4005,3.4384],[101.40065,3.43843],[101.4012,3.43855],[101.40136,3.43864],[101.40138,3.4388],[101.4015,3.4389],[101.40165,3.4387],[101.4018,3.43871],[101.40221,3.43894],[101.40237,3.4391],[101.40244,3.43927],[101.40238,3.43937],[101.40222,3.43959],[101.40223,3.43972],[101.40257,3.43955],[101.40273,3.43948],[101.4029,3.43949],[101.40298,3.43963],[101.40294,3.43973],[101.40305,3.43984],[101.40299,3.43997],[101.40287,3.44007],[101.403,3.44078],[101.40295,3.44101],[101.40294,3.44117],[101.40285,3.44141],[101.4028,3.44152],[101.40298,3.44171],[101.40306,3.44184],[101.40313,3.4418],[101.40314,3.44161],[101.40312,3.44145],[101.40311,3.44135],[101.40312,3.44122],[101.40314,3.44109],[101.40318,3.44071],[101.40322,3.44057],[101.40336,3.44055],[101.40351,3.4406],[101.40368,3.44077],[101.40372,3.44096],[101.40364,3.44116],[101.40353,3.44153],[101.40359,3.44163],[101.40422,3.44236],[101.40428,3.44237],[101.4043,3.44235],[101.4043,3.44224],[101.40431,3.44211],[101.40437,3.44208],[101.40445,3.44202],[101.4045,3.44194],[101.40459,3.44192],[101.40471,3.44198],[101.40488,3.44195],[101.40513,3.44188],[101.40521,3.44179],[101.40529,3.44171],[101.40535,3.44164],[101.40532,3.44159],[101.40531,3.44154],[101.40532,3.44148],[101.40538,3.44145],[101.40543,3.44142],[101.40552,3.44144],[101.40557,3.44149],[101.40569,3.44169],[101.4057,3.44188],[101.40572,3.44255],[101.40568,3.44264],[101.40564,3.44279],[101.40557,3.44301],[101.4055,3.44313],[101.40543,3.44323],[101.40538,3.44331],[101.40532,3.44335],[101.4052,3.44331],[101.40509,3.44322],[101.40496,3.44321],[101.40488,3.44315],[101.40483,3.44305],[101.40464,3.44294],[101.40453,3.4429],[101.40435,3.44281],[101.40425,3.44277],[101.40414,3.44269],[101.40405,3.44263],[101.40382,3.44234],[101.40377,3.44225],[101.40371,3.44218],[101.40365,3.44214],[101.40358,3.4421],[101.40352,3.44211],[101.40342,3.44214],[101.40329,3.44211],[101.40318,3.44208],[101.40312,3.4421],[101.40304,3.44212],[101.40295,3.44207],[101.40291,3.44208],[101.40295,3.44216],[101.403,3.44219],[101.40301,3.44224],[101.40294,3.4423],[101.40288,3.44233],[101.40282,3.4424],[101.40285,3.44248],[101.40283,3.44258],[101.40277,3.44259],[101.4027,3.44257],[101.40261,3.44263],[101.40252,3.4427],[101.40236,3.44278],[101.40226,3.44282],[101.40219,3.4428],[101.40211,3.44275],[101.40197,3.44281],[101.40181,3.44291],[101.40173,3.44293],[101.40167,3.44289],[101.40168,3.44279],[101.40181,3.44265],[101.40185,3.44256],[101.40185,3.44241],[101.40181,3.44222],[101.40176,3.44201],[101.40172,3.44188],[101.40172,3.44181],[101.40174,3.44179],[101.4018,3.44177],[101.40189,3.44181],[101.40199,3.4419],[101.40206,3.44191],[101.40206,3.44174],[101.40194,3.44165],[101.40196,3.44142],[101.40204,3.44136],[101.40207,3.4413],[101.40197,3.44118],[101.40165,3.44096],[101.40156,3.44085],[101.4015,3.44065],[101.40144,3.44048],[101.40134,3.44045],[101.40117,3.44031],[101.40118,3.44019],[101.40119,3.44008],[101.40109,3.43993],[101.40106,3.43977],[101.40106,3.43964],[101.40099,3.43964],[101.40088,3.43968],[101.40076,3.43971],[101.40064,3.43971]]]}},{"type":"Feature","properties":{"id":967863019,"kind":"lake"},"geometry":{"type":"Polygon","coordinates":[[[101.40358,3.44038],[101.4036,3.44011],[101.40372,3.43973],[101.40371,3.43939],[101.40402,3.43917],[101.40449,3.43896],[101.40484,3.43875],[101.40503,3.43877],[101.40498,3.43892],[101.40511,3.43908],[101.40578,3.43902],[101.40592,3.43913],[101.40622,3.43912],[101.40665,3.43898],[101.40678,3.43934],[101.40643,3.4396],[101.40624,3.4399],[101.40605,3.44014],[101.40612,3.44041],[101.40626,3.44071],[101.40649,3.4423],[101.40654,3.4427],[101.40647,3.44315],[101.40625,3.44316],[101.40606,3.44321],[101.40578,3.44329],[101.40573,3.44322],[101.40585,3.44301],[101.40595,3.44273],[101.40603,3.44208],[101.40592,3.44122],[101.40588,3.44096],[101.40576,3.44103],[101.40571,3.44123],[101.40555,3.44123],[101.40523,3.44104],[101.40472,3.44086],[101.40438,3.44097],[101.40424,3.44098],[101.40405,3.44086],[101.40396,3.4407],[101.40388,3.44063],[101.40377,3.44064],[101.40363,3.44055],[101.40358,3.44038]]]}},{"type":"Feature","properties":{"id":968168643,"kind":"lake"},"geometry":{"type":"Polygon","coordinates":[[[101.36457,3.41388],[101.36467,3.41415],[101.3647,3.41442],[101.36469,3.41471],[101.3645,3.41493],[101.36421,3.41503],[101.36397,3.41499],[101.36393,3.41489],[101.36395,3.41461],[101.36399,3.41415],[101.36399,3.41394],[101.36398,3.41374],[101.36396,3.41362],[101.36392,3.41343],[101.36394,3.41322],[101.3639,3.41305],[101.36388,3.41285],[101.36384,3.41268],[101.36376,3.41244],[101.36366,3.41231],[101.36362,3.41215],[101.36363,3.41202],[101.36368,3.41189],[101.36383,3.41182],[101.36406,3.41182],[101.36419,3.41173],[101.36426,3.41154],[101.36439,3.41149],[101.36457,3.41145],[101.36522,3.41129],[101.36543,3.41138],[101.3656,3.41142],[101.36587,3.41143],[101.36619,3.41144],[101.36634,3.41148],[101.36645,3.41155],[101.36679,3.4118],[101.36684,3.41187],[101.3669,3.41199],[101.36692,3.41205],[101.36692,3.41232],[101.36688,3.41248],[101.36683,3.41271],[101.36681,3.41281],[101.36678,3.41289],[101.36673,3.41309],[101.36671,3.41315],[101.36659,3.41364],[101.36659,3.4138],[101.36659,3.41438],[101.36659,3.41468],[101.36653,3.41525],[101.36653,3.4158],[101.36657,3.41598],[101.36691,3.4162],[101.36708,3.41636],[101.36708,3.41641],[101.36673,3.41645],[101.36647,3.41647],[101.3663,3.41638],[101.36617,3.41631],[101.36614,3.41622],[101.36614,3.41613],[101.36614,3.41602],[101.36618,3.41588],[101.36622,3.41573],[101.3662,3.41547],[101.36623,3.41537],[101.36628,3.41529],[101.36635,3.41512],[101.3663,3.41483],[101.36631,3.41467],[101.36628,3.41455],[101.36623,3.41447],[101.36617,3.41432],[101.36616,3.41414],[101.36617,3.41398],[101.36627,3.41384],[101.36635,3.41378],[101.3664,3.41363],[101.36642,3.41346],[101.36643,3.4133],[101.36635,3.41301],[101.36625,3.41288],[101.36609,3.41287],[101.36601,3.41288],[101.36574,3.41285],[101.36565,3.41282],[101.36556,3.41278],[101.3653,3.41278],[101.36517,3.41283],[101.36508,3.41285],[101.36488,3.4129],[101.36483,3.41298],[101.36478,3.41306],[101.36469,3.41319],[101.36449,3.41335],[101.36443,3.41345],[101.36441,3.41356],[101.36444,3.41373],[101.3645,3.41382],[101.36457,3.41388]]]}},{"type":"Feature","properties":{"id":968168644,"kind":"lake"},"geometry":{"type":"Polygon","coordinates":[[[101.36362,3.42572],[101.36355,3.42569],[101.36352,3.42563],[101.3635,3.42556],[101.36345,3.42551],[101.3634,3.42543],[101.36336,3.4254],[101.3633,3.4253],[101.36322,3.42524],[101.36318,3.42521],[101.36311,3.42515],[101.36313,3.42507],[101.36317,3.425],[101.36317,3.42493],[101.36312,3.42481],[101.36304,3.42466],[101.36299,3.42445],[101.36291,3.42425],[101.36296,3.42403],[101.3628,3.42379],[101.36272,3.42367],[101.36276,3.42352],[101.36283,3.42314],[101.36286,3.42293],[101.36298,3.42296],[101.363,3.42313],[101.36297,3.42324],[101.36295,3.42335],[101.36303,3.42344],[101.36317,3.42349],[101.36322,3.42337],[101.36319,3.42321],[101.36316,3.42303],[101.36314,3.42282],[101.36324,3.42279],[101.36354,3.42288],[101.36386,3.42293],[101.36406,3.42301],[101.36421,3.42308],[101.36424,3.42323],[101.36425,3.42353],[101.36419,3.42369],[101.36409,3.42387],[101.36405,3.42409],[101.36407,3.42432],[101.36415,3.42437],[101.36431,3.42445],[101.36437,3.42459],[101.36432,3.42491],[101.36428,3.425],[101.36418,3.42515],[101.36412,3.42539],[101.3641,3.42558],[101.36405,3.4257],[101.36387,3.42573],[101.36362,3.42572]]]}},{"type":"Feature","properties":{"id":968168645,"kind":"lake"},"geometry":{"type":"Polygon","coordinates":[[[101.36601,3.42044],[101.36583,3.42036],[101.36562,3.42015],[101.36574,3.42003],[101.36599,3.4199],[101.36612,3.41978],[101.36615,3.41959],[101.36625,3.41939],[101.36643,3.41926],[101.36658,3.41913],[101.36693,3.4192],[101.36718,3.41934],[101.36739,3.41952],[101.36749,3.41966],[101.36749,3.41988],[101.36736,3.4203],[101.36737,3.42072],[101.36738,3.4209],[101.36738,3.4212],[101.36759,3.42246],[101.36768,3.4229],[101.3677,3.42332],[101.36768,3.42371],[101.36749,3.42387],[101.36717,3.4238],[101.36697,3.42361],[101.3669,3.42328],[101.36697,3.42291],[101.36691,3.42262],[101.3668,3.4224],[101.36681,3.42211],[101.36685,3.42184],[101.36684,3.42155],[101.36678,3.42117],[101.3667,3.4209],[101.36663,3.42065],[101.36649,3.42056],[101.36633,3.4205],[101.36617,3.42047],[101.36601,3.42044]]]}},{"type":"Feature","properties":{"id":968168646,"kind":"lake"},"geometry":{"type":"Polygon","coordinates":[[[101.36693,3.42662],[101.36683,3.42658],[101.36696,3.4265],[101.36719,3.42637],[101.36787,3.42621],[101.36815,3.42615],[101.36851,3.42585],[101.36869,3.42582],[101.36898,3.42591],[101.36915,3.42593],[101.3694,3.42579],[101.36952,3.4255],[101.36948,3.42535],[101.36959,3.42521],[101.36968,3.42503],[101.36968,3.42491],[101.36952,3.42471],[101.36938,3.42453],[101.36923,3.4244],[101.36936,3.42436],[101.36951,3.42433],[101.36964,3.4243],[101.36974,3.42428],[101.36985,3.42429],[101.36994,3.4243],[101.37003,3.42429],[101.37012,3.42428],[101.3702,3.42427],[101.37028,3.42432],[101.37031,3.42441],[101.37034,3.42452],[101.3704,3.42464],[101.37052,3.42477],[101.37068,3.42479],[101.37086,3.42479],[101.37094,3.42475],[101.37099,3.42471],[101.37103,3.42467],[101.37113,3.42465],[101.37132,3.42463],[101.3715,3.42464],[101.37161,3.42465],[101.37177,3.42464],[101.37197,3.42462],[101.37212,3.42467],[101.37232,3.42473],[101.37259,3.42474],[101.3727,3.42472],[101.37279,3.4247],[101.37288,3.42476],[101.37302,3.42485],[101.37312,3.42487],[101.37325,3.42488],[101.3733,3.42486],[101.37335,3.42483],[101.37349,3.42482],[101.37356,3.42482],[101.37372,3.42484],[101.37382,3.42489],[101.37388,3.4249],[101.37396,3.4249],[101.37409,3.4249],[101.37415,3.4249],[101.37421,3.4249],[101.37428,3.42484],[101.37433,3.4248],[101.37447,3.42474],[101.37461,3.42476],[101.37473,3.42479],[101.37479,3.42483],[101.3749,3.42494],[101.375,3.42498],[101.37507,3.425],[101.37513,3.42508],[101.37511,3.42523],[101.37508,3.42531],[101.37507,3.42537],[101.37509,3.42545],[101.37507,3.42551],[101.37502,3.42553],[101.37486,3.42553],[101.37474,3.42557],[101.37468,3.4256],[101.37464,3.42566],[101.37457,3.42574],[101.37453,3.42588],[101.37451,3.42593],[101.37445,3.42599],[101.37441,3.42609],[101.37438,3.42618],[101.37436,3.42619],[101.37423,3.42621],[101.37413,3.42623],[101.37376,3.42624],[101.37375,3.42621],[101.37375,3.42615],[101.37374,3.42609],[101.37371,3.42603],[101.37367,3.42601],[101.37363,3.42599],[101.37359,3.42595],[101.37361,3.4259],[101.37364,3.42587],[101.37363,3.42579],[101.37362,3.42575],[101.37359,3.42569],[101.37355,3.42565],[101.37351,3.42565],[101.37344,3.42565],[101.37337,3.42562],[101.37322,3.42563],[101.37318,3.42565],[101.37311,3.42565],[101.37308,3.42562],[101.37301,3.42553],[101.37296,3.42549],[101.3729,3.42548],[101.37285,3.42548],[101.37282,3.42546],[101.37279,3.42543],[101.37276,3.4254],[101.37264,3.42537],[101.37258,3.42533],[101.37253,3.4253],[101.3724,3.42527],[101.37236,3.42528],[101.3723,3.42529],[101.37226,3.42527],[101.37223,3.42524],[101.3722,3.42518],[101.3721,3.42513],[101.37205,3.42513],[101.37198,3.42514],[101.37188,3.42515],[101.37183,3.42516],[101.37177,3.42522],[101.37175,3.42527],[101.37173,3.42539],[101.37173,3.42544],[101.37176,3.42551],[101.37179,3.42554],[101.37182,3.42556],[101.3719,3.42559],[101.37197,3.42559],[101.37202,3.4256],[101.37206,3.42564],[101.3721,3.42569],[101.37217,3.42575],[101.37222,3.4258],[101.37226,3.42586],[101.37229,3.42592],[101.37234,3.42602],[101.37234,3.42609],[101.37231,3.42613],[101.3722,3.42616],[101.37215,3.42618],[101.3721,3.42626],[101.37206,3.42634],[101.37198,3.42642],[101.37189,3.42646],[101.37169,3.42647],[101.37161,3.42653],[101.37159,3.42661],[101.37161,3.4267],[101.37159,3.42681],[101.37152,3.42692],[101.37146,3.42691],[101.37134,3.42687],[101.37098,3.42687],[101.37082,3.42695],[101.3707,3.42702],[101.37059,3.42725],[101.3705,3.42737],[101.37042,3.42749],[101.37039,3.42765],[101.37042,3.42779],[101.37046,3.42787],[101.37052,3.42795],[101.37058,3.42801],[101.37066,3.42804],[101.37076,3.42803],[101.3708,3.42802],[101.37085,3.42802],[101.37089,3.42805],[101.37094,3.42804],[101.371,3.42803],[101.37099,3.42806],[101.37098,3.42811],[101.37096,3.42815],[101.37091,3.42817],[101.37082,3.42821],[101.37074,3.42827],[101.37067,3.4284],[101.37066,3.42847],[101.37067,3.42856],[101.37073,3.42866],[101.37078,3.42872],[101.37085,3.42875],[101.37091,3.42876],[101.37098,3.42875],[101.37105,3.42873],[101.37106,3.4287],[101.37109,3.42867],[101.37116,3.42865],[101.37124,3.42864],[101.37132,3.42865],[101.37137,3.42867],[101.37141,3.42868],[101.37148,3.42864],[101.37152,3.42862],[101.37156,3.42859],[101.37159,3.42856],[101.37161,3.42862],[101.37173,3.42865],[101.37177,3.42867],[101.3718,3.42869],[101.3719,3.42876],[101.37202,3.42877],[101.37209,3.42876],[101.37219,3.42875],[101.37228,3.42875],[101.37242,3.42876],[101.37258,3.42879],[101.37281,3.42882],[101.37283,3.42883],[101.37284,3.42885],[101.3728,3.42886],[101.37213,3.42893],[101.37207,3.4289],[101.37198,3.42888],[101.37189,3.42888],[101.37184,3.42889],[101.37179,3.4289],[101.37175,3.42887],[101.37154,3.42885],[101.37148,3.42883],[101.3714,3.42881],[101.37132,3.42885],[101.37124,3.42887],[101.37106,3.42888],[101.37098,3.42887],[101.37088,3.42888],[101.37067,3.42889],[101.37063,3.4289],[101.37059,3.4289],[101.37047,3.42889],[101.37017,3.42889],[101.37009,3.42892],[101.37002,3.42897],[101.36993,3.42903],[101.36986,3.42907],[101.36974,3.42911],[101.3696,3.42907],[101.36952,3.42905],[101.36941,3.42902],[101.36933,3.429],[101.36928,3.42897],[101.36921,3.42892],[101.36917,3.42889],[101.36913,3.42872],[101.36909,3.42843],[101.36908,3.42822],[101.36906,3.42815],[101.36909,3.42802],[101.36915,3.42793],[101.36922,3.42778],[101.36925,3.42756],[101.36927,3.42743],[101.36927,3.42728],[101.36924,3.42717],[101.36918,3.42707],[101.36907,3.42683],[101.36895,3.42674],[101.36883,3.42672],[101.36862,3.42668],[101.36851,3.42667],[101.36817,3.42668],[101.36795,3.4267],[101.36763,3.42667],[101.36754,3.42669],[101.36744,3.42668],[101.36734,3.42666],[101.36717,3.42663],[101.36705,3.42661],[101.36693,3.42662]]]}},{"type":"Feature","properties":{"id":968169385,"kind":"lake"},"geometry":{"type":"Polygon","coordinates":[[[101.38031,3.42894],[101.38046,3.42883],[101.38056,3.42871],[101.3807,3.42883],[101.38075,3.42919],[101.38086,3.42977],[101.38103,3.43022],[101.38112,3.43041],[101.38103,3.43051],[101.38081,3.43067],[101.38075,3.43105],[101.38075,3.43122],[101.38062,3.4313],[101.38017,3.43142],[101.37977,3.43158],[101.37948,3.43191],[101.37934,3.43212],[101.37922,3.43224],[101.37853,3.43224],[101.37833,3.43215],[101.3782,3.43206],[101.37819,3.43186],[101.3782,3.43151],[101.37803,3.43097],[101.37781,3.43075],[101.37751,3.43071],[101.37696,3.43055],[101.37652,3.43047],[101.37616,3.43042],[101.37599,3.43017],[101.37598,3.42972],[101.37599,3.42941],[101.37591,3.42912],[101.37576,3.42901],[101.37487,3.42901],[101.3743,3.42904],[101.37404,3.42901],[101.37382,3.429],[101.37361,3.429],[101.37344,3.42901],[101.37326,3.42905],[101.37316,3.42904],[101.37309,3.42898],[101.37318,3.42881],[101.37341,3.42871],[101.37371,3.42871],[101.37403,3.42873],[101.37484,3.42875],[101.37519,3.42876],[101.37608,3.42885],[101.37687,3.42891],[101.37715,3.42895],[101.37722,3.42912],[101.37712,3.42932],[101.37689,3.42941],[101.37661,3.42939],[101.37647,3.42956],[101.37647,3.4298],[101.37673,3.43008],[101.37728,3.43033],[101.37797,3.4304],[101.37853,3.43035],[101.37923,3.43025],[101.37949,3.43021],[101.37968,3.43026],[101.37953,3.43063],[101.37942,3.43081],[101.37958,3.43116],[101.37978,3.43118],[101.38001,3.43106],[101.38016,3.43087],[101.38023,3.43064],[101.38018,3.43052],[101.38015,3.43045],[101.38029,3.43026],[101.38031,3.42994],[101.38023,3.4297],[101.38033,3.42942],[101.3804,3.42915],[101.38031,3.42894]]]}},{"type":"Feature","properties":{"id":968169387,"kind":"lake"},"geometry":{"type":"Polygon","coordinates":[[[101.37619,3.42699],[101.37617,3.42674],[101.37632,3.42652],[101.37666,3.42654],[101.37709,3.42652],[101.37762,3.42636],[101.37811,3.42636],[101.37866,3.42635],[101.37909,3.42629],[101.37957,3.42618],[101.37989,3.42614],[101.3799,3.42632],[101.37959,3.42656],[101.37915,3.42671],[101.37919,3.42691],[101.3793,3.42717],[101.37952,3.42766],[101.37945,3.42792],[101.37913,3.42797],[101.37882,3.42805],[101.37884,3.42836],[101.37876,3.42872],[101.37865,3.42888],[101.37826,3.42874],[101.37813,3.42845],[101.37788,3.42843],[101.37762,3.42847],[101.37767,3.42825],[101.37784,3.42793],[101.37763,3.42768],[101.37705,3.4279],[101.37675,3.42789],[101.37654,3.42774],[101.37637,3.42767],[101.37614,3.42764],[101.37589,3.42754],[101.37557,3.42746],[101.37578,3.42732],[101.37605,3.42723],[101.37622,3.42714],[101.37619,3.42699]]]}},{"type":"Feature","properties":{"id":968481938,"kind":"lake"},"geometry":{"type":"Polygon","coordinates":[[[101.41962,3.42502],[101.41952,3.42498],[101.41946,3.42488],[101.41957,3.42474],[101.41979,3.4247],[101.41994,3.42474],[101.42013,3.42467],[101.42014,3.42454],[101.42007,3.42438],[101.42009,3.4241],[101.4203,3.42345],[101.4204,3.42343],[101.42047,3.42352],[101.42056,3.42364],[101.42069,3.4236],[101.42077,3.42345],[101.4208,3.42326],[101.42081,3.42309],[101.42101,3.42309],[101.42116,3.42318],[101.42133,3.42332],[101.42137,3.42359],[101.42129,3.42367],[101.4212,3.42384],[101.42115,3.42406],[101.42115,3.42428],[101.42111,3.42441],[101.42099,3.42446],[101.42088,3.42434],[101.42085,3.42419],[101.42085,3.42403],[101.42079,3.42399],[101.42056,3.424],[101.42052,3.42413],[101.42055,3.42426],[101.42046,3.42439],[101.42053,3.42449],[101.42062,3.42466],[101.42059,3.42481],[101.42055,3.42493],[101.42048,3.42507],[101.42055,3.42526],[101.42071,3.42535],[101.42081,3.42546],[101.42076,3.4255],[101.42063,3.42549],[101.42045,3.42545],[101.42031,3.4255],[101.4202,3.42546],[101.42016,3.42551],[101.42009,3.42559],[101.41997,3.42553],[101.41986,3.42528],[101.41975,3.4251],[101.41962,3.42502]]]}},{"type":"Feature","properties":{"id":968481939,"kind":"lake"},"geometry":{"type":"Polygon","coordinates":[[[101.40346,3.43114],[101.40338,3.43115],[101.40326,3.43113],[101.40321,3.43106],[101.40321,3.43095],[101.40322,3.43069],[101.40321,3.43041],[101.40319,3.43013],[101.40316,3.42991],[101.40309,3.42968],[101.40292,3.42949],[101.40286,3.42939],[101.40303,3.429],[101.40315,3.42885],[101.40321,3.429],[101.40316,3.42938],[101.40342,3.42935],[101.40374,3.42932],[101.40391,3.4294],[101.40392,3.42953],[101.4038,3.42962],[101.4037,3.42965],[101.40382,3.42978],[101.4039,3.42993],[101.40386,3.43025],[101.40371,3.43044],[101.40358,3.4306],[101.4035,3.43092],[101.40346,3.43114]]]}},{"type":"Feature","properties":{"id":968481940,"kind":"lake"},"geometry":{"type":"Polygon","coordinates":[[[101.40113,3.42766],[101.40104,3.42753],[101.40099,3.4275],[101.40086,3.42741],[101.40083,3.42723],[101.40102,3.42696],[101.40161,3.426],[101.40188,3.42578],[101.40204,3.42581],[101.40208,3.42601],[101.40208,3.42619],[101.40213,3.42638],[101.40228,3.42646],[101.40262,3.4266],[101.40282,3.42678],[101.40278,3.42708],[101.40273,3.42741],[101.40264,3.42773],[101.40255,3.42792],[101.40244,3.42803],[101.40227,3.42803],[101.40218,3.42798],[101.40216,3.42779],[101.40218,3.42755],[101.40207,3.42752],[101.40186,3.42756],[101.40167,3.42768],[101.40152,3.42781],[101.40137,3.42773],[101.40135,3.42759],[101.40146,3.42744],[101.40143,3.42732],[101.40132,3.42738],[101.40121,3.42756],[101.40113,3.42766]]]}},{"type":"Feature","properties":{"id":972045964,"kind":"basin"},"geometry":{"type":"Polygon","coordinates":[[[101.87488,2.44794],[101.87509,2.44816],[101.87533,2.44794],[101.87512,2.44771],[101.87488,2.44794]]]}},{"type":"Feature","properties":{"id":973029385,"kind":"pond"},"geometry":{"type":"Polygon","coordinates":[[[102.0048,2.47972],[102.00478,2.47976],[102.00479,2.47979],[102.00486,2.47983],[102.0049,2.47988],[102.00492,2.48004],[102.00489,2.4802],[102.00484,2.4803],[102.00481,2.48033],[102.0048,2.48036],[102.0048,2.48038],[102.00481,2.48045],[102.00479,2.48053],[102.0048,2.48056],[102.00488,2.48064],[102.00495,2.48065],[102.00507,2.48065],[102.00511,2.48062],[102.00511,2.48057],[102.0051,2.48054],[102.00505,2.48048],[102.00503,2.48041],[102.0051,2.48016],[102.00511,2.48012],[102.0051,2.48006],[102.00504,2.47992],[102.00504,2.47983],[102.00502,2.47979],[102.00493,2.47973],[102.0049,2.47971],[102.00484,2.4797],[102.00481,2.47971],[102.0048,2.47972]]]}},{"type":"Feature","properties":{"id":973029388,"kind":"pond"},"geometry":{"type":"Polygon","coordinates":[[[102.00342,2.47991],[102.00345,2.48004],[102.00357,2.48017],[102.00372,2.48026],[102.00378,2.48024],[102.00397,2.48014],[102.00408,2.48004],[102.00415,2.4798],[102.00412,2.47976],[102.00404,2.47974],[102.00399,2.47976],[102.00396,2.47983],[102.00388,2.47998],[102.00379,2.48006],[102.00372,2.48006],[102.00365,2.48001],[102.00363,2.4799],[102.0036,2.47985],[102.00353,2.47985],[102.00346,2.47988],[102.00342,2.47991]]]}},{"type":"Feature","properties":{"id":973029402,"kind":"basin"},"geometry":{"type":"Polygon","coordinates":[[[102.01633,2.48161],[102.01629,2.48156],[102.01628,2.48151],[102.01628,2.48147],[102.01632,2.48139],[102.0164,2.48132],[102.01754,2.48068],[102.01761,2.48067],[102.01767,2.48068],[102.01773,2.48072],[102.01778,2.48076],[102.01785,2.48084],[102.01797,2.48106],[102.01799,2.48114],[102.01797,2.48124],[102.01794,2.4813],[102.01758,2.48158],[102.01742,2.48167],[102.01727,2.48173],[102.01719,2.48178],[102.01711,2.48183],[102.01694,2.48189],[102.01684,2.4819],[102.01678,2.48189],[102.01668,2.48186],[102.01656,2.4818],[102.01642,2.4817],[102.01633,2.48161]]]}},{"type":"Feature","properties":{"id":973067012,"kind":"basin"},"geometry":{"type":"Polygon","coordinates":[[[102.02018,2.47699],[102.02007,2.47716],[102.02003,2.47724],[102.01998,2.47733],[102.01993,2.47738],[102.01985,2.47741],[102.01976,2.47748],[102.01965,2.47754],[102.01961,2.47756],[102.01953,2.47756],[102.01945,2.47752],[102.01912,2.47728],[102.01905,2.47725],[102.01898,2.47723],[102.01883,2.47714],[102.01875,2.47703],[102.01873,2.47696],[102.01876,2.4768],[102.01906,2.47634],[102.01954,2.47571],[102.01993,2.47525],[102.02015,2.47502],[102.02028,2.47498],[102.02043,2.475],[102.02059,2.47508],[102.02075,2.47522],[102.0208,2.47538],[102.02079,2.47559],[102.02072,2.47592],[102.02018,2.47699]]]}},{"type":"Feature","properties":{"id":973217030,"kind":"wetland"},"geometry":{"type":"Polygon","coordinates":[[[101.51162,3.69426],[101.51174,3.69406],[101.5121,3.69428],[101.51198,3.69449],[101.51162,3.69426]]]}},{"type":"Feature","properties":{"id":981894607,"name":"Sludge Pond","kind":"wastewater"},"geometry":{"type":"Polygon","coordinates":[[[101.72564,2.59374],[101.72711,2.59375],[101.72715,2.58976],[101.72567,2.58975],[101.72564,2.59374]]]}},{"type":"Feature","properties":{"id":988992353,"kind":"lake"},"geometry":{"type":"Polygon","coordinates":[[[102.08413,3.48361],[102.08438,3.48379],[102.08447,3.48392],[102.08453,3.48408],[102.08449,3.48424],[102.08455,3.48433],[102.08459,3.48444],[102.08464,3.48453],[102.0848,3.4846],[102.08491,3.48462],[102.08504,3.48454],[102.08511,3.48443],[102.08512,3.48432],[102.08498,3.48421],[102.08496,3.48412],[102.08497,3.48394],[102.08494,3.48375],[102.08498,3.48366],[102.08495,3.48357],[102.08496,3.48348],[102.08507,3.4834],[102.0852,3.48333],[102.08537,3.48327],[102.08547,3.4832],[102.08562,3.48314],[102.08575,3.48316],[102.08582,3.48325],[102.08584,3.48341],[102.08578,3.48358],[102.08577,3.48369],[102.08573,3.48385],[102.08582,3.48403],[102.08583,3.48414],[102.08581,3.48423],[102.08581,3.48431],[102.08585,3.48435],[102.08596,3.48428],[102.08601,3.48416],[102.08599,3.48403],[102.08592,3.48392],[102.0859,3.48376],[102.08594,3.48364],[102.08593,3.48356],[102.08599,3.48339],[102.08616,3.48332],[102.08628,3.48329],[102.08649,3.48337],[102.08663,3.48329],[102.08681,3.48323],[102.08695,3.48301],[102.08702,3.48291],[102.08704,3.48273],[102.08709,3.48261],[102.08706,3.48253],[102.0871,3.48244],[102.08724,3.4825],[102.0874,3.4826],[102.0875,3.48254],[102.08744,3.48244],[102.08734,3.48235],[102.08734,3.48224],[102.08746,3.48221],[102.0875,3.48212],[102.08761,3.48201],[102.08776,3.48203],[102.08794,3.48202],[102.08812,3.48198],[102.08828,3.4819],[102.08847,3.4819],[102.08862,3.48188],[102.08871,3.48183],[102.08865,3.48155],[102.08856,3.48133],[102.08846,3.48098],[102.08793,3.48109],[102.0875,3.48124],[102.08729,3.48139],[102.08706,3.48171],[102.08689,3.48182],[102.08663,3.48184],[102.08649,3.482],[102.08634,3.48192],[102.08628,3.48175],[102.08628,3.48166],[102.08618,3.48161],[102.08592,3.48163],[102.08592,3.48176],[102.0858,3.4818],[102.08565,3.48196],[102.08556,3.48209],[102.08546,3.48225],[102.08529,3.48231],[102.08519,3.48242],[102.08505,3.48252],[102.08499,3.48259],[102.08485,3.48276],[102.08475,3.48284],[102.08464,3.4829],[102.08456,3.483],[102.0844,3.48298],[102.08423,3.48287],[102.08408,3.48283],[102.08391,3.48284],[102.08375,3.48282],[102.0836,3.48279],[102.08348,3.48277],[102.08335,3.48279],[102.08318,3.48273],[102.08298,3.48261],[102.08285,3.48251],[102.08271,3.4824],[102.08264,3.48228],[102.0825,3.48224],[102.08223,3.48231],[102.082,3.48234],[102.08184,3.48235],[102.08161,3.48229],[102.08144,3.48214],[102.08133,3.48207],[102.08114,3.482],[102.08101,3.48194],[102.08087,3.48195],[102.08071,3.48191],[102.08043,3.48182],[102.0802,3.48169],[102.08007,3.48167],[102.08006,3.48179],[102.08021,3.48201],[102.08022,3.48215],[102.08024,3.48236],[102.08022,3.48249],[102.08024,3.48257],[102.08035,3.48268],[102.0805,3.48253],[102.08063,3.48245],[102.08078,3.48239],[102.08097,3.48235],[102.08113,3.48231],[102.08126,3.48229],[102.08142,3.48231],[102.08151,3.48239],[102.08151,3.48251],[102.08145,3.48264],[102.08147,3.48274],[102.08153,3.48287],[102.08181,3.48297],[102.08194,3.48295],[102.08209,3.48303],[102.08216,3.48308],[102.08229,3.48309],[102.08247,3.48309],[102.08261,3.48315],[102.08266,3.48326],[102.08272,3.48334],[102.08292,3.48336],[102.08307,3.48343],[102.08316,3.48349],[102.08329,3.48362],[102.08341,3.48373],[102.08349,3.48389],[102.08364,3.48386],[102.08377,3.48379],[102.08384,3.48369],[102.08397,3.48359],[102.08413,3.48361]]]}},{"type":"Feature","properties":{"id":997202740,"kind":"pond"},"geometry":{"type":"Polygon","coordinates":[[[100.96296,3.91472],[100.96319,3.91505],[100.96251,3.91549],[100.96261,3.91563],[100.96338,3.9152],[100.96357,3.91515],[100.96363,3.91517],[100.96422,3.91523],[100.96781,3.92123],[100.9679,3.92118],[100.96432,3.91523],[100.96422,3.91519],[100.96356,3.91512],[100.96347,3.91506],[100.96322,3.91462],[100.96313,3.91456],[100.96296,3.91472]]]}},{"type":"Feature","properties":{"id":1046375986,"kind":"lake"},"geometry":{"type":"Polygon","coordinates":[[[101.40728,3.43999],[101.40731,3.43981],[101.40797,3.43999],[101.40826,3.44002],[101.40863,3.44002],[101.40876,3.43996],[101.4091,3.44015],[101.4087,3.44021],[101.40841,3.44022],[101.40812,3.4402],[101.40776,3.44016],[101.4075,3.44009],[101.40728,3.43999]]]}},{"type":"Feature","properties":{"id":1083259826,"kind":"reservoir"},"geometry":{"type":"Polygon","coordinates":[[[101.89375,3.50433],[101.89317,3.50371],[101.89306,3.50431],[101.89238,3.5055],[101.89239,3.50584],[101.89216,3.506],[101.89186,3.50575],[101.89119,3.50563],[101.89062,3.50536],[101.89019,3.50522],[101.88933,3.50521],[101.88858,3.5053],[101.888,3.5052],[101.88766,3.50527],[101.88691,3.50519],[101.88633,3.50527],[101.88606,3.50535],[101.88588,3.50534],[101.88584,3.50532],[101.88584,3.50527],[101.88586,3.50522],[101.88594,3.505],[101.88587,3.50488],[101.88555,3.5048],[101.88549,3.50475],[101.88542,3.50478],[101.88531,3.5048],[101.88529,3.50483],[101.88524,3.5048],[101.88495,3.5048],[101.88486,3.50483],[101.88477,3.50495],[101.88462,3.50499],[101.88455,3.50506],[101.8845,3.50506],[101.88447,3.5051],[101.88437,3.50511],[101.88423,3.505],[101.88406,3.50491],[101.88393,3.50494],[101.88381,3.50496],[101.88378,3.50497],[101.88373,3.50494],[101.88368,3.50492],[101.88361,3.50488],[101.88355,3.50484],[101.8835,3.5048],[101.8834,3.50475],[101.88333,3.50477],[101.88333,3.50482],[101.8834,3.50481],[101.88345,3.50483],[101.88353,3.50487],[101.88358,3.50491],[101.88365,3.50497],[101.88369,3.505],[101.88374,3.50504],[101.88382,3.50507],[101.88399,3.50509],[101.88414,3.50507],[101.88415,3.5052],[101.88427,3.50521],[101.88444,3.50528],[101.8845,3.50528],[101.88456,3.50525],[101.88464,3.50517],[101.88469,3.50514],[101.88482,3.50503],[101.8849,3.505],[101.88496,3.50503],[101.88498,3.50508],[101.88508,3.50504],[101.88513,3.50493],[101.88526,3.50489],[101.88538,3.5049],[101.88552,3.50492],[101.88564,3.50505],[101.88572,3.50508],[101.88578,3.50519],[101.88577,3.50525],[101.88568,3.50529],[101.88563,3.50541],[101.88551,3.50548],[101.88528,3.50571],[101.88506,3.5057],[101.88474,3.50579],[101.88449,3.50615],[101.88415,3.50638],[101.88345,3.50649],[101.88282,3.50632],[101.88227,3.50625],[101.88129,3.50614],[101.88044,3.50633],[101.87995,3.50637],[101.87933,3.50617],[101.87888,3.5061],[101.87854,3.50632],[101.8782,3.50659],[101.878,3.50695],[101.87777,3.50724],[101.87762,3.50769],[101.87756,3.50806],[101.87757,3.50883],[101.878,3.50905],[101.87828,3.5089],[101.87838,3.50865],[101.87819,3.50815],[101.8784,3.5075],[101.87848,3.50702],[101.87862,3.50671],[101.87878,3.50709],[101.8789,3.5072],[101.87941,3.50699],[101.87971,3.5069],[101.87996,3.50706],[101.88034,3.50762],[101.88068,3.50775],[101.88083,3.50764],[101.88088,3.50749],[101.8811,3.50734],[101.88126,3.50753],[101.88131,3.50765],[101.88171,3.50751],[101.88204,3.50758],[101.88255,3.50756],[101.88293,3.50754],[101.88294,3.50723],[101.88292,3.50705],[101.88322,3.50702],[101.8836,3.50698],[101.8839,3.5068],[101.8841,3.50689],[101.88471,3.50672],[101.88518,3.5065],[101.88557,3.50609],[101.88606,3.50567],[101.88636,3.50557],[101.88667,3.50579],[101.88683,3.5056],[101.88706,3.50556],[101.88729,3.50576],[101.88755,3.50594],[101.88792,3.50602],[101.88852,3.50613],[101.88896,3.50614],[101.88947,3.50606],[101.89006,3.5059],[101.89045,3.50597],[101.89054,3.50625],[101.89085,3.50651],[101.89131,3.50673],[101.8918,3.50675],[101.89227,3.50672],[101.8928,3.50677],[101.89325,3.50669],[101.89325,3.5065],[101.89325,3.50632],[101.89291,3.50629],[101.89284,3.50605],[101.89316,3.50515],[101.8934,3.50476],[101.89375,3.50433]]]}},{"type":"Feature","properties":{"id":1084711029,"kind":"wastewater"},"geometry":{"type":"Polygon","coordinates":[[[101.90045,3.52236],[101.9004,3.52231],[101.9004,3.52225],[101.90048,3.52194],[101.90054,3.52189],[101.90132,3.52211],[101.90135,3.52218],[101.90135,3.52227],[101.90125,3.52252],[101.90122,3.52256],[101.90114,3.52256],[101.90045,3.52236]]]}},{"type":"Feature","properties":{"id":1084711030,"kind":"wastewater"},"geometry":{"type":"Polygon","coordinates":[[[101.90054,3.52279],[101.90049,3.52272],[101.90051,3.52265],[101.90056,3.52251],[101.90062,3.52247],[101.90115,3.52259],[101.90121,3.52265],[101.90114,3.52293],[101.90108,3.52297],[101.90054,3.52279]]]}},{"type":"Feature","properties":{"id":1085564417,"kind":"lake"},"geometry":{"type":"Polygon","coordinates":[[[101.82056,3.36002],[101.82045,3.36009],[101.82032,3.36018],[101.82025,3.36023],[101.8202,3.36023],[101.82019,3.36019],[101.82027,3.36013],[101.82036,3.36004],[101.82038,3.35998],[101.82044,3.35991],[101.82048,3.35985],[101.82056,3.35981],[101.82069,3.35977],[101.82073,3.35979],[101.82073,3.35986],[101.8207,3.35992],[101.82064,3.35994],[101.8206,3.35997],[101.82056,3.36002]]]}},{"type":"Feature","properties":{"id":1085564426,"kind":"lake"},"geometry":{"type":"Polygon","coordinates":[[[101.82303,3.35829],[101.82309,3.35825],[101.82316,3.35821],[101.82322,3.35818],[101.82326,3.35814],[101.8233,3.3581],[101.82331,3.35804],[101.82333,3.35802],[101.82337,3.35801],[101.8234,3.358],[101.82341,3.35799],[101.82341,3.35797],[101.82344,3.35794],[101.82349,3.35793],[101.82357,3.35792],[101.82363,3.35795],[101.82368,3.35803],[101.8237,3.35809],[101.82369,3.35818],[101.82366,3.35826],[101.82362,3.35833],[101.82352,3.35838],[101.82338,3.35844],[101.82323,3.35848],[101.8231,3.35854],[101.82302,3.35857],[101.82298,3.35856],[101.82297,3.35854],[101.82297,3.35851],[101.82297,3.35846],[101.82295,3.35843],[101.82294,3.35839],[101.82295,3.35836],[101.82298,3.35833],[101.82303,3.35829]]]}},{"type":"Feature","properties":{"id":1085564431,"kind":"lake"},"geometry":{"type":"Polygon","coordinates":[[[101.82356,3.35725],[101.82356,3.35718],[101.82353,3.3571],[101.82352,3.35705],[101.82355,3.35698],[101.82361,3.35691],[101.8237,3.3569],[101.82377,3.35694],[101.82386,3.35703],[101.82394,3.35714],[101.82397,3.3572],[101.82397,3.35725],[101.82395,3.3573],[101.8239,3.35735],[101.82384,3.35738],[101.82383,3.35742],[101.82385,3.35746],[101.8239,3.35753],[101.82392,3.35758],[101.82392,3.35764],[101.8239,3.35771],[101.82386,3.35775],[101.82381,3.3578],[101.82376,3.3578],[101.82372,3.35778],[101.82367,3.35776],[101.82364,3.3577],[101.82362,3.35763],[101.8236,3.35756],[101.8236,3.35746],[101.82357,3.35737],[101.82355,3.35731],[101.82356,3.35725]]]}},{"type":"Feature","properties":{"id":1085564439,"kind":"lake"},"geometry":{"type":"Polygon","coordinates":[[[101.82675,3.35888],[101.82682,3.35897],[101.82684,3.35909],[101.82683,3.35924],[101.82677,3.35937],[101.82669,3.35944],[101.82661,3.35942],[101.82654,3.35938],[101.8265,3.35931],[101.82646,3.35922],[101.82645,3.35909],[101.82647,3.35901],[101.82651,3.35892],[101.82659,3.35886],[101.82665,3.35884],[101.8267,3.35884],[101.82675,3.35888]]]}},{"type":"Feature","properties":{"id":1085564450,"kind":"lake"},"geometry":{"type":"Polygon","coordinates":[[[101.81931,3.35473],[101.8196,3.35494],[101.81946,3.35515],[101.81943,3.35515],[101.81939,3.35515],[101.81915,3.35499],[101.81914,3.35497],[101.81914,3.35494],[101.81914,3.35493],[101.81931,3.35473]]]}},{"type":"Feature","properties":{"id":1085564451,"kind":"lake"},"geometry":{"type":"Polygon","coordinates":[[[101.8196,3.35487],[101.8195,3.3548],[101.81941,3.35473],[101.81936,3.35467],[101.81935,3.35463],[101.81946,3.35443],[101.8195,3.35441],[101.81956,3.35441],[101.81961,3.35443],[101.81981,3.35457],[101.81982,3.3546],[101.81982,3.35463],[101.81966,3.35485],[101.81963,3.35487],[101.8196,3.35487]]]}},{"type":"Feature","properties":{"id":1085588482,"kind":"water"},"geometry":{"type":"Polygon","coordinates":[[[101.82078,3.35312],[101.82034,3.35288],[101.82058,3.3527],[101.82101,3.35297],[101.82078,3.35312]]]}},{"type":"Feature","properties":{"id":1085588483,"kind":"water"},"geometry":{"type":"Polygon","coordinates":[[[101.82061,3.35267],[101.82085,3.3525],[101.82129,3.35277],[101.82104,3.35294],[101.82061,3.35267]]]}},{"type":"Feature","properties":{"id":1085588528,"kind":"lake"},"geometry":{"type":"Polygon","coordinates":[[[101.82376,3.35197],[101.82403,3.35198],[101.8241,3.35202],[101.82415,3.35206],[101.82422,3.35208],[101.82428,3.35211],[101.82431,3.35213],[101.82433,3.35218],[101.82431,3.35221],[101.82426,3.35225],[101.82419,3.35228],[101.82412,3.35232],[101.82402,3.35238],[101.82396,3.35243],[101.82392,3.35247],[101.82388,3.35248],[101.82383,3.35248],[101.8238,3.35246],[101.82376,3.35243],[101.82374,3.35238],[101.82372,3.35233],[101.82373,3.35226],[101.82373,3.3522],[101.82372,3.3521],[101.82371,3.35205],[101.82371,3.35201],[101.82373,3.35199],[101.82374,3.35198],[101.82376,3.35197]]]}},{"type":"Feature","properties":{"id":1095296598,"kind":"pond"},"geometry":{"type":"Polygon","coordinates":[[[101.2176,3.39501],[101.21806,3.39464],[101.21786,3.39438],[101.21739,3.39475],[101.2176,3.39501]]]}},{"type":"Feature","properties":{"id":1115728544,"kind":"pond"},"geometry":{"type":"Polygon","coordinates":[[[101.67984,3.54033],[101.6799,3.54037],[101.67998,3.54045],[101.68001,3.54054],[101.67998,3.54058],[101.6799,3.54059],[101.67985,3.54052],[101.6798,3.54046],[101.67969,3.54043],[101.67964,3.54046],[101.6796,3.54048],[101.67963,3.54039],[101.67961,3.5403],[101.67964,3.54023],[101.67968,3.5401],[101.6797,3.54008],[101.67971,3.54008],[101.67973,3.5401],[101.67972,3.54016],[101.67974,3.54023],[101.6798,3.5403],[101.67984,3.54033]]]}},{"type":"Feature","properties":{"id":1117527712,"kind":"lake"},"geometry":{"type":"Polygon","coordinates":[[[101.64735,3.35674],[101.64731,3.35669],[101.64727,3.35664],[101.64722,3.35661],[101.64724,3.35658],[101.64725,3.35655],[101.6473,3.35655],[101.64737,3.35657],[101.64748,3.35662],[101.64759,3.35661],[101.64767,3.35659],[101.64771,3.35654],[101.64777,3.35651],[101.64781,3.35654],[101.64785,3.35653],[101.64787,3.35656],[101.64794,3.35656],[101.64796,3.3566],[101.648,3.35667],[101.64807,3.35669],[101.64809,3.35676],[101.64814,3.35687],[101.64813,3.35691],[101.64819,3.35698],[101.64826,3.35697],[101.64837,3.357],[101.64843,3.35707],[101.64854,3.35713],[101.6486,3.35719],[101.64862,3.35723],[101.64861,3.35726],[101.64867,3.35729],[101.64869,3.35734],[101.64864,3.3574],[101.6486,3.35742],[101.64856,3.35741],[101.64851,3.35744],[101.6485,3.35749],[101.64845,3.35751],[101.64841,3.35754],[101.64838,3.35761],[101.64834,3.35765],[101.64829,3.35767],[101.64823,3.35766],[101.64819,3.3577],[101.64816,3.35775],[101.64814,3.35777],[101.64811,3.35778],[101.64809,3.35781],[101.64806,3.35781],[101.64805,3.35782],[101.64805,3.35786],[101.64803,3.3579],[101.648,3.35792],[101.64795,3.35793],[101.64788,3.35791],[101.64779,3.35778],[101.64766,3.35765],[101.64755,3.35754],[101.64752,3.35743],[101.64747,3.35733],[101.64745,3.35719],[101.6474,3.35705],[101.64738,3.35704],[101.64738,3.35698],[101.64734,3.35697],[101.64733,3.35695],[101.64732,3.35693],[101.64729,3.35691],[101.64727,3.3569],[101.64728,3.35685],[101.6473,3.35683],[101.64734,3.35681],[101.64735,3.35677],[101.64735,3.35674]]]}},{"type":"Feature","properties":{"id":1117527713,"kind":"lake"},"geometry":{"type":"Polygon","coordinates":[[[101.64733,3.35333],[101.64731,3.35328],[101.64722,3.35321],[101.6472,3.35322],[101.64719,3.35317],[101.64715,3.35316],[101.64708,3.35318],[101.64702,3.35317],[101.64699,3.35318],[101.6469,3.35315],[101.64686,3.35317],[101.64687,3.35319],[101.64685,3.3532],[101.64686,3.35323],[101.64681,3.35326],[101.64683,3.3533],[101.64681,3.35334],[101.64673,3.35339],[101.64668,3.35337],[101.64665,3.35337],[101.64661,3.3534],[101.6466,3.35343],[101.64656,3.35345],[101.64653,3.35345],[101.64647,3.35346],[101.64646,3.35348],[101.64644,3.35351],[101.64642,3.35354],[101.64643,3.35359],[101.64646,3.3536],[101.64649,3.35366],[101.64651,3.35366],[101.64655,3.35371],[101.64655,3.35375],[101.64658,3.35376],[101.6466,3.35376],[101.64659,3.35378],[101.64657,3.35383],[101.64658,3.35387],[101.64657,3.35391],[101.64655,3.35399],[101.64656,3.35403],[101.64656,3.35406],[101.64653,3.3541],[101.64654,3.35415],[101.64655,3.35422],[101.64658,3.35425],[101.64658,3.35432],[101.64662,3.35438],[101.64667,3.35441],[101.64668,3.35444],[101.64669,3.3545],[101.64672,3.35456],[101.64676,3.35479],[101.64678,3.35486],[101.6468,3.35487],[101.64684,3.35486],[101.64688,3.35483],[101.6469,3.35484],[101.64692,3.35487],[101.64692,3.35493],[101.64691,3.355],[101.6469,3.35508],[101.64693,3.35515],[101.64696,3.35522],[101.64695,3.35527],[101.64694,3.35537],[101.64695,3.35543],[101.647,3.35551],[101.64702,3.35558],[101.64704,3.35561],[101.64708,3.35561],[101.64713,3.35562],[101.64718,3.3556],[101.64719,3.35559],[101.64719,3.35556],[101.64722,3.35554],[101.64725,3.35555],[101.64727,3.35554],[101.64728,3.35551],[101.64731,3.35548],[101.64733,3.35545],[101.64732,3.35533],[101.6473,3.35521],[101.64727,3.3551],[101.64726,3.35497],[101.64726,3.35486],[101.64724,3.35481],[101.64728,3.35477],[101.64734,3.35475],[101.64739,3.35472],[101.64741,3.35469],[101.64741,3.35453],[101.64741,3.35444],[101.64741,3.35432],[101.64739,3.35423],[101.64736,3.35414],[101.6473,3.3541],[101.64726,3.35409],[101.64723,3.35411],[101.64723,3.35413],[101.64719,3.35416],[101.64716,3.35416],[101.64715,3.35421],[101.64712,3.35424],[101.64709,3.35427],[101.64705,3.35424],[101.64701,3.35426],[101.64697,3.35427],[101.64694,3.35429],[101.64689,3.35428],[101.64687,3.35423],[101.64685,3.35421],[101.64684,3.35423],[101.64681,3.35423],[101.6468,3.3542],[101.64676,3.35421],[101.64671,3.35422],[101.64669,3.35421],[101.64669,3.35417],[101.64671,3.35414],[101.64669,3.35413],[101.64666,3.35409],[101.64667,3.35406],[101.6467,3.35405],[101.64669,3.35403],[101.64671,3.35401],[101.64673,3.35399],[101.64673,3.35398],[101.6467,3.35397],[101.64666,3.35392],[101.64665,3.35386],[101.64668,3.35381],[101.64671,3.35379],[101.6467,3.35377],[101.64671,3.35376],[101.64675,3.35375],[101.64676,3.35373],[101.64674,3.35372],[101.64675,3.3537],[101.64676,3.35368],[101.64678,3.35368],[101.64681,3.35367],[101.64683,3.35368],[101.64685,3.3537],[101.64684,3.35371],[101.64682,3.35371],[101.64681,3.35373],[101.64683,3.35375],[101.64683,3.35379],[101.64685,3.35379],[101.64688,3.35379],[101.6469,3.3538],[101.64692,3.35379],[101.64695,3.35378],[101.64698,3.35381],[101.647,3.35384],[101.64702,3.35388],[101.64701,3.3539],[101.64699,3.35389],[101.64698,3.35392],[101.64695,3.35392],[101.64693,3.35393],[101.64691,3.35395],[101.64689,3.35395],[101.64689,3.35397],[101.6469,3.35397],[101.64692,3.35395],[101.64696,3.35394],[101.64701,3.35394],[101.64703,3.35392],[101.64706,3.35392],[101.64709,3.35389],[101.64713,3.35389],[101.64716,3.35389],[101.64715,3.35379],[101.64714,3.35373],[101.64717,3.3537],[101.64719,3.35368],[101.64723,3.3536],[101.64722,3.35357],[101.64726,3.35353],[101.64726,3.3535],[101.64724,3.35347],[101.64724,3.3534],[101.64727,3.35335],[101.64733,3.35333]]]}},{"type":"Feature","properties":{"id":1117646307,"kind":"lake"},"geometry":{"type":"Polygon","coordinates":[[[102.00603,2.69709],[102.00615,2.69712],[102.00629,2.69702],[102.0063,2.69686],[102.00629,2.69666],[102.00623,2.69648],[102.00624,2.69637],[102.0063,2.6962],[102.00639,2.69616],[102.00638,2.69611],[102.00632,2.69608],[102.00633,2.69597],[102.00632,2.69571],[102.00635,2.69554],[102.00625,2.69552],[102.00605,2.6956],[102.00594,2.69573],[102.00585,2.69583],[102.00578,2.69592],[102.00574,2.696],[102.00575,2.69614],[102.00593,2.69625],[102.00592,2.6963],[102.00593,2.69634],[102.00605,2.69641],[102.00608,2.6965],[102.00602,2.69663],[102.00593,2.69668],[102.00587,2.6968],[102.00592,2.69694],[102.00603,2.69709]]]}},{"type":"Feature","properties":{"id":1121061486,"kind":"reservoir"},"geometry":{"type":"Polygon","coordinates":[[[102.01778,2.7021],[102.01774,2.70211],[102.01767,2.70202],[102.0176,2.7018],[102.0176,2.70149],[102.01763,2.70131],[102.01778,2.70134],[102.01787,2.70144],[102.01789,2.70189],[102.01778,2.7021]]]}},{"type":"Feature","properties":{"id":1121061489,"kind":"basin"},"geometry":{"type":"Polygon","coordinates":[[[102.02431,2.70584],[102.02435,2.70564],[102.02433,2.70535],[102.02421,2.70529],[102.02384,2.7053],[102.02378,2.70538],[102.02376,2.70549],[102.02376,2.70565],[102.02376,2.70575],[102.02379,2.70578],[102.02431,2.70584]]]}},{"type":"Feature","properties":{"id":1121152883,"kind":"stream_pool"},"geometry":{"type":"Polygon","coordinates":[[[101.8643,3.45661],[101.86449,3.45682],[101.86458,3.45695],[101.86461,3.45713],[101.86451,3.45718],[101.86437,3.4572],[101.86426,3.45717],[101.86415,3.45696],[101.86405,3.4567],[101.8643,3.45661]]]}},{"type":"Feature","properties":{"id":1135627457,"kind":"wetland"},"geometry":{"type":"Polygon","coordinates":[[[101.23667,3.3504],[101.2372,3.35035],[101.23744,3.35076],[101.23747,3.35088],[101.23748,3.351],[101.23774,3.35155],[101.23913,3.35086],[101.23912,3.35096],[101.23899,3.35116],[101.23897,3.35132],[101.23903,3.35149],[101.2391,3.35157],[101.23928,3.35163],[101.23949,3.35163],[101.23961,3.3516],[101.2398,3.35153],[101.24019,3.35224],[101.24037,3.35255],[101.24049,3.35274],[101.24056,3.35285],[101.24043,3.35294],[101.24072,3.35328],[101.24085,3.35342],[101.2409,3.35348],[101.24079,3.3538],[101.2407,3.35409],[101.24045,3.35473],[101.24035,3.3549],[101.24018,3.35506],[101.24005,3.35518],[101.2399,3.35528],[101.23984,3.35528],[101.23972,3.35526],[101.23963,3.35523],[101.23904,3.35504],[101.23891,3.35495],[101.23872,3.35475],[101.23841,3.35447],[101.23808,3.35416],[101.23764,3.35356],[101.23705,3.35225],[101.23692,3.3518],[101.23674,3.3509],[101.23667,3.3504]]]}},{"type":"Feature","properties":{"id":1146136630,"kind":"pond"},"geometry":{"type":"Polygon","coordinates":[[[101.55407,3.45857],[101.55443,3.45857],[101.5545,3.45859],[101.55454,3.45865],[101.55454,3.45869],[101.55456,3.45874],[101.5546,3.45875],[101.55467,3.45877],[101.55473,3.45878],[101.55479,3.45878],[101.55486,3.45873],[101.55491,3.45869],[101.55492,3.45865],[101.55491,3.45859],[101.55494,3.45846],[101.55499,3.45832],[101.55503,3.45826],[101.55512,3.45814],[101.55513,3.45807],[101.55511,3.45797],[101.55514,3.45788],[101.55524,3.45773],[101.55528,3.45764],[101.5553,3.45755],[101.55528,3.45747],[101.55522,3.45738],[101.55517,3.45733],[101.55507,3.45729],[101.55497,3.45731],[101.55487,3.45732],[101.55482,3.45733],[101.55473,3.45734],[101.55458,3.45739],[101.55451,3.45741],[101.55443,3.45745],[101.55438,3.4575],[101.55434,3.45758],[101.55435,3.45764],[101.55435,3.45768],[101.55435,3.4578],[101.55433,3.45788],[101.55428,3.45795],[101.55421,3.45799],[101.55411,3.45805],[101.55406,3.4581],[101.55401,3.45818],[101.55397,3.4583],[101.55397,3.45843],[101.554,3.4585],[101.55407,3.45857]]]}},{"type":"Feature","properties":{"id":1146136631,"kind":"pond"},"geometry":{"type":"Polygon","coordinates":[[[101.55621,3.45895],[101.55628,3.45891],[101.55634,3.45897],[101.55641,3.45894],[101.55646,3.45888],[101.55648,3.4588],[101.55652,3.45872],[101.55659,3.45872],[101.55665,3.45872],[101.55675,3.45868],[101.55682,3.4587],[101.55686,3.45871],[101.5569,3.45874],[101.55691,3.4588],[101.55695,3.45883],[101.55702,3.45889],[101.55707,3.45892],[101.55713,3.45896],[101.55721,3.45898],[101.55728,3.45897],[101.55736,3.45893],[101.55745,3.45887],[101.55755,3.45881],[101.55759,3.45879],[101.55763,3.45873],[101.55767,3.45871],[101.55768,3.45866],[101.55774,3.45864],[101.55779,3.45864],[101.55785,3.45865],[101.55789,3.45861],[101.55803,3.45823],[101.55805,3.45815],[101.55805,3.45811],[101.55804,3.45805],[101.55801,3.45801],[101.55796,3.45799],[101.55789,3.45799],[101.5578,3.45799],[101.55774,3.45799],[101.55772,3.45797],[101.55767,3.45797],[101.55766,3.458],[101.55764,3.45802],[101.55759,3.458],[101.55759,3.45797],[101.55754,3.45796],[101.5575,3.45796],[101.55745,3.45797],[101.5574,3.45798],[101.55734,3.458],[101.55728,3.45801],[101.55725,3.45799],[101.55724,3.45797],[101.55726,3.45793],[101.55729,3.45792],[101.55733,3.45792],[101.55736,3.45789],[101.55736,3.45784],[101.5573,3.45778],[101.55726,3.45776],[101.5572,3.45771],[101.55715,3.45767],[101.55714,3.45765],[101.5571,3.45763],[101.55706,3.4576],[101.55704,3.45758],[101.55703,3.45756],[101.55698,3.45753],[101.55696,3.4575],[101.55694,3.45749],[101.5569,3.45748],[101.55687,3.45744],[101.55686,3.4574],[101.55685,3.45736],[101.55684,3.45732],[101.55682,3.45729],[101.5568,3.45729],[101.55675,3.45727],[101.55673,3.45726],[101.55671,3.45724],[101.55669,3.45723],[101.55663,3.45725],[101.55658,3.45727],[101.55651,3.45728],[101.55645,3.4573],[101.55641,3.45731],[101.55635,3.45732],[101.55633,3.4573],[101.55628,3.4573],[101.55623,3.45734],[101.55619,3.45739],[101.55617,3.45745],[101.55617,3.4575],[101.55616,3.45758],[101.55613,3.4578],[101.55612,3.45792],[101.55615,3.45801],[101.55616,3.45811],[101.55618,3.45814],[101.55617,3.45818],[101.55616,3.45826],[101.55615,3.45834],[101.55615,3.45842],[101.55615,3.4585],[101.55613,3.4587],[101.55621,3.45895]]]}},{"type":"Feature","properties":{"id":1146136632,"kind":"pond"},"geometry":{"type":"Polygon","coordinates":[[[101.55436,3.45722],[101.55514,3.45723],[101.55526,3.45725],[101.55534,3.45728],[101.55538,3.45732],[101.55542,3.4574],[101.55545,3.45743],[101.55552,3.45744],[101.5556,3.45743],[101.55565,3.45743],[101.5557,3.45747],[101.55575,3.4575],[101.55583,3.45751],[101.55589,3.45751],[101.55594,3.45747],[101.55596,3.45743],[101.55598,3.45737],[101.55602,3.4573],[101.55603,3.45725],[101.55603,3.45717],[101.55603,3.45712],[101.5561,3.45703],[101.55617,3.45701],[101.55625,3.45699],[101.55636,3.457],[101.55644,3.457],[101.5565,3.45698],[101.55656,3.45693],[101.55657,3.45688],[101.55656,3.45678],[101.55651,3.45672],[101.55647,3.4567],[101.55641,3.45667],[101.55636,3.45661],[101.55634,3.45657],[101.55623,3.4565],[101.55617,3.45649],[101.55606,3.45645],[101.55603,3.45637],[101.55594,3.45631],[101.55581,3.45627],[101.55573,3.45624],[101.55562,3.45625],[101.55554,3.45629],[101.55543,3.45631],[101.55532,3.45632],[101.55526,3.45634],[101.55522,3.45637],[101.55517,3.45641],[101.55508,3.45648],[101.55503,3.4565],[101.55494,3.45656],[101.55485,3.4566],[101.55474,3.45666],[101.55466,3.45669],[101.55463,3.45675],[101.5545,3.4568],[101.55444,3.45683],[101.55434,3.4569],[101.55433,3.45706],[101.55436,3.45722]]]}},{"type":"Feature","properties":{"id":1146136633,"kind":"pond"},"geometry":{"type":"Polygon","coordinates":[[[101.55578,3.46187],[101.5557,3.46178],[101.55564,3.46161],[101.55564,3.46137],[101.55571,3.46112],[101.55579,3.461],[101.55585,3.4609],[101.55586,3.46079],[101.5559,3.46071],[101.55591,3.46066],[101.55595,3.46059],[101.55601,3.46057],[101.55606,3.46054],[101.55608,3.46048],[101.55615,3.46045],[101.55627,3.4604],[101.55634,3.46037],[101.55637,3.46039],[101.55637,3.46043],[101.55636,3.46048],[101.55632,3.46051],[101.55629,3.46055],[101.5563,3.46058],[101.55633,3.46059],[101.55641,3.46059],[101.55649,3.46056],[101.55659,3.46052],[101.55676,3.46045],[101.55686,3.46044],[101.55694,3.46042],[101.55699,3.46044],[101.55702,3.46046],[101.5571,3.46045],[101.55725,3.46049],[101.5573,3.46056],[101.5574,3.46072],[101.55741,3.46078],[101.55742,3.46086],[101.55739,3.46094],[101.55734,3.46101],[101.55729,3.46106],[101.55722,3.46109],[101.55709,3.4611],[101.557,3.4611],[101.55694,3.46111],[101.55689,3.46112],[101.55684,3.46119],[101.55676,3.46123],[101.55673,3.46131],[101.55673,3.46138],[101.55658,3.46142],[101.55656,3.46145],[101.55655,3.46151],[101.55658,3.46155],[101.55663,3.46156],[101.55667,3.4616],[101.55665,3.46166],[101.55662,3.46172],[101.55656,3.46173],[101.55646,3.46174],[101.55626,3.46172],[101.55625,3.46183],[101.55624,3.46191],[101.55622,3.46193],[101.55614,3.46193],[101.55616,3.46186],[101.55613,3.46177],[101.5561,3.46173],[101.55608,3.46173],[101.55609,3.46176],[101.55611,3.4618],[101.55612,3.46184],[101.55611,3.46189],[101.5561,3.46191],[101.55607,3.46191],[101.55604,3.46189],[101.55603,3.46186],[101.55604,3.46179],[101.55602,3.46177],[101.55601,3.46179],[101.55599,3.46182],[101.55601,3.46188],[101.55602,3.4619],[101.55603,3.46193],[101.55602,3.46195],[101.556,3.46195],[101.55597,3.46193],[101.55595,3.46189],[101.55594,3.46189],[101.55592,3.46187],[101.5559,3.46185],[101.55585,3.46188],[101.55578,3.46187]]]}},{"type":"Feature","properties":{"id":1146137941,"kind":"pond"},"geometry":{"type":"Polygon","coordinates":[[[101.59596,3.46493],[101.59529,3.46473],[101.59525,3.4647],[101.59523,3.46467],[101.59523,3.46463],[101.59534,3.46438],[101.59538,3.46435],[101.59544,3.46436],[101.59595,3.4645],[101.59608,3.46455],[101.59613,3.46459],[101.59613,3.46462],[101.59613,3.46465],[101.59602,3.4649],[101.596,3.46493],[101.59596,3.46493]]]}},{"type":"Feature","properties":{"id":1146137946,"kind":"pond"},"geometry":{"type":"Polygon","coordinates":[[[101.5951,3.4651],[101.59576,3.46532],[101.5958,3.46532],[101.59582,3.46531],[101.59596,3.46502],[101.59596,3.465],[101.59594,3.46498],[101.59523,3.46476],[101.59519,3.46476],[101.59516,3.4648],[101.59515,3.46486],[101.59515,3.46491],[101.59514,3.46494],[101.5951,3.46498],[101.59507,3.46503],[101.59508,3.46507],[101.5951,3.4651]]]}},{"type":"Feature","properties":{"id":1146137947,"kind":"pond"},"geometry":{"type":"Polygon","coordinates":[[[101.59575,3.46537],[101.59509,3.46515],[101.59505,3.46514],[101.59502,3.46514],[101.59499,3.46519],[101.59488,3.46538],[101.59487,3.46542],[101.59488,3.46547],[101.59493,3.46549],[101.59497,3.46551],[101.5953,3.46561],[101.59536,3.46565],[101.59543,3.46567],[101.59552,3.4657],[101.59559,3.46571],[101.59562,3.46573],[101.59564,3.46573],[101.59576,3.46546],[101.59577,3.46542],[101.59576,3.46539],[101.59575,3.46537]]]}},{"type":"Feature","properties":{"id":1146137948,"kind":"pond"},"geometry":{"type":"Polygon","coordinates":[[[101.59483,3.46595],[101.59545,3.46612],[101.59549,3.46613],[101.59552,3.46611],[101.59561,3.46582],[101.59561,3.46579],[101.59559,3.46576],[101.59555,3.46575],[101.59549,3.46573],[101.5953,3.46567],[101.59524,3.46566],[101.59493,3.46555],[101.59486,3.46555],[101.59484,3.46557],[101.59482,3.4656],[101.59482,3.46565],[101.59483,3.46569],[101.59485,3.46572],[101.59484,3.46575],[101.59481,3.46576],[101.5948,3.46581],[101.59478,3.46588],[101.59479,3.46591],[101.59483,3.46595]]]}},{"type":"Feature","properties":{"id":1146137949,"kind":"pond"},"geometry":{"type":"Polygon","coordinates":[[[101.59479,3.46604],[101.59478,3.46617],[101.59485,3.46621],[101.5955,3.46638],[101.59561,3.46638],[101.59566,3.46634],[101.59567,3.4663],[101.59567,3.46625],[101.59563,3.46623],[101.59487,3.46603],[101.59482,3.46603],[101.59479,3.46604]]]}},{"type":"Feature","properties":{"id":1146137950,"kind":"pond"},"geometry":{"type":"Polygon","coordinates":[[[101.59476,3.46679],[101.59474,3.46676],[101.59478,3.4663],[101.59481,3.46627],[101.59541,3.46641],[101.59543,3.46644],[101.59542,3.4665],[101.59538,3.46661],[101.59533,3.4667],[101.59528,3.46678],[101.5952,3.46682],[101.59513,3.46685],[101.59504,3.46687],[101.59493,3.46686],[101.59484,3.46684],[101.59479,3.46683],[101.59476,3.46679]]]}},{"type":"Feature","properties":{"id":1146137951,"kind":"pond"},"geometry":{"type":"Polygon","coordinates":[[[101.59461,3.46737],[101.59459,3.46734],[101.59461,3.46725],[101.59466,3.46708],[101.5947,3.46692],[101.59475,3.46685],[101.59512,3.46693],[101.59512,3.46699],[101.59511,3.46721],[101.5951,3.46735],[101.59508,3.46742],[101.59506,3.46746],[101.59503,3.46747],[101.59461,3.46737]]]}},{"type":"Feature","properties":{"id":1146137952,"kind":"pond"},"geometry":{"type":"Polygon","coordinates":[[[101.59449,3.46797],[101.59495,3.46815],[101.59501,3.46814],[101.59503,3.46812],[101.59504,3.46806],[101.59507,3.46762],[101.59505,3.46755],[101.595,3.46752],[101.59462,3.46741],[101.59458,3.46742],[101.59455,3.46744],[101.59453,3.4675],[101.59449,3.4676],[101.59446,3.46781],[101.59447,3.46792],[101.59449,3.46797]]]}},{"type":"Feature","properties":{"id":1146137953,"kind":"pond"},"geometry":{"type":"Polygon","coordinates":[[[101.59448,3.46804],[101.59501,3.46823],[101.59505,3.46828],[101.59508,3.4684],[101.59507,3.46891],[101.59505,3.46897],[101.59505,3.46906],[101.59506,3.4691],[101.59507,3.4692],[101.59504,3.46925],[101.59501,3.46925],[101.59423,3.46875],[101.59427,3.4685],[101.59429,3.46846],[101.59429,3.4684],[101.59428,3.46833],[101.59428,3.46823],[101.59434,3.46812],[101.59442,3.46805],[101.59448,3.46804]]]}},{"type":"Feature","properties":{"id":1158613809,"kind":"river"},"geometry":{"type":"Polygon","coordinates":[[[101.09421,3.50215],[101.09457,3.50217],[101.09565,3.50266],[101.09601,3.50297],[101.09569,3.50367],[101.09535,3.50454],[101.0951,3.50505],[101.0947,3.50577],[101.09437,3.50639],[101.09392,3.50729],[101.09401,3.50745],[101.09406,3.50741],[101.09527,3.50807],[101.09625,3.50875],[101.09643,3.50863],[101.09635,3.50837],[101.09609,3.5082],[101.09602,3.50827],[101.09439,3.50708],[101.09487,3.50619],[101.09545,3.50527],[101.0961,3.50386],[101.09666,3.50307],[101.09685,3.50304],[101.09852,3.50392],[101.0986,3.50373],[101.09748,3.5031],[101.09676,3.50268],[101.09726,3.50205],[101.09707,3.50199],[101.09655,3.50255],[101.09587,3.50205],[101.09523,3.5017],[101.09497,3.50159],[101.09498,3.50149],[101.09449,3.50153],[101.09444,3.50136],[101.09437,3.50146],[101.0943,3.50158],[101.09425,3.50169],[101.09423,3.50183],[101.09421,3.50198],[101.09421,3.50215]]]}},{"type":"Feature","properties":{"id":1158614635,"kind":"reservoir"},"geometry":{"type":"Polygon","coordinates":[[[101.11036,3.47312],[101.11112,3.47378],[101.11114,3.47383],[101.11088,3.47416],[101.1108,3.47416],[101.11012,3.47362],[101.11011,3.47353],[101.11015,3.47347],[101.11009,3.47343],[101.11036,3.47312]]]}},{"type":"Feature","properties":{"id":1158614637,"kind":"reservoir"},"geometry":{"type":"Polygon","coordinates":[[[101.11073,3.47269],[101.11148,3.47338],[101.11118,3.47377],[101.11041,3.47305],[101.11073,3.47269]]]}},{"type":"Feature","properties":{"id":1158614638,"kind":"reservoir"},"geometry":{"type":"Polygon","coordinates":[[[101.11103,3.47229],[101.11182,3.47293],[101.11153,3.47333],[101.11075,3.47261],[101.11103,3.47229]]]}},{"type":"Feature","properties":{"id":1158614639,"kind":"reservoir"},"geometry":{"type":"Polygon","coordinates":[[[101.11136,3.4719],[101.11216,3.47251],[101.11187,3.47291],[101.11108,3.47224],[101.11136,3.4719]]]}},{"type":"Feature","properties":{"id":1158614640,"kind":"reservoir"},"geometry":{"type":"Polygon","coordinates":[[[101.11168,3.4715],[101.11247,3.47214],[101.1122,3.47249],[101.11141,3.47182],[101.11168,3.4715]]]}},{"type":"Feature","properties":{"id":1158614641,"kind":"reservoir"},"geometry":{"type":"Polygon","coordinates":[[[101.11198,3.47113],[101.11277,3.47177],[101.1125,3.47212],[101.11171,3.47145],[101.11198,3.47113]]]}},{"type":"Feature","properties":{"id":1158614642,"kind":"reservoir"},"geometry":{"type":"Polygon","coordinates":[[[101.11227,3.47073],[101.11306,3.47138],[101.11279,3.47173],[101.112,3.47106],[101.11227,3.47073]]]}},{"type":"Feature","properties":{"id":1158614643,"kind":"reservoir"},"geometry":{"type":"Polygon","coordinates":[[[101.11257,3.47035],[101.11335,3.47102],[101.11309,3.47134],[101.1123,3.47067],[101.11257,3.47035]]]}},{"type":"Feature","properties":{"id":1158614644,"kind":"reservoir"},"geometry":{"type":"Polygon","coordinates":[[[101.11287,3.46999],[101.11364,3.47066],[101.11339,3.47098],[101.1126,3.47031],[101.11287,3.46999]]]}},{"type":"Feature","properties":{"id":1158614645,"kind":"reservoir"},"geometry":{"type":"Polygon","coordinates":[[[101.11315,3.46961],[101.11369,3.47004],[101.1137,3.47011],[101.11351,3.47039],[101.11343,3.4704],[101.11293,3.46995],[101.11292,3.46992],[101.11292,3.46987],[101.11307,3.46966],[101.11315,3.46961]]]}},{"type":"Feature","properties":{"id":1158614646,"kind":"reservoir"},"geometry":{"type":"Polygon","coordinates":[[[101.11343,3.46923],[101.11422,3.46985],[101.11422,3.46993],[101.11402,3.47017],[101.11397,3.47018],[101.11317,3.46954],[101.11343,3.46923]]]}},{"type":"Feature","properties":{"id":1158614647,"kind":"reservoir"},"geometry":{"type":"Polygon","coordinates":[[[101.11371,3.46887],[101.1145,3.46949],[101.11451,3.46957],[101.11431,3.46981],[101.11426,3.46982],[101.11346,3.46918],[101.11371,3.46887]]]}},{"type":"Feature","properties":{"id":1158614648,"kind":"reservoir"},"geometry":{"type":"Polygon","coordinates":[[[101.114,3.46848],[101.11479,3.46911],[101.1148,3.46919],[101.1146,3.46942],[101.11454,3.46943],[101.11374,3.4688],[101.114,3.46848]]]}},{"type":"Feature","properties":{"id":1158614649,"kind":"reservoir"},"geometry":{"type":"Polygon","coordinates":[[[101.11428,3.4681],[101.11507,3.46873],[101.11508,3.4688],[101.11488,3.46904],[101.11482,3.46905],[101.11403,3.46842],[101.11428,3.4681]]]}},{"type":"Feature","properties":{"id":1158614650,"kind":"reservoir"},"geometry":{"type":"Polygon","coordinates":[[[101.11455,3.46775],[101.11534,3.46837],[101.11537,3.46842],[101.11516,3.46866],[101.11511,3.46867],[101.11431,3.46803],[101.11455,3.46775]]]}},{"type":"Feature","properties":{"id":1158614651,"kind":"reservoir"},"geometry":{"type":"Polygon","coordinates":[[[101.1149,3.46736],[101.11572,3.46791],[101.11575,3.46803],[101.11546,3.46834],[101.1154,3.46836],[101.11461,3.46772],[101.1149,3.46736]]]}},{"type":"Feature","properties":{"id":1158614652,"kind":"reservoir"},"geometry":{"type":"Polygon","coordinates":[[[101.11532,3.46744],[101.11577,3.46692],[101.11577,3.46682],[101.11534,3.46649],[101.11528,3.4665],[101.11481,3.46709],[101.11481,3.46714],[101.11523,3.46744],[101.11532,3.46744]]]}},{"type":"Feature","properties":{"id":1158614653,"kind":"reservoir"},"geometry":{"type":"Polygon","coordinates":[[[101.1156,3.46727],[101.11604,3.46759],[101.11605,3.46764],[101.11596,3.46781],[101.11584,3.46788],[101.11541,3.46757],[101.11539,3.46751],[101.11551,3.46734],[101.1156,3.46727]]]}},{"type":"Feature","properties":{"id":1158614654,"kind":"reservoir"},"geometry":{"type":"Polygon","coordinates":[[[101.11568,3.46719],[101.11614,3.46662],[101.11618,3.4666],[101.11655,3.46688],[101.11657,3.46696],[101.11609,3.46753],[101.11603,3.4675],[101.1157,3.46726],[101.11568,3.46719]]]}},{"type":"Feature","properties":{"id":1158614655,"kind":"reservoir"},"geometry":{"type":"Polygon","coordinates":[[[101.11559,3.46611],[101.1161,3.46649],[101.11611,3.46653],[101.11589,3.4668],[101.11583,3.46681],[101.11535,3.46644],[101.11534,3.4664],[101.11559,3.46611]]]}},{"type":"Feature","properties":{"id":1158614656,"kind":"reservoir"},"geometry":{"type":"Polygon","coordinates":[[[101.11616,3.46641],[101.11654,3.46592],[101.11656,3.46588],[101.11654,3.46582],[101.11614,3.46554],[101.11609,3.46553],[101.11606,3.46555],[101.11567,3.46604],[101.11567,3.46608],[101.11568,3.46611],[101.11609,3.46642],[101.11616,3.46641]]]}},{"type":"Feature","properties":{"id":1158614657,"kind":"reservoir"},"geometry":{"type":"Polygon","coordinates":[[[101.11671,3.46682],[101.1171,3.46634],[101.11711,3.46629],[101.11709,3.46624],[101.11671,3.46596],[101.11666,3.46595],[101.11663,3.46597],[101.11623,3.46646],[101.11623,3.4665],[101.11624,3.46654],[101.11665,3.46683],[101.11671,3.46682]]]}},{"type":"Feature","properties":{"id":1158614658,"kind":"reservoir"},"geometry":{"type":"Polygon","coordinates":[[[101.11703,3.46589],[101.11768,3.46501],[101.11772,3.465],[101.11794,3.46516],[101.11796,3.46524],[101.11725,3.46609],[101.1172,3.4661],[101.11703,3.46595],[101.11703,3.46589]]]}},{"type":"Feature","properties":{"id":1158614659,"kind":"reservoir"},"geometry":{"type":"Polygon","coordinates":[[[101.11694,3.46586],[101.11727,3.46545],[101.11725,3.46542],[101.117,3.46521],[101.11694,3.46521],[101.11666,3.46559],[101.11668,3.46569],[101.11688,3.46584],[101.11694,3.46586]]]}},{"type":"Feature","properties":{"id":1158614660,"kind":"reservoir"},"geometry":{"type":"Polygon","coordinates":[[[101.11704,3.46514],[101.11701,3.46511],[101.11715,3.46488],[101.11733,3.46468],[101.11739,3.46468],[101.11762,3.46488],[101.11764,3.46496],[101.11736,3.46536],[101.1173,3.46536],[101.11704,3.46514]]]}},{"type":"Feature","properties":{"id":1158614661,"kind":"reservoir"},"geometry":{"type":"Polygon","coordinates":[[[101.1178,3.46485],[101.11842,3.46403],[101.11854,3.46397],[101.11879,3.46418],[101.11806,3.46511],[101.11802,3.46513],[101.11779,3.46494],[101.1178,3.46485]]]}},{"type":"Feature","properties":{"id":1158614662,"kind":"reservoir"},"geometry":{"type":"Polygon","coordinates":[[[101.11748,3.46454],[101.11798,3.46383],[101.1181,3.46372],[101.11819,3.46377],[101.11834,3.46389],[101.11837,3.464],[101.11774,3.4648],[101.1177,3.46483],[101.11747,3.46464],[101.11748,3.46454]]]}},{"type":"Feature","properties":{"id":1158614663,"kind":"reservoir"},"geometry":{"type":"Polygon","coordinates":[[[101.1177,3.46344],[101.11734,3.46392],[101.11759,3.46411],[101.11766,3.46409],[101.11799,3.46367],[101.11797,3.46362],[101.11783,3.4635],[101.1177,3.46344]]]}},{"type":"Feature","properties":{"id":1158614664,"kind":"reservoir"},"geometry":{"type":"Polygon","coordinates":[[[101.11711,3.46486],[101.11755,3.4643],[101.11754,3.46421],[101.11728,3.46402],[101.11722,3.46402],[101.11678,3.46457],[101.1168,3.46465],[101.11711,3.46486]]]}},{"type":"Feature","properties":{"id":1158614665,"kind":"reservoir"},"geometry":{"type":"Polygon","coordinates":[[[101.11621,3.46538],[101.11621,3.46532],[101.11667,3.46469],[101.11672,3.46467],[101.11702,3.46486],[101.11705,3.46491],[101.11662,3.46554],[101.11657,3.46557],[101.11647,3.46558],[101.11621,3.46538]]]}},{"type":"Feature","properties":{"id":1161969860,"kind":"wetland"},"geometry":{"type":"Polygon","coordinates":[[[101.24266,3.35746],[101.24078,3.35785],[101.24,3.35786],[101.23948,3.35781],[101.2388,3.35763],[101.23844,3.35766],[101.23846,3.3578],[101.23876,3.35831],[101.23876,3.35862],[101.2387,3.3591],[101.23885,3.35971],[101.23883,3.36006],[101.23859,3.36063],[101.23862,3.3609],[101.23875,3.36124],[101.23892,3.36139],[101.23921,3.36129],[101.23952,3.36121],[101.23971,3.36129],[101.23976,3.36144],[101.23978,3.36188],[101.23992,3.36207],[101.24019,3.36211],[101.2404,3.36207],[101.24012,3.36183],[101.24008,3.36172],[101.24014,3.36133],[101.24011,3.3612],[101.24005,3.36111],[101.2391,3.36052],[101.23896,3.36031],[101.239,3.36018],[101.23925,3.35966],[101.24266,3.35746]]]}},{"type":"Feature","properties":{"id":1162014587,"kind":"pond"},"geometry":{"type":"Polygon","coordinates":[[[101.14945,3.42409],[101.14995,3.42429],[101.1494,3.42524],[101.14866,3.42479],[101.1489,3.42447],[101.14929,3.42411],[101.14945,3.42409]]]}},{"type":"Feature","properties":{"id":1165008364,"name":"Kolam Memancing Paroi","kind":"pond"},"geometry":{"type":"Polygon","coordinates":[[[102.02027,2.71855],[102.0206,2.71874],[102.02077,2.71846],[102.02044,2.71827],[102.02027,2.71855]]]}},{"type":"Feature","properties":{"id":1165008365,"kind":"pond"},"geometry":{"type":"Polygon","coordinates":[[[102.02006,2.7189],[102.02035,2.71912],[102.02039,2.71909],[102.02055,2.71881],[102.02023,2.71863],[102.02006,2.7189]]]}},{"type":"Feature","properties":{"id":1176834007,"kind":"water"},"geometry":{"type":"Polygon","coordinates":[[[101.60256,3.42106],[101.60246,3.42149],[101.6025,3.42166],[101.60271,3.42202],[101.60277,3.42214],[101.60284,3.42219],[101.60289,3.4222],[101.60298,3.42213],[101.60311,3.42188],[101.60314,3.42179],[101.60314,3.42168],[101.60299,3.42127],[101.60283,3.42113],[101.60266,3.421],[101.60256,3.42106]]]}},{"type":"Feature","properties":{"id":1181714100,"kind":"reservoir"},"geometry":{"type":"Polygon","coordinates":[[[101.10598,3.48028],[101.10595,3.48027],[101.10588,3.48023],[101.10576,3.48016],[101.10572,3.48012],[101.1057,3.48009],[101.10572,3.48002],[101.10585,3.47986],[101.1059,3.4798],[101.10593,3.47979],[101.10597,3.4798],[101.10615,3.4799],[101.10623,3.47997],[101.10622,3.48002],[101.10613,3.48014],[101.10602,3.48027],[101.10598,3.48028]]]}},{"type":"Feature","properties":{"id":1181714101,"kind":"reservoir"},"geometry":{"type":"Polygon","coordinates":[[[101.10565,3.48064],[101.10562,3.48064],[101.10556,3.48059],[101.10544,3.48052],[101.10532,3.48045],[101.1053,3.48042],[101.10532,3.48035],[101.10545,3.48019],[101.1055,3.48013],[101.10553,3.48012],[101.10557,3.48013],[101.10583,3.48027],[101.10591,3.48033],[101.1059,3.48039],[101.10581,3.48051],[101.1057,3.48064],[101.10565,3.48064]]]}},{"type":"Feature","properties":{"id":1181714102,"kind":"reservoir"},"geometry":{"type":"Polygon","coordinates":[[[101.10533,3.48104],[101.10529,3.48103],[101.10523,3.48099],[101.10499,3.48085],[101.10497,3.48081],[101.10499,3.48075],[101.10511,3.48055],[101.10517,3.48048],[101.1052,3.48047],[101.10524,3.48048],[101.1055,3.48066],[101.10558,3.48073],[101.10557,3.48078],[101.10548,3.4809],[101.10537,3.48103],[101.10533,3.48104]]]}},{"type":"Feature","properties":{"id":1181714103,"kind":"reservoir"},"geometry":{"type":"Polygon","coordinates":[[[101.10493,3.48151],[101.1049,3.4815],[101.10469,3.48139],[101.10465,3.48136],[101.10464,3.48133],[101.10465,3.48126],[101.10485,3.48101],[101.10491,3.48094],[101.10498,3.48094],[101.10504,3.48098],[101.10517,3.48104],[101.10525,3.48109],[101.10528,3.48113],[101.10527,3.48118],[101.10518,3.48129],[101.10509,3.48139],[101.10503,3.48147],[101.10498,3.4815],[101.10493,3.48151]]]}},{"type":"Feature","properties":{"id":1181714104,"kind":"reservoir"},"geometry":{"type":"Polygon","coordinates":[[[101.10446,3.48216],[101.10443,3.48215],[101.10425,3.48205],[101.1042,3.48201],[101.10419,3.48197],[101.1042,3.48191],[101.10444,3.48159],[101.10449,3.48152],[101.10457,3.48151],[101.10466,3.48158],[101.10476,3.48164],[101.10483,3.4817],[101.10484,3.48176],[101.10479,3.48184],[101.10473,3.4819],[101.1046,3.48206],[101.1045,3.48215],[101.10446,3.48216]]]}},{"type":"Feature","properties":{"id":1181714105,"kind":"reservoir"},"geometry":{"type":"Polygon","coordinates":[[[101.10404,3.48269],[101.104,3.48269],[101.10383,3.48258],[101.10378,3.48254],[101.10377,3.48251],[101.10378,3.48245],[101.10401,3.48212],[101.10407,3.48206],[101.10414,3.48205],[101.10424,3.48212],[101.10434,3.48218],[101.10441,3.48224],[101.10442,3.4823],[101.10437,3.48237],[101.10431,3.48244],[101.10418,3.4826],[101.10408,3.48269],[101.10404,3.48269]]]}},{"type":"Feature","properties":{"id":1181714106,"kind":"reservoir"},"geometry":{"type":"Polygon","coordinates":[[[101.10356,3.48329],[101.10353,3.48328],[101.10346,3.48324],[101.10341,3.4832],[101.1034,3.48317],[101.10341,3.4831],[101.10358,3.48274],[101.10364,3.48267],[101.10371,3.48267],[101.10376,3.48271],[101.10384,3.48277],[101.10393,3.48283],[101.10394,3.48289],[101.10389,3.48296],[101.10384,3.48303],[101.1037,3.48319],[101.10361,3.48328],[101.10356,3.48329]]]}},{"type":"Feature","properties":{"id":1184119253,"kind":"pond"},"geometry":{"type":"Polygon","coordinates":[[[101.14685,3.42941],[101.14687,3.42944],[101.14686,3.42948],[101.14667,3.42977],[101.14664,3.4298],[101.14661,3.4298],[101.14581,3.42929],[101.14579,3.42926],[101.14579,3.42921],[101.14596,3.42892],[101.146,3.4289],[101.14606,3.4289],[101.14685,3.42941]]]}},{"type":"Feature","properties":{"id":1184119254,"kind":"pond"},"geometry":{"type":"Polygon","coordinates":[[[101.14715,3.42894],[101.14716,3.42897],[101.14716,3.42901],[101.14697,3.4293],[101.14693,3.42933],[101.1469,3.42933],[101.1461,3.42882],[101.14609,3.42879],[101.14609,3.42875],[101.14625,3.42845],[101.1463,3.42843],[101.14635,3.42843],[101.14715,3.42894]]]}},{"type":"Feature","properties":{"id":1184119255,"kind":"pond"},"geometry":{"type":"Polygon","coordinates":[[[101.14741,3.42847],[101.14743,3.4285],[101.14742,3.42853],[101.14723,3.42883],[101.1472,3.42885],[101.14717,3.42886],[101.14637,3.42835],[101.14635,3.42831],[101.14635,3.42827],[101.14652,3.42797],[101.14656,3.42796],[101.14662,3.42796],[101.14741,3.42847]]]}},{"type":"Feature","properties":{"id":1184119256,"kind":"pond"},"geometry":{"type":"Polygon","coordinates":[[[101.14769,3.428],[101.1477,3.42803],[101.1477,3.42807],[101.14751,3.42836],[101.14747,3.42839],[101.14744,3.42839],[101.14664,3.42788],[101.14663,3.42784],[101.14663,3.4278],[101.14679,3.4275],[101.14684,3.42749],[101.14689,3.42749],[101.14769,3.428]]]}},{"type":"Feature","properties":{"id":1184119257,"kind":"pond"},"geometry":{"type":"Polygon","coordinates":[[[101.148,3.42753],[101.14801,3.42756],[101.14801,3.4276],[101.14782,3.42789],[101.14778,3.42792],[101.14775,3.42792],[101.14695,3.42741],[101.14694,3.42738],[101.14694,3.42733],[101.1471,3.42704],[101.14715,3.42702],[101.1472,3.42702],[101.148,3.42753]]]}},{"type":"Feature","properties":{"id":1184119258,"kind":"pond"},"geometry":{"type":"Polygon","coordinates":[[[101.14808,3.42708],[101.14795,3.42732],[101.14791,3.42733],[101.14787,3.42733],[101.14728,3.42696],[101.14726,3.42692],[101.14726,3.42688],[101.1474,3.42666],[101.14743,3.42665],[101.14747,3.42666],[101.14807,3.42702],[101.14808,3.42705],[101.14808,3.42708]]]}},{"type":"Feature","properties":{"id":1184119259,"kind":"pond"},"geometry":{"type":"Polygon","coordinates":[[[101.14843,3.42672],[101.14844,3.42675],[101.14844,3.42679],[101.14832,3.42701],[101.14827,3.42703],[101.14823,3.42703],[101.14742,3.42657],[101.14741,3.42654],[101.14741,3.42651],[101.14755,3.42627],[101.14759,3.42626],[101.14761,3.42626],[101.14843,3.42672]]]}},{"type":"Feature","properties":{"id":1184119260,"kind":"pond"},"geometry":{"type":"Polygon","coordinates":[[[101.14865,3.42633],[101.14866,3.42636],[101.14866,3.42641],[101.14854,3.42662],[101.14849,3.42665],[101.14845,3.42665],[101.14764,3.42619],[101.14763,3.42616],[101.14763,3.42613],[101.14777,3.42588],[101.14781,3.42587],[101.14783,3.42588],[101.14865,3.42633]]]}},{"type":"Feature","properties":{"id":1184119261,"kind":"pond"},"geometry":{"type":"Polygon","coordinates":[[[101.14888,3.42596],[101.14889,3.42599],[101.1489,3.42604],[101.14877,3.42626],[101.14873,3.42628],[101.14868,3.42628],[101.14787,3.42582],[101.14786,3.42579],[101.14787,3.42576],[101.14801,3.42551],[101.14804,3.4255],[101.14807,3.42551],[101.14888,3.42596]]]}},{"type":"Feature","properties":{"id":1184119262,"kind":"pond"},"geometry":{"type":"Polygon","coordinates":[[[101.14907,3.42566],[101.14894,3.4259],[101.1489,3.42591],[101.14886,3.42591],[101.14821,3.42552],[101.1482,3.4255],[101.1482,3.42546],[101.14834,3.42522],[101.14838,3.42521],[101.1484,3.42521],[101.14906,3.4256],[101.14907,3.42563],[101.14907,3.42566]]]}},{"type":"Feature","properties":{"id":1184119263,"kind":"pond"},"geometry":{"type":"Polygon","coordinates":[[[101.14934,3.4253],[101.14921,3.42554],[101.14917,3.42556],[101.14913,3.42555],[101.14847,3.42517],[101.14846,3.42514],[101.14847,3.4251],[101.14861,3.42486],[101.14864,3.42485],[101.14867,3.42485],[101.14933,3.42525],[101.14934,3.42527],[101.14934,3.4253]]]}},{"type":"Feature","properties":{"id":1186310111,"kind":"river"},"geometry":{"type":"Polygon","coordinates":[[[101.26224,3.36841],[101.26233,3.3685],[101.26234,3.36859],[101.26232,3.36875],[101.26224,3.36895],[101.26154,3.36993],[101.26152,3.37002],[101.2616,3.36995],[101.26231,3.36896],[101.26237,3.36883],[101.26242,3.3687],[101.26245,3.36857],[101.26247,3.36851],[101.26255,3.36847],[101.26224,3.36841]]]}},{"type":"Feature","properties":{"id":1186315331,"kind":"pond"},"geometry":{"type":"Polygon","coordinates":[[[101.41921,3.45399],[101.41932,3.45411],[101.41948,3.45415],[101.42188,3.45383],[101.42217,3.4537],[101.42222,3.45347],[101.42204,3.45319],[101.42195,3.45236],[101.42195,3.45189],[101.42182,3.45167],[101.42159,3.4515],[101.4215,3.45118],[101.42137,3.45013],[101.42104,3.45001],[101.41955,3.44978],[101.41929,3.4498],[101.41922,3.45012],[101.41917,3.45055],[101.41921,3.45181],[101.41921,3.45399]]]}},{"type":"Feature","properties":{"id":1186315332,"kind":"pond"},"geometry":{"type":"Polygon","coordinates":[[[101.41931,3.45679],[101.42048,3.4571],[101.42327,3.45729],[101.42324,3.45418],[101.42016,3.45445],[101.42009,3.45498],[101.41946,3.45507],[101.41931,3.45679]]]}},{"type":"Feature","properties":{"id":1189680732,"kind":"wetland"},"geometry":{"type":"Polygon","coordinates":[[[101.64023,3.45241],[101.64075,3.45267],[101.64085,3.45273],[101.64162,3.45253],[101.64176,3.45231],[101.64192,3.45191],[101.64208,3.45195],[101.64215,3.45183],[101.64222,3.4514],[101.64227,3.45067],[101.64213,3.45041],[101.64205,3.4502],[101.64205,3.44989],[101.6418,3.44961],[101.6412,3.4491],[101.64102,3.44908],[101.64093,3.44916],[101.6405,3.44952],[101.64045,3.44965],[101.64048,3.44976],[101.64053,3.44991],[101.64047,3.4501],[101.64023,3.45036],[101.64011,3.45041],[101.6403,3.45094],[101.64043,3.4513],[101.64069,3.45134],[101.64089,3.4513],[101.64103,3.45141],[101.64107,3.45155],[101.64096,3.45166],[101.64068,3.45192],[101.64039,3.45218],[101.64023,3.45241]]]}},{"type":"Feature","properties":{"id":1189680734,"kind":"pond"},"geometry":{"type":"Polygon","coordinates":[[[101.64165,3.44085],[101.64191,3.44088],[101.64227,3.44055],[101.64248,3.44042],[101.64307,3.44025],[101.64328,3.44007],[101.64326,3.43981],[101.64299,3.43927],[101.64312,3.43914],[101.64351,3.43907],[101.64365,3.43923],[101.64386,3.43914],[101.64399,3.43874],[101.64421,3.43868],[101.64447,3.43866],[101.64429,3.43836],[101.64402,3.43836],[101.64369,3.43798],[101.64359,3.4376],[101.64353,3.43737],[101.64322,3.43741],[101.64301,3.43728],[101.64263,3.43728],[101.64241,3.43704],[101.64211,3.43717],[101.64157,3.43722],[101.64147,3.43738],[101.64106,3.43807],[101.64085,3.43822],[101.64082,3.4388],[101.64114,3.4391],[101.64138,3.43941],[101.64152,3.44035],[101.64165,3.44085]]]}},{"type":"Feature","properties":{"id":1189680735,"kind":"pond"},"geometry":{"type":"Polygon","coordinates":[[[101.63948,3.43631],[101.63963,3.43644],[101.63993,3.4364],[101.64002,3.4365],[101.64032,3.43653],[101.64047,3.43633],[101.64097,3.43622],[101.64116,3.43612],[101.64092,3.43599],[101.641,3.43582],[101.641,3.43531],[101.64087,3.43505],[101.6408,3.435],[101.64074,3.43491],[101.64072,3.4347],[101.63986,3.43469],[101.63971,3.43458],[101.63917,3.43462],[101.63913,3.43465],[101.63903,3.43473],[101.63891,3.43486],[101.63905,3.43491],[101.63914,3.43507],[101.63918,3.43549],[101.63914,3.43561],[101.6394,3.43618],[101.63948,3.43631]]]}},{"type":"Feature","properties":{"id":1189680736,"kind":"pond"},"geometry":{"type":"Polygon","coordinates":[[[101.64133,3.43489],[101.64122,3.43479],[101.64102,3.43452],[101.641,3.43436],[101.64137,3.43409],[101.64181,3.43405],[101.64189,3.43366],[101.64196,3.43332],[101.64232,3.43317],[101.64255,3.43338],[101.64293,3.43338],[101.64324,3.43424],[101.64343,3.43465],[101.64359,3.43471],[101.64359,3.43487],[101.6435,3.435],[101.64329,3.43498],[101.64313,3.43492],[101.64295,3.43501],[101.64281,3.43498],[101.64279,3.43483],[101.64257,3.43478],[101.6423,3.43477],[101.64212,3.4349],[101.64194,3.43501],[101.64164,3.43492],[101.64133,3.43489]]]}},{"type":"Feature","properties":{"id":1189680737,"kind":"pond"},"geometry":{"type":"Polygon","coordinates":[[[101.64413,3.43762],[101.64448,3.43763],[101.64455,3.43726],[101.64492,3.43672],[101.64535,3.43652],[101.64577,3.43648],[101.64588,3.4366],[101.64608,3.4365],[101.64629,3.43644],[101.6464,3.43654],[101.64641,3.43682],[101.64654,3.43691],[101.64663,3.43683],[101.64676,3.4366],[101.64736,3.43648],[101.6476,3.43667],[101.64738,3.43695],[101.64714,3.43703],[101.64698,3.4371],[101.64701,3.43728],[101.64716,3.43752],[101.64739,3.43772],[101.64765,3.43784],[101.64804,3.43757],[101.6484,3.43713],[101.64829,3.4366],[101.64814,3.43587],[101.64807,3.43568],[101.64831,3.43544],[101.64835,3.43525],[101.64801,3.43516],[101.64716,3.43505],[101.64682,3.43485],[101.64667,3.43497],[101.64639,3.43496],[101.64632,3.43478],[101.64614,3.43477],[101.64594,3.43499],[101.64552,3.43537],[101.64514,3.4354],[101.64494,3.43529],[101.64455,3.43513],[101.64444,3.43529],[101.64446,3.43579],[101.64426,3.43623],[101.644,3.43628],[101.64409,3.43656],[101.64401,3.4372],[101.64413,3.43762]]]}},{"type":"Feature","properties":{"id":1189680738,"kind":"wetland"},"geometry":{"type":"Polygon","coordinates":[[[101.64723,3.43887],[101.64728,3.43937],[101.64766,3.43966],[101.64757,3.44003],[101.64792,3.44036],[101.6482,3.44046],[101.64853,3.44044],[101.64865,3.44008],[101.64883,3.43993],[101.64895,3.43977],[101.64893,3.4395],[101.64838,3.43923],[101.64769,3.43895],[101.64723,3.43887]]]}},{"type":"Feature","properties":{"id":1189680759,"kind":"wetland"},"geometry":{"type":"Polygon","coordinates":[[[101.64815,3.44723],[101.64832,3.44705],[101.64905,3.44733],[101.64937,3.4469],[101.64962,3.44663],[101.64986,3.44647],[101.64995,3.44577],[101.64993,3.4456],[101.64971,3.44551],[101.64938,3.44613],[101.6489,3.44578],[101.64871,3.44558],[101.64833,3.44499],[101.64817,3.44496],[101.64811,3.44513],[101.64803,3.4454],[101.64848,3.44573],[101.64843,3.44589],[101.6481,3.44595],[101.6479,3.44611],[101.64794,3.44632],[101.64788,3.44654],[101.64815,3.44723]]]}},{"type":"Feature","properties":{"id":1189732856,"kind":"wetland"},"geometry":{"type":"Polygon","coordinates":[[[101.66065,3.41133],[101.66072,3.4114],[101.66162,3.41096],[101.66172,3.41082],[101.66168,3.4105],[101.66167,3.4103],[101.66143,3.41008],[101.66085,3.40998],[101.6607,3.41006],[101.66063,3.41101],[101.66065,3.41133]]]}},{"type":"Feature","properties":{"id":1193544111,"kind":"wetland"},"geometry":{"type":"Polygon","coordinates":[[[100.8187,3.84079],[100.82436,3.84337],[100.82398,3.84411],[100.82387,3.84424],[100.82367,3.84449],[100.82347,3.84471],[100.8232,3.84498],[100.82304,3.84508],[100.82287,3.84516],[100.82267,3.84528],[100.82242,3.84535],[100.82131,3.84537],[100.82106,3.84542],[100.82091,3.84555],[100.82076,3.84568],[100.82067,3.84572],[100.82051,3.84568],[100.82047,3.84562],[100.82022,3.84528],[100.82011,3.84513],[100.82,3.84488],[100.8199,3.8443],[100.81981,3.8437],[100.8197,3.84338],[100.81963,3.84316],[100.81955,3.8429],[100.8194,3.84266],[100.81934,3.84255],[100.81928,3.84238],[100.81922,3.84217],[100.8191,3.84201],[100.81902,3.84193],[100.81876,3.84163],[100.81863,3.84146],[100.81856,3.84127],[100.81852,3.84112],[100.81847,3.84096],[100.81848,3.84087],[100.81856,3.84082],[100.8187,3.84079]]]}},{"type":"Feature","properties":{"id":1193544115,"kind":"pond"},"geometry":{"type":"Polygon","coordinates":[[[100.82397,3.83729],[100.8242,3.83745],[100.82154,3.84114],[100.8214,3.84105],[100.82131,3.84098],[100.82397,3.83729]]]}},{"type":"Feature","properties":{"id":1194629111,"kind":"wetland"},"geometry":{"type":"Polygon","coordinates":[[[100.83144,3.84443],[100.83313,3.84438],[100.83491,3.84425],[100.83645,3.84421],[100.83852,3.84454],[100.84072,3.84468],[100.84239,3.84514],[100.84253,3.84521],[100.84276,3.84487],[100.84399,3.84484],[100.84392,3.84339],[100.84339,3.84338],[100.84233,3.84289],[100.84208,3.84307],[100.84188,3.84318],[100.84077,3.84325],[100.83134,3.84356],[100.83144,3.84443]]]}},{"type":"Feature","properties":{"id":1203407906,"kind":"wetland"},"geometry":{"type":"Polygon","coordinates":[[[101.10867,3.47707],[101.10855,3.47705],[101.1085,3.477],[101.10847,3.47688],[101.10859,3.47645],[101.10874,3.47608],[101.10903,3.47539],[101.10905,3.4752],[101.10913,3.47483],[101.10918,3.47458],[101.10924,3.47432],[101.10938,3.47393],[101.10953,3.47353],[101.1096,3.47334],[101.11084,3.47432],[101.10873,3.47703],[101.10867,3.47707]]]}},{"type":"Feature","properties":{"id":1208958808,"kind":"pond"},"geometry":{"type":"Polygon","coordinates":[[[101.58735,3.37491],[101.58785,3.37491],[101.58792,3.37492],[101.58794,3.37494],[101.58797,3.37497],[101.58799,3.37502],[101.58798,3.37517],[101.58797,3.3752],[101.58793,3.37522],[101.58787,3.37522],[101.58738,3.3752],[101.58729,3.3752],[101.58722,3.37521],[101.58715,3.37522],[101.5869,3.37514],[101.58681,3.37513],[101.58656,3.37513],[101.58645,3.37514],[101.58636,3.37513],[101.58631,3.37512],[101.58628,3.37509],[101.58626,3.37504],[101.58626,3.37496],[101.5863,3.37491],[101.58638,3.37489],[101.58735,3.37491]]]}},{"type":"Feature","properties":{"id":1210719171,"name":"Sky Mirror","kind":"wetland"},"geometry":{"type":"Polygon","coordinates":[[[101.18687,3.22078],[101.19305,3.2193],[101.19524,3.21684],[101.1962,3.21299],[101.19611,3.20866],[101.19513,3.20605],[101.19253,3.20744],[101.18781,3.20737],[101.18505,3.20566],[101.18414,3.20109],[101.18283,3.19831],[101.1795,3.19913],[101.17764,3.20412],[101.17765,3.21001],[101.18418,3.21981],[101.18687,3.22078]]]}},{"type":"Feature","properties":{"id":1211182820,"kind":"pond"},"geometry":{"type":"Polygon","coordinates":[[[101.53353,3.48403],[101.53364,3.48405],[101.53392,3.48405],[101.53396,3.48404],[101.53398,3.48402],[101.53399,3.484],[101.53399,3.48367],[101.53398,3.48364],[101.53397,3.48362],[101.53395,3.48359],[101.53361,3.4835],[101.53358,3.48351],[101.53356,3.48352],[101.53353,3.48354],[101.53352,3.48357],[101.53348,3.48395],[101.53349,3.48399],[101.5335,3.48402],[101.53352,3.48403],[101.53353,3.48403]]]}},{"type":"Feature","properties":{"id":1211182821,"kind":"pond"},"geometry":{"type":"Polygon","coordinates":[[[101.53295,3.48394],[101.53295,3.48397],[101.53295,3.48399],[101.53297,3.484],[101.53317,3.48404],[101.53323,3.48404],[101.5333,3.48404],[101.53335,3.48404],[101.53339,3.48403],[101.53341,3.48402],[101.53342,3.48399],[101.53343,3.48396],[101.53347,3.48355],[101.53346,3.48352],[101.53345,3.4835],[101.53343,3.48348],[101.53339,3.48346],[101.53311,3.4834],[101.53309,3.4834],[101.53308,3.48341],[101.53306,3.48342],[101.53305,3.48345],[101.53295,3.48394]]]}},{"type":"Feature","properties":{"id":1211182822,"kind":"pond"},"geometry":{"type":"Polygon","coordinates":[[[101.53289,3.48394],[101.53301,3.48341],[101.533,3.48341],[101.53298,3.48341],[101.53297,3.4834],[101.53297,3.48338],[101.53297,3.48337],[101.53297,3.48336],[101.53283,3.48331],[101.53274,3.48329],[101.53266,3.48328],[101.5326,3.48327],[101.53257,3.48328],[101.53256,3.48329],[101.53255,3.4833],[101.53254,3.48332],[101.53253,3.48335],[101.53249,3.48383],[101.5325,3.48386],[101.53251,3.48388],[101.53251,3.4839],[101.53252,3.48392],[101.53279,3.48399],[101.53281,3.48399],[101.53283,3.48399],[101.53285,3.48398],[101.53287,3.48397],[101.53289,3.48394]]]}},{"type":"Feature","properties":{"id":1211182823,"kind":"pond"},"geometry":{"type":"Polygon","coordinates":[[[101.53238,3.48388],[101.53247,3.48338],[101.53247,3.48334],[101.53247,3.48331],[101.53246,3.48327],[101.53243,3.48323],[101.53237,3.48322],[101.53229,3.48321],[101.53225,3.48322],[101.53222,3.48324],[101.5322,3.48329],[101.53203,3.48372],[101.53203,3.48376],[101.53203,3.48379],[101.53204,3.48382],[101.53205,3.48384],[101.53212,3.48386],[101.53231,3.48388],[101.53238,3.48388]]]}},{"type":"Feature","properties":{"id":1211182824,"kind":"pond"},"geometry":{"type":"Polygon","coordinates":[[[101.53359,3.48334],[101.5339,3.4834],[101.53392,3.4834],[101.53394,3.48338],[101.53395,3.48336],[101.53396,3.48331],[101.53393,3.48279],[101.53392,3.48276],[101.53391,3.48272],[101.53387,3.48268],[101.53386,3.48268],[101.53385,3.48269],[101.53382,3.48269],[101.53376,3.48266],[101.53375,3.48264],[101.53372,3.48263],[101.53368,3.48263],[101.53366,3.48265],[101.53365,3.48268],[101.5336,3.48292],[101.53359,3.48296],[101.53359,3.48299],[101.53359,3.48304],[101.53356,3.48324],[101.53356,3.48327],[101.53358,3.48328],[101.5336,3.4833],[101.53358,3.48332],[101.53359,3.48334]]]}},{"type":"Feature","properties":{"id":1211182825,"kind":"pond"},"geometry":{"type":"Polygon","coordinates":[[[101.53313,3.48315],[101.53315,3.48315],[101.53316,3.48314],[101.53318,3.48315],[101.53319,3.48317],[101.53319,3.48319],[101.5332,3.48321],[101.53321,3.48323],[101.53325,3.48325],[101.53345,3.4833],[101.53345,3.48329],[101.53346,3.48327],[101.53347,3.48326],[101.53349,3.48326],[101.5335,3.48325],[101.53351,3.48325],[101.53351,3.48323],[101.53351,3.48322],[101.53354,3.483],[101.5336,3.48263],[101.53359,3.48262],[101.53359,3.4826],[101.53358,3.4826],[101.53356,3.48258],[101.53353,3.48257],[101.53351,3.48256],[101.53341,3.48252],[101.53338,3.48251],[101.53336,3.4825],[101.53331,3.4825],[101.53329,3.4825],[101.53327,3.48251],[101.53324,3.48254],[101.53322,3.48259],[101.53322,3.48261],[101.53315,3.48291],[101.53314,3.48298],[101.53312,3.48304],[101.53312,3.48306],[101.53312,3.48309],[101.53313,3.48315]]]}},{"type":"Feature","properties":{"id":1211182826,"kind":"pond"},"geometry":{"type":"Polygon","coordinates":[[[101.53264,3.4824],[101.53263,3.48243],[101.53261,3.48249],[101.53252,3.48298],[101.53251,3.48301],[101.53248,3.48303],[101.53245,3.48304],[101.53239,3.48304],[101.53235,3.48303],[101.53229,3.48301],[101.53227,3.48298],[101.53225,3.48295],[101.53224,3.48291],[101.53223,3.48279],[101.5322,3.48257],[101.53217,3.48238],[101.53217,3.48234],[101.53217,3.48232],[101.53218,3.4823],[101.5322,3.4823],[101.53223,3.48229],[101.53227,3.48229],[101.53244,3.4823],[101.53259,3.48233],[101.53262,3.48234],[101.53264,3.48235],[101.53265,3.48237],[101.53264,3.4824]]]}},{"type":"Feature","properties":{"id":1211182827,"kind":"pond"},"geometry":{"type":"Polygon","coordinates":[[[101.53286,3.48196],[101.53284,3.48194],[101.53282,3.48192],[101.5328,3.48189],[101.53278,3.48187],[101.53275,3.48185],[101.5327,3.48181],[101.53267,3.48179],[101.53261,3.48176],[101.53256,3.48175],[101.53254,3.48175],[101.5325,3.48173],[101.53245,3.48172],[101.53239,3.48169],[101.53235,3.48167],[101.53231,3.48166],[101.53226,3.48166],[101.53222,3.48166],[101.53221,3.48168],[101.5322,3.48169],[101.53218,3.48172],[101.53217,3.48175],[101.53216,3.48177],[101.53214,3.48181],[101.53213,3.48185],[101.53211,3.4819],[101.53211,3.48194],[101.53211,3.48206],[101.53212,3.48211],[101.53212,3.48214],[101.53213,3.48217],[101.53214,3.48217],[101.53216,3.48218],[101.53217,3.4822],[101.53219,3.48221],[101.5323,3.48223],[101.53252,3.48226],[101.53267,3.48227],[101.5327,3.48227],[101.53272,3.48226],[101.53274,3.48223],[101.53276,3.48222],[101.53279,3.48219],[101.53281,3.48218],[101.53282,3.48216],[101.53281,3.48214],[101.53282,3.48209],[101.53283,3.48205],[101.53285,3.482],[101.53286,3.48199],[101.53286,3.48196]]]}},{"type":"Feature","properties":{"id":1211713317,"kind":"pond"},"geometry":{"type":"Polygon","coordinates":[[[101.55285,3.46516],[101.5529,3.46526],[101.55294,3.46526],[101.553,3.46524],[101.55355,3.46497],[101.5536,3.46493],[101.55359,3.46466],[101.55355,3.46462],[101.55351,3.46462],[101.55346,3.46464],[101.55298,3.46497],[101.55288,3.46508],[101.55285,3.46511],[101.55285,3.46516]]]}},{"type":"Feature","properties":{"id":1214119446,"kind":"pond"},"geometry":{"type":"Polygon","coordinates":[[[101.7786,3.39523],[101.77875,3.39531],[101.77886,3.39531],[101.77889,3.39524],[101.7789,3.3951],[101.77893,3.39495],[101.77901,3.39485],[101.77916,3.39476],[101.77926,3.39469],[101.77929,3.39463],[101.77929,3.39456],[101.77932,3.39452],[101.77936,3.39449],[101.77935,3.39442],[101.77934,3.39435],[101.77933,3.39431],[101.77929,3.39424],[101.7793,3.39414],[101.77931,3.39407],[101.77925,3.39404],[101.77919,3.39406],[101.77915,3.39405],[101.77911,3.39399],[101.77901,3.39397],[101.77892,3.39398],[101.77879,3.39405],[101.77872,3.39413],[101.77862,3.39428],[101.77853,3.39441],[101.7784,3.39449],[101.77824,3.39452],[101.77807,3.3945],[101.77797,3.39452],[101.77792,3.39459],[101.77792,3.39464],[101.77795,3.39472],[101.77799,3.39475],[101.77804,3.3948],[101.77804,3.39486],[101.77805,3.39491],[101.77807,3.39497],[101.77814,3.39504],[101.77821,3.39508],[101.77827,3.3951],[101.77832,3.39511],[101.77836,3.39515],[101.77842,3.39514],[101.77851,3.39513],[101.77859,3.39517],[101.7786,3.39523]]]}},{"type":"Feature","properties":{"id":1214119449,"kind":"pond"},"geometry":{"type":"Polygon","coordinates":[[[101.78271,3.39757],[101.78265,3.39756],[101.78261,3.39753],[101.7826,3.39746],[101.78264,3.3974],[101.78272,3.39737],[101.78278,3.39736],[101.78278,3.39735],[101.78277,3.39735],[101.78275,3.39734],[101.78274,3.39733],[101.78275,3.39729],[101.78279,3.39728],[101.78285,3.39725],[101.78288,3.39726],[101.78292,3.39725],[101.78296,3.39723],[101.78298,3.39722],[101.78303,3.39723],[101.78311,3.39728],[101.78315,3.39733],[101.78318,3.39741],[101.78318,3.39748],[101.78313,3.39751],[101.78303,3.39753],[101.78291,3.39753],[101.7828,3.39755],[101.78271,3.39757]]]}},{"type":"Feature","properties":{"id":1214339595,"name":"Lake of Dreams","kind":"pool"},"geometry":{"type":"Polygon","coordinates":[[[101.79478,3.42392],[101.79468,3.42397],[101.79458,3.42399],[101.79447,3.42397],[101.79437,3.42393],[101.7943,3.42385],[101.79425,3.42376],[101.79443,3.42367],[101.79454,3.4237],[101.79465,3.42374],[101.79478,3.42392]]]}},{"type":"Feature","properties":{"id":1214801318,"kind":"pond"},"geometry":{"type":"Polygon","coordinates":[[[101.81079,3.36336],[101.81075,3.36326],[101.81068,3.36328],[101.81046,3.36354],[101.81046,3.36358],[101.81049,3.36361],[101.81051,3.36367],[101.81045,3.36382],[101.81035,3.36392],[101.81036,3.36395],[101.81043,3.36398],[101.81062,3.36401],[101.81073,3.36389],[101.81087,3.36389],[101.81085,3.36364],[101.81063,3.36365],[101.81059,3.36362],[101.81061,3.36356],[101.81069,3.36349],[101.81079,3.36336]]]}},{"type":"Feature","properties":{"id":1215098022,"kind":"pond"},"geometry":{"type":"Polygon","coordinates":[[[101.87898,3.53015],[101.87901,3.53009],[101.87902,3.53004],[101.87896,3.53001],[101.87889,3.53002],[101.87874,3.53],[101.87862,3.52995],[101.87847,3.52987],[101.87838,3.5298],[101.87831,3.52979],[101.87826,3.52985],[101.87826,3.52993],[101.87829,3.53],[101.8783,3.53008],[101.87831,3.53018],[101.8783,3.53022],[101.87829,3.53025],[101.87826,3.53024],[101.87826,3.53028],[101.87826,3.5303],[101.87824,3.53032],[101.87824,3.53036],[101.87824,3.53041],[101.87827,3.53042],[101.87826,3.53045],[101.87824,3.53047],[101.87823,3.53049],[101.87825,3.53052],[101.87826,3.53056],[101.87825,3.5306],[101.87823,3.53065],[101.87825,3.53068],[101.87827,3.53071],[101.87826,3.53075],[101.87823,3.53076],[101.87824,3.53079],[101.87825,3.53082],[101.87823,3.53085],[101.87822,3.53088],[101.87823,3.53092],[101.87827,3.53096],[101.87832,3.53099],[101.87836,3.53102],[101.87835,3.53107],[101.87832,3.53109],[101.87829,3.53111],[101.8783,3.53113],[101.87831,3.53116],[101.87829,3.53119],[101.87829,3.53121],[101.8783,3.53125],[101.8783,3.53127],[101.8783,3.53131],[101.87833,3.53131],[101.87835,3.53135],[101.87836,3.53138],[101.87839,3.53137],[101.87844,3.53138],[101.87847,3.53141],[101.87851,3.53141],[101.87854,3.53143],[101.87857,3.53146],[101.87859,3.5315],[101.87861,3.53151],[101.87863,3.53155],[101.87866,3.53155],[101.87869,3.53156],[101.8787,3.53152],[101.87871,3.53149],[101.87874,3.53148],[101.87873,3.53144],[101.87876,3.53142],[101.87877,3.53139],[101.87879,3.53138],[101.87878,3.53135],[101.8788,3.53134],[101.8788,3.53129],[101.87883,3.53124],[101.87887,3.53127],[101.87888,3.53124],[101.87887,3.53121],[101.87889,3.53117],[101.87888,3.53114],[101.87889,3.53107],[101.87891,3.53104],[101.87891,3.531],[101.8789,3.53096],[101.87892,3.53092],[101.8789,3.53086],[101.87887,3.53082],[101.87889,3.53077],[101.87892,3.53074],[101.87892,3.53068],[101.87891,3.53062],[101.87891,3.53057],[101.87893,3.53054],[101.87892,3.53051],[101.87895,3.5305],[101.87899,3.53049],[101.87899,3.53044],[101.87901,3.53039],[101.87905,3.53036],[101.87908,3.53033],[101.87907,3.5303],[101.87902,3.53023],[101.87899,3.53022],[101.87898,3.53018],[101.87898,3.53015]]]}},{"type":"Feature","properties":{"id":1215221895,"kind":"pond"},"geometry":{"type":"Polygon","coordinates":[[[101.87769,3.51459],[101.8777,3.51469],[101.87771,3.51482],[101.87767,3.51486],[101.87764,3.51481],[101.87766,3.51475],[101.87765,3.51469],[101.8776,3.51473],[101.87758,3.51469],[101.87753,3.51473],[101.87748,3.51474],[101.87745,3.51468],[101.87741,3.51467],[101.87737,3.51461],[101.8774,3.51458],[101.8774,3.5145],[101.87744,3.5145],[101.8774,3.51445],[101.87743,3.51443],[101.87744,3.51438],[101.87746,3.51436],[101.87746,3.51431],[101.87751,3.51429],[101.87752,3.51432],[101.8776,3.51429],[101.8776,3.51427],[101.87766,3.51419],[101.87769,3.5141],[101.87769,3.51407],[101.87771,3.51404],[101.87771,3.51401],[101.87773,3.51388],[101.87777,3.51388],[101.87777,3.51385],[101.87774,3.51381],[101.87778,3.51367],[101.87775,3.51363],[101.87773,3.51356],[101.87767,3.51358],[101.87762,3.5136],[101.87761,3.51357],[101.87765,3.51352],[101.87769,3.5135],[101.87766,3.51344],[101.87767,3.51338],[101.87772,3.51339],[101.87771,3.51331],[101.87775,3.51329],[101.87776,3.51324],[101.87773,3.51323],[101.87773,3.51319],[101.87779,3.51316],[101.8778,3.51312],[101.87777,3.51308],[101.87783,3.513],[101.87786,3.51291],[101.87789,3.51285],[101.87791,3.51278],[101.87795,3.51274],[101.878,3.51263],[101.87798,3.51258],[101.87801,3.51253],[101.87808,3.51254],[101.87818,3.51248],[101.87822,3.51242],[101.87828,3.51237],[101.87832,3.51232],[101.87842,3.51228],[101.87839,3.51236],[101.87838,3.51245],[101.87834,3.5125],[101.87836,3.51257],[101.87839,3.5126],[101.87833,3.51264],[101.87825,3.51266],[101.8782,3.51277],[101.87824,3.51294],[101.87831,3.51301],[101.87832,3.51308],[101.8783,3.51319],[101.87834,3.51326],[101.8784,3.51325],[101.87843,3.51318],[101.87848,3.5132],[101.87853,3.51325],[101.87859,3.51322],[101.87864,3.51323],[101.87868,3.51328],[101.87882,3.51336],[101.87872,3.51341],[101.87861,3.51344],[101.87849,3.5134],[101.87838,3.51347],[101.87827,3.51353],[101.8782,3.51361],[101.8782,3.51369],[101.87816,3.51373],[101.87813,3.5138],[101.87811,3.51385],[101.87804,3.51388],[101.87804,3.51394],[101.87804,3.51405],[101.87797,3.51407],[101.87789,3.51416],[101.87786,3.51424],[101.8778,3.51429],[101.87778,3.51435],[101.87771,3.51444],[101.87771,3.51453],[101.87769,3.51459]]]}},{"type":"Feature","properties":{"id":1218084493,"kind":"pond"},"geometry":{"type":"Polygon","coordinates":[[[101.87321,3.53582],[101.87339,3.53572],[101.87345,3.53566],[101.87354,3.53563],[101.87362,3.53554],[101.87379,3.53557],[101.87397,3.53547],[101.87403,3.53541],[101.8741,3.53543],[101.87415,3.53539],[101.87421,3.53538],[101.87436,3.53526],[101.87443,3.53508],[101.87457,3.53502],[101.87469,3.53505],[101.87477,3.535],[101.87475,3.53492],[101.87467,3.53488],[101.87466,3.53482],[101.87473,3.53476],[101.87471,3.53473],[101.87473,3.53469],[101.87476,3.53467],[101.87473,3.53465],[101.87472,3.5346],[101.87476,3.53454],[101.87474,3.5345],[101.8747,3.53444],[101.87464,3.53438],[101.87468,3.53435],[101.87473,3.53433],[101.87473,3.5343],[101.87471,3.53424],[101.87474,3.53421],[101.87472,3.53418],[101.87469,3.53413],[101.87474,3.53408],[101.87473,3.53403],[101.87471,3.534],[101.87472,3.53396],[101.87471,3.53391],[101.87469,3.53389],[101.87465,3.53389],[101.87463,3.53384],[101.87467,3.5338],[101.87465,3.53376],[101.87469,3.53372],[101.87475,3.53373],[101.87477,3.5337],[101.87474,3.53366],[101.87474,3.53362],[101.87476,3.53358],[101.87473,3.53357],[101.87465,3.53361],[101.87463,3.5336],[101.87461,3.53358],[101.87454,3.53357],[101.87447,3.53358],[101.87442,3.53362],[101.87443,3.53368],[101.87447,3.53372],[101.87449,3.53378],[101.87445,3.53381],[101.87443,3.53377],[101.87439,3.53376],[101.87436,3.53379],[101.87436,3.53383],[101.87434,3.53386],[101.8743,3.53383],[101.87428,3.53387],[101.87427,3.53392],[101.87429,3.53396],[101.87427,3.53404],[101.87423,3.53407],[101.87424,3.53412],[101.87422,3.53415],[101.87419,3.53416],[101.87418,3.53421],[101.87416,3.53422],[101.87413,3.53427],[101.87414,3.53433],[101.87418,3.53437],[101.87417,3.53441],[101.87418,3.53444],[101.87414,3.53449],[101.8741,3.53452],[101.87409,3.53455],[101.87404,3.53455],[101.87401,3.53461],[101.87399,3.53462],[101.87394,3.53463],[101.87388,3.5346],[101.87384,3.53451],[101.87385,3.53448],[101.87383,3.53445],[101.87384,3.53439],[101.87388,3.53438],[101.8739,3.53434],[101.8739,3.5343],[101.8739,3.53426],[101.87396,3.53423],[101.87397,3.5342],[101.87394,3.53416],[101.87387,3.53419],[101.87384,3.5343],[101.8738,3.53433],[101.87374,3.53438],[101.87374,3.53445],[101.87374,3.53453],[101.87369,3.53456],[101.87362,3.53456],[101.87358,3.53455],[101.87358,3.53458],[101.87353,3.5346],[101.87347,3.53458],[101.87343,3.53468],[101.87344,3.53471],[101.87338,3.53478],[101.8734,3.53483],[101.87336,3.53487],[101.87336,3.535],[101.87338,3.53505],[101.87337,3.53507],[101.87338,3.53512],[101.87344,3.53516],[101.87344,3.5352],[101.8734,3.53525],[101.87337,3.53525],[101.87333,3.53528],[101.87333,3.53531],[101.87328,3.53534],[101.87324,3.53532],[101.87319,3.53533],[101.87315,3.53537],[101.87317,3.53539],[101.87318,3.53542],[101.87315,3.53546],[101.87316,3.53548],[101.87318,3.53548],[101.87317,3.53552],[101.8732,3.53556],[101.87325,3.53558],[101.87325,3.53563],[101.87322,3.53567],[101.87318,3.53571],[101.87317,3.53578],[101.87319,3.53581],[101.87321,3.53582]]]}},{"type":"Feature","properties":{"id":1218288496,"kind":"pond"},"geometry":{"type":"Polygon","coordinates":[[[101.88479,3.52963],[101.88486,3.52963],[101.88491,3.52945],[101.88489,3.52928],[101.88493,3.52888],[101.88477,3.52887],[101.88469,3.52905],[101.88473,3.52912],[101.88475,3.52934],[101.88473,3.52943],[101.88474,3.52963],[101.88469,3.52974],[101.88469,3.5298],[101.88472,3.52982],[101.88476,3.52979],[101.88478,3.52972],[101.88479,3.52963]]]}},{"type":"Feature","properties":{"id":1218288514,"kind":"pond"},"geometry":{"type":"Polygon","coordinates":[[[101.87456,3.52498],[101.87495,3.52474],[101.8749,3.52468],[101.87482,3.52464],[101.87474,3.52457],[101.87463,3.52451],[101.87452,3.52451],[101.87446,3.52455],[101.87436,3.5247],[101.87437,3.52479],[101.87446,3.52491],[101.87456,3.52498]]]}},{"type":"Feature","properties":{"id":1218288515,"kind":"pond"},"geometry":{"type":"Polygon","coordinates":[[[101.87461,3.52505],[101.87473,3.52519],[101.87485,3.52527],[101.87494,3.52527],[101.87504,3.52523],[101.8751,3.52518],[101.8751,3.52513],[101.87506,3.52505],[101.87502,3.52499],[101.87499,3.5249],[101.87497,3.52482],[101.87484,3.52489],[101.87467,3.525],[101.87461,3.52505]]]}},{"type":"Feature","properties":{"id":1218288516,"kind":"pond"},"geometry":{"type":"Polygon","coordinates":[[[101.87515,3.52509],[101.87504,3.52473],[101.87507,3.52461],[101.87512,3.52453],[101.87523,3.52454],[101.87534,3.52462],[101.87541,3.52469],[101.87547,3.52475],[101.87555,3.52478],[101.8755,3.52485],[101.87547,3.52496],[101.87545,3.52505],[101.87537,3.52512],[101.87528,3.52514],[101.8752,3.52513],[101.87515,3.52509]]]}},{"type":"Feature","properties":{"id":1218288517,"kind":"pond"},"geometry":{"type":"Polygon","coordinates":[[[101.87546,3.52458],[101.87555,3.52439],[101.8756,3.52421],[101.87567,3.52417],[101.87574,3.52415],[101.87578,3.52419],[101.87583,3.52433],[101.87568,3.52468],[101.87561,3.52472],[101.87553,3.5247],[101.87547,3.52463],[101.87546,3.52458]]]}},{"type":"Feature","properties":{"id":1218288518,"kind":"pond"},"geometry":{"type":"Polygon","coordinates":[[[101.87514,3.52443],[101.87518,3.52426],[101.87519,3.52404],[101.87517,3.5239],[101.8752,3.52385],[101.87534,3.52383],[101.87553,3.52382],[101.87553,3.52406],[101.8755,3.52426],[101.87539,3.5245],[101.87514,3.52443]]]}},{"type":"Feature","properties":{"id":1218288519,"kind":"pond"},"geometry":{"type":"Polygon","coordinates":[[[101.8751,3.52364],[101.87549,3.52329],[101.87561,3.52331],[101.8757,3.52342],[101.87573,3.52352],[101.87572,3.52371],[101.87566,3.52375],[101.87517,3.52379],[101.8751,3.52364]]]}},{"type":"Feature","properties":{"id":1218288522,"kind":"pond"},"geometry":{"type":"Polygon","coordinates":[[[101.88091,3.52211],[101.88066,3.52199],[101.88036,3.52179],[101.88013,3.5216],[101.88006,3.52153],[101.87994,3.52153],[101.87979,3.52157],[101.87968,3.52163],[101.87956,3.52173],[101.87952,3.52184],[101.87953,3.52196],[101.87961,3.5221],[101.87971,3.5222],[101.87986,3.52232],[101.88001,3.5224],[101.88014,3.52249],[101.88019,3.52259],[101.88023,3.52269],[101.88091,3.52211]]]}},{"type":"Feature","properties":{"id":1218313499,"kind":"pond"},"geometry":{"type":"Polygon","coordinates":[[[100.82792,3.83422],[100.82781,3.8342],[100.82771,3.83409],[100.82769,3.83396],[100.82783,3.83386],[100.82805,3.83376],[100.82888,3.83345],[100.82933,3.83331],[100.82963,3.83322],[100.83077,3.83277],[100.83143,3.83256],[100.83171,3.83256],[100.83231,3.83242],[100.83245,3.83249],[100.83232,3.83285],[100.83145,3.833],[100.83019,3.83341],[100.82967,3.83353],[100.82825,3.83397],[100.82805,3.83408],[100.82792,3.83422]]]}},{"type":"Feature","properties":{"id":1218477216,"kind":"reservoir"},"geometry":{"type":"Polygon","coordinates":[[[101.88061,3.55436],[101.88061,3.554],[101.8796,3.55402],[101.87949,3.55412],[101.87917,3.55403],[101.87876,3.55383],[101.87876,3.55393],[101.87871,3.554],[101.87866,3.55416],[101.87875,3.55419],[101.87897,3.55413],[101.87913,3.55436],[101.87933,3.55435],[101.87941,3.55445],[101.87989,3.55458],[101.88027,3.55456],[101.8805,3.55437],[101.88061,3.55436]]]}},{"type":"Feature","properties":{"id":1218477217,"kind":"pond"},"geometry":{"type":"Polygon","coordinates":[[[101.87553,3.55732],[101.87531,3.55672],[101.87496,3.55638],[101.87459,3.55631],[101.87423,3.55636],[101.87412,3.55663],[101.87413,3.55695],[101.87431,3.55705],[101.87448,3.55716],[101.87452,3.55737],[101.87437,3.5575],[101.87443,3.55768],[101.87471,3.55807],[101.8748,3.55806],[101.87504,3.55784],[101.87537,3.55763],[101.8754,3.55746],[101.87552,3.55738],[101.87553,3.55732]]]}},{"type":"Feature","properties":{"id":1218496334,"kind":"pond"},"geometry":{"type":"Polygon","coordinates":[[[102.01867,3.41786],[102.01953,3.41789],[102.01958,3.41784],[102.0196,3.4177],[102.01955,3.41767],[102.01868,3.41771],[102.01864,3.41779],[102.01867,3.41786]]]}},{"type":"Feature","properties":{"id":1219042549,"name":"Fish Pond","kind":"pond"},"geometry":{"type":"Polygon","coordinates":[[[101.87551,3.52165],[101.87548,3.52163],[101.87545,3.52156],[101.87544,3.52152],[101.87543,3.52149],[101.87544,3.52146],[101.87546,3.52146],[101.87549,3.52149],[101.87551,3.52155],[101.87552,3.5216],[101.87552,3.52164],[101.87551,3.52165]]]}},{"type":"Feature","properties":{"id":1222962358,"kind":"pond"},"geometry":{"type":"Polygon","coordinates":[[[100.82228,3.83146],[100.8223,3.83159],[100.82238,3.83168],[100.82249,3.83169],[100.82263,3.83167],[100.8227,3.83163],[100.82271,3.83157],[100.82271,3.8315],[100.82267,3.83147],[100.8226,3.83142],[100.82256,3.83137],[100.82256,3.8313],[100.82257,3.8312],[100.82256,3.83114],[100.82251,3.83109],[100.82243,3.83106],[100.82236,3.83107],[100.82231,3.83109],[100.82229,3.83124],[100.82228,3.83135],[100.82228,3.83146]]]}},{"type":"Feature","properties":{"id":1222964480,"name":"Lake @PD Waterfront","kind":"lake"},"geometry":{"type":"Polygon","coordinates":[[[101.80312,2.52197],[101.80303,2.52198],[101.80293,2.52204],[101.80289,2.52212],[101.80287,2.52236],[101.80285,2.52258],[101.80285,2.52272],[101.80283,2.52285],[101.8028,2.52315],[101.80284,2.52325],[101.80286,2.52327],[101.80289,2.52329],[101.80292,2.52329],[101.80295,2.52321],[101.80299,2.52307],[101.80301,2.52292],[101.80308,2.52272],[101.80315,2.52267],[101.80322,2.52267],[101.80323,2.52255],[101.80319,2.52247],[101.80317,2.52241],[101.80318,2.52232],[101.80325,2.52228],[101.80325,2.52213],[101.80321,2.522],[101.80312,2.52197]]]}},{"type":"Feature","properties":{"id":1222977718,"kind":"oxbow"},"geometry":{"type":"Polygon","coordinates":[[[101.24635,3.69879],[101.24646,3.69883],[101.24649,3.6989],[101.24648,3.699],[101.2464,3.69901],[101.24617,3.69894],[101.24584,3.6987],[101.24562,3.69844],[101.2456,3.69813],[101.24565,3.69788],[101.24573,3.69774],[101.24593,3.69766],[101.24609,3.69766],[101.24629,3.69779],[101.24647,3.69798],[101.24662,3.69819],[101.24663,3.69823],[101.24659,3.69819],[101.24652,3.69818],[101.24648,3.6982],[101.2465,3.69832],[101.24655,3.69841],[101.24647,3.69835],[101.24637,3.69824],[101.24629,3.69812],[101.24617,3.69797],[101.24603,3.69789],[101.24591,3.69787],[101.24584,3.6979],[101.24576,3.69802],[101.24575,3.69814],[101.24581,3.69831],[101.24595,3.6985],[101.24614,3.69866],[101.24635,3.69879]]]}},{"type":"Feature","properties":{"id":1234241769,"kind":"pond"},"geometry":{"type":"Polygon","coordinates":[[[101.55241,3.47489],[101.55242,3.47492],[101.55243,3.47494],[101.55244,3.47498],[101.55244,3.47503],[101.55244,3.47508],[101.55244,3.47512],[101.55245,3.47515],[101.55246,3.47516],[101.55246,3.47518],[101.55247,3.47521],[101.55249,3.47523],[101.5525,3.47526],[101.55252,3.47527],[101.55255,3.47529],[101.55256,3.4753],[101.55257,3.47532],[101.55257,3.47535],[101.55258,3.47536],[101.55258,3.47537],[101.55259,3.47536],[101.5526,3.47535],[101.55262,3.47535],[101.55264,3.47536],[101.55265,3.47536],[101.55265,3.47537],[101.55266,3.47539],[101.55266,3.4754],[101.55267,3.47542],[101.55268,3.47543],[101.55271,3.47544],[101.55273,3.47544],[101.55275,3.47543],[101.55276,3.47541],[101.55277,3.4754],[101.55278,3.47538],[101.55278,3.47537],[101.55281,3.47511],[101.55283,3.47503],[101.55285,3.47501],[101.55287,3.47498],[101.55288,3.47496],[101.55292,3.47482],[101.55293,3.47479],[101.55294,3.47475],[101.55294,3.47473],[101.55293,3.47468],[101.55292,3.47465],[101.5529,3.47461],[101.55287,3.4746],[101.55283,3.47458],[101.55279,3.47458],[101.55273,3.47458],[101.55262,3.4746],[101.55258,3.4746],[101.55248,3.47468],[101.55244,3.47472],[101.55239,3.47477],[101.55238,3.4748],[101.55237,3.47482],[101.55237,3.47484],[101.55238,3.47486],[101.55241,3.47489]]]}},{"type":"Feature","properties":{"id":1234241770,"kind":"pond"},"geometry":{"type":"Polygon","coordinates":[[[101.5518,3.47446],[101.55182,3.47446],[101.55184,3.47446],[101.55187,3.47446],[101.55189,3.47447],[101.55193,3.47448],[101.55195,3.47448],[101.55197,3.47448],[101.55199,3.47449],[101.552,3.47448],[101.55204,3.47449],[101.55216,3.4746],[101.55222,3.47466],[101.55225,3.47468],[101.55228,3.47469],[101.55231,3.47469],[101.55234,3.4747],[101.55239,3.47466],[101.55244,3.47457],[101.55244,3.47453],[101.55239,3.47449],[101.55236,3.47445],[101.55227,3.47436],[101.5522,3.47431],[101.55213,3.47428],[101.55203,3.47426],[101.55186,3.47424],[101.55177,3.47425],[101.5517,3.47429],[101.55163,3.47431],[101.55155,3.47432],[101.55152,3.47433],[101.5515,3.47437],[101.5515,3.4744],[101.55151,3.47444],[101.55153,3.47448],[101.55156,3.4745],[101.55159,3.4745],[101.55164,3.47449],[101.55172,3.47446],[101.5518,3.47446]]]}},{"type":"Feature","properties":{"id":1234241771,"kind":"pond"},"geometry":{"type":"Polygon","coordinates":[[[101.55089,3.47478],[101.55089,3.47481],[101.55089,3.47484],[101.55088,3.47487],[101.55088,3.47488],[101.5509,3.47496],[101.55092,3.475],[101.55094,3.47505],[101.55096,3.4751],[101.55098,3.47516],[101.55099,3.47522],[101.55103,3.47525],[101.55109,3.47523],[101.55113,3.47519],[101.55117,3.47513],[101.55122,3.47506],[101.55124,3.47504],[101.55128,3.47504],[101.55132,3.47501],[101.55136,3.47495],[101.55139,3.47486],[101.55142,3.47482],[101.55146,3.47476],[101.55148,3.47471],[101.5515,3.47465],[101.55149,3.47458],[101.55147,3.47452],[101.55143,3.4745],[101.55139,3.47449],[101.55134,3.47451],[101.55129,3.47452],[101.55124,3.47455],[101.55119,3.47457],[101.55117,3.4746],[101.55114,3.4746],[101.55111,3.47462],[101.55097,3.47471],[101.55089,3.47478]]]}},{"type":"Feature","properties":{"id":1234241772,"kind":"pond"},"geometry":{"type":"Polygon","coordinates":[[[101.5508,3.47485],[101.55077,3.47485],[101.55069,3.4749],[101.55045,3.47506],[101.5504,3.47511],[101.55037,3.47514],[101.55034,3.47516],[101.55031,3.47519],[101.55029,3.47521],[101.55029,3.47526],[101.55032,3.47531],[101.55036,3.47534],[101.5504,3.47537],[101.55044,3.4754],[101.55048,3.47543],[101.5505,3.47544],[101.55055,3.47543],[101.5506,3.4754],[101.55066,3.4754],[101.55073,3.47539],[101.5508,3.4754],[101.55088,3.47538],[101.55092,3.47535],[101.55094,3.47527],[101.55093,3.4752],[101.55091,3.47507],[101.55087,3.47499],[101.55085,3.47491],[101.55084,3.47487],[101.5508,3.47485]]]}},{"type":"Feature","properties":{"id":1234241773,"kind":"pond"},"geometry":{"type":"Polygon","coordinates":[[[101.55193,3.4757],[101.552,3.47577],[101.55207,3.47584],[101.55212,3.47589],[101.55216,3.47591],[101.55221,3.47592],[101.55225,3.47591],[101.55229,3.47588],[101.55232,3.47581],[101.55234,3.47571],[101.55232,3.47559],[101.55229,3.47547],[101.55224,3.47539],[101.5522,3.47536],[101.55218,3.47537],[101.55216,3.47536],[101.55216,3.47534],[101.55214,3.47533],[101.55212,3.47534],[101.55208,3.47542],[101.55205,3.47545],[101.552,3.47548],[101.55196,3.47551],[101.55194,3.47553],[101.55191,3.47555],[101.55189,3.47557],[101.55187,3.47558],[101.55187,3.47563],[101.55189,3.47567],[101.55193,3.4757]]]}},{"type":"Feature","properties":{"id":1234241776,"kind":"pond"},"geometry":{"type":"Polygon","coordinates":[[[101.54964,3.47528],[101.54894,3.47526],[101.54889,3.47527],[101.54884,3.47531],[101.5486,3.47565],[101.54857,3.47573],[101.54858,3.47578],[101.54862,3.47582],[101.54865,3.47583],[101.54875,3.47588],[101.54893,3.47597],[101.54898,3.47598],[101.54905,3.47596],[101.54921,3.4759],[101.54925,3.47589],[101.54929,3.47587],[101.54934,3.47588],[101.54945,3.47585],[101.54957,3.47583],[101.54968,3.47579],[101.54977,3.47575],[101.54978,3.47572],[101.54982,3.47568],[101.54986,3.47564],[101.54988,3.47551],[101.54988,3.47542],[101.54982,3.47536],[101.54976,3.47531],[101.54973,3.47529],[101.54964,3.47528]]]}},{"type":"Feature","properties":{"id":1234241777,"kind":"pond"},"geometry":{"type":"Polygon","coordinates":[[[101.54817,3.47593],[101.54748,3.47546],[101.54746,3.47544],[101.54743,3.47541],[101.54742,3.47538],[101.54744,3.47529],[101.54745,3.47522],[101.5475,3.47515],[101.54752,3.47509],[101.54754,3.47505],[101.54756,3.475],[101.54761,3.47497],[101.54766,3.47495],[101.54774,3.47496],[101.54781,3.47498],[101.54784,3.47499],[101.54791,3.47503],[101.54805,3.4751],[101.54822,3.47516],[101.54845,3.47523],[101.54859,3.47525],[101.54864,3.47527],[101.54867,3.4753],[101.54867,3.47536],[101.54862,3.4754],[101.54858,3.47545],[101.54853,3.47551],[101.5485,3.47557],[101.54848,3.47562],[101.54843,3.47565],[101.54841,3.4757],[101.54839,3.47575],[101.54835,3.4758],[101.54829,3.47585],[101.54825,3.47591],[101.54823,3.47594],[101.5482,3.47594],[101.54817,3.47593]]]}},{"type":"Feature","properties":{"id":1234241778,"kind":"pond"},"geometry":{"type":"Polygon","coordinates":[[[101.54729,3.47584],[101.54727,3.47597],[101.54722,3.47614],[101.54718,3.47635],[101.54719,3.47646],[101.54717,3.4766],[101.54711,3.4768],[101.5471,3.47697],[101.54715,3.47703],[101.54722,3.47704],[101.54731,3.47704],[101.54748,3.47702],[101.5477,3.47698],[101.54784,3.47694],[101.54797,3.47688],[101.54804,3.47686],[101.54808,3.47682],[101.54811,3.47674],[101.54816,3.47671],[101.54823,3.47663],[101.54829,3.47649],[101.54828,3.47629],[101.54821,3.47614],[101.54805,3.47599],[101.54769,3.47573],[101.54745,3.47557],[101.54741,3.47554],[101.54738,3.47553],[101.54735,3.47557],[101.54733,3.47569],[101.54729,3.47584]]]}},{"type":"Feature","properties":{"id":1234241781,"kind":"pond"},"geometry":{"type":"Polygon","coordinates":[[[101.54857,3.47632],[101.54818,3.47688],[101.54817,3.47693],[101.54817,3.47697],[101.54821,3.47699],[101.54827,3.477],[101.54834,3.47701],[101.5484,3.47704],[101.54851,3.47704],[101.54861,3.47701],[101.54871,3.47695],[101.54891,3.47683],[101.54895,3.47675],[101.54899,3.47673],[101.54901,3.47661],[101.54879,3.47631],[101.54873,3.47626],[101.54867,3.47628],[101.54862,3.4763],[101.54857,3.47632]]]}},{"type":"Feature","properties":{"id":1234241782,"kind":"pond"},"geometry":{"type":"Polygon","coordinates":[[[101.55068,3.47625],[101.55065,3.47627],[101.55064,3.47629],[101.55063,3.47634],[101.55065,3.47641],[101.5507,3.47653],[101.55079,3.47668],[101.55096,3.47689],[101.55104,3.47694],[101.55111,3.47694],[101.55117,3.4769],[101.55123,3.47685],[101.55128,3.47681],[101.55133,3.47675],[101.55139,3.4767],[101.55141,3.47666],[101.55144,3.47658],[101.55146,3.47649],[101.5515,3.47641],[101.55151,3.47634],[101.55151,3.47629],[101.55148,3.47624],[101.55142,3.47619],[101.55137,3.47613],[101.55134,3.47609],[101.55131,3.47604],[101.55129,3.476],[101.55126,3.47595],[101.55123,3.47594],[101.5512,3.47592],[101.55115,3.47593],[101.55111,3.47594],[101.55068,3.47625]]]}},{"type":"Feature","properties":{"id":1234241783,"kind":"pond"},"geometry":{"type":"Polygon","coordinates":[[[101.54951,3.47617],[101.54954,3.47623],[101.54954,3.47627],[101.54953,3.47631],[101.54952,3.47633],[101.54955,3.47638],[101.54958,3.47647],[101.54961,3.47661],[101.54965,3.47684],[101.54967,3.47707],[101.54968,3.47719],[101.54969,3.47728],[101.54971,3.47735],[101.54973,3.47741],[101.54977,3.47743],[101.54981,3.47746],[101.54988,3.47745],[101.54994,3.47746],[101.55001,3.47748],[101.55009,3.47751],[101.55016,3.47752],[101.55021,3.47748],[101.55023,3.47741],[101.55027,3.47735],[101.55031,3.47727],[101.55038,3.47721],[101.55041,3.47717],[101.55044,3.47715],[101.55045,3.47711],[101.55046,3.47708],[101.55049,3.47703],[101.5505,3.47696],[101.55048,3.47687],[101.55047,3.47681],[101.55046,3.47678],[101.55043,3.47675],[101.55039,3.47672],[101.55027,3.47655],[101.55021,3.47642],[101.55019,3.47628],[101.55017,3.47621],[101.55012,3.47615],[101.5501,3.47615],[101.55009,3.47613],[101.55007,3.4761],[101.54995,3.47607],[101.54979,3.47609],[101.5497,3.47612],[101.54963,3.47613],[101.54957,3.47613],[101.54954,3.47613],[101.5495,3.47615],[101.54951,3.47617]]]}},{"type":"Feature","properties":{"id":1252415490,"kind":"basin"},"geometry":{"type":"Polygon","coordinates":[[[101.51875,3.89021],[101.51872,3.89027],[101.51864,3.89026],[101.51851,3.89018],[101.5185,3.89012],[101.51859,3.88993],[101.51866,3.88985],[101.51878,3.8898],[101.51887,3.88979],[101.51891,3.88984],[101.51888,3.88991],[101.51881,3.89004],[101.51875,3.89021]]]}},{"type":"Feature","properties":{"id":1252415495,"kind":"basin"},"geometry":{"type":"Polygon","coordinates":[[[101.51928,3.88956],[101.51925,3.88954],[101.51925,3.88951],[101.51929,3.88944],[101.51946,3.88928],[101.51965,3.8891],[101.51972,3.88906],[101.51977,3.88908],[101.5199,3.88917],[101.51993,3.88922],[101.51992,3.88925],[101.51982,3.8893],[101.5197,3.88937],[101.51958,3.88947],[101.5195,3.88954],[101.51947,3.88958],[101.51946,3.88959],[101.51942,3.88962],[101.51938,3.88961],[101.51928,3.88956]]]}},{"type":"Feature","properties":{"id":1252415496,"kind":"basin"},"geometry":{"type":"Polygon","coordinates":[[[101.51893,3.89035],[101.5191,3.89042],[101.51926,3.89013],[101.51932,3.88989],[101.51933,3.88987],[101.51923,3.88983],[101.51919,3.8898],[101.51915,3.88982],[101.51908,3.88996],[101.51904,3.89006],[101.51901,3.89018],[101.51896,3.89027],[101.51893,3.89035]]]}},{"type":"Feature","properties":{"id":1262252657,"kind":"wetland"},"geometry":{"type":"Polygon","coordinates":[[[101.85931,2.41114],[101.85857,2.41304],[101.85919,2.4134],[101.85938,2.41318],[101.85949,2.41291],[101.85959,2.4127],[101.85972,2.41249],[101.85977,2.41236],[101.85967,2.41219],[101.85961,2.41208],[101.8596,2.41196],[101.85946,2.41188],[101.85935,2.41179],[101.85941,2.41146],[101.85941,2.41123],[101.85942,2.41108],[101.85931,2.41114]]]}},{"type":"Feature","properties":{"id":1263119849,"kind":"pond"},"geometry":{"type":"Polygon","coordinates":[[[101.59059,3.40342],[101.59067,3.40324],[101.59066,3.40315],[101.59054,3.40303],[101.5904,3.40278],[101.59032,3.40267],[101.58998,3.40263],[101.58986,3.40261],[101.58982,3.40247],[101.58979,3.40224],[101.58976,3.40213],[101.58965,3.40206],[101.58953,3.40206],[101.5895,3.40215],[101.58952,3.4023],[101.58958,3.40234],[101.58962,3.40233],[101.58968,3.40234],[101.5897,3.40239],[101.58967,3.40248],[101.58967,3.40262],[101.58972,3.40272],[101.58978,3.40278],[101.58987,3.40279],[101.58994,3.40276],[101.58999,3.40278],[101.59001,3.40284],[101.59013,3.40288],[101.59024,3.4029],[101.59036,3.40304],[101.59039,3.40322],[101.59037,3.4034],[101.59059,3.40342]]]}},{"type":"Feature","properties":{"id":1271230461,"kind":"pond"},"geometry":{"type":"Polygon","coordinates":[[[101.4475,3.39974],[101.44721,3.39981],[101.44715,3.3998],[101.44711,3.39979],[101.44731,3.39904],[101.44733,3.39889],[101.44735,3.3988],[101.44737,3.39876],[101.44747,3.39872],[101.44755,3.39872],[101.44785,3.39883],[101.44791,3.39888],[101.44793,3.39893],[101.44793,3.39898],[101.44788,3.39915],[101.4475,3.39974]]]}},{"type":"Feature","properties":{"id":1271230462,"kind":"pond"},"geometry":{"type":"Polygon","coordinates":[[[101.44708,3.40017],[101.44698,3.40015],[101.44697,3.40013],[101.44698,3.40007],[101.44706,3.39995],[101.4476,3.39985],[101.44764,3.39988],[101.44763,3.39993],[101.44758,3.4],[101.44751,3.40017],[101.44744,3.40019],[101.44741,3.40019],[101.44708,3.40017]]]}},{"type":"Feature","properties":{"id":1274773405,"kind":"pond"},"geometry":{"type":"Polygon","coordinates":[[[100.83093,3.78036],[100.83204,3.7801],[100.83206,3.78006],[100.8319,3.77957],[100.83185,3.77955],[100.83076,3.77975],[100.83073,3.7798],[100.83074,3.7799],[100.83087,3.78034],[100.83093,3.78036]]]}},{"type":"Feature","properties":{"id":1274773406,"kind":"pond"},"geometry":{"type":"Polygon","coordinates":[[[100.83214,3.78008],[100.83321,3.77986],[100.83324,3.77983],[100.83312,3.77935],[100.83307,3.77932],[100.83196,3.77953],[100.83193,3.77957],[100.83209,3.78007],[100.83214,3.78008]]]}},{"type":"Feature","properties":{"id":1274773407,"kind":"pond"},"geometry":{"type":"Polygon","coordinates":[[[100.83333,3.77985],[100.83393,3.77975],[100.83396,3.77971],[100.83384,3.77921],[100.83381,3.77919],[100.83318,3.77929],[100.83315,3.77933],[100.83314,3.77939],[100.83327,3.77984],[100.83333,3.77985]]]}},{"type":"Feature","properties":{"id":1274773408,"kind":"pond"},"geometry":{"type":"Polygon","coordinates":[[[100.83411,3.77993],[100.83468,3.77983],[100.83471,3.77976],[100.83456,3.7791],[100.83451,3.77908],[100.83388,3.77918],[100.83387,3.77922],[100.83405,3.7799],[100.83411,3.77993]]]}},{"type":"Feature","properties":{"id":1274773409,"kind":"pond"},"geometry":{"type":"Polygon","coordinates":[[[100.83482,3.7798],[100.83531,3.7797],[100.83535,3.77966],[100.83522,3.77898],[100.83518,3.77895],[100.8346,3.77906],[100.83458,3.7791],[100.83475,3.77977],[100.83482,3.7798]]]}},{"type":"Feature","properties":{"id":1274773410,"kind":"pond"},"geometry":{"type":"Polygon","coordinates":[[[100.83544,3.77967],[100.83593,3.77959],[100.83597,3.77956],[100.83598,3.77951],[100.83585,3.77885],[100.83579,3.77882],[100.83527,3.77892],[100.83525,3.77899],[100.83539,3.77965],[100.83544,3.77967]]]}},{"type":"Feature","properties":{"id":1274773411,"kind":"pond"},"geometry":{"type":"Polygon","coordinates":[[[100.83609,3.77958],[100.83655,3.7795],[100.83658,3.77946],[100.83647,3.77875],[100.83644,3.7787],[100.83638,3.77868],[100.83592,3.77879],[100.83589,3.77883],[100.83603,3.77955],[100.83609,3.77958]]]}},{"type":"Feature","properties":{"id":1274773412,"kind":"pond"},"geometry":{"type":"Polygon","coordinates":[[[100.83703,3.78112],[100.83707,3.78114],[100.83723,3.78111],[100.83726,3.78106],[100.83676,3.7787],[100.83671,3.77866],[100.83656,3.77868],[100.83653,3.77872],[100.83703,3.78112]]]}},{"type":"Feature","properties":{"id":1274773413,"kind":"pond"},"geometry":{"type":"Polygon","coordinates":[[[100.83626,3.78041],[100.83673,3.78032],[100.83676,3.78028],[100.83664,3.77972],[100.83661,3.77969],[100.83608,3.77979],[100.83605,3.77982],[100.83619,3.78038],[100.83626,3.78041]]]}},{"type":"Feature","properties":{"id":1274773414,"kind":"pond"},"geometry":{"type":"Polygon","coordinates":[[[100.83558,3.78053],[100.83607,3.78043],[100.83609,3.78038],[100.83597,3.77983],[100.83592,3.77979],[100.83547,3.77986],[100.83544,3.7799],[100.83554,3.7805],[100.83558,3.78053]]]}},{"type":"Feature","properties":{"id":1274773415,"kind":"pond"},"geometry":{"type":"Polygon","coordinates":[[[100.83489,3.78065],[100.83543,3.78056],[100.8355,3.78048],[100.83538,3.77992],[100.83534,3.7799],[100.83479,3.77999],[100.83477,3.78003],[100.83485,3.78062],[100.83489,3.78065]]]}},{"type":"Feature","properties":{"id":1274773416,"kind":"pond"},"geometry":{"type":"Polygon","coordinates":[[[100.83427,3.78078],[100.83473,3.78068],[100.83477,3.78064],[100.83467,3.78008],[100.83461,3.78005],[100.83414,3.78012],[100.8341,3.78017],[100.8342,3.78073],[100.83427,3.78078]]]}},{"type":"Feature","properties":{"id":1274773417,"kind":"pond"},"geometry":{"type":"Polygon","coordinates":[[[100.83635,3.78125],[100.83692,3.78113],[100.83696,3.78109],[100.83685,3.78055],[100.83681,3.78052],[100.83624,3.78061],[100.83621,3.78065],[100.8363,3.78122],[100.83635,3.78125]]]}},{"type":"Feature","properties":{"id":1274773418,"kind":"pond"},"geometry":{"type":"Polygon","coordinates":[[[100.83571,3.78137],[100.83619,3.78128],[100.83624,3.78125],[100.83625,3.78118],[100.83617,3.78066],[100.83613,3.78063],[100.83556,3.7807],[100.83553,3.78074],[100.83565,3.78134],[100.83571,3.78137]]]}},{"type":"Feature","properties":{"id":1274773419,"kind":"pond"},"geometry":{"type":"Polygon","coordinates":[[[100.83499,3.78148],[100.83555,3.78139],[100.83558,3.78136],[100.83548,3.78079],[100.83543,3.78076],[100.83487,3.78084],[100.83484,3.78088],[100.83483,3.78098],[100.83493,3.78145],[100.83499,3.78148]]]}},{"type":"Feature","properties":{"id":1274773420,"kind":"pond"},"geometry":{"type":"Polygon","coordinates":[[[100.83425,3.78156],[100.8343,3.78159],[100.83485,3.7815],[100.83486,3.78145],[100.83473,3.78091],[100.83468,3.78088],[100.83418,3.78098],[100.83414,3.78103],[100.83413,3.7811],[100.83425,3.78156]]]}},{"type":"Feature","properties":{"id":1274773421,"kind":"pond"},"geometry":{"type":"Polygon","coordinates":[[[100.8333,3.78064],[100.83392,3.78054],[100.83395,3.78049],[100.83389,3.77999],[100.83386,3.77995],[100.83322,3.78004],[100.83319,3.78009],[100.83326,3.78061],[100.8333,3.78064]]]}},{"type":"Feature","properties":{"id":1274773422,"kind":"pond"},"geometry":{"type":"Polygon","coordinates":[[[100.83262,3.78079],[100.83319,3.78067],[100.83322,3.78063],[100.83314,3.7801],[100.83311,3.78007],[100.83248,3.78018],[100.83244,3.78022],[100.83257,3.78076],[100.83262,3.78079]]]}},{"type":"Feature","properties":{"id":1274773423,"kind":"pond"},"geometry":{"type":"Polygon","coordinates":[[[100.83193,3.78094],[100.83246,3.78084],[100.8325,3.7808],[100.83251,3.78076],[100.83239,3.78023],[100.83235,3.78022],[100.83173,3.78038],[100.83171,3.78041],[100.83188,3.78092],[100.83193,3.78094]]]}},{"type":"Feature","properties":{"id":1274773424,"kind":"pond"},"geometry":{"type":"Polygon","coordinates":[[[100.83118,3.78111],[100.83177,3.78095],[100.83179,3.78092],[100.83165,3.78041],[100.8316,3.7804],[100.831,3.78055],[100.83097,3.78059],[100.83114,3.78109],[100.83118,3.78111]]]}},{"type":"Feature","properties":{"id":1274773425,"kind":"pond"},"geometry":{"type":"Polygon","coordinates":[[[100.83373,3.78164],[100.83412,3.78155],[100.83415,3.78151],[100.83415,3.78145],[100.834,3.78077],[100.83396,3.78075],[100.8336,3.78083],[100.83357,3.78087],[100.83356,3.78094],[100.83365,3.78161],[100.83368,3.78164],[100.83373,3.78164]]]}},{"type":"Feature","properties":{"id":1274773426,"kind":"pond"},"geometry":{"type":"Polygon","coordinates":[[[100.83314,3.78173],[100.83355,3.78166],[100.83358,3.78161],[100.83349,3.78092],[100.83346,3.78088],[100.83342,3.78088],[100.83302,3.78096],[100.83297,3.78101],[100.83309,3.7817],[100.83314,3.78173]]]}},{"type":"Feature","properties":{"id":1274773427,"kind":"pond"},"geometry":{"type":"Polygon","coordinates":[[[100.83259,3.78184],[100.83299,3.78175],[100.83301,3.78171],[100.83292,3.78108],[100.83289,3.78103],[100.83285,3.781],[100.83255,3.78106],[100.83247,3.78111],[100.83245,3.78116],[100.83244,3.78124],[100.83254,3.78179],[100.83256,3.78182],[100.83259,3.78184]]]}},{"type":"Feature","properties":{"id":1274773428,"kind":"pond"},"geometry":{"type":"Polygon","coordinates":[[[100.83204,3.78195],[100.83237,3.78188],[100.83243,3.78184],[100.83246,3.78178],[100.83237,3.78119],[100.83233,3.78115],[100.83228,3.78114],[100.83189,3.78125],[100.83187,3.78128],[100.83187,3.78133],[100.83196,3.7819],[100.83199,3.78194],[100.83204,3.78195]]]}},{"type":"Feature","properties":{"id":1274773436,"kind":"pond"},"geometry":{"type":"Polygon","coordinates":[[[100.83143,3.78207],[100.83184,3.78197],[100.83187,3.78194],[100.83179,3.78129],[100.83173,3.78126],[100.8313,3.78135],[100.83126,3.7814],[100.83136,3.78201],[100.83138,3.78205],[100.83143,3.78207]]]}},{"type":"Feature","properties":{"id":1274773437,"kind":"pond"},"geometry":{"type":"Polygon","coordinates":[[[100.8343,3.78176],[100.83693,3.78129],[100.83699,3.78126],[100.83699,3.78122],[100.83696,3.7812],[100.8369,3.7812],[100.83428,3.78164],[100.83425,3.78167],[100.83425,3.78173],[100.83427,3.78176],[100.8343,3.78176]]]}},{"type":"Feature","properties":{"id":1274773438,"kind":"pond"},"geometry":{"type":"Polygon","coordinates":[[[100.83144,3.78238],[100.83148,3.78238],[100.83163,3.78232],[100.83203,3.78226],[100.83416,3.78183],[100.83421,3.7818],[100.8342,3.78163],[100.83415,3.7816],[100.83146,3.78213],[100.8314,3.78219],[100.8314,3.78225],[100.83144,3.78238]]]}},{"type":"Feature","properties":{"id":1274773439,"kind":"pond"},"geometry":{"type":"Polygon","coordinates":[[[100.83671,3.78217],[100.83706,3.78208],[100.83709,3.78204],[100.83706,3.78176],[100.83697,3.78136],[100.83694,3.78133],[100.83656,3.78139],[100.83651,3.78143],[100.8365,3.7815],[100.83659,3.78213],[100.83665,3.78216],[100.83671,3.78217]]]}},{"type":"Feature","properties":{"id":1274773440,"kind":"pond"},"geometry":{"type":"Polygon","coordinates":[[[100.8361,3.78227],[100.83633,3.78225],[100.83649,3.7822],[100.83652,3.78214],[100.83642,3.78146],[100.83639,3.78144],[100.83601,3.78151],[100.83598,3.78154],[100.83603,3.78216],[100.83605,3.78224],[100.8361,3.78227]]]}},{"type":"Feature","properties":{"id":1274773441,"kind":"pond"},"geometry":{"type":"Polygon","coordinates":[[[100.83557,3.78237],[100.83594,3.7823],[100.83597,3.78226],[100.83589,3.78157],[100.83586,3.78155],[100.83545,3.78161],[100.83543,3.78165],[100.83551,3.78235],[100.83557,3.78237]]]}},{"type":"Feature","properties":{"id":1274773442,"kind":"pond"},"geometry":{"type":"Polygon","coordinates":[[[100.83506,3.78249],[100.83539,3.78241],[100.83542,3.78235],[100.83535,3.78167],[100.83532,3.78164],[100.83522,3.78164],[100.83505,3.78169],[100.83487,3.78171],[100.83485,3.78176],[100.83494,3.78246],[100.83499,3.78249],[100.83506,3.78249]]]}},{"type":"Feature","properties":{"id":1274773443,"kind":"pond"},"geometry":{"type":"Polygon","coordinates":[[[100.83448,3.78261],[100.83484,3.78253],[100.83488,3.78249],[100.83489,3.78242],[100.83479,3.78176],[100.83475,3.78174],[100.83432,3.78181],[100.83428,3.78186],[100.8344,3.78257],[100.83448,3.78261]]]}},{"type":"Feature","properties":{"id":1274773444,"kind":"pond"},"geometry":{"type":"Polygon","coordinates":[[[100.83391,3.7827],[100.83427,3.78263],[100.83431,3.78261],[100.83434,3.78256],[100.83423,3.78193],[100.83419,3.7819],[100.83412,3.7819],[100.83375,3.78197],[100.83373,3.782],[100.83371,3.78205],[100.83383,3.78265],[100.83386,3.78268],[100.83391,3.7827]]]}},{"type":"Feature","properties":{"id":1274773445,"kind":"pond"},"geometry":{"type":"Polygon","coordinates":[[[100.83336,3.78281],[100.8337,3.78274],[100.83373,3.78269],[100.83375,3.78264],[100.83364,3.78205],[100.83361,3.78201],[100.83318,3.78209],[100.83314,3.78213],[100.83326,3.78275],[100.8333,3.7828],[100.83336,3.78281]]]}},{"type":"Feature","properties":{"id":1274773446,"kind":"pond"},"geometry":{"type":"Polygon","coordinates":[[[100.83277,3.78295],[100.83317,3.78287],[100.8332,3.78282],[100.83308,3.78213],[100.83302,3.78212],[100.8326,3.78221],[100.83258,3.78226],[100.8327,3.78292],[100.83277,3.78295]]]}},{"type":"Feature","properties":{"id":1274773447,"kind":"pond"},"geometry":{"type":"Polygon","coordinates":[[[100.83218,3.78306],[100.8326,3.78299],[100.83263,3.78296],[100.83264,3.7829],[100.83251,3.78226],[100.83247,3.78224],[100.83206,3.78231],[100.83203,3.78234],[100.83201,3.78239],[100.83212,3.78302],[100.83218,3.78306]]]}},{"type":"Feature","properties":{"id":1274773448,"kind":"pond"},"geometry":{"type":"Polygon","coordinates":[[[100.83161,3.78315],[100.83202,3.78307],[100.83207,3.78303],[100.83195,3.78239],[100.83191,3.78236],[100.83159,3.78241],[100.83148,3.78245],[100.83146,3.7825],[100.83154,3.78311],[100.83161,3.78315]]]}},{"type":"Feature","properties":{"id":1274773449,"kind":"pond"},"geometry":{"type":"Polygon","coordinates":[[[100.83677,3.78306],[100.83719,3.78298],[100.83722,3.78295],[100.83723,3.7829],[100.83712,3.7824],[100.83708,3.78236],[100.83704,3.78233],[100.83681,3.78236],[100.83664,3.78242],[100.83662,3.78246],[100.83662,3.78251],[100.83672,3.78302],[100.83674,3.78305],[100.83677,3.78306]]]}},{"type":"Feature","properties":{"id":1274773450,"kind":"pond"},"geometry":{"type":"Polygon","coordinates":[[[100.83625,3.78318],[100.83666,3.7831],[100.83669,3.78308],[100.8367,3.78304],[100.83656,3.78246],[100.83653,3.78244],[100.83645,3.78244],[100.83615,3.78251],[100.83608,3.78255],[100.83607,3.78262],[100.83619,3.78313],[100.83621,3.78316],[100.83625,3.78318]]]}},{"type":"Feature","properties":{"id":1274773451,"kind":"pond"},"geometry":{"type":"Polygon","coordinates":[[[100.83561,3.78331],[100.83611,3.7832],[100.83614,3.78317],[100.83615,3.78312],[100.836,3.78258],[100.83597,3.78255],[100.83591,3.78254],[100.83548,3.78262],[100.83544,3.78265],[100.83543,3.78271],[100.83554,3.78328],[100.83557,3.7833],[100.83561,3.78331]]]}},{"type":"Feature","properties":{"id":1274773452,"kind":"pond"},"geometry":{"type":"Polygon","coordinates":[[[100.83488,3.78344],[100.83544,3.78334],[100.83547,3.78331],[100.83548,3.78326],[100.83539,3.78271],[100.83536,3.78267],[100.83529,3.78266],[100.83481,3.78275],[100.83477,3.78278],[100.83475,3.78285],[100.83482,3.7834],[100.83485,3.78342],[100.83488,3.78344]]]}},{"type":"Feature","properties":{"id":1274773453,"kind":"pond"},"geometry":{"type":"Polygon","coordinates":[[[100.83426,3.78358],[100.83474,3.78348],[100.83478,3.78345],[100.83479,3.78341],[100.83468,3.78284],[100.83464,3.78282],[100.83459,3.78281],[100.83414,3.78291],[100.83409,3.78295],[100.83407,3.78303],[100.83415,3.78352],[100.8342,3.78357],[100.83426,3.78358]]]}},{"type":"Feature","properties":{"id":1274773454,"kind":"pond"},"geometry":{"type":"Polygon","coordinates":[[[100.83359,3.7837],[100.83405,3.7836],[100.83409,3.78356],[100.8341,3.78352],[100.83402,3.78306],[100.83398,3.78301],[100.83391,3.78299],[100.83349,3.78306],[100.83342,3.78311],[100.8334,3.78318],[100.83348,3.78363],[100.83353,3.78368],[100.83359,3.7837]]]}},{"type":"Feature","properties":{"id":1274773455,"kind":"pond"},"geometry":{"type":"Polygon","coordinates":[[[100.83293,3.78384],[100.83341,3.78373],[100.83343,3.78369],[100.83344,3.78363],[100.83333,3.78316],[100.83328,3.78314],[100.83323,3.78313],[100.83279,3.78323],[100.83274,3.78327],[100.83273,3.78333],[100.83283,3.7838],[100.83287,3.78383],[100.83293,3.78384]]]}},{"type":"Feature","properties":{"id":1274815985,"kind":"pond"},"geometry":{"type":"Polygon","coordinates":[[[100.8221,3.78281],[100.82244,3.78283],[100.82246,3.78281],[100.82247,3.78277],[100.82229,3.78209],[100.82223,3.78202],[100.82211,3.78201],[100.82201,3.78198],[100.82193,3.78196],[100.82188,3.78198],[100.82186,3.78203],[100.82187,3.78215],[100.82204,3.78277],[100.8221,3.78281]]]}},{"type":"Feature","properties":{"id":1274815986,"kind":"pond"},"geometry":{"type":"Polygon","coordinates":[[[100.82262,3.78288],[100.82295,3.78293],[100.823,3.78292],[100.82302,3.78287],[100.82283,3.78211],[100.82279,3.78206],[100.8224,3.78202],[100.82236,3.78203],[100.82236,3.78209],[100.82239,3.78226],[100.82256,3.78282],[100.82262,3.78288]]]}},{"type":"Feature","properties":{"id":1274815987,"kind":"pond"},"geometry":{"type":"Polygon","coordinates":[[[100.82313,3.78296],[100.8235,3.78301],[100.82354,3.783],[100.82355,3.78296],[100.82337,3.78215],[100.82334,3.78211],[100.82298,3.78208],[100.82293,3.7821],[100.8229,3.78214],[100.82309,3.78292],[100.82313,3.78296]]]}},{"type":"Feature","properties":{"id":1274815988,"kind":"pond"},"geometry":{"type":"Polygon","coordinates":[[[100.82367,3.78303],[100.82404,3.78308],[100.82408,3.78308],[100.82409,3.78304],[100.82392,3.78219],[100.82388,3.78214],[100.82382,3.78211],[100.82348,3.78212],[100.82346,3.78214],[100.82345,3.7822],[100.82362,3.78299],[100.82367,3.78303]]]}},{"type":"Feature","properties":{"id":1274815989,"kind":"pond"},"geometry":{"type":"Polygon","coordinates":[[[100.82424,3.7831],[100.82462,3.78303],[100.82465,3.78299],[100.82465,3.78292],[100.82445,3.78218],[100.82441,3.78212],[100.82435,3.78211],[100.82405,3.78217],[100.82401,3.78221],[100.824,3.78226],[100.82418,3.78308],[100.82421,3.78309],[100.82424,3.7831]]]}},{"type":"Feature","properties":{"id":1274815990,"kind":"pond"},"geometry":{"type":"Polygon","coordinates":[[[100.82235,3.78306],[100.82434,3.7835],[100.8244,3.78348],[100.82443,3.78344],[100.8244,3.78322],[100.82437,3.78318],[100.82431,3.78315],[100.82394,3.78313],[100.82265,3.78295],[100.82249,3.7829],[100.82234,3.78288],[100.82231,3.78291],[100.82232,3.78304],[100.82235,3.78306]]]}},{"type":"Feature","properties":{"id":1274815991,"kind":"pond"},"geometry":{"type":"Polygon","coordinates":[[[100.82444,3.78319],[100.82452,3.78356],[100.82456,3.78362],[100.82466,3.78368],[100.82475,3.78367],[100.82483,3.78362],[100.82487,3.78352],[100.82486,3.78337],[100.8248,3.78316],[100.8247,3.7831],[100.82461,3.78309],[100.82447,3.78313],[100.82444,3.78319]]]}},{"type":"Feature","properties":{"id":1274815992,"kind":"pond"},"geometry":{"type":"Polygon","coordinates":[[[100.82513,3.78426],[100.82559,3.7841],[100.82562,3.78406],[100.82562,3.78401],[100.82545,3.78367],[100.8254,3.78352],[100.82535,3.78343],[100.82526,3.78343],[100.82513,3.78348],[100.82504,3.78354],[100.82487,3.78377],[100.82485,3.78385],[100.82497,3.78417],[100.82505,3.78424],[100.82513,3.78426]]]}},{"type":"Feature","properties":{"id":1274815993,"kind":"pond"},"geometry":{"type":"Polygon","coordinates":[[[100.82676,3.77827],[100.82776,3.77816],[100.82888,3.77811],[100.82892,3.7781],[100.8289,3.778],[100.82887,3.77797],[100.8286,3.77793],[100.82776,3.77796],[100.82674,3.77804],[100.82671,3.77807],[100.82673,3.77826],[100.82676,3.77827]]]}},{"type":"Feature","properties":{"id":1274815994,"kind":"pond"},"geometry":{"type":"Polygon","coordinates":[[[100.82886,3.77961],[100.82911,3.77961],[100.82928,3.77956],[100.82934,3.77952],[100.82935,3.77947],[100.82894,3.77821],[100.82891,3.77818],[100.82886,3.77816],[100.82837,3.77818],[100.82834,3.77821],[100.82834,3.77826],[100.82858,3.77898],[100.82882,3.77958],[100.82886,3.77961]]]}},{"type":"Feature","properties":{"id":1274815995,"kind":"pond"},"geometry":{"type":"Polygon","coordinates":[[[100.82833,3.77965],[100.82871,3.77963],[100.82875,3.77961],[100.82875,3.77955],[100.82852,3.77899],[100.82827,3.77823],[100.82824,3.77819],[100.82783,3.77821],[100.82779,3.77823],[100.82778,3.77827],[100.82812,3.77932],[100.82824,3.77961],[100.82828,3.77964],[100.82833,3.77965]]]}},{"type":"Feature","properties":{"id":1274815996,"kind":"pond"},"geometry":{"type":"Polygon","coordinates":[[[100.82775,3.77966],[100.82813,3.77964],[100.82817,3.77962],[100.82817,3.77958],[100.82808,3.77933],[100.82773,3.77827],[100.8277,3.77823],[100.82766,3.77822],[100.82723,3.77826],[100.82721,3.7783],[100.82764,3.77961],[100.82768,3.77965],[100.82775,3.77966]]]}},{"type":"Feature","properties":{"id":1274815997,"kind":"pond"},"geometry":{"type":"Polygon","coordinates":[[[100.82718,3.77969],[100.82756,3.77967],[100.82759,3.77964],[100.82717,3.77829],[100.82713,3.77828],[100.82675,3.77833],[100.82674,3.77837],[100.82714,3.77966],[100.82718,3.77969]]]}},{"type":"Feature","properties":{"id":1274815998,"kind":"pond"},"geometry":{"type":"Polygon","coordinates":[[[100.82663,3.77973],[100.82705,3.7797],[100.82708,3.77968],[100.82709,3.77964],[100.82668,3.77836],[100.82665,3.77834],[100.82619,3.77837],[100.82617,3.77841],[100.82659,3.7797],[100.82663,3.77973]]]}},{"type":"Feature","properties":{"id":1274815999,"kind":"pond"},"geometry":{"type":"Polygon","coordinates":[[[100.82615,3.77973],[100.82651,3.77972],[100.82654,3.77969],[100.82612,3.77841],[100.82608,3.7784],[100.82567,3.77842],[100.82564,3.77844],[100.82565,3.7785],[100.8261,3.7797],[100.82615,3.77973]]]}},{"type":"Feature","properties":{"id":1274816000,"kind":"pond"},"geometry":{"type":"Polygon","coordinates":[[[100.82554,3.77972],[100.82601,3.77971],[100.82604,3.77969],[100.82604,3.77964],[100.82559,3.77848],[100.82555,3.77846],[100.8251,3.7785],[100.82508,3.77855],[100.82548,3.77969],[100.82554,3.77972]]]}},{"type":"Feature","properties":{"id":1274816001,"kind":"pond"},"geometry":{"type":"Polygon","coordinates":[[[100.82953,3.7813],[100.82962,3.78134],[100.82982,3.78135],[100.83005,3.78135],[100.83008,3.78134],[100.8301,3.78129],[100.82978,3.77992],[100.82973,3.77987],[100.82966,3.77985],[100.82911,3.77993],[100.82908,3.77996],[100.82908,3.78],[100.82953,3.7813]]]}},{"type":"Feature","properties":{"id":1274816002,"kind":"pond"},"geometry":{"type":"Polygon","coordinates":[[[100.82905,3.7813],[100.82933,3.78131],[100.8294,3.78129],[100.82943,3.78124],[100.82902,3.77997],[100.82897,3.77994],[100.82881,3.77992],[100.82848,3.77995],[100.82846,3.77997],[100.82846,3.78002],[100.82891,3.78113],[100.82894,3.78124],[100.82898,3.78128],[100.82905,3.7813]]]}},{"type":"Feature","properties":{"id":1274816003,"kind":"pond"},"geometry":{"type":"Polygon","coordinates":[[[100.82859,3.78127],[100.82886,3.78128],[100.82888,3.78125],[100.82888,3.7812],[100.8284,3.77998],[100.82834,3.77995],[100.82822,3.77994],[100.82795,3.77997],[100.82793,3.78],[100.82793,3.78005],[100.82848,3.78122],[100.82853,3.78125],[100.82859,3.78127]]]}},{"type":"Feature","properties":{"id":1274816004,"kind":"pond"},"geometry":{"type":"Polygon","coordinates":[[[100.82806,3.78125],[100.82835,3.78125],[100.82838,3.78123],[100.82839,3.78118],[100.82785,3.78001],[100.8278,3.77996],[100.82774,3.77995],[100.8274,3.77999],[100.82738,3.78001],[100.82738,3.78007],[100.82797,3.78121],[100.82801,3.78123],[100.82806,3.78125]]]}},{"type":"Feature","properties":{"id":1274816005,"kind":"pond"},"geometry":{"type":"Polygon","coordinates":[[[100.82786,3.78116],[100.82787,3.78111],[100.8274,3.7802],[100.82732,3.78002],[100.82727,3.77998],[100.82721,3.77997],[100.82694,3.78001],[100.82686,3.78002],[100.82683,3.78003],[100.82683,3.78008],[100.8274,3.78109],[100.82749,3.78117],[100.82756,3.78121],[100.82764,3.78121],[100.82786,3.78116]]]}},{"type":"Feature","properties":{"id":1274816006,"kind":"pond"},"geometry":{"type":"Polygon","coordinates":[[[100.82687,3.78105],[100.82699,3.78102],[100.82711,3.78099],[100.8272,3.78094],[100.82721,3.78089],[100.82679,3.78012],[100.82677,3.78004],[100.82673,3.78001],[100.82661,3.78],[100.82647,3.78002],[100.82632,3.78003],[100.82629,3.78006],[100.82629,3.7801],[100.82681,3.78102],[100.82684,3.78104],[100.82687,3.78105]]]}},{"type":"Feature","properties":{"id":1274816007,"kind":"pond"},"geometry":{"type":"Polygon","coordinates":[[[100.82645,3.78132],[100.82652,3.78132],[100.82671,3.78126],[100.82678,3.78123],[100.82681,3.78117],[100.82681,3.78111],[100.82623,3.78006],[100.82618,3.78003],[100.82607,3.78002],[100.82578,3.78005],[100.82575,3.78007],[100.82574,3.78014],[100.82634,3.78124],[100.82639,3.78129],[100.82645,3.78132]]]}},{"type":"Feature","properties":{"id":1274816008,"kind":"pond"},"geometry":{"type":"Polygon","coordinates":[[[100.82588,3.78148],[100.82596,3.78147],[100.82625,3.78136],[100.82628,3.78133],[100.8263,3.78127],[100.82566,3.78009],[100.82562,3.78006],[100.82525,3.78007],[100.8252,3.7801],[100.8252,3.78015],[100.82527,3.78032],[100.82582,3.78144],[100.82588,3.78148]]]}},{"type":"Feature","properties":{"id":1274816009,"kind":"pond"},"geometry":{"type":"Polygon","coordinates":[[[100.82565,3.78156],[100.8257,3.78158],[100.82576,3.78157],[100.82581,3.78154],[100.82581,3.78149],[100.8251,3.78006],[100.82505,3.78005],[100.82497,3.78005],[100.82494,3.78009],[100.82495,3.78019],[100.82565,3.78156]]]}},{"type":"Feature","properties":{"id":1274816010,"kind":"pond"},"geometry":{"type":"Polygon","coordinates":[[[100.82762,3.78157],[100.83008,3.78171],[100.83012,3.78168],[100.83014,3.7816],[100.83016,3.78156],[100.83014,3.78143],[100.83012,3.7814],[100.82968,3.7814],[100.82948,3.78137],[100.82846,3.78133],[100.82805,3.78131],[100.82789,3.78126],[100.82775,3.78125],[100.82764,3.78125],[100.82758,3.78128],[100.82757,3.78152],[100.82759,3.78156],[100.82762,3.78157]]]}},{"type":"Feature","properties":{"id":1274816011,"kind":"pond"},"geometry":{"type":"Polygon","coordinates":[[[100.8258,3.78193],[100.82695,3.78156],[100.82707,3.78154],[100.82722,3.78153],[100.82749,3.78155],[100.82753,3.78152],[100.82754,3.78146],[100.82754,3.78133],[100.82752,3.78127],[100.82746,3.78123],[100.82736,3.78119],[100.82716,3.78119],[100.82694,3.78122],[100.82653,3.78137],[100.82636,3.78138],[100.82591,3.78155],[100.82576,3.78161],[100.82571,3.78167],[100.82571,3.78181],[100.82575,3.78192],[100.8258,3.78193]]]}},{"type":"Feature","properties":{"id":1274816012,"kind":"pond"},"geometry":{"type":"Polygon","coordinates":[[[100.83002,3.78326],[100.83012,3.78329],[100.83026,3.78331],[100.8304,3.7833],[100.83049,3.78327],[100.83052,3.7832],[100.83052,3.78311],[100.83022,3.78185],[100.83018,3.78178],[100.83014,3.78175],[100.82957,3.78172],[100.82954,3.78174],[100.82954,3.7818],[100.83002,3.78326]]]}},{"type":"Feature","properties":{"id":1274816013,"kind":"pond"},"geometry":{"type":"Polygon","coordinates":[[[100.82961,3.78328],[100.82992,3.78328],[100.82996,3.78325],[100.82997,3.7832],[100.82949,3.78175],[100.82946,3.78172],[100.82892,3.78169],[100.82888,3.78171],[100.82888,3.78175],[100.8294,3.783],[100.82951,3.78323],[100.82955,3.78327],[100.82961,3.78328]]]}},{"type":"Feature","properties":{"id":1274816014,"kind":"pond"},"geometry":{"type":"Polygon","coordinates":[[[100.82901,3.78326],[100.82933,3.78326],[100.82939,3.78324],[100.82942,3.78319],[100.82941,3.78314],[100.82883,3.78174],[100.82879,3.78168],[100.82873,3.78167],[100.82828,3.78165],[100.82825,3.78167],[100.82826,3.78173],[100.82894,3.78322],[100.82897,3.78325],[100.82901,3.78326]]]}},{"type":"Feature","properties":{"id":1274816015,"kind":"pond"},"geometry":{"type":"Polygon","coordinates":[[[100.82845,3.78326],[100.82883,3.78326],[100.82887,3.78324],[100.82888,3.7832],[100.82821,3.7817],[100.82815,3.78166],[100.82775,3.78161],[100.82772,3.78163],[100.82771,3.78166],[100.82774,3.78176],[100.82832,3.78306],[100.82837,3.78321],[100.82841,3.78324],[100.82845,3.78326]]]}},{"type":"Feature","properties":{"id":1274816016,"kind":"pond"},"geometry":{"type":"Polygon","coordinates":[[[100.82829,3.78311],[100.82815,3.78275],[100.82766,3.78165],[100.82762,3.78161],[100.82719,3.78158],[100.82715,3.78159],[100.82716,3.78165],[100.8273,3.78205],[100.82781,3.78315],[100.82786,3.7832],[100.82792,3.78321],[100.82825,3.78321],[100.82828,3.78319],[100.82829,3.78311]]]}},{"type":"Feature","properties":{"id":1274816017,"kind":"pond"},"geometry":{"type":"Polygon","coordinates":[[[100.82733,3.78318],[100.82766,3.78318],[100.82772,3.78316],[100.82775,3.78312],[100.82774,3.78307],[100.82724,3.78199],[100.8271,3.78163],[100.82706,3.7816],[100.827,3.7816],[100.8266,3.78172],[100.82659,3.78175],[100.82659,3.78181],[100.82717,3.78296],[100.82723,3.78313],[100.82728,3.78316],[100.82733,3.78318]]]}},{"type":"Feature","properties":{"id":1274816018,"kind":"pond"},"geometry":{"type":"Polygon","coordinates":[[[100.8271,3.78318],[100.82715,3.78315],[100.82717,3.7831],[100.82716,3.78305],[100.82653,3.78178],[100.82649,3.78176],[100.82602,3.78191],[100.826,3.78195],[100.82601,3.782],[100.82654,3.78306],[100.82663,3.78319],[100.82669,3.78322],[100.8271,3.78318]]]}},{"type":"Feature","properties":{"id":1274816019,"kind":"pond"},"geometry":{"type":"Polygon","coordinates":[[[100.82616,3.7834],[100.82651,3.78324],[100.82654,3.78319],[100.82653,3.78314],[100.82595,3.78197],[100.82591,3.78195],[100.82584,3.78196],[100.82543,3.7821],[100.8254,3.78214],[100.8254,3.78222],[100.82598,3.78335],[100.82607,3.7834],[100.82616,3.7834]]]}},{"type":"Feature","properties":{"id":1278187388,"kind":"pond"},"geometry":{"type":"Polygon","coordinates":[[[101.66886,3.57295],[101.66939,3.57289],[101.66942,3.57287],[101.66945,3.57276],[101.66944,3.57273],[101.66925,3.5726],[101.66918,3.5726],[101.66904,3.57267],[101.66884,3.57274],[101.66879,3.57274],[101.66876,3.57278],[101.66876,3.57288],[101.66881,3.57294],[101.66886,3.57295]]]}},{"type":"Feature","properties":{"id":1278187389,"kind":"pond"},"geometry":{"type":"Polygon","coordinates":[[[101.66803,3.57262],[101.66837,3.57281],[101.66859,3.57297],[101.66864,3.57297],[101.66869,3.57285],[101.66869,3.57279],[101.66866,3.57275],[101.6681,3.57244],[101.66805,3.57244],[101.66799,3.57254],[101.66799,3.57258],[101.66803,3.57262]]]}},{"type":"Feature","properties":{"id":1278187390,"kind":"pond"},"geometry":{"type":"Polygon","coordinates":[[[101.66707,3.57191],[101.66735,3.57209],[101.6675,3.57215],[101.66771,3.57221],[101.66783,3.5722],[101.66789,3.57216],[101.66793,3.57211],[101.66792,3.57208],[101.66783,3.57204],[101.66724,3.57164],[101.6672,3.57164],[101.66712,3.57177],[101.66706,3.57183],[101.66705,3.57187],[101.66707,3.57191]]]}},{"type":"Feature","properties":{"id":1278187400,"kind":"pond"},"geometry":{"type":"Polygon","coordinates":[[[101.66545,3.57157],[101.66563,3.57171],[101.66578,3.57188],[101.66581,3.57188],[101.66598,3.57169],[101.66598,3.57166],[101.66566,3.57131],[101.66563,3.57131],[101.66546,3.57144],[101.66541,3.57146],[101.6654,3.5715],[101.66542,3.57154],[101.66545,3.57157]]]}},{"type":"Feature","properties":{"id":1278970876,"kind":"water"},"geometry":{"type":"Polygon","coordinates":[[[101.65059,3.57001],[101.65063,3.56985],[101.65069,3.56977],[101.65074,3.56968],[101.65093,3.56957],[101.65109,3.56955],[101.65114,3.56952],[101.65117,3.56945],[101.65113,3.56941],[101.65093,3.56938],[101.65068,3.5694],[101.6505,3.56947],[101.65037,3.56954],[101.65035,3.56961],[101.65043,3.56973],[101.65054,3.56999],[101.65056,3.57002],[101.65059,3.57001]]]}},{"type":"Feature","properties":{"id":1279074337,"kind":"pond"},"geometry":{"type":"Polygon","coordinates":[[[101.61653,3.60483],[101.61647,3.6048],[101.61644,3.60473],[101.61653,3.60438],[101.61659,3.60435],[101.6169,3.60438],[101.61719,3.60443],[101.61742,3.60448],[101.61745,3.60452],[101.61743,3.60488],[101.6174,3.60494],[101.6173,3.60495],[101.61685,3.60488],[101.61653,3.60483]]]}},{"type":"Feature","properties":{"id":1279086676,"name":"Kolam Air Panas Kerling","kind":"basin"},"geometry":{"type":"Polygon","coordinates":[[[101.60898,3.61007],[101.60901,3.6101],[101.60904,3.61007],[101.60901,3.61004],[101.60898,3.61007]]]}},{"type":"Feature","properties":{"id":1279107571,"kind":"basin"},"geometry":{"type":"Polygon","coordinates":[[[101.63419,3.58642],[101.6343,3.5862],[101.63428,3.58615],[101.63429,3.58608],[101.6344,3.58586],[101.63439,3.58583],[101.63434,3.58582],[101.63428,3.58581],[101.63422,3.5858],[101.63415,3.5858],[101.63407,3.5859],[101.6339,3.58621],[101.63389,3.58625],[101.6339,3.58629],[101.63393,3.58633],[101.63401,3.58637],[101.63415,3.58643],[101.63419,3.58642]]]}},{"type":"Feature","properties":{"id":1279107574,"kind":"basin"},"geometry":{"type":"Polygon","coordinates":[[[101.63386,3.58466],[101.63394,3.58415],[101.634,3.58406],[101.63441,3.5842],[101.63453,3.58433],[101.6346,3.58453],[101.63461,3.58485],[101.63463,3.58501],[101.63463,3.58517],[101.63459,3.58523],[101.63451,3.58526],[101.63442,3.58526],[101.6343,3.58522],[101.63393,3.58483],[101.63387,3.58473],[101.63386,3.58466]]]}},{"type":"Feature","properties":{"id":1279107575,"kind":"basin"},"geometry":{"type":"Polygon","coordinates":[[[101.63466,3.58627],[101.63453,3.5862],[101.63449,3.58613],[101.63449,3.586],[101.63462,3.58563],[101.63475,3.58546],[101.63489,3.58543],[101.63506,3.58543],[101.63519,3.5855],[101.63521,3.58559],[101.63531,3.58603],[101.63529,3.5861],[101.63511,3.58618],[101.63477,3.58627],[101.63466,3.58627]]]}},{"type":"Feature","properties":{"id":1279107576,"kind":"basin"},"geometry":{"type":"Polygon","coordinates":[[[101.63473,3.58511],[101.6347,3.58511],[101.63467,3.58464],[101.63464,3.5844],[101.63466,3.58438],[101.63471,3.58439],[101.63473,3.58442],[101.63479,3.58443],[101.63485,3.58446],[101.63494,3.58446],[101.63498,3.58444],[101.63506,3.58444],[101.63512,3.5845],[101.63516,3.58455],[101.6352,3.58456],[101.63525,3.58456],[101.63527,3.58459],[101.63526,3.58462],[101.63513,3.58465],[101.63501,3.58469],[101.63491,3.5847],[101.63481,3.58472],[101.63475,3.58474],[101.63477,3.58511],[101.63473,3.58511]]]}},{"type":"Feature","properties":{"id":1279107588,"kind":"pond"},"geometry":{"type":"Polygon","coordinates":[[[101.64667,3.58308],[101.64665,3.5831],[101.64665,3.58314],[101.64668,3.58317],[101.6467,3.58323],[101.64668,3.58327],[101.64661,3.58327],[101.64656,3.58321],[101.64654,3.58312],[101.64651,3.58306],[101.64646,3.58301],[101.64633,3.58295],[101.64624,3.58289],[101.64619,3.58284],[101.64618,3.58282],[101.6462,3.58278],[101.64625,3.58276],[101.64634,3.58277],[101.6464,3.58283],[101.6465,3.58288],[101.64657,3.58295],[101.6467,3.58298],[101.64673,3.58301],[101.64671,3.58305],[101.64667,3.58308]]]}},{"type":"Feature","properties":{"id":1279359015,"kind":"basin"},"geometry":{"type":"Polygon","coordinates":[[[101.86983,3.54747],[101.86991,3.5474],[101.86995,3.54734],[101.86987,3.54722],[101.86982,3.54717],[101.86985,3.54711],[101.86991,3.54704],[101.86991,3.54699],[101.86995,3.54694],[101.87005,3.54689],[101.87014,3.5469],[101.87021,3.54695],[101.87029,3.54696],[101.87046,3.54704],[101.87049,3.54703],[101.87053,3.54704],[101.87056,3.54706],[101.87056,3.54709],[101.87064,3.54714],[101.87068,3.54714],[101.8707,3.54717],[101.87073,3.54726],[101.87072,3.54739],[101.87068,3.54746],[101.87048,3.54753],[101.86943,3.54801],[101.86936,3.5482],[101.86923,3.54833],[101.86923,3.5484],[101.8693,3.54842],[101.86932,3.54843],[101.86932,3.54845],[101.86929,3.54845],[101.86925,3.54843],[101.86919,3.54842],[101.86917,3.5484],[101.86916,3.54836],[101.86912,3.54827],[101.86913,3.54823],[101.86909,3.54822],[101.86906,3.54819],[101.86898,3.54813],[101.86896,3.54809],[101.86891,3.54801],[101.86891,3.54793],[101.869,3.54784],[101.86898,3.54774],[101.86892,3.54769],[101.86893,3.54761],[101.86903,3.54754],[101.86906,3.54745],[101.86912,3.54737],[101.86919,3.54733],[101.8693,3.54736],[101.86934,3.54741],[101.86939,3.54738],[101.86946,3.54731],[101.86948,3.5473],[101.86956,3.54728],[101.86967,3.54729],[101.8697,3.54736],[101.86973,3.54743],[101.86983,3.54747]]]}},{"type":"Feature","properties":{"id":1279359016,"kind":"basin"},"geometry":{"type":"Polygon","coordinates":[[[101.87101,3.54664],[101.87102,3.54669],[101.871,3.54671],[101.87101,3.54674],[101.87105,3.54677],[101.87105,3.54682],[101.87102,3.54686],[101.87096,3.54688],[101.87094,3.54686],[101.87092,3.54685],[101.87087,3.54684],[101.87081,3.54685],[101.87077,3.54688],[101.87069,3.54689],[101.87064,3.5469],[101.87058,3.54697],[101.87055,3.54697],[101.87053,3.54694],[101.87035,3.54683],[101.87025,3.54669],[101.87019,3.54665],[101.87006,3.54666],[101.87001,3.54666],[101.86997,3.54663],[101.8699,3.54662],[101.86986,3.54661],[101.8698,3.54652],[101.86971,3.54647],[101.86963,3.54645],[101.86959,3.54641],[101.86947,3.54638],[101.86938,3.54628],[101.86932,3.54618],[101.86923,3.54613],[101.86922,3.54608],[101.86916,3.54601],[101.86912,3.54603],[101.86909,3.54607],[101.86899,3.54612],[101.86894,3.54617],[101.86888,3.54622],[101.86881,3.54622],[101.86876,3.54615],[101.86885,3.54605],[101.869,3.546],[101.86904,3.5459],[101.86894,3.54584],[101.86889,3.54582],[101.86886,3.54574],[101.86892,3.54569],[101.86923,3.54577],[101.86943,3.5459],[101.86961,3.54598],[101.86971,3.54606],[101.86982,3.54615],[101.86996,3.54618],[101.87013,3.54613],[101.87021,3.54613],[101.87042,3.54621],[101.87057,3.54627],[101.87057,3.54636],[101.87056,3.54643],[101.87063,3.54647],[101.87073,3.54647],[101.87086,3.54646],[101.87094,3.54652],[101.87096,3.54655],[101.87101,3.54664]]]}},{"type":"Feature","properties":{"id":1279359017,"kind":"basin"},"geometry":{"type":"Polygon","coordinates":[[[101.87107,3.54664],[101.87106,3.54658],[101.87104,3.54652],[101.87103,3.54643],[101.87108,3.54637],[101.87171,3.54622],[101.87178,3.54626],[101.87179,3.54633],[101.87168,3.54663],[101.87161,3.54681],[101.87154,3.54691],[101.87147,3.54691],[101.87142,3.54685],[101.87142,3.5468],[101.87137,3.54676],[101.8713,3.54677],[101.87125,3.54674],[101.87117,3.54674],[101.87112,3.54674],[101.87109,3.5467],[101.87107,3.54664]]]}},{"type":"Feature","properties":{"id":1279811585,"kind":"pond"},"geometry":{"type":"Polygon","coordinates":[[[101.64801,3.56127],[101.64831,3.5613],[101.64835,3.56128],[101.64844,3.56093],[101.64843,3.56089],[101.64808,3.5608],[101.64806,3.56081],[101.64804,3.56082],[101.64799,3.56124],[101.64801,3.56127]]]}},{"type":"Feature","properties":{"id":1279825337,"kind":"pond"},"geometry":{"type":"Polygon","coordinates":[[[101.61653,3.59791],[101.61672,3.5981],[101.61695,3.59798],[101.61709,3.59803],[101.61722,3.59792],[101.61733,3.59752],[101.61741,3.59739],[101.61727,3.59724],[101.61701,3.59747],[101.6169,3.59748],[101.61663,3.5975],[101.61662,3.59777],[101.61653,3.59791]]]}},{"type":"Feature","properties":{"id":1281336307,"kind":"wetland"},"geometry":{"type":"Polygon","coordinates":[[[102.05723,2.74391],[102.05721,2.74427],[102.0575,2.7446],[102.05754,2.74468],[102.05774,2.74459],[102.05767,2.74439],[102.05761,2.74404],[102.05794,2.74361],[102.05777,2.74347],[102.05754,2.74346],[102.05723,2.74391]]]}},{"type":"Feature","properties":{"id":1285041601,"kind":"reservoir"},"geometry":{"type":"Polygon","coordinates":[[[101.61297,3.36354],[101.61281,3.3635],[101.61274,3.3635],[101.61267,3.36349],[101.61262,3.36347],[101.6126,3.36345],[101.61259,3.36343],[101.61259,3.36341],[101.61259,3.36338],[101.61259,3.36336],[101.61259,3.36334],[101.6126,3.36332],[101.61261,3.3633],[101.61265,3.36328],[101.6127,3.36329],[101.61277,3.36332],[101.61286,3.36336],[101.61302,3.36339],[101.61329,3.36346],[101.61354,3.36354],[101.6138,3.36363],[101.61419,3.36374],[101.61426,3.36375],[101.61436,3.36381],[101.61451,3.3639],[101.61462,3.36394],[101.61476,3.36396],[101.61486,3.36403],[101.6149,3.36407],[101.61491,3.36411],[101.61488,3.36413],[101.61486,3.3642],[101.61478,3.36425],[101.61471,3.36424],[101.61454,3.36424],[101.61438,3.36419],[101.61421,3.36407],[101.61407,3.36394],[101.614,3.36386],[101.61392,3.36383],[101.61356,3.36373],[101.61324,3.36361],[101.61297,3.36354]]]}},{"type":"Feature","properties":{"id":1285041602,"kind":"pond"},"geometry":{"type":"Polygon","coordinates":[[[101.61924,3.36325],[101.61913,3.36332],[101.61908,3.36333],[101.61907,3.36339],[101.61911,3.36339],[101.61918,3.36345],[101.61917,3.36352],[101.61924,3.36357],[101.61924,3.36364],[101.61917,3.36371],[101.61908,3.36373],[101.61895,3.36375],[101.61896,3.36383],[101.6189,3.3639],[101.61882,3.364],[101.61894,3.36399],[101.61902,3.36402],[101.61911,3.36393],[101.61919,3.3639],[101.61932,3.36382],[101.61948,3.36367],[101.61959,3.36368],[101.61972,3.36361],[101.61973,3.36351],[101.61984,3.36338],[101.61987,3.36327],[101.61984,3.36319],[101.61981,3.36319],[101.61976,3.36327],[101.61976,3.36333],[101.61967,3.36343],[101.61957,3.36349],[101.61949,3.36349],[101.61943,3.36345],[101.61941,3.36341],[101.61935,3.36337],[101.61929,3.36338],[101.61925,3.36331],[101.61924,3.36325]]]}},{"type":"Feature","properties":{"id":1285041603,"kind":"pond"},"geometry":{"type":"Polygon","coordinates":[[[101.61864,3.36262],[101.61886,3.36269],[101.61889,3.36276],[101.61897,3.36278],[101.61903,3.36274],[101.61905,3.36271],[101.61915,3.36272],[101.61919,3.36284],[101.61939,3.36284],[101.61929,3.36275],[101.61932,3.36256],[101.61948,3.36245],[101.61966,3.36241],[101.61971,3.36233],[101.61952,3.36196],[101.61919,3.36215],[101.61899,3.36238],[101.61879,3.3624],[101.61872,3.36257],[101.61864,3.36262]]]}},{"type":"Feature","properties":{"id":1300054145,"kind":"water"},"geometry":{"type":"Polygon","coordinates":[[[101.54025,3.43844],[101.54022,3.43832],[101.54025,3.43823],[101.5403,3.43821],[101.54041,3.43806],[101.54049,3.43786],[101.54053,3.43763],[101.54051,3.43754],[101.54054,3.4374],[101.54061,3.43741],[101.54068,3.43745],[101.54072,3.4377],[101.54069,3.43788],[101.5406,3.43806],[101.54058,3.4382],[101.54058,3.43839],[101.54042,3.43843],[101.54025,3.43844]]]}},{"type":"Feature","properties":{"id":1301824586,"kind":"pond"},"geometry":{"type":"Polygon","coordinates":[[[101.05158,3.66418],[101.05264,3.6656],[101.05478,3.66584],[101.05632,3.66386],[101.0619,3.66049],[101.06023,3.65783],[101.05251,3.66238],[101.05158,3.66418]]]}},{"type":"Feature","properties":{"id":1304591872,"kind":"pond"},"geometry":{"type":"Polygon","coordinates":[[[101.60159,3.62137],[101.60164,3.62123],[101.60167,3.62115],[101.60169,3.62104],[101.60171,3.6209],[101.60173,3.62082],[101.60175,3.62073],[101.60177,3.62069],[101.60174,3.62063],[101.60177,3.62059],[101.60183,3.62052],[101.60187,3.6205],[101.60192,3.6205],[101.60196,3.62051],[101.60198,3.62052],[101.60199,3.62056],[101.60201,3.62062],[101.60202,3.62068],[101.60206,3.62071],[101.60211,3.62074],[101.60217,3.62076],[101.60222,3.62076],[101.60224,3.62075],[101.60229,3.62075],[101.60237,3.62077],[101.60247,3.62083],[101.60278,3.62111],[101.60285,3.62116],[101.60287,3.62119],[101.60289,3.62125],[101.60291,3.62132],[101.60291,3.62138],[101.60292,3.62146],[101.60292,3.62153],[101.6029,3.62161],[101.60284,3.62166],[101.60281,3.6217],[101.6028,3.62173],[101.60278,3.62175],[101.60275,3.62177],[101.60273,3.62179],[101.60273,3.62183],[101.60273,3.62185],[101.60271,3.62189],[101.60269,3.62192],[101.60262,3.62193],[101.60238,3.62198],[101.60234,3.62199],[101.60231,3.62202],[101.60228,3.62204],[101.60221,3.62205],[101.60213,3.62206],[101.60206,3.62203],[101.60203,3.62197],[101.60199,3.62185],[101.60195,3.62178],[101.6019,3.62172],[101.60182,3.6217],[101.60176,3.62171],[101.60173,3.62174],[101.60174,3.6218],[101.60172,3.62181],[101.60166,3.62181],[101.60158,3.62178],[101.60147,3.6217],[101.60159,3.62137]]]}},{"type":"Feature","properties":{"id":1304591874,"kind":"pond"},"geometry":{"type":"Polygon","coordinates":[[[101.60065,3.62086],[101.60061,3.62082],[101.60058,3.62081],[101.60056,3.62077],[101.60055,3.62074],[101.60052,3.62069],[101.60047,3.62061],[101.60034,3.62047],[101.60025,3.62042],[101.60017,3.62042],[101.6001,3.62047],[101.60002,3.62051],[101.59996,3.62056],[101.59993,3.62062],[101.59989,3.6207],[101.5999,3.62079],[101.59991,3.62087],[101.59991,3.62099],[101.59988,3.62113],[101.59986,3.62123],[101.59983,3.62126],[101.59981,3.62128],[101.59972,3.62154],[101.59968,3.62157],[101.59963,3.62159],[101.59956,3.62161],[101.59951,3.62164],[101.59948,3.62166],[101.59946,3.62172],[101.59943,3.62176],[101.59938,3.6218],[101.59929,3.6218],[101.59918,3.62182],[101.59911,3.6219],[101.59908,3.62197],[101.59903,3.62201],[101.59895,3.62205],[101.59889,3.6221],[101.59883,3.62216],[101.59881,3.62221],[101.59881,3.62226],[101.59878,3.62231],[101.59873,3.62235],[101.59867,3.62239],[101.59859,3.62252],[101.5986,3.62264],[101.59853,3.62268],[101.59814,3.62319],[101.59812,3.62327],[101.59814,3.6233],[101.59815,3.62333],[101.59812,3.62336],[101.59814,3.62341],[101.59818,3.62346],[101.59819,3.6235],[101.59814,3.62364],[101.59802,3.62371],[101.59789,3.62381],[101.59769,3.62386],[101.59763,3.62388],[101.59758,3.62393],[101.59753,3.62397],[101.59746,3.62401],[101.59742,3.62409],[101.59739,3.62425],[101.59741,3.62431],[101.59747,3.62433],[101.59755,3.62434],[101.59774,3.62442],[101.59783,3.62444],[101.59789,3.62449],[101.59795,3.62452],[101.59796,3.62457],[101.598,3.62459],[101.59801,3.62463],[101.59806,3.62465],[101.59811,3.62471],[101.59817,3.62472],[101.59822,3.62475],[101.59826,3.62476],[101.5983,3.62478],[101.59836,3.62476],[101.59841,3.62476],[101.59847,3.62475],[101.59852,3.62471],[101.59858,3.62468],[101.59866,3.62466],[101.59869,3.62464],[101.59872,3.6246],[101.59875,3.62459],[101.59879,3.62454],[101.59889,3.62452],[101.59892,3.6245],[101.59896,3.62446],[101.59897,3.62427],[101.599,3.62418],[101.59901,3.62408],[101.59898,3.62392],[101.59896,3.62381],[101.59897,3.62372],[101.599,3.62363],[101.59904,3.62351],[101.59906,3.62345],[101.59905,3.6234],[101.59907,3.62331],[101.59909,3.62324],[101.59912,3.62317],[101.59916,3.62308],[101.59918,3.62301],[101.59922,3.62295],[101.5993,3.62285],[101.59936,3.62284],[101.59942,3.62281],[101.59945,3.62277],[101.59948,3.62274],[101.59957,3.62268],[101.5997,3.62251],[101.59978,3.62238],[101.59985,3.6223],[101.59994,3.62226],[101.60004,3.62217],[101.60014,3.62212],[101.60021,3.62205],[101.60025,3.62199],[101.60029,3.62196],[101.6004,3.62182],[101.60053,3.62171],[101.60061,3.62162],[101.60068,3.62156],[101.60076,3.62145],[101.6008,3.62136],[101.60082,3.62125],[101.60085,3.62118],[101.60085,3.62112],[101.60073,3.62099],[101.60065,3.62086]]]}},{"type":"Feature","properties":{"id":1304591875,"kind":"pond"},"geometry":{"type":"Polygon","coordinates":[[[101.60211,3.62506],[101.60254,3.62477],[101.60258,3.62476],[101.6026,3.62478],[101.60268,3.62502],[101.60268,3.62505],[101.60267,3.62508],[101.60265,3.62511],[101.6026,3.62516],[101.60256,3.62519],[101.60253,3.62519],[101.60251,3.6252],[101.60233,3.62513],[101.60227,3.62513],[101.60221,3.62513],[101.60216,3.62513],[101.60211,3.62512],[101.60209,3.6251],[101.60209,3.62507],[101.60211,3.62506]]]}},{"type":"Feature","properties":{"id":1304591876,"kind":"pond"},"geometry":{"type":"Polygon","coordinates":[[[101.60262,3.62522],[101.60269,3.62517],[101.60272,3.62512],[101.60274,3.62508],[101.60274,3.62502],[101.60273,3.62496],[101.60272,3.62493],[101.6027,3.62489],[101.60268,3.62483],[101.60268,3.62477],[101.60269,3.62475],[101.60271,3.62473],[101.60275,3.62471],[101.60293,3.62468],[101.60301,3.62469],[101.60305,3.62471],[101.60309,3.62475],[101.60308,3.62484],[101.60297,3.62506],[101.60295,3.62511],[101.60295,3.62514],[101.60298,3.6252],[101.60325,3.6253],[101.60318,3.62584],[101.60293,3.62584],[101.6028,3.62585],[101.60271,3.62586],[101.60262,3.62586],[101.60258,3.62584],[101.60254,3.62586],[101.60249,3.62589],[101.60244,3.62589],[101.60239,3.62585],[101.60235,3.62583],[101.60231,3.6258],[101.60227,3.62579],[101.6022,3.62574],[101.60206,3.62561],[101.60201,3.62552],[101.60202,3.6253],[101.60203,3.62522],[101.60207,3.62518],[101.6022,3.62519],[101.60233,3.6252],[101.60239,3.62523],[101.60245,3.62525],[101.60252,3.62525],[101.60257,3.62526],[101.60262,3.62522]]]}},{"type":"Feature","properties":{"id":1304591877,"kind":"pond"},"geometry":{"type":"Polygon","coordinates":[[[101.60324,3.62579],[101.60332,3.62534],[101.60333,3.62532],[101.60336,3.62531],[101.60343,3.62533],[101.60385,3.62543],[101.60386,3.62545],[101.60386,3.62551],[101.60386,3.62557],[101.60385,3.62561],[101.60383,3.62565],[101.60378,3.6257],[101.60371,3.62574],[101.60366,3.62576],[101.60364,3.62575],[101.60363,3.62575],[101.60359,3.62577],[101.60356,3.62581],[101.60349,3.62584],[101.60347,3.62584],[101.60344,3.62585],[101.60344,3.62586],[101.60341,3.62587],[101.60336,3.62587],[101.60328,3.62584],[101.60324,3.62579]]]}},{"type":"Feature","properties":{"id":1304591878,"kind":"pond"},"geometry":{"type":"Polygon","coordinates":[[[101.60398,3.62535],[101.60395,3.62556],[101.60395,3.62562],[101.60398,3.62567],[101.60407,3.62576],[101.60418,3.62588],[101.60426,3.62591],[101.60476,3.62605],[101.60488,3.62605],[101.60493,3.62605],[101.60499,3.62605],[101.60503,3.62603],[101.60507,3.62576],[101.60507,3.62568],[101.60505,3.62561],[101.60503,3.62555],[101.60496,3.62548],[101.60489,3.62541],[101.60481,3.62535],[101.60473,3.62532],[101.60466,3.6253],[101.60454,3.6253],[101.60447,3.6253],[101.60442,3.62532],[101.60437,3.62534],[101.60435,3.62536],[101.60431,3.62536],[101.60427,3.62533],[101.60421,3.62532],[101.60413,3.62531],[101.60409,3.62531],[101.60402,3.62531],[101.60398,3.62535]]]}},{"type":"Feature","properties":{"id":1304591879,"kind":"pond"},"geometry":{"type":"Polygon","coordinates":[[[101.60566,3.62618],[101.60569,3.62582],[101.60568,3.62578],[101.60564,3.62575],[101.60557,3.62573],[101.60543,3.6257],[101.60532,3.6257],[101.60524,3.62572],[101.60518,3.62572],[101.60515,3.62573],[101.60514,3.62577],[101.60513,3.62584],[101.60511,3.6259],[101.60508,3.62595],[101.60507,3.62601],[101.60507,3.62609],[101.60511,3.62612],[101.60528,3.62615],[101.60548,3.62617],[101.60566,3.62618]]]}},{"type":"Feature","properties":{"id":1304591880,"kind":"pond"},"geometry":{"type":"Polygon","coordinates":[[[101.60575,3.62619],[101.60574,3.62615],[101.60575,3.62603],[101.60577,3.62581],[101.60578,3.62579],[101.60584,3.62578],[101.60588,3.62579],[101.60592,3.62583],[101.60597,3.62585],[101.60602,3.62588],[101.60606,3.62593],[101.6061,3.62595],[101.60616,3.62599],[101.6062,3.62606],[101.60627,3.62619],[101.60627,3.62626],[101.60622,3.62631],[101.60618,3.62633],[101.60613,3.62635],[101.60606,3.6263],[101.60599,3.62626],[101.60595,3.62624],[101.60575,3.62619]]]}},{"type":"Feature","properties":{"id":1304591884,"kind":"pond"},"geometry":{"type":"Polygon","coordinates":[[[101.59546,3.62725],[101.59545,3.62728],[101.59544,3.6273],[101.59542,3.62732],[101.5954,3.62733],[101.59538,3.62734],[101.59537,3.62736],[101.59538,3.62742],[101.59538,3.62745],[101.59538,3.62748],[101.59535,3.62751],[101.59533,3.62752],[101.5953,3.62754],[101.59527,3.62757],[101.59524,3.62761],[101.5952,3.62761],[101.59514,3.62762],[101.5951,3.62767],[101.59509,3.62769],[101.59507,3.6277],[101.59503,3.62772],[101.595,3.62771],[101.59497,3.62769],[101.59494,3.62766],[101.5949,3.62762],[101.59487,3.6276],[101.59484,3.62757],[101.59482,3.62755],[101.59484,3.62751],[101.59487,3.62748],[101.5949,3.62747],[101.59492,3.62745],[101.59493,3.62743],[101.59493,3.6274],[101.59494,3.62737],[101.59495,3.62734],[101.59499,3.62734],[101.59503,3.62731],[101.59506,3.6273],[101.5951,3.62732],[101.59513,3.62736],[101.59516,3.62737],[101.59519,3.62733],[101.59519,3.6273],[101.5952,3.62727],[101.59526,3.62725],[101.59534,3.62722],[101.59535,3.6272],[101.59538,3.62719],[101.59546,3.62725]]]}},{"type":"Feature","properties":{"id":1304591887,"kind":"pond"},"geometry":{"type":"Polygon","coordinates":[[[101.59548,3.62678],[101.59545,3.6268],[101.59468,3.62696],[101.59461,3.62671],[101.59464,3.6267],[101.59465,3.62669],[101.59466,3.62667],[101.59469,3.62666],[101.59538,3.62653],[101.59541,3.62654],[101.59542,3.62655],[101.59544,3.62657],[101.59548,3.62678]]]}},{"type":"Feature","properties":{"id":1304591890,"kind":"pond"},"geometry":{"type":"Polygon","coordinates":[[[101.59484,3.62604],[101.59479,3.62593],[101.59478,3.62586],[101.59476,3.62581],[101.59473,3.62575],[101.59471,3.62568],[101.5947,3.62563],[101.5947,3.6256],[101.5947,3.62557],[101.59504,3.62552],[101.59507,3.62553],[101.59509,3.62555],[101.59511,3.62559],[101.59527,3.62608],[101.59526,3.62612],[101.59525,3.62613],[101.5952,3.62616],[101.59511,3.62618],[101.59494,3.62619],[101.59491,3.62619],[101.59488,3.62617],[101.59484,3.62604]]]}},{"type":"Feature","properties":{"id":1304591891,"kind":"pond"},"geometry":{"type":"Polygon","coordinates":[[[101.59604,3.62616],[101.59596,3.6262],[101.5959,3.62622],[101.59584,3.62626],[101.59579,3.62627],[101.59575,3.62627],[101.59571,3.62629],[101.59566,3.62631],[101.5956,3.62632],[101.59554,3.62632],[101.5955,3.6263],[101.59547,3.62625],[101.59547,3.62618],[101.59547,3.62615],[101.59545,3.62613],[101.59543,3.62612],[101.59543,3.62609],[101.59547,3.62608],[101.59584,3.6259],[101.59588,3.6259],[101.59594,3.62592],[101.596,3.62595],[101.59603,3.62598],[101.59609,3.62601],[101.59612,3.62603],[101.59613,3.62606],[101.59611,3.6261],[101.59607,3.62612],[101.59604,3.62616]]]}},{"type":"Feature","properties":{"id":1304591892,"kind":"pond"},"geometry":{"type":"Polygon","coordinates":[[[101.5969,3.62979],[101.59689,3.62983],[101.59691,3.62988],[101.59692,3.62992],[101.59693,3.62996],[101.59692,3.6301],[101.59691,3.63015],[101.59689,3.63018],[101.59685,3.63018],[101.59682,3.63018],[101.59679,3.63018],[101.59676,3.63017],[101.59674,3.63013],[101.59671,3.63011],[101.59669,3.63012],[101.59665,3.63013],[101.59662,3.63014],[101.59657,3.63014],[101.59655,3.63012],[101.59653,3.63008],[101.5965,3.63004],[101.59646,3.63001],[101.59642,3.62999],[101.59638,3.62999],[101.59636,3.63001],[101.59634,3.62999],[101.5963,3.62994],[101.59626,3.62991],[101.59623,3.62988],[101.59625,3.62984],[101.59629,3.62984],[101.59634,3.62984],[101.5964,3.62984],[101.59644,3.62983],[101.5965,3.62981],[101.59656,3.62982],[101.59662,3.62981],[101.59664,3.62978],[101.59668,3.62976],[101.59676,3.62976],[101.5968,3.62976],[101.59685,3.62977],[101.5969,3.62979]]]}},{"type":"Feature","properties":{"id":1304591895,"kind":"pond"},"geometry":{"type":"Polygon","coordinates":[[[101.5972,3.62387],[101.59709,3.62399],[101.59704,3.62413],[101.59697,3.62431],[101.59689,3.62444],[101.59681,3.62452],[101.59677,3.62456],[101.59659,3.62454],[101.59654,3.62454],[101.59647,3.62454],[101.59639,3.62451],[101.59636,3.62445],[101.59634,3.62441],[101.59629,3.62439],[101.59623,3.62439],[101.59603,3.62415],[101.59594,3.62401],[101.59587,3.62394],[101.5958,3.62387],[101.59572,3.62381],[101.59565,3.62375],[101.59596,3.6232],[101.5961,3.62309],[101.59614,3.62307],[101.59621,3.6231],[101.59636,3.62315],[101.59647,3.62316],[101.59656,3.6232],[101.59668,3.62327],[101.59684,3.62336],[101.59689,3.62342],[101.59689,3.6235],[101.59694,3.62355],[101.59695,3.62362],[101.59704,3.62368],[101.59711,3.62372],[101.59713,3.62376],[101.59718,3.62376],[101.59722,3.62377],[101.5972,3.62387]]]}},{"type":"Feature","properties":{"id":1304970369,"kind":"pond"},"geometry":{"type":"Polygon","coordinates":[[[101.62439,3.47065],[101.62476,3.47089],[101.6248,3.47091],[101.62483,3.47091],[101.62486,3.4709],[101.6249,3.47085],[101.62489,3.47073],[101.62488,3.47071],[101.62487,3.47069],[101.62486,3.47067],[101.62485,3.47066],[101.62481,3.47051],[101.62479,3.4705],[101.62475,3.47047],[101.62456,3.47036],[101.62452,3.47035],[101.62449,3.47036],[101.62446,3.47038],[101.62443,3.47041],[101.62432,3.47054],[101.62432,3.47059],[101.62435,3.47063],[101.62439,3.47065]]]}},{"type":"Feature","properties":{"id":1306664060,"kind":"pond"},"geometry":{"type":"Polygon","coordinates":[[[101.94518,3.80871],[101.9454,3.80893],[101.94555,3.80901],[101.94589,3.80915],[101.94672,3.80919],[101.94674,3.80904],[101.94632,3.80904],[101.94575,3.80892],[101.94545,3.8087],[101.94528,3.80842],[101.94525,3.80818],[101.94513,3.80818],[101.94506,3.80821],[101.94511,3.8083],[101.94516,3.80834],[101.94518,3.80871]]]}},{"type":"Feature","properties":{"id":1306664061,"kind":"pond"},"geometry":{"type":"Polygon","coordinates":[[[101.94508,3.80966],[101.94514,3.80969],[101.94538,3.8094],[101.94562,3.80936],[101.94568,3.80929],[101.94548,3.80923],[101.94524,3.8093],[101.94513,3.80945],[101.94508,3.80966]]]}},{"type":"Feature","properties":{"id":1306664101,"kind":"pond"},"geometry":{"type":"Polygon","coordinates":[[[101.93213,3.81196],[101.93231,3.81215],[101.93245,3.81224],[101.93263,3.81249],[101.93367,3.81297],[101.93381,3.81308],[101.93398,3.81384],[101.93406,3.81391],[101.93447,3.81403],[101.93451,3.81423],[101.93467,3.81427],[101.93472,3.81389],[101.93439,3.81363],[101.93423,3.81326],[101.93398,3.81298],[101.93388,3.8128],[101.93287,3.81242],[101.93258,3.81225],[101.93213,3.81196]]]}},{"type":"Feature","properties":{"id":1306676081,"kind":"pond"},"geometry":{"type":"Polygon","coordinates":[[[101.85359,3.83169],[101.85376,3.83268],[101.8539,3.8342],[101.85424,3.83481],[101.85545,3.83542],[101.85596,3.8352],[101.85538,3.83139],[101.85491,3.83121],[101.85359,3.83169]]]}},{"type":"Feature","properties":{"id":1306676095,"kind":"pond"},"geometry":{"type":"Polygon","coordinates":[[[101.82664,3.85837],[101.82679,3.85842],[101.82695,3.85731],[101.82692,3.85688],[101.82648,3.85715],[101.82664,3.85837]]]}},{"type":"Feature","properties":{"id":1306676108,"kind":"pond"},"geometry":{"type":"Polygon","coordinates":[[[101.85151,3.80626],[101.85175,3.80656],[101.85239,3.80664],[101.85242,3.80639],[101.85165,3.80624],[101.85151,3.80626]]]}},{"type":"Feature","properties":{"id":1306676114,"kind":"pond"},"geometry":{"type":"Polygon","coordinates":[[[101.85461,3.81],[101.85487,3.80998],[101.8549,3.80977],[101.85479,3.8094],[101.85459,3.80941],[101.85454,3.80984],[101.85461,3.81]]]}},{"type":"Feature","properties":{"id":1323408043,"kind":"river"},"geometry":{"type":"Polygon","coordinates":[[[101.99523,3.68313],[101.99568,3.68298],[101.99612,3.68261],[101.99633,3.68258],[101.99653,3.68273],[101.99715,3.68284],[101.99731,3.68325],[101.99703,3.68359],[101.99727,3.68438],[101.9975,3.68443],[101.99743,3.68464],[101.99728,3.6848],[101.99728,3.6851],[101.99752,3.6854],[101.99795,3.68551],[101.99809,3.68547],[101.99829,3.68577],[101.99865,3.68602],[101.99854,3.68626],[101.99863,3.68637],[101.99849,3.6865],[101.99801,3.68632],[101.99747,3.68626],[101.99696,3.68603],[101.99741,3.68596],[101.99712,3.68581],[101.99695,3.68568],[101.99679,3.68538],[101.99636,3.68517],[101.99633,3.68495],[101.99646,3.68449],[101.99635,3.68426],[101.99608,3.68422],[101.99579,3.68434],[101.9955,3.68431],[101.99537,3.68404],[101.99531,3.68373],[101.99514,3.68356],[101.99483,3.68344],[101.99493,3.6832],[101.99523,3.68313]]]}},{"type":"Feature","properties":{"id":1329946667,"kind":"pond"},"geometry":{"type":"Polygon","coordinates":[[[101.41977,3.62048],[101.41974,3.62047],[101.4197,3.62042],[101.41952,3.62011],[101.41952,3.62008],[101.41961,3.62002],[101.4198,3.61989],[101.41986,3.61987],[101.41989,3.6199],[101.42007,3.61982],[101.42015,3.61976],[101.4202,3.61974],[101.42023,3.61972],[101.42023,3.61971],[101.42021,3.61965],[101.42021,3.61962],[101.42025,3.61958],[101.42025,3.61958],[101.4203,3.61956],[101.42034,3.61956],[101.4204,3.61961],[101.42044,3.61966],[101.42045,3.61971],[101.42047,3.61978],[101.4205,3.61981],[101.42055,3.61984],[101.42057,3.61987],[101.42058,3.6199],[101.4206,3.61998],[101.42057,3.62003],[101.42055,3.62005],[101.42045,3.62011],[101.42042,3.62013],[101.42039,3.62013],[101.42034,3.62012],[101.42031,3.62011],[101.42028,3.62011],[101.42026,3.62012],[101.4202,3.62015],[101.42016,3.62017],[101.42013,3.62019],[101.42009,3.6202],[101.42006,3.62021],[101.42002,3.62023],[101.41998,3.62026],[101.41998,3.62028],[101.41994,3.62031],[101.4199,3.62033],[101.41986,3.62036],[101.41984,3.6204],[101.41982,3.62043],[101.41981,3.62045],[101.4198,3.62046],[101.41977,3.62048]]]}},{"type":"Feature","properties":{"id":1329946668,"kind":"pond"},"geometry":{"type":"Polygon","coordinates":[[[101.41972,3.62052],[101.41948,3.62012],[101.41899,3.6204],[101.41899,3.62043],[101.41899,3.62046],[101.419,3.62049],[101.41939,3.62071],[101.41943,3.62072],[101.41972,3.62052]]]}},{"type":"Feature","properties":{"id":1331541028,"kind":"canal"},"geometry":{"type":"Polygon","coordinates":[[[101.9843,3.57532],[101.98445,3.57763],[101.98449,3.57817],[101.98476,3.57815],[101.98504,3.57814],[101.98501,3.57756],[101.98486,3.57528],[101.98492,3.57529],[101.98502,3.57518],[101.98503,3.57511],[101.98424,3.57508],[101.98416,3.57524],[101.98424,3.57532],[101.9843,3.57532]]]}},{"type":"Feature","properties":{"id":1331541031,"kind":"oxbow"},"geometry":{"type":"Polygon","coordinates":[[[101.97904,3.55386],[101.97929,3.5537],[101.97932,3.55341],[101.97905,3.55316],[101.97862,3.5531],[101.97826,3.55314],[101.97788,3.55337],[101.97776,3.55358],[101.97772,3.55382],[101.97777,3.55391],[101.97772,3.55394],[101.97759,3.55396],[101.97753,3.55388],[101.97752,3.55363],[101.9777,3.55336],[101.97791,3.5532],[101.97818,3.55303],[101.97852,3.5529],[101.97899,3.55289],[101.9793,3.55299],[101.97957,3.55315],[101.97961,3.55346],[101.97953,3.55375],[101.97939,3.55393],[101.97931,3.55402],[101.97885,3.55397],[101.97904,3.55386]]]}},{"type":"Feature","properties":{"id":1346332199,"kind":"pond"},"geometry":{"type":"Polygon","coordinates":[[[102.06468,3.04829],[102.06466,3.04827],[102.06464,3.0483],[102.06465,3.04834],[102.06466,3.04837],[102.06471,3.0484],[102.06474,3.04838],[102.06479,3.04839],[102.06482,3.04842],[102.06484,3.04846],[102.06484,3.04847],[102.06486,3.04845],[102.06488,3.04843],[102.06493,3.04841],[102.06496,3.04838],[102.06497,3.04834],[102.06497,3.04831],[102.06497,3.04828],[102.06498,3.04825],[102.06494,3.04827],[102.06492,3.04827],[102.0649,3.04824],[102.0649,3.04822],[102.06492,3.0482],[102.06492,3.04817],[102.06494,3.04815],[102.06496,3.04815],[102.06499,3.04813],[102.06501,3.04812],[102.06502,3.04811],[102.06505,3.04812],[102.06507,3.04814],[102.06509,3.04813],[102.0651,3.0481],[102.06509,3.04806],[102.06511,3.04805],[102.06512,3.04805],[102.06514,3.04803],[102.06511,3.048],[102.06512,3.04797],[102.06515,3.04794],[102.06516,3.04792],[102.06518,3.04788],[102.06522,3.04785],[102.06524,3.04783],[102.06527,3.04781],[102.0653,3.04782],[102.06532,3.04781],[102.06532,3.04779],[102.0653,3.04777],[102.06527,3.04776],[102.06527,3.04771],[102.06529,3.04766],[102.0653,3.04762],[102.0653,3.04761],[102.06527,3.04761],[102.06526,3.04759],[102.06523,3.04757],[102.0652,3.04758],[102.06517,3.04762],[102.06514,3.04764],[102.06513,3.04767],[102.06512,3.04771],[102.06509,3.04772],[102.06506,3.04774],[102.06505,3.04778],[102.06506,3.0478],[102.06504,3.04781],[102.06503,3.04779],[102.065,3.04779],[102.06498,3.0478],[102.06497,3.04782],[102.06498,3.04786],[102.06497,3.04789],[102.06493,3.04791],[102.06491,3.04793],[102.06489,3.04797],[102.0649,3.04799],[102.06489,3.04802],[102.06487,3.04805],[102.06486,3.04807],[102.06483,3.04806],[102.0648,3.04809],[102.06476,3.04812],[102.06474,3.04814],[102.06476,3.04818],[102.06474,3.04821],[102.06472,3.04822],[102.06472,3.04825],[102.06471,3.04827],[102.06468,3.04829]]]}},{"type":"Feature","properties":{"id":1346332200,"kind":"pond"},"geometry":{"type":"Polygon","coordinates":[[[102.06437,3.04731],[102.06428,3.04733],[102.06428,3.0473],[102.06429,3.04727],[102.0643,3.04723],[102.0643,3.04719],[102.06426,3.04716],[102.06423,3.04716],[102.06419,3.04717],[102.06418,3.04719],[102.06417,3.04716],[102.06418,3.04713],[102.06417,3.04711],[102.06415,3.04709],[102.06416,3.04706],[102.06417,3.04704],[102.0642,3.04701],[102.06422,3.04698],[102.06426,3.04697],[102.06427,3.04693],[102.06428,3.0469],[102.06431,3.04687],[102.06435,3.04686],[102.06437,3.04688],[102.06439,3.04691],[102.06442,3.04696],[102.06444,3.04698],[102.06447,3.04696],[102.06449,3.04696],[102.06451,3.04697],[102.06454,3.047],[102.06456,3.04702],[102.06457,3.04702],[102.06462,3.04699],[102.06467,3.04696],[102.06472,3.04692],[102.06474,3.04691],[102.06476,3.04691],[102.06478,3.04693],[102.06478,3.04694],[102.06475,3.04696],[102.06473,3.04697],[102.06472,3.04699],[102.0647,3.047],[102.06467,3.04701],[102.06465,3.04703],[102.06465,3.04705],[102.06463,3.04707],[102.06459,3.04707],[102.06458,3.0471],[102.06458,3.04713],[102.06456,3.04716],[102.06455,3.04717],[102.06451,3.04718],[102.06449,3.04722],[102.0645,3.04724],[102.06451,3.04727],[102.06451,3.0473],[102.06449,3.04732],[102.06452,3.04734],[102.06455,3.04736],[102.0646,3.04738],[102.06456,3.04739],[102.06453,3.04737],[102.0645,3.04735],[102.06447,3.04735],[102.06445,3.04736],[102.06444,3.04737],[102.06442,3.04734],[102.06441,3.04732],[102.06437,3.04731]]]}},{"type":"Feature","properties":{"id":1364409506,"kind":"pond"},"geometry":{"type":"Polygon","coordinates":[[[101.38662,3.44525],[101.38636,3.44502],[101.38643,3.44497],[101.38667,3.4452],[101.38781,3.44449],[101.38777,3.44444],[101.38794,3.44429],[101.388,3.4443],[101.38802,3.44428],[101.38745,3.44345],[101.38728,3.44337],[101.38632,3.44385],[101.38641,3.4441],[101.38656,3.44424],[101.38652,3.4443],[101.38643,3.44425],[101.38651,3.44446],[101.38639,3.44451],[101.38642,3.4446],[101.38607,3.44482],[101.38655,3.4453],[101.38662,3.44525]]]}},{"type":"Feature","properties":{"id":1364409507,"kind":"pond"},"geometry":{"type":"Polygon","coordinates":[[[101.38821,3.44427],[101.38882,3.44386],[101.38884,3.44379],[101.38813,3.44299],[101.38789,3.44299],[101.38754,3.44327],[101.38759,3.4434],[101.38778,3.44357],[101.38784,3.44379],[101.38793,3.44382],[101.38821,3.44427]]]}},{"type":"Feature","properties":{"id":1364409508,"kind":"pond"},"geometry":{"type":"Polygon","coordinates":[[[101.38593,3.44235],[101.38586,3.44224],[101.38573,3.44214],[101.38572,3.44204],[101.38582,3.44188],[101.38593,3.44174],[101.38595,3.44167],[101.38611,3.4415],[101.38618,3.44143],[101.38617,3.44133],[101.38631,3.44117],[101.38642,3.44116],[101.38683,3.44162],[101.38768,3.4425],[101.38777,3.44264],[101.38785,3.44274],[101.38781,3.44283],[101.38767,3.44296],[101.38757,3.44298],[101.38742,3.44294],[101.38711,3.443],[101.38683,3.44268],[101.38665,3.44266],[101.38647,3.44262],[101.38632,3.44248],[101.38621,3.44243],[101.38607,3.44241],[101.38598,3.44242],[101.38594,3.44241],[101.38593,3.44235]]]}},{"type":"Feature","properties":{"id":1364494042,"kind":"wetland"},"geometry":{"type":"Polygon","coordinates":[[[101.53549,3.48589],[101.53582,3.48581],[101.5363,3.48569],[101.53654,3.48575],[101.53667,3.48569],[101.53719,3.48557],[101.53731,3.4856],[101.53739,3.48581],[101.53734,3.48607],[101.53727,3.48622],[101.53718,3.48627],[101.53713,3.48658],[101.53702,3.48669],[101.53664,3.48688],[101.53649,3.48704],[101.53643,3.48709],[101.53643,3.48733],[101.53655,3.48762],[101.53644,3.48791],[101.53632,3.48807],[101.53623,3.48835],[101.53607,3.48845],[101.53593,3.48839],[101.53587,3.48819],[101.5359,3.48806],[101.53579,3.48781],[101.53565,3.48775],[101.53553,3.48771],[101.53541,3.48735],[101.53539,3.48694],[101.53536,3.48663],[101.53536,3.48639],[101.5354,3.48605],[101.53549,3.48589]]]}},{"type":"Feature","properties":{"id":1364494045,"kind":"pond"},"geometry":{"type":"Polygon","coordinates":[[[101.53273,3.4895],[101.53219,3.48908],[101.5322,3.489],[101.5321,3.48898],[101.53201,3.48892],[101.532,3.48886],[101.53211,3.48876],[101.53199,3.48874],[101.53193,3.48871],[101.53193,3.48867],[101.53186,3.48866],[101.53181,3.48864],[101.53178,3.48856],[101.53187,3.48845],[101.53194,3.48836],[101.53197,3.48832],[101.53201,3.48832],[101.53202,3.48823],[101.53209,3.48823],[101.53214,3.48833],[101.5322,3.48835],[101.53223,3.48842],[101.53229,3.48852],[101.53244,3.48858],[101.53261,3.48862],[101.53279,3.4886],[101.53291,3.48853],[101.53302,3.48849],[101.53308,3.48846],[101.5331,3.48842],[101.53305,3.48837],[101.53304,3.48828],[101.53308,3.48826],[101.53307,3.48822],[101.53303,3.48821],[101.53304,3.48815],[101.5331,3.48812],[101.53312,3.48815],[101.53314,3.48812],[101.53312,3.48801],[101.53307,3.48792],[101.53305,3.48785],[101.533,3.48783],[101.53298,3.48778],[101.533,3.48774],[101.53304,3.48769],[101.53307,3.48764],[101.53305,3.48761],[101.53307,3.48756],[101.53298,3.48752],[101.53285,3.48749],[101.53284,3.48742],[101.53298,3.48744],[101.53296,3.48738],[101.53305,3.48726],[101.53316,3.48718],[101.53321,3.48714],[101.53324,3.48714],[101.53323,3.48711],[101.53325,3.48709],[101.53327,3.48711],[101.5333,3.4871],[101.53332,3.4871],[101.53334,3.48708],[101.53333,3.487],[101.53332,3.48683],[101.53334,3.48673],[101.53334,3.48668],[101.53336,3.48664],[101.53339,3.48662],[101.53345,3.48662],[101.53352,3.48664],[101.53355,3.48669],[101.53353,3.48678],[101.53353,3.48684],[101.53351,3.48688],[101.53353,3.4869],[101.53353,3.48696],[101.53351,3.48699],[101.53353,3.48701],[101.53356,3.48709],[101.53356,3.48721],[101.53353,3.48757],[101.53351,3.48773],[101.5335,3.4879],[101.53351,3.48827],[101.53348,3.48835],[101.53349,3.48855],[101.53348,3.48864],[101.53349,3.48875],[101.53346,3.48882],[101.53343,3.48884],[101.53338,3.4889],[101.53333,3.48891],[101.53327,3.48903],[101.53323,3.48908],[101.53321,3.48909],[101.53318,3.48906],[101.53314,3.48907],[101.53314,3.4891],[101.53311,3.48912],[101.53309,3.48914],[101.53309,3.48919],[101.53313,3.48924],[101.53311,3.4893],[101.5331,3.48937],[101.53312,3.48945],[101.53318,3.48955],[101.53322,3.48959],[101.53319,3.48963],[101.53313,3.4896],[101.53311,3.48964],[101.53306,3.48964],[101.53301,3.48961],[101.53299,3.4896],[101.53298,3.48963],[101.53298,3.48966],[101.53296,3.48967],[101.53294,3.48964],[101.53291,3.48961],[101.53287,3.48961],[101.53284,3.48962],[101.5328,3.48961],[101.53279,3.48959],[101.53276,3.48959],[101.53275,3.48958],[101.53274,3.48955],[101.53272,3.48954],[101.53273,3.4895]]]}},{"type":"Feature","properties":{"id":1364494048,"kind":"pond"},"geometry":{"type":"Polygon","coordinates":[[[101.53055,3.48546],[101.53058,3.48527],[101.53066,3.4851],[101.53094,3.4852],[101.53109,3.4853],[101.53108,3.48539],[101.53105,3.48546],[101.53071,3.48547],[101.53055,3.48546]]]}},{"type":"Feature","properties":{"id":1364494049,"kind":"pond"},"geometry":{"type":"Polygon","coordinates":[[[101.52843,3.48618],[101.52836,3.48622],[101.52831,3.48615],[101.52824,3.48616],[101.5281,3.48603],[101.52821,3.48599],[101.52828,3.4858],[101.52828,3.48553],[101.52845,3.4854],[101.52851,3.48525],[101.52863,3.4852],[101.52859,3.48511],[101.52866,3.48507],[101.52874,3.48498],[101.52893,3.48486],[101.52895,3.4848],[101.52908,3.4848],[101.52919,3.48494],[101.52942,3.48493],[101.52966,3.48508],[101.52978,3.48503],[101.52988,3.48508],[101.52994,3.48505],[101.52997,3.48507],[101.53004,3.48505],[101.53012,3.48505],[101.53014,3.48509],[101.53017,3.4851],[101.53021,3.48507],[101.53025,3.48511],[101.53037,3.48511],[101.53032,3.48519],[101.53028,3.48527],[101.53029,3.48536],[101.53032,3.48542],[101.53038,3.48548],[101.53039,3.48554],[101.53036,3.48556],[101.53039,3.48561],[101.53043,3.48562],[101.53045,3.48566],[101.53043,3.48569],[101.53041,3.4857],[101.5304,3.48575],[101.53037,3.48579],[101.53037,3.48584],[101.53036,3.48594],[101.53032,3.48615],[101.53029,3.48618],[101.53031,3.48645],[101.53034,3.48659],[101.53041,3.48676],[101.5304,3.48688],[101.53036,3.48695],[101.53036,3.48699],[101.53033,3.48702],[101.53032,3.48708],[101.53034,3.48711],[101.53034,3.48714],[101.53029,3.48716],[101.53024,3.48716],[101.53016,3.48714],[101.53009,3.48711],[101.53002,3.48706],[101.52999,3.48701],[101.53,3.48696],[101.53,3.4869],[101.53001,3.48689],[101.53001,3.48687],[101.52998,3.48686],[101.52997,3.48688],[101.52997,3.48689],[101.52994,3.48694],[101.52983,3.48696],[101.52976,3.48697],[101.52974,3.48694],[101.52972,3.48688],[101.52964,3.48679],[101.52956,3.48671],[101.52949,3.48666],[101.52944,3.48659],[101.52941,3.48652],[101.52936,3.48649],[101.52937,3.48641],[101.52936,3.48631],[101.52935,3.48626],[101.52932,3.48622],[101.52926,3.48619],[101.52917,3.48622],[101.52912,3.48625],[101.52902,3.48628],[101.52892,3.48627],[101.52884,3.48624],[101.5288,3.4862],[101.52874,3.48617],[101.52873,3.48615],[101.52873,3.48613],[101.52871,3.48612],[101.52867,3.48612],[101.52861,3.48612],[101.52854,3.48614],[101.52849,3.48616],[101.52843,3.48618]]]}},{"type":"Feature","properties":{"id":1364494050,"kind":"pond"},"geometry":{"type":"Polygon","coordinates":[[[101.52358,3.4841],[101.52343,3.48406],[101.52318,3.48403],[101.52305,3.48408],[101.52293,3.48405],[101.52275,3.4839],[101.52274,3.48378],[101.52282,3.48366],[101.52305,3.4835],[101.52307,3.48326],[101.52302,3.48306],[101.52297,3.48299],[101.52298,3.48284],[101.52305,3.48276],[101.52309,3.48262],[101.52309,3.48231],[101.52325,3.48207],[101.52335,3.4821],[101.52339,3.48242],[101.52335,3.48254],[101.52342,3.48265],[101.52355,3.48271],[101.52364,3.48269],[101.52367,3.48259],[101.52413,3.48283],[101.5242,3.4829],[101.52429,3.48294],[101.52433,3.48283],[101.52465,3.48288],[101.52481,3.48306],[101.52484,3.48329],[101.52495,3.48341],[101.52506,3.48372],[101.5254,3.48365],[101.52551,3.48385],[101.52565,3.48395],[101.52563,3.48402],[101.52583,3.48405],[101.52595,3.4841],[101.52597,3.48416],[101.52596,3.4842],[101.52589,3.48422],[101.52626,3.48443],[101.52625,3.48466],[101.52643,3.48475],[101.52638,3.48489],[101.52639,3.48497],[101.5265,3.4851],[101.52655,3.48506],[101.52659,3.48509],[101.52663,3.48502],[101.52673,3.48502],[101.52682,3.48509],[101.52686,3.48516],[101.52692,3.48528],[101.52692,3.4854],[101.52691,3.48556],[101.52703,3.48563],[101.5272,3.48569],[101.52725,3.4857],[101.5273,3.48578],[101.52727,3.48582],[101.52729,3.48589],[101.52737,3.48589],[101.52743,3.48591],[101.52749,3.48601],[101.52749,3.48608],[101.52745,3.48619],[101.52739,3.48624],[101.52729,3.48626],[101.52719,3.48631],[101.52715,3.4864],[101.52712,3.48649],[101.52707,3.48656],[101.52696,3.48658],[101.52688,3.48656],[101.52688,3.48654],[101.52679,3.48655],[101.5267,3.48648],[101.52666,3.48649],[101.5266,3.48651],[101.52653,3.48648],[101.5265,3.48641],[101.52644,3.48636],[101.5264,3.48634],[101.52635,3.48627],[101.52631,3.48612],[101.52627,3.4861],[101.52618,3.48597],[101.52612,3.48586],[101.52589,3.48566],[101.52578,3.4856],[101.52578,3.48552],[101.52567,3.48546],[101.52567,3.48541],[101.52556,3.48541],[101.52557,3.48548],[101.52553,3.48552],[101.52541,3.48551],[101.5253,3.48541],[101.5252,3.48535],[101.52495,3.48527],[101.52485,3.48531],[101.52476,3.48531],[101.5247,3.48529],[101.52453,3.48531],[101.52447,3.48536],[101.5244,3.48543],[101.52428,3.48548],[101.52411,3.48545],[101.52394,3.48544],[101.52385,3.48551],[101.52381,3.48563],[101.52377,3.48572],[101.52371,3.48576],[101.52358,3.48576],[101.52346,3.48581],[101.52339,3.48584],[101.5233,3.48585],[101.52323,3.48581],[101.52318,3.48572],[101.52318,3.48565],[101.52322,3.48556],[101.52331,3.48551],[101.52332,3.48541],[101.52331,3.4852],[101.52334,3.48508],[101.5234,3.48504],[101.52341,3.48489],[101.52354,3.48491],[101.52363,3.48481],[101.5237,3.48478],[101.52375,3.48468],[101.52391,3.48467],[101.524,3.48461],[101.52417,3.48459],[101.52426,3.48454],[101.52431,3.48456],[101.52436,3.48452],[101.52442,3.4845],[101.52445,3.48444],[101.52442,3.48443],[101.52435,3.48445],[101.52425,3.48447],[101.52403,3.48448],[101.52374,3.48444],[101.5236,3.4843],[101.52363,3.4842],[101.52363,3.48414],[101.52358,3.4841]]]}},{"type":"Feature","properties":{"id":1364494052,"kind":"pond"},"geometry":{"type":"Polygon","coordinates":[[[101.51766,3.48134],[101.51759,3.48137],[101.51758,3.48143],[101.5175,3.48145],[101.51737,3.48142],[101.51737,3.48135],[101.51734,3.48133],[101.51727,3.48132],[101.51724,3.4813],[101.51719,3.48114],[101.51714,3.4809],[101.51722,3.48075],[101.5173,3.48072],[101.51734,3.48058],[101.51741,3.48054],[101.51745,3.48045],[101.5175,3.48037],[101.51757,3.48034],[101.51767,3.48041],[101.51782,3.48044],[101.51795,3.48044],[101.51814,3.48043],[101.5182,3.4805],[101.51817,3.4806],[101.51826,3.4807],[101.51839,3.48078],[101.51846,3.48081],[101.51849,3.48076],[101.51845,3.4807],[101.5184,3.48061],[101.51843,3.48055],[101.51859,3.48053],[101.51863,3.48047],[101.51867,3.48037],[101.51881,3.48027],[101.51903,3.48021],[101.51919,3.48022],[101.51929,3.48027],[101.51938,3.48025],[101.51942,3.4803],[101.51942,3.48047],[101.51948,3.48055],[101.51952,3.48048],[101.51964,3.48049],[101.51967,3.48053],[101.51963,3.48058],[101.51956,3.48059],[101.51947,3.48063],[101.51947,3.48101],[101.51919,3.48103],[101.51911,3.48107],[101.51888,3.48115],[101.51896,3.48127],[101.51896,3.4814],[101.51912,3.48159],[101.51915,3.48172],[101.51909,3.48186],[101.51905,3.48197],[101.51906,3.48208],[101.51901,3.48213],[101.51886,3.48214],[101.5185,3.4818],[101.51834,3.4816],[101.51824,3.48159],[101.51825,3.48153],[101.51829,3.48147],[101.51825,3.48144],[101.51809,3.48143],[101.51795,3.48148],[101.51789,3.48149],[101.51784,3.48146],[101.5178,3.48138],[101.51766,3.48134]]]}},{"type":"Feature","properties":{"id":1364494053,"kind":"pond"},"geometry":{"type":"Polygon","coordinates":[[[101.517,3.48312],[101.517,3.48297],[101.51707,3.48293],[101.51711,3.48282],[101.51704,3.48276],[101.51709,3.4825],[101.51722,3.48249],[101.51724,3.48243],[101.5172,3.48237],[101.51731,3.48223],[101.51756,3.4823],[101.5177,3.4822],[101.51778,3.48219],[101.51791,3.48223],[101.51799,3.48234],[101.51805,3.48248],[101.51812,3.48251],[101.51808,3.48258],[101.51798,3.48255],[101.51788,3.4826],[101.5179,3.48267],[101.5184,3.48277],[101.51854,3.48282],[101.51859,3.48291],[101.5186,3.48317],[101.5186,3.48336],[101.51859,3.48341],[101.51851,3.48345],[101.51844,3.48345],[101.51833,3.48351],[101.51828,3.48362],[101.5181,3.48376],[101.51807,3.48371],[101.51802,3.48371],[101.51795,3.48375],[101.5179,3.48374],[101.51779,3.4837],[101.51774,3.48362],[101.51775,3.48356],[101.5176,3.48346],[101.51757,3.4835],[101.51752,3.48353],[101.51741,3.4835],[101.51738,3.4834],[101.5174,3.48332],[101.51735,3.48328],[101.51729,3.48328],[101.51718,3.48331],[101.51713,3.48326],[101.517,3.48312]]]}},{"type":"Feature","properties":{"id":1364627835,"kind":"wetland"},"geometry":{"type":"Polygon","coordinates":[[[101.51929,3.48538],[101.51904,3.48494],[101.51878,3.48455],[101.51867,3.48417],[101.51867,3.48394],[101.51883,3.48358],[101.51903,3.48325],[101.51911,3.483],[101.51931,3.48269],[101.51943,3.48249],[101.51936,3.48237],[101.51924,3.48234],[101.5191,3.48236],[101.519,3.48239],[101.51894,3.4824],[101.51889,3.48233],[101.51889,3.4822],[101.51886,3.48214],[101.51901,3.48213],[101.51903,3.48215],[101.51903,3.48218],[101.51905,3.48222],[101.51916,3.48222],[101.51929,3.4822],[101.51932,3.48214],[101.51937,3.48208],[101.51942,3.48206],[101.51943,3.482],[101.51941,3.4819],[101.51942,3.48181],[101.51951,3.48177],[101.51959,3.48181],[101.51965,3.4818],[101.51966,3.48175],[101.51967,3.48168],[101.51972,3.48165],[101.51987,3.48168],[101.51999,3.48179],[101.52005,3.48188],[101.52007,3.48196],[101.52008,3.48206],[101.5202,3.48217],[101.52042,3.48233],[101.52058,3.4823],[101.52074,3.48231],[101.52088,3.48237],[101.521,3.48248],[101.52101,3.48257],[101.52089,3.48264],[101.52092,3.48271],[101.52102,3.48276],[101.5214,3.48286],[101.52147,3.48305],[101.52147,3.48316],[101.52161,3.48316],[101.52169,3.48323],[101.52171,3.48339],[101.52191,3.48343],[101.52221,3.48356],[101.52236,3.48374],[101.52238,3.48391],[101.52239,3.48437],[101.52235,3.48462],[101.52229,3.48486],[101.5225,3.48515],[101.5227,3.48514],[101.52276,3.48499],[101.5229,3.48498],[101.52306,3.48509],[101.52305,3.48527],[101.5229,3.48553],[101.52271,3.48566],[101.52255,3.48573],[101.52231,3.48585],[101.52204,3.48578],[101.52188,3.48569],[101.52171,3.48568],[101.52164,3.4858],[101.52159,3.48592],[101.52166,3.48605],[101.52166,3.48616],[101.52156,3.4862],[101.52131,3.4862],[101.52103,3.48611],[101.52092,3.48598],[101.52078,3.48592],[101.52056,3.48591],[101.52046,3.48596],[101.5203,3.48598],[101.52014,3.48584],[101.52008,3.4858],[101.5198,3.48572],[101.51958,3.48562],[101.51942,3.48553],[101.51929,3.48538]]]}},{"type":"Feature","properties":{"id":1364718785,"kind":"lake"},"geometry":{"type":"Polygon","coordinates":[[[101.48853,3.39962],[101.48864,3.39957],[101.48868,3.39956],[101.48878,3.39956],[101.48887,3.39951],[101.48888,3.39948],[101.48885,3.39946],[101.48888,3.39942],[101.48888,3.39938],[101.48885,3.39931],[101.48882,3.39931],[101.48882,3.39927],[101.48884,3.39922],[101.48883,3.39917],[101.48879,3.39909],[101.48873,3.399],[101.48865,3.39892],[101.48861,3.39889],[101.48859,3.39893],[101.48855,3.399],[101.48855,3.39895],[101.48857,3.39889],[101.48857,3.39884],[101.48857,3.39881],[101.48861,3.39877],[101.48863,3.39871],[101.48871,3.39865],[101.48873,3.39857],[101.4888,3.39847],[101.48889,3.39839],[101.48899,3.39826],[101.48913,3.3981],[101.48919,3.39795],[101.48928,3.39781],[101.48931,3.3977],[101.48932,3.39757],[101.48934,3.39746],[101.48935,3.3974],[101.48933,3.39736],[101.48928,3.39737],[101.48922,3.39733],[101.48926,3.39725],[101.48935,3.39723],[101.48937,3.39718],[101.4893,3.39694],[101.48928,3.39693],[101.48927,3.39686],[101.48931,3.39672],[101.48933,3.39655],[101.48931,3.39643],[101.48927,3.3963],[101.48919,3.39621],[101.48915,3.39617],[101.48912,3.39616],[101.48908,3.39612],[101.48906,3.39601],[101.48917,3.39603],[101.48927,3.39609],[101.48935,3.39617],[101.48937,3.39628],[101.48948,3.39632],[101.48953,3.39636],[101.48958,3.39644],[101.4898,3.39641],[101.49,3.39637],[101.49013,3.39632],[101.4902,3.39631],[101.49029,3.39624],[101.49039,3.3962],[101.49041,3.39613],[101.49036,3.39603],[101.49036,3.39597],[101.49045,3.39599],[101.49052,3.39605],[101.49058,3.39606],[101.49058,3.39597],[101.49061,3.39589],[101.49064,3.39578],[101.49079,3.39583],[101.49091,3.39582],[101.49111,3.39565],[101.49129,3.39537],[101.49134,3.39519],[101.49135,3.39511],[101.4914,3.39509],[101.49144,3.39498],[101.49147,3.39487],[101.49145,3.39479],[101.49142,3.39471],[101.49133,3.39466],[101.4912,3.39461],[101.49122,3.39455],[101.49129,3.39449],[101.49143,3.39454],[101.49157,3.39463],[101.49166,3.39473],[101.49173,3.39471],[101.49193,3.39462],[101.49199,3.39453],[101.49213,3.39451],[101.49224,3.39442],[101.49228,3.39436],[101.49238,3.39432],[101.49249,3.39424],[101.49257,3.39411],[101.49261,3.39396],[101.4926,3.39382],[101.4926,3.39368],[101.49268,3.39378],[101.49274,3.39389],[101.49277,3.39403],[101.49279,3.39415],[101.4928,3.39423],[101.49288,3.39424],[101.49299,3.39419],[101.49308,3.39412],[101.49303,3.39423],[101.49295,3.39434],[101.49296,3.39437],[101.49292,3.39438],[101.49291,3.39441],[101.49298,3.39445],[101.49292,3.39448],[101.4929,3.3945],[101.49291,3.39452],[101.4928,3.39453],[101.49275,3.39451],[101.4927,3.39453],[101.49266,3.39452],[101.49263,3.39452],[101.49259,3.39454],[101.49257,3.39456],[101.49253,3.39457],[101.49249,3.39456],[101.49247,3.39459],[101.49241,3.3946],[101.49242,3.39463],[101.49239,3.39461],[101.49235,3.39462],[101.49233,3.39464],[101.49231,3.39466],[101.49226,3.39469],[101.49224,3.39467],[101.49221,3.39467],[101.49219,3.39469],[101.49217,3.3947],[101.49219,3.39473],[101.49218,3.39477],[101.49215,3.3948],[101.49214,3.39477],[101.49214,3.39474],[101.49211,3.39472],[101.4921,3.39476],[101.49204,3.3948],[101.49202,3.39484],[101.49203,3.39486],[101.49203,3.39489],[101.492,3.39488],[101.49195,3.39493],[101.49192,3.39497],[101.4919,3.39499],[101.49191,3.39503],[101.49192,3.39506],[101.4919,3.39509],[101.49189,3.39508],[101.49185,3.39509],[101.49185,3.39511],[101.49187,3.39514],[101.49186,3.39516],[101.49184,3.39515],[101.49182,3.39515],[101.49181,3.39517],[101.49183,3.39518],[101.49183,3.3952],[101.49182,3.39522],[101.49183,3.39525],[101.49181,3.39524],[101.49178,3.39525],[101.49177,3.39529],[101.49179,3.39529],[101.49179,3.39531],[101.49177,3.39536],[101.49173,3.39538],[101.49171,3.39541],[101.4917,3.39544],[101.49171,3.39551],[101.49169,3.39559],[101.49169,3.39567],[101.49177,3.39575],[101.49185,3.39585],[101.49196,3.39592],[101.4921,3.39598],[101.49219,3.39599],[101.4923,3.39596],[101.49227,3.39602],[101.49229,3.3961],[101.49222,3.39605],[101.49218,3.39604],[101.49211,3.39607],[101.49207,3.39605],[101.49205,3.39606],[101.492,3.39608],[101.49193,3.39608],[101.49193,3.39604],[101.49189,3.39602],[101.49186,3.39603],[101.49182,3.39601],[101.49178,3.39602],[101.49175,3.39598],[101.49172,3.39596],[101.49166,3.39596],[101.4916,3.39594],[101.49157,3.39597],[101.49156,3.39601],[101.49148,3.39599],[101.49142,3.39595],[101.49137,3.39599],[101.49134,3.396],[101.49126,3.39604],[101.49122,3.3961],[101.49119,3.39613],[101.49113,3.39617],[101.49108,3.39625],[101.491,3.39631],[101.491,3.3964],[101.49096,3.3964],[101.49095,3.39644],[101.49091,3.39652],[101.49082,3.39654],[101.49082,3.39657],[101.49069,3.39672],[101.49065,3.39725],[101.4905,3.39713],[101.49044,3.39733],[101.49039,3.39761],[101.49031,3.39775],[101.49029,3.39796],[101.49039,3.39814],[101.49057,3.3983],[101.49075,3.39842],[101.49091,3.39842],[101.49114,3.39842],[101.49103,3.39854],[101.49107,3.39869],[101.49097,3.39863],[101.49079,3.39857],[101.49054,3.39857],[101.49043,3.39857],[101.49023,3.39867],[101.49011,3.39882],[101.49004,3.39897],[101.49009,3.39917],[101.49019,3.39931],[101.49034,3.39943],[101.4904,3.39955],[101.49043,3.39966],[101.49054,3.39975],[101.49058,3.39984],[101.49049,3.39977],[101.4904,3.39973],[101.49026,3.3997],[101.49021,3.39972],[101.49017,3.39974],[101.4901,3.39972],[101.49006,3.39965],[101.49004,3.39958],[101.48992,3.39956],[101.48979,3.39958],[101.48972,3.39956],[101.48966,3.3995],[101.48963,3.39944],[101.48954,3.39938],[101.48938,3.39934],[101.48926,3.39937],[101.4892,3.3994],[101.48909,3.39943],[101.48908,3.39949],[101.48898,3.39962],[101.48887,3.39961],[101.48885,3.39964],[101.48875,3.39964],[101.48873,3.39968],[101.48858,3.39967],[101.48853,3.39962]]]}},{"type":"Feature","properties":{"id":1364718786,"kind":"lake"},"geometry":{"type":"Polygon","coordinates":[[[101.48714,3.39834],[101.48721,3.39849],[101.48727,3.39852],[101.48748,3.39851],[101.48756,3.3985],[101.48763,3.39851],[101.4878,3.39856],[101.48791,3.39865],[101.48793,3.39873],[101.48805,3.39872],[101.48815,3.39863],[101.48818,3.39852],[101.48831,3.39836],[101.48833,3.39828],[101.48833,3.39822],[101.48838,3.39816],[101.48844,3.39806],[101.48843,3.39797],[101.48826,3.39808],[101.48817,3.39816],[101.48805,3.39822],[101.48801,3.39829],[101.48797,3.39832],[101.4879,3.39834],[101.48788,3.39837],[101.48784,3.39837],[101.48783,3.39832],[101.48775,3.39831],[101.4877,3.39833],[101.48767,3.39835],[101.48756,3.39836],[101.48751,3.39833],[101.4875,3.39829],[101.48744,3.3983],[101.48741,3.39832],[101.48737,3.39837],[101.48729,3.39837],[101.48728,3.39833],[101.48724,3.39829],[101.48717,3.39828],[101.48713,3.3983],[101.48714,3.39834]]]}},{"type":"Feature","properties":{"id":1364718787,"kind":"pond"},"geometry":{"type":"Polygon","coordinates":[[[101.48394,3.39952],[101.48417,3.39959],[101.48425,3.39947],[101.48429,3.39944],[101.48443,3.39944],[101.48432,3.39933],[101.48436,3.39924],[101.48445,3.39919],[101.48456,3.39918],[101.48445,3.39908],[101.48447,3.39895],[101.48448,3.39885],[101.48455,3.39882],[101.48454,3.39873],[101.48452,3.39863],[101.4845,3.39854],[101.48462,3.3985],[101.48472,3.39849],[101.48468,3.39842],[101.48466,3.39835],[101.48465,3.3983],[101.48478,3.39818],[101.48472,3.39817],[101.48455,3.39821],[101.48454,3.39828],[101.48455,3.39832],[101.48451,3.39835],[101.48447,3.39841],[101.48439,3.39847],[101.48434,3.39854],[101.48434,3.39862],[101.48436,3.39869],[101.48431,3.39872],[101.48432,3.39878],[101.48432,3.39882],[101.48427,3.39886],[101.48422,3.39893],[101.48423,3.39898],[101.48418,3.39905],[101.48419,3.3991],[101.4842,3.39914],[101.48416,3.39916],[101.48407,3.39916],[101.48405,3.39922],[101.48401,3.39927],[101.48395,3.39931],[101.48401,3.39935],[101.484,3.39942],[101.48394,3.39952]]]}},{"type":"Feature","properties":{"id":1364756775,"kind":"pond"},"geometry":{"type":"Polygon","coordinates":[[[101.46662,3.38757],[101.46672,3.38744],[101.46673,3.3874],[101.46662,3.38727],[101.46664,3.38715],[101.46664,3.38709],[101.46661,3.38704],[101.46656,3.38697],[101.46654,3.3869],[101.4665,3.38686],[101.46645,3.38688],[101.46638,3.38696],[101.46638,3.38731],[101.46645,3.38741],[101.46659,3.38757],[101.46662,3.38757]]]}},{"type":"Feature","properties":{"id":1364756779,"kind":"pond"},"geometry":{"type":"Polygon","coordinates":[[[101.46756,3.38914],[101.46778,3.38916],[101.46789,3.38891],[101.46793,3.38878],[101.46794,3.3887],[101.46792,3.38865],[101.46789,3.38863],[101.46785,3.38867],[101.46776,3.38886],[101.46769,3.38892],[101.46761,3.389],[101.46757,3.38907],[101.46756,3.38914]]]}},{"type":"Feature","properties":{"id":1364756781,"kind":"pond"},"geometry":{"type":"Polygon","coordinates":[[[101.46795,3.38979],[101.46781,3.38975],[101.46782,3.38919],[101.46788,3.38904],[101.46793,3.38903],[101.468,3.38908],[101.46817,3.38922],[101.46818,3.38924],[101.46819,3.38928],[101.46816,3.3894],[101.46814,3.3896],[101.46812,3.38977],[101.4681,3.38982],[101.46795,3.38979]]]}},{"type":"Feature","properties":{"id":1364756782,"kind":"pond"},"geometry":{"type":"Polygon","coordinates":[[[101.46828,3.38983],[101.46817,3.3898],[101.46821,3.3894],[101.46823,3.38932],[101.46827,3.38927],[101.46832,3.38927],[101.46851,3.38934],[101.46853,3.38936],[101.46846,3.38947],[101.46838,3.38962],[101.4683,3.38978],[101.46828,3.38983]]]}},{"type":"Feature","properties":{"id":1364756783,"kind":"pond"},"geometry":{"type":"Polygon","coordinates":[[[101.46834,3.38982],[101.46842,3.38962],[101.46849,3.38952],[101.46853,3.38944],[101.46858,3.38938],[101.4686,3.38938],[101.46865,3.38942],[101.46876,3.38955],[101.46873,3.38959],[101.46863,3.38963],[101.46856,3.38971],[101.46849,3.38982],[101.46844,3.38986],[101.46839,3.38986],[101.46834,3.38985],[101.46834,3.38982]]]}},{"type":"Feature","properties":{"id":1364756784,"kind":"pond"},"geometry":{"type":"Polygon","coordinates":[[[101.46881,3.38951],[101.46887,3.3895],[101.46895,3.38936],[101.46898,3.38923],[101.46902,3.38905],[101.46906,3.38895],[101.46902,3.3889],[101.46894,3.38886],[101.46891,3.38887],[101.46889,3.38897],[101.46882,3.38917],[101.46876,3.38929],[101.46872,3.38936],[101.46871,3.38942],[101.46877,3.38949],[101.46881,3.38951]]]}},{"type":"Feature","properties":{"id":1364756785,"kind":"pond"},"geometry":{"type":"Polygon","coordinates":[[[101.469,3.38942],[101.46902,3.38931],[101.46904,3.38914],[101.46912,3.38894],[101.46921,3.38883],[101.46929,3.3888],[101.46935,3.38888],[101.46935,3.38905],[101.46929,3.38925],[101.4692,3.38936],[101.46904,3.38942],[101.469,3.38942]]]}},{"type":"Feature","properties":{"id":1364756789,"kind":"pond"},"geometry":{"type":"Polygon","coordinates":[[[101.46894,3.38816],[101.46921,3.38781],[101.46926,3.38779],[101.46934,3.38781],[101.46944,3.38786],[101.46945,3.38792],[101.46935,3.38807],[101.46917,3.38827],[101.46909,3.38834],[101.46899,3.38826],[101.46894,3.3882],[101.46894,3.38816]]]}},{"type":"Feature","properties":{"id":1364756790,"kind":"pond"},"geometry":{"type":"Polygon","coordinates":[[[101.46874,3.3879],[101.46883,3.38776],[101.46898,3.38765],[101.46907,3.38765],[101.46913,3.3877],[101.46917,3.38773],[101.46918,3.38778],[101.46893,3.38811],[101.46888,3.38812],[101.46872,3.388],[101.46872,3.38795],[101.46874,3.3879]]]}},{"type":"Feature","properties":{"id":1364756791,"kind":"pond"},"geometry":{"type":"Polygon","coordinates":[[[101.46815,3.38771],[101.46827,3.38758],[101.46834,3.38759],[101.46847,3.38772],[101.46865,3.38774],[101.4687,3.3878],[101.46867,3.3879],[101.4686,3.38799],[101.46852,3.38803],[101.46844,3.38805],[101.46838,3.388],[101.46831,3.3879],[101.46818,3.38776],[101.46815,3.38774],[101.46815,3.38771]]]}},{"type":"Feature","properties":{"id":1364756793,"kind":"pond"},"geometry":{"type":"Polygon","coordinates":[[[101.46792,3.38743],[101.46808,3.38725],[101.46815,3.38711],[101.46819,3.38705],[101.46833,3.387],[101.46837,3.38699],[101.46847,3.3872],[101.4683,3.38747],[101.46811,3.38766],[101.46791,3.38747],[101.46792,3.38743]]]}},{"type":"Feature","properties":{"id":1364756795,"kind":"pond"},"geometry":{"type":"Polygon","coordinates":[[[101.46801,3.38817],[101.46825,3.38797],[101.46783,3.3875],[101.46765,3.38763],[101.46762,3.38769],[101.46774,3.38792],[101.46798,3.38816],[101.46801,3.38817]]]}},{"type":"Feature","properties":{"id":1364756796,"kind":"pond"},"geometry":{"type":"Polygon","coordinates":[[[101.4674,3.38821],[101.4677,3.38798],[101.46782,3.38812],[101.46794,3.38823],[101.46767,3.38852],[101.46763,3.38852],[101.46758,3.38847],[101.46741,3.38826],[101.4674,3.38821]]]}},{"type":"Feature","properties":{"id":1364756797,"kind":"pond"},"geometry":{"type":"Polygon","coordinates":[[[101.46722,3.38793],[101.46753,3.38769],[101.46764,3.38792],[101.46735,3.38816],[101.46722,3.38793]]]}},{"type":"Feature","properties":{"id":1364756798,"kind":"pond"},"geometry":{"type":"Polygon","coordinates":[[[101.46708,3.38773],[101.46709,3.3877],[101.46744,3.38744],[101.46756,3.38755],[101.46756,3.3876],[101.46723,3.38785],[101.46716,3.38785],[101.46708,3.38773]]]}},{"type":"Feature","properties":{"id":1364756805,"kind":"pond"},"geometry":{"type":"Polygon","coordinates":[[[101.46872,3.3859],[101.4686,3.38561],[101.46833,3.38575],[101.46834,3.38611],[101.46838,3.38615],[101.46872,3.3859]]]}},{"type":"Feature","properties":{"id":1364756814,"kind":"pond"},"geometry":{"type":"Polygon","coordinates":[[[101.45498,3.39848],[101.45535,3.39763],[101.45532,3.39756],[101.45525,3.39758],[101.45512,3.39767],[101.45488,3.39816],[101.4548,3.39831],[101.4548,3.39839],[101.45485,3.39847],[101.45491,3.39848],[101.45498,3.39848]]]}},{"type":"Feature","properties":{"id":1364756815,"kind":"pond"},"geometry":{"type":"Polygon","coordinates":[[[101.4587,3.39499],[101.45895,3.39537],[101.45925,3.39542],[101.45929,3.39523],[101.45901,3.395],[101.45885,3.39494],[101.45873,3.39494],[101.4587,3.39499]]]}},{"type":"Feature","properties":{"id":1364756816,"kind":"pond"},"geometry":{"type":"Polygon","coordinates":[[[101.45809,3.39615],[101.4582,3.39605],[101.45827,3.39598],[101.45841,3.39584],[101.45859,3.39572],[101.45873,3.39569],[101.45886,3.3957],[101.45887,3.39578],[101.45874,3.39589],[101.4586,3.39595],[101.45838,3.39613],[101.45824,3.39622],[101.45813,3.39627],[101.45808,3.39624],[101.45809,3.39615]]]}},{"type":"Feature","properties":{"id":1364756817,"kind":"pond"},"geometry":{"type":"Polygon","coordinates":[[[101.45724,3.39585],[101.45722,3.39571],[101.45735,3.39557],[101.45745,3.39548],[101.45746,3.39541],[101.45758,3.39532],[101.45763,3.39523],[101.45773,3.39517],[101.45776,3.3951],[101.45781,3.39508],[101.45791,3.39503],[101.4581,3.39501],[101.45817,3.39501],[101.45816,3.39506],[101.45815,3.39518],[101.45826,3.39529],[101.45831,3.39531],[101.45822,3.39542],[101.4581,3.3956],[101.45794,3.39561],[101.45786,3.3956],[101.45782,3.39565],[101.45784,3.39575],[101.45783,3.3958],[101.45755,3.39599],[101.45751,3.39592],[101.45749,3.39584],[101.45735,3.39581],[101.4573,3.39584],[101.45724,3.39585]]]}},{"type":"Feature","properties":{"id":1365023020,"kind":"pond"},"geometry":{"type":"Polygon","coordinates":[[[101.48466,3.40736],[101.48466,3.4064],[101.48471,3.40634],[101.48729,3.40566],[101.488,3.40553],[101.48812,3.40559],[101.48818,3.40571],[101.48819,3.40585],[101.48811,3.40598],[101.48789,3.40613],[101.48612,3.4071],[101.486,3.40708],[101.48551,3.40741],[101.48531,3.4074],[101.48478,3.40746],[101.48466,3.40736]]]}},{"type":"Feature","properties":{"id":1365023038,"kind":"wetland"},"geometry":{"type":"Polygon","coordinates":[[[101.49121,3.41955],[101.49126,3.41952],[101.49126,3.41945],[101.49133,3.41943],[101.49133,3.41938],[101.4914,3.41935],[101.49141,3.41932],[101.49147,3.41923],[101.49155,3.41926],[101.49166,3.4193],[101.4917,3.41935],[101.49164,3.41943],[101.49165,3.41947],[101.49169,3.4195],[101.4917,3.41954],[101.49169,3.41957],[101.49164,3.41959],[101.4916,3.41957],[101.49158,3.41953],[101.49156,3.41952],[101.49152,3.41952],[101.49149,3.41954],[101.49149,3.4196],[101.49152,3.41967],[101.49159,3.41979],[101.49151,3.41987],[101.49151,3.41989],[101.49153,3.4199],[101.49157,3.41989],[101.49164,3.41992],[101.49167,3.41998],[101.49164,3.42],[101.49164,3.42003],[101.49167,3.42004],[101.49167,3.42008],[101.49161,3.42013],[101.49156,3.42016],[101.49151,3.42017],[101.49148,3.42019],[101.49147,3.42015],[101.49145,3.42014],[101.49144,3.42011],[101.49141,3.4201],[101.49139,3.42013],[101.49136,3.42012],[101.49136,3.4201],[101.49134,3.4201],[101.49132,3.42008],[101.49132,3.42005],[101.49135,3.42003],[101.49134,3.42001],[101.49134,3.41996],[101.49137,3.41994],[101.49135,3.41992],[101.49134,3.4199],[101.49137,3.41987],[101.49138,3.41983],[101.49142,3.41981],[101.49141,3.41979],[101.49136,3.41977],[101.49131,3.41975],[101.49127,3.41975],[101.49122,3.41974],[101.49121,3.41971],[101.49123,3.41969],[101.49123,3.41967],[101.49122,3.41965],[101.49121,3.41961],[101.49122,3.4196],[101.49121,3.41957],[101.49121,3.41955]]]}},{"type":"Feature","properties":{"id":1365023046,"kind":"wetland"},"geometry":{"type":"Polygon","coordinates":[[[101.49739,3.42956],[101.49732,3.42952],[101.49735,3.42945],[101.49748,3.42935],[101.49757,3.42938],[101.49763,3.4294],[101.49771,3.42941],[101.49773,3.42934],[101.49788,3.42931],[101.49791,3.42934],[101.49787,3.42941],[101.49775,3.42948],[101.49768,3.42951],[101.49765,3.42955],[101.49754,3.42963],[101.49742,3.42964],[101.4974,3.42962],[101.49739,3.42956]]]}},{"type":"Feature","properties":{"id":1365114815,"kind":"pond"},"geometry":{"type":"Polygon","coordinates":[[[101.48782,3.40381],[101.48765,3.40364],[101.48745,3.40354],[101.48731,3.40335],[101.48732,3.40326],[101.48731,3.40322],[101.48725,3.4032],[101.48724,3.40314],[101.48728,3.40301],[101.48741,3.40294],[101.4877,3.40301],[101.48783,3.40312],[101.4881,3.40335],[101.48834,3.40353],[101.48835,3.40365],[101.48816,3.40374],[101.48806,3.40369],[101.48794,3.40373],[101.48787,3.40381],[101.48782,3.40381]]]}},{"type":"Feature","properties":{"id":1365114819,"kind":"pond"},"geometry":{"type":"Polygon","coordinates":[[[101.47621,3.38661],[101.47638,3.38626],[101.47659,3.386],[101.47693,3.38579],[101.4774,3.38575],[101.4776,3.38583],[101.47772,3.38597],[101.47767,3.38617],[101.47747,3.38635],[101.47738,3.38651],[101.47725,3.38657],[101.47718,3.38672],[101.47679,3.38682],[101.47654,3.38682],[101.47635,3.38677],[101.47621,3.38661]]]}},{"type":"Feature","properties":{"id":1365114825,"kind":"pond"},"geometry":{"type":"Polygon","coordinates":[[[101.46936,3.39453],[101.46935,3.39442],[101.46957,3.39395],[101.46979,3.39357],[101.47007,3.39312],[101.47027,3.39289],[101.47045,3.39284],[101.47079,3.39294],[101.47096,3.3931],[101.47113,3.39338],[101.47097,3.39386],[101.47106,3.39399],[101.47091,3.39405],[101.47085,3.39424],[101.47067,3.39422],[101.47041,3.39426],[101.47021,3.39435],[101.47007,3.39469],[101.47001,3.39484],[101.46993,3.39488],[101.46964,3.39477],[101.46951,3.39466],[101.46947,3.39459],[101.46939,3.39457],[101.46936,3.39453]]]}},{"type":"Feature","properties":{"id":1365114826,"kind":"pond"},"geometry":{"type":"Polygon","coordinates":[[[101.4691,3.39401],[101.46918,3.39406],[101.46937,3.3937],[101.46958,3.3935],[101.4697,3.39322],[101.46977,3.39302],[101.46992,3.39296],[101.46989,3.39285],[101.46971,3.39278],[101.4697,3.39269],[101.4698,3.39255],[101.46972,3.39236],[101.4695,3.39228],[101.46933,3.3925],[101.46896,3.39229],[101.46905,3.39216],[101.46896,3.39213],[101.46875,3.39202],[101.46855,3.39243],[101.46844,3.39291],[101.46851,3.39323],[101.4686,3.39344],[101.46888,3.39362],[101.4691,3.39401]]]}},{"type":"Feature","properties":{"id":1365114842,"kind":"pond"},"geometry":{"type":"Polygon","coordinates":[[[101.4758,3.40593],[101.47584,3.40594],[101.47588,3.40598],[101.47594,3.40601],[101.476,3.40605],[101.476,3.40611],[101.47604,3.40613],[101.47609,3.40612],[101.47617,3.40614],[101.4762,3.40621],[101.47618,3.40627],[101.47619,3.4063],[101.47624,3.4063],[101.47627,3.40635],[101.47632,3.40636],[101.47636,3.40635],[101.4764,3.40636],[101.47642,3.40642],[101.4764,3.40648],[101.47639,3.40653],[101.47643,3.40659],[101.47646,3.40677],[101.47644,3.40683],[101.47654,3.40702],[101.47667,3.40706],[101.47669,3.40711],[101.47672,3.40716],[101.47682,3.40728],[101.47687,3.40733],[101.4769,3.40733],[101.47691,3.40729],[101.47695,3.40727],[101.47697,3.40729],[101.477,3.40729],[101.47702,3.40725],[101.477,3.4072],[101.477,3.40716],[101.47696,3.40713],[101.47688,3.40705],[101.47689,3.40699],[101.4769,3.40696],[101.47693,3.40696],[101.47694,3.40698],[101.47697,3.40697],[101.47697,3.40693],[101.47697,3.4069],[101.47694,3.40688],[101.47693,3.40689],[101.47691,3.40688],[101.47691,3.40685],[101.47694,3.40681],[101.47695,3.40676],[101.47697,3.40671],[101.47698,3.40669],[101.47706,3.40669],[101.47712,3.40674],[101.47716,3.40677],[101.47727,3.40677],[101.47729,3.40677],[101.47731,3.40681],[101.47734,3.40684],[101.47734,3.40691],[101.4773,3.40697],[101.4773,3.40704],[101.47727,3.4071],[101.47726,3.40714],[101.47724,3.40718],[101.47722,3.40723],[101.47724,3.40725],[101.47726,3.4072],[101.47727,3.40719],[101.47728,3.40726],[101.47731,3.40726],[101.47732,3.40723],[101.47734,3.40716],[101.47738,3.40708],[101.4774,3.40704],[101.47743,3.40702],[101.47747,3.40705],[101.4775,3.40705],[101.47755,3.40702],[101.47753,3.40698],[101.47752,3.40696],[101.47754,3.40692],[101.47759,3.40692],[101.47761,3.40695],[101.47762,3.40697],[101.47769,3.40697],[101.47774,3.40692],[101.47781,3.40685],[101.47791,3.4069],[101.47799,3.40692],[101.47803,3.40693],[101.4781,3.40695],[101.47812,3.40692],[101.47813,3.40685],[101.47819,3.40681],[101.47824,3.40679],[101.47832,3.40682],[101.47836,3.40685],[101.47839,3.40695],[101.47839,3.407],[101.47838,3.40707],[101.47846,3.40708],[101.47852,3.40715],[101.47857,3.40714],[101.47862,3.40709],[101.47861,3.40704],[101.47868,3.40702],[101.47872,3.40702],[101.47878,3.40695],[101.47886,3.4069],[101.47891,3.40691],[101.47897,3.40688],[101.47901,3.4068],[101.47903,3.40671],[101.47908,3.40664],[101.47918,3.40655],[101.47926,3.40652],[101.47933,3.40651],[101.47936,3.40653],[101.47934,3.40659],[101.47938,3.40665],[101.47948,3.40666],[101.47958,3.40664],[101.47961,3.40655],[101.47959,3.40643],[101.47959,3.40634],[101.47943,3.40617],[101.47937,3.40619],[101.47931,3.40614],[101.4792,3.40591],[101.47924,3.40575],[101.47914,3.40563],[101.47902,3.40565],[101.4789,3.40567],[101.47883,3.40573],[101.47882,3.40583],[101.47886,3.40591],[101.4789,3.4059],[101.47897,3.40589],[101.47898,3.40601],[101.4789,3.40607],[101.47875,3.40616],[101.47864,3.40616],[101.47837,3.40605],[101.47833,3.40596],[101.47833,3.40579],[101.47818,3.40574],[101.47803,3.40567],[101.478,3.40557],[101.47813,3.40557],[101.47802,3.40551],[101.47802,3.40547],[101.47807,3.40544],[101.47814,3.40546],[101.47819,3.40549],[101.47823,3.40551],[101.47827,3.40554],[101.47832,3.40554],[101.47834,3.40547],[101.47834,3.40542],[101.47831,3.4054],[101.47834,3.40537],[101.47834,3.40531],[101.4783,3.40523],[101.47823,3.40521],[101.47814,3.40517],[101.47813,3.4051],[101.47816,3.40505],[101.4782,3.40504],[101.4782,3.40497],[101.47819,3.40487],[101.47812,3.40482],[101.47804,3.40484],[101.47804,3.4048],[101.47803,3.40473],[101.47801,3.40469],[101.47802,3.40465],[101.47794,3.40463],[101.47791,3.40458],[101.47793,3.40454],[101.47791,3.40442],[101.47784,3.40436],[101.47777,3.40436],[101.4777,3.40428],[101.4777,3.40425],[101.47765,3.40418],[101.47761,3.40417],[101.47751,3.40411],[101.4775,3.40407],[101.47735,3.40404],[101.47722,3.40403],[101.47718,3.40411],[101.47714,3.40415],[101.4771,3.40421],[101.47711,3.40426],[101.47702,3.40432],[101.4771,3.40438],[101.47711,3.40446],[101.47708,3.40451],[101.47705,3.40452],[101.47701,3.40449],[101.47695,3.40453],[101.47697,3.40459],[101.47689,3.40465],[101.47694,3.40475],[101.47685,3.40483],[101.47685,3.40488],[101.47691,3.40492],[101.47692,3.40496],[101.4769,3.405],[101.47695,3.405],[101.47705,3.40498],[101.47713,3.405],[101.47715,3.40507],[101.47706,3.40514],[101.47706,3.4052],[101.47711,3.40523],[101.4772,3.40522],[101.47723,3.40526],[101.4773,3.4053],[101.47733,3.40531],[101.47732,3.40538],[101.47733,3.40542],[101.47735,3.40543],[101.47744,3.4054],[101.47753,3.40538],[101.47755,3.40542],[101.47761,3.40544],[101.47762,3.40548],[101.47758,3.4055],[101.47758,3.40556],[101.47753,3.40558],[101.47745,3.40556],[101.47741,3.40561],[101.47736,3.40563],[101.47736,3.40568],[101.4774,3.40574],[101.47731,3.40581],[101.47733,3.40584],[101.47737,3.40585],[101.47745,3.40587],[101.47745,3.40591],[101.4775,3.40597],[101.47748,3.40602],[101.47744,3.406],[101.47743,3.40598],[101.47736,3.40597],[101.47728,3.40593],[101.47723,3.40594],[101.47717,3.40589],[101.47714,3.4059],[101.47715,3.40594],[101.47714,3.406],[101.47716,3.40605],[101.47709,3.40611],[101.47698,3.40616],[101.47694,3.4062],[101.47691,3.40623],[101.47693,3.40626],[101.47697,3.40629],[101.47699,3.40638],[101.47695,3.40641],[101.47696,3.40646],[101.47697,3.40651],[101.47696,3.40657],[101.47685,3.40658],[101.47684,3.40661],[101.47679,3.40662],[101.47676,3.40665],[101.4768,3.40668],[101.47683,3.4067],[101.47684,3.40673],[101.4768,3.40677],[101.47678,3.40676],[101.47674,3.40679],[101.47671,3.40679],[101.47668,3.40681],[101.47664,3.4068],[101.47662,3.40678],[101.47662,3.40671],[101.4766,3.40669],[101.4766,3.40663],[101.47662,3.40657],[101.47666,3.40655],[101.47668,3.4065],[101.47672,3.40647],[101.47673,3.40643],[101.47667,3.40641],[101.47662,3.40644],[101.47657,3.40647],[101.47651,3.40643],[101.47649,3.4064],[101.4765,3.40636],[101.47647,3.40636],[101.47645,3.40632],[101.47645,3.40629],[101.47643,3.40629],[101.47643,3.40626],[101.47644,3.40623],[101.47648,3.4062],[101.47652,3.40618],[101.47652,3.40616],[101.47651,3.40612],[101.4765,3.4061],[101.47652,3.40606],[101.4766,3.40605],[101.47663,3.40603],[101.47663,3.406],[101.4766,3.40598],[101.47655,3.40597],[101.47651,3.40594],[101.47647,3.40588],[101.47645,3.40584],[101.47637,3.40586],[101.47629,3.40586],[101.47629,3.40583],[101.4763,3.40579],[101.47634,3.40574],[101.47633,3.4057],[101.47626,3.40566],[101.47625,3.40562],[101.47625,3.40562],[101.47623,3.40557],[101.47622,3.40557],[101.4762,3.40555],[101.47617,3.40555],[101.47615,3.40558],[101.47616,3.40562],[101.47618,3.40564],[101.4762,3.40564],[101.4762,3.40567],[101.47618,3.40568],[101.47616,3.40573],[101.47617,3.40576],[101.47614,3.40578],[101.47613,3.4058],[101.47609,3.40583],[101.47599,3.40583],[101.47593,3.40588],[101.4759,3.4059],[101.47582,3.4059],[101.4758,3.40593]]]}},{"type":"Feature","properties":{"id":1365114843,"kind":"pond"},"geometry":{"type":"Polygon","coordinates":[[[101.47828,3.40866],[101.47781,3.40862],[101.47773,3.40855],[101.47775,3.40849],[101.47786,3.40842],[101.47791,3.40836],[101.47796,3.40829],[101.47805,3.40826],[101.4781,3.40821],[101.47807,3.40817],[101.47797,3.40816],[101.47789,3.40812],[101.47789,3.40809],[101.47805,3.40805],[101.47816,3.40802],[101.47824,3.40793],[101.47824,3.40781],[101.47825,3.40768],[101.47829,3.40764],[101.47824,3.40757],[101.47822,3.40754],[101.47825,3.40746],[101.4783,3.40741],[101.47835,3.40736],[101.47846,3.40736],[101.47849,3.40741],[101.47847,3.40747],[101.47845,3.40753],[101.47848,3.40765],[101.47857,3.40784],[101.47873,3.40787],[101.47882,3.40786],[101.47884,3.40779],[101.47892,3.40776],[101.47901,3.40775],[101.47901,3.40778],[101.47894,3.40779],[101.4789,3.40783],[101.47892,3.40789],[101.47901,3.40787],[101.47913,3.40784],[101.4792,3.40787],[101.4792,3.40791],[101.47915,3.40795],[101.47913,3.40802],[101.47913,3.40806],[101.47908,3.4081],[101.47903,3.40816],[101.47902,3.40827],[101.47899,3.40838],[101.47888,3.40847],[101.47882,3.40858],[101.47881,3.40869],[101.47886,3.40874],[101.47888,3.40877],[101.47889,3.40882],[101.47889,3.40885],[101.47888,3.40886],[101.47886,3.40888],[101.47882,3.40888],[101.47878,3.40888],[101.47876,3.40885],[101.47878,3.40881],[101.47879,3.40876],[101.47878,3.40873],[101.47876,3.40867],[101.47876,3.40861],[101.47878,3.40858],[101.47876,3.40853],[101.47879,3.40848],[101.47877,3.40844],[101.47876,3.4084],[101.47871,3.40839],[101.47869,3.4084],[101.47866,3.4084],[101.47863,3.40841],[101.47862,3.40844],[101.47859,3.40848],[101.47855,3.40849],[101.47848,3.40849],[101.4784,3.40847],[101.47833,3.40848],[101.47829,3.40853],[101.47828,3.4086],[101.4783,3.40864],[101.47828,3.40866]]]}},{"type":"Feature","properties":{"id":1365660632,"kind":"pond"},"geometry":{"type":"Polygon","coordinates":[[[101.51651,3.47581],[101.51666,3.47567],[101.51687,3.47551],[101.517,3.47532],[101.51724,3.47524],[101.51744,3.4752],[101.51754,3.47521],[101.51763,3.47524],[101.51769,3.47519],[101.51783,3.47511],[101.51798,3.47512],[101.51803,3.47518],[101.51815,3.47525],[101.51827,3.47525],[101.51842,3.47519],[101.51857,3.47515],[101.5187,3.47508],[101.51887,3.47504],[101.51897,3.47504],[101.51908,3.47501],[101.51909,3.47505],[101.5191,3.4751],[101.51917,3.47512],[101.51927,3.47511],[101.51925,3.47516],[101.51924,3.47521],[101.51927,3.47526],[101.51931,3.47527],[101.51934,3.47531],[101.51939,3.47537],[101.51938,3.47547],[101.5194,3.47564],[101.51945,3.47568],[101.51942,3.47574],[101.51937,3.47581],[101.51941,3.47585],[101.51945,3.47591],[101.51944,3.47595],[101.51944,3.476],[101.5195,3.47601],[101.51953,3.47604],[101.51952,3.4761],[101.5195,3.47615],[101.51947,3.47625],[101.51946,3.47635],[101.51945,3.47641],[101.51942,3.47653],[101.51938,3.4766],[101.51932,3.47667],[101.51929,3.47668],[101.51918,3.47669],[101.51914,3.47673],[101.51905,3.47673],[101.519,3.4767],[101.51896,3.47673],[101.51894,3.47678],[101.51894,3.47683],[101.51896,3.47688],[101.51894,3.47693],[101.51888,3.47693],[101.51885,3.47697],[101.51884,3.477],[101.51878,3.47703],[101.51875,3.47705],[101.51875,3.47707],[101.51874,3.4771],[101.5187,3.47713],[101.51867,3.47717],[101.51863,3.47722],[101.51858,3.47725],[101.51858,3.4773],[101.51854,3.47736],[101.51849,3.47738],[101.51847,3.47736],[101.51844,3.47739],[101.51838,3.47738],[101.51832,3.47739],[101.51833,3.47742],[101.5183,3.47745],[101.51819,3.47744],[101.51816,3.47739],[101.51814,3.47735],[101.51811,3.47735],[101.51803,3.47733],[101.51798,3.47731],[101.51795,3.47727],[101.51796,3.47721],[101.51798,3.47718],[101.51799,3.47715],[101.51795,3.47714],[101.51789,3.47718],[101.51785,3.47721],[101.51781,3.4772],[101.51777,3.47717],[101.51773,3.47715],[101.51766,3.47716],[101.5176,3.4771],[101.51757,3.4771],[101.51753,3.47705],[101.51749,3.47704],[101.51746,3.47701],[101.51745,3.47697],[101.51743,3.47697],[101.51738,3.47696],[101.51735,3.47693],[101.51734,3.47687],[101.51724,3.47681],[101.51713,3.47668],[101.51707,3.47668],[101.51702,3.47662],[101.51697,3.47662],[101.51686,3.47656],[101.51681,3.47649],[101.5168,3.47643],[101.5168,3.47637],[101.51682,3.47635],[101.51688,3.47637],[101.51688,3.47635],[101.51686,3.47632],[101.51681,3.4763],[101.51675,3.47627],[101.51672,3.47624],[101.5167,3.47619],[101.51671,3.4761],[101.51668,3.47607],[101.51665,3.47604],[101.51658,3.47601],[101.51658,3.47597],[101.51656,3.47593],[101.5165,3.47587],[101.51651,3.47581]]]}},{"type":"Feature","properties":{"id":1365858711,"kind":"pond"},"geometry":{"type":"Polygon","coordinates":[[[101.47435,3.398],[101.47457,3.39812],[101.47472,3.3981],[101.47487,3.39794],[101.47503,3.39772],[101.47512,3.39756],[101.47514,3.39736],[101.47511,3.3972],[101.4751,3.3969],[101.47496,3.39685],[101.47468,3.397],[101.47448,3.3972],[101.47442,3.39747],[101.47431,3.39768],[101.47426,3.39778],[101.47428,3.39786],[101.47435,3.398]]]}},{"type":"Feature","properties":{"id":1365858712,"kind":"pond"},"geometry":{"type":"Polygon","coordinates":[[[101.47387,3.39589],[101.47393,3.39583],[101.47392,3.39573],[101.47397,3.39571],[101.4741,3.39563],[101.47413,3.39548],[101.47412,3.39538],[101.47406,3.39527],[101.47417,3.39526],[101.47429,3.3953],[101.47431,3.39543],[101.47441,3.39546],[101.47459,3.39539],[101.47457,3.39529],[101.4746,3.3952],[101.47467,3.39516],[101.47466,3.39528],[101.47476,3.39539],[101.47474,3.39547],[101.47473,3.39554],[101.47483,3.39568],[101.47494,3.39565],[101.47504,3.39589],[101.47521,3.39599],[101.47539,3.39602],[101.47544,3.39611],[101.47532,3.39615],[101.47521,3.39618],[101.47512,3.39626],[101.4751,3.39633],[101.47505,3.39636],[101.47494,3.39638],[101.47487,3.3963],[101.47488,3.39621],[101.47483,3.39612],[101.47472,3.39597],[101.4746,3.39589],[101.47437,3.39586],[101.47424,3.39592],[101.47414,3.39596],[101.47397,3.39596],[101.47387,3.39589]]]}},{"type":"Feature","properties":{"id":1365858713,"kind":"pond"},"geometry":{"type":"Polygon","coordinates":[[[101.47278,3.39563],[101.47276,3.39554],[101.4727,3.39548],[101.4726,3.39534],[101.4726,3.3952],[101.47256,3.39512],[101.47266,3.39506],[101.4727,3.39497],[101.47284,3.39509],[101.47292,3.3951],[101.47294,3.39522],[101.47304,3.39535],[101.47317,3.39535],[101.47326,3.39531],[101.47341,3.39545],[101.47355,3.39531],[101.47365,3.39536],[101.4736,3.39539],[101.47358,3.39546],[101.47362,3.39549],[101.47367,3.39549],[101.47365,3.39556],[101.47358,3.39558],[101.47352,3.39562],[101.47346,3.39564],[101.47344,3.39558],[101.47339,3.39555],[101.47333,3.39553],[101.47324,3.3956],[101.4732,3.39553],[101.47314,3.39556],[101.47308,3.39556],[101.47303,3.39557],[101.47295,3.39562],[101.47286,3.39564],[101.47278,3.39563]]]}},{"type":"Feature","properties":{"id":1365858714,"kind":"pond"},"geometry":{"type":"Polygon","coordinates":[[[101.47248,3.39808],[101.4728,3.39797],[101.47289,3.39797],[101.47336,3.39831],[101.47341,3.39857],[101.47351,3.39859],[101.47365,3.39885],[101.47361,3.39904],[101.47369,3.39926],[101.47387,3.39934],[101.47402,3.39937],[101.47426,3.39929],[101.47448,3.39932],[101.47463,3.39935],[101.47488,3.39929],[101.47487,3.39917],[101.47479,3.39917],[101.47474,3.39917],[101.47468,3.39899],[101.4746,3.39887],[101.47452,3.39883],[101.4744,3.39878],[101.47424,3.39845],[101.47411,3.39846],[101.47403,3.39832],[101.47393,3.39829],[101.47386,3.39823],[101.47389,3.39806],[101.47374,3.3979],[101.47357,3.39781],[101.47355,3.3977],[101.47346,3.3976],[101.47319,3.39743],[101.47307,3.39742],[101.47297,3.39747],[101.47287,3.3975],[101.47269,3.39749],[101.47242,3.39782],[101.47246,3.398],[101.47236,3.39801],[101.47235,3.39807],[101.47248,3.39808]]]}},{"type":"Feature","properties":{"id":1365858715,"kind":"pond"},"geometry":{"type":"Polygon","coordinates":[[[101.46857,3.39683],[101.46853,3.39696],[101.46853,3.39714],[101.46865,3.39747],[101.46883,3.39758],[101.46903,3.39757],[101.46929,3.39748],[101.46949,3.39748],[101.46979,3.39754],[101.47002,3.3976],[101.47017,3.39758],[101.47021,3.39751],[101.47018,3.39744],[101.47017,3.39738],[101.47003,3.3973],[101.47003,3.39722],[101.46997,3.39712],[101.46995,3.39707],[101.46987,3.39703],[101.4698,3.39692],[101.46961,3.39657],[101.46954,3.3966],[101.46928,3.39645],[101.46922,3.39643],[101.46915,3.39647],[101.46913,3.39653],[101.46907,3.39652],[101.46887,3.39643],[101.46881,3.39653],[101.4688,3.39664],[101.46887,3.39668],[101.46885,3.39678],[101.46901,3.39682],[101.46912,3.39669],[101.46916,3.39675],[101.46916,3.39689],[101.46914,3.39696],[101.46908,3.397],[101.46908,3.39706],[101.46901,3.39709],[101.46894,3.39704],[101.46898,3.39698],[101.46861,3.39682],[101.46857,3.39683]]]}},{"type":"Feature","properties":{"id":1365858719,"kind":"pond"},"geometry":{"type":"Polygon","coordinates":[[[101.47437,3.4025],[101.4742,3.40238],[101.47404,3.40218],[101.47401,3.40195],[101.47411,3.4017],[101.4742,3.40155],[101.4743,3.40131],[101.47451,3.40109],[101.47464,3.40108],[101.47486,3.40117],[101.47493,3.4013],[101.47481,3.4014],[101.47463,3.40151],[101.47469,3.40168],[101.47485,3.40176],[101.47499,3.4017],[101.47493,3.40163],[101.47496,3.40152],[101.47515,3.40145],[101.47528,3.40154],[101.47518,3.40163],[101.47515,3.40177],[101.47522,3.40177],[101.47529,3.40183],[101.47524,3.40188],[101.47525,3.40199],[101.47534,3.40205],[101.47541,3.40204],[101.47545,3.40213],[101.47536,3.40219],[101.47536,3.40223],[101.47518,3.40231],[101.47517,3.40252],[101.4751,3.40267],[101.47503,3.40274],[101.4748,3.40272],[101.47472,3.40261],[101.47467,3.40248],[101.47463,3.40239],[101.47455,3.40236],[101.47449,3.40238],[101.47448,3.40243],[101.4745,3.40248],[101.47444,3.40253],[101.47437,3.4025]]]}},{"type":"Feature","properties":{"id":1365858723,"kind":"pond"},"geometry":{"type":"Polygon","coordinates":[[[101.47323,3.39965],[101.47324,3.39949],[101.47317,3.39937],[101.47309,3.39924],[101.47302,3.39899],[101.47283,3.39879],[101.47254,3.39873],[101.4723,3.39871],[101.47206,3.39873],[101.47188,3.399],[101.47191,3.39912],[101.47204,3.39919],[101.47212,3.39917],[101.47217,3.39925],[101.47214,3.39933],[101.47207,3.39942],[101.47208,3.39957],[101.4722,3.39966],[101.47226,3.39979],[101.47233,3.39984],[101.47234,3.3998],[101.4723,3.39971],[101.47233,3.39963],[101.47236,3.39948],[101.47229,3.39935],[101.4724,3.39934],[101.47244,3.39946],[101.47249,3.39955],[101.47257,3.39967],[101.47254,3.39975],[101.47271,3.39985],[101.47277,3.40001],[101.47278,3.40015],[101.47282,3.40021],[101.47279,3.40031],[101.47271,3.40044],[101.47277,3.40057],[101.47279,3.40064],[101.47281,3.4008],[101.47274,3.40094],[101.47283,3.40114],[101.4731,3.40157],[101.47331,3.40176],[101.47343,3.40175],[101.47347,3.40164],[101.47347,3.40155],[101.47352,3.40147],[101.4736,3.40151],[101.47479,3.40074],[101.47484,3.40036],[101.47484,3.40023],[101.47472,3.40008],[101.4744,3.40008],[101.4741,3.40006],[101.4737,3.40004],[101.47343,3.39972],[101.47323,3.39965]]]}},{"type":"Feature","properties":{"id":1365864439,"kind":"pond"},"geometry":{"type":"Polygon","coordinates":[[[101.34923,3.79088],[101.34996,3.79213],[101.35028,3.79195],[101.3495,3.79069],[101.34923,3.79088]]]}},{"type":"Feature","properties":{"id":1365864440,"kind":"pond"},"geometry":{"type":"Polygon","coordinates":[[[101.34828,3.79087],[101.34933,3.79258],[101.34976,3.79231],[101.3488,3.79062],[101.34828,3.79087]]]}},{"type":"Feature","properties":{"id":1365965620,"kind":"pond"},"geometry":{"type":"Polygon","coordinates":[[[101.49202,3.6923],[101.49218,3.69166],[101.49249,3.69176],[101.49244,3.69208],[101.49234,3.69237],[101.49204,3.69234],[101.49202,3.6923]]]}},{"type":"Feature","properties":{"id":1365965621,"kind":"pond"},"geometry":{"type":"Polygon","coordinates":[[[101.49196,3.69322],[101.49194,3.69318],[101.49213,3.69245],[101.49233,3.69253],[101.49214,3.6932],[101.49209,3.69322],[101.49196,3.69322]]]}},{"type":"Feature","properties":{"id":1365965622,"kind":"pond"},"geometry":{"type":"Polygon","coordinates":[[[101.4915,3.69313],[101.4917,3.6924],[101.49195,3.69247],[101.49171,3.69319],[101.49152,3.69317],[101.4915,3.69313]]]}},{"type":"Feature","properties":{"id":1365965623,"kind":"pond"},"geometry":{"type":"Polygon","coordinates":[[[101.491,3.69331],[101.4912,3.69253],[101.49148,3.69261],[101.49127,3.69341],[101.49101,3.69334],[101.491,3.69331]]]}},{"type":"Feature","properties":{"id":1365965624,"kind":"pond"},"geometry":{"type":"Polygon","coordinates":[[[101.49153,3.69361],[101.49176,3.69344],[101.49184,3.69346],[101.49226,3.69394],[101.49226,3.694],[101.49205,3.6942],[101.49198,3.69419],[101.49153,3.69365],[101.49153,3.69361]]]}},{"type":"Feature","properties":{"id":1365965625,"kind":"pond"},"geometry":{"type":"Polygon","coordinates":[[[101.49108,3.69403],[101.49136,3.69374],[101.49258,3.69504],[101.49227,3.69533],[101.49108,3.69403]]]}},{"type":"Feature","properties":{"id":1365965626,"kind":"pond"},"geometry":{"type":"Polygon","coordinates":[[[101.49069,3.69438],[101.49099,3.6941],[101.49217,3.69535],[101.49217,3.69541],[101.49191,3.69564],[101.49184,3.69563],[101.49069,3.69438]]]}},{"type":"Feature","properties":{"id":1365965627,"kind":"pond"},"geometry":{"type":"Polygon","coordinates":[[[101.48988,3.69427],[101.49079,3.69338],[101.49111,3.69357],[101.49029,3.6945],[101.49022,3.69451],[101.48988,3.69427]]]}},{"type":"Feature","properties":{"id":1367628533,"kind":"river"},"geometry":{"type":"Polygon","coordinates":[[[100.8726,3.7674],[100.87251,3.76752],[100.87236,3.76768],[100.87225,3.76777],[100.87211,3.76784],[100.87244,3.76799],[100.87252,3.76806],[100.87273,3.76809],[100.87288,3.76826],[100.87325,3.76824],[100.87351,3.7683],[100.87408,3.76862],[100.87431,3.7688],[100.87459,3.76911],[100.87517,3.76973],[100.87547,3.7699],[100.87585,3.77028],[100.87609,3.77041],[100.87626,3.77073],[100.87674,3.77116],[100.87725,3.77162],[100.87774,3.77218],[100.87794,3.77246],[100.87815,3.77257],[100.87849,3.77288],[100.87883,3.77339],[100.87909,3.7736],[100.87917,3.77389],[100.87949,3.77434],[100.87967,3.77468],[100.87976,3.77469],[100.87999,3.77451],[100.88,3.77446],[100.87982,3.77418],[100.87934,3.77368],[100.87906,3.77328],[100.87904,3.77303],[100.87892,3.77287],[100.87873,3.77281],[100.87832,3.77228],[100.87823,3.77207],[100.8781,3.77205],[100.87767,3.77166],[100.8773,3.77129],[100.87686,3.77086],[100.87671,3.77062],[100.87656,3.77046],[100.87631,3.77035],[100.87602,3.77004],[100.87586,3.76983],[100.87564,3.76971],[100.87522,3.76924],[100.87502,3.76905],[100.87479,3.76885],[100.87456,3.76854],[100.87433,3.76839],[100.87416,3.76817],[100.87396,3.76801],[100.87365,3.76797],[100.87317,3.76779],[100.87294,3.76761],[100.87269,3.76749],[100.8726,3.7674]]]}},{"type":"Feature","properties":{"id":1368699658,"kind":"pond"},"geometry":{"type":"Polygon","coordinates":[[[102.06135,3.05524],[102.06127,3.05517],[102.06127,3.05507],[102.0614,3.05496],[102.06164,3.05492],[102.06179,3.05492],[102.06188,3.05494],[102.06194,3.05488],[102.06206,3.05486],[102.0622,3.05486],[102.06227,3.05489],[102.06236,3.05484],[102.06238,3.05478],[102.06239,3.05472],[102.06244,3.05463],[102.06252,3.05461],[102.06254,3.05455],[102.06259,3.05445],[102.0626,3.05436],[102.06265,3.05434],[102.06272,3.05437],[102.06273,3.05442],[102.06271,3.05451],[102.06266,3.05462],[102.06264,3.05481],[102.0627,3.05503],[102.06269,3.05518],[102.06273,3.05523],[102.06275,3.05528],[102.06267,3.05542],[102.06257,3.05546],[102.06249,3.05552],[102.0624,3.05554],[102.06228,3.05556],[102.06223,3.0556],[102.06208,3.0556],[102.06194,3.05552],[102.06185,3.05548],[102.06176,3.05545],[102.06173,3.05539],[102.06162,3.05536],[102.06155,3.05538],[102.06151,3.05534],[102.06143,3.05531],[102.06135,3.05529],[102.06135,3.05524]]]}},{"type":"Feature","properties":{"id":1368699659,"kind":"pond"},"geometry":{"type":"Polygon","coordinates":[[[102.06334,3.05585],[102.06332,3.05582],[102.06333,3.05578],[102.06329,3.05571],[102.0633,3.05565],[102.06325,3.05556],[102.06327,3.05547],[102.06328,3.05534],[102.06331,3.05531],[102.06343,3.0553],[102.06345,3.05531],[102.06349,3.0553],[102.06361,3.05533],[102.06369,3.05531],[102.0638,3.05524],[102.06384,3.05517],[102.06388,3.0551],[102.06399,3.0551],[102.06407,3.05506],[102.06418,3.05501],[102.06429,3.05498],[102.06437,3.05494],[102.06446,3.05488],[102.06456,3.0548],[102.06462,3.0547],[102.06463,3.05462],[102.06467,3.05456],[102.06471,3.05449],[102.06479,3.05438],[102.0648,3.05428],[102.06483,3.05411],[102.06503,3.05419],[102.06506,3.05423],[102.0651,3.05424],[102.06518,3.05428],[102.0652,3.0544],[102.06509,3.05451],[102.06509,3.05457],[102.06495,3.05472],[102.06488,3.05475],[102.06489,3.05479],[102.06487,3.05481],[102.06484,3.05483],[102.06483,3.0549],[102.06486,3.05494],[102.06488,3.05496],[102.06488,3.05501],[102.06482,3.05505],[102.06479,3.05515],[102.06473,3.05519],[102.06463,3.0552],[102.06462,3.05526],[102.06459,3.05527],[102.06459,3.05532],[102.06455,3.05532],[102.06453,3.05538],[102.06449,3.05544],[102.06443,3.0555],[102.06438,3.05558],[102.06436,3.05569],[102.06439,3.05575],[102.06437,3.0558],[102.06439,3.05582],[102.06441,3.05583],[102.0644,3.05587],[102.06436,3.05589],[102.0643,3.05589],[102.0643,3.05583],[102.06427,3.05583],[102.06424,3.05579],[102.06419,3.05574],[102.06415,3.05573],[102.06411,3.05574],[102.06411,3.05579],[102.0641,3.05581],[102.06406,3.05582],[102.064,3.0558],[102.06395,3.05578],[102.06384,3.0558],[102.06376,3.05581],[102.06371,3.05583],[102.06366,3.05589],[102.06363,3.05591],[102.06359,3.0559],[102.06353,3.05589],[102.0635,3.05592],[102.06351,3.05597],[102.06353,3.05599],[102.06353,3.05601],[102.06349,3.05603],[102.06345,3.05604],[102.06339,3.05604],[102.06336,3.05602],[102.06337,3.05599],[102.06337,3.05595],[102.06335,3.05594],[102.06332,3.05592],[102.06332,3.05589],[102.06334,3.05587],[102.06334,3.05585]]]}},{"type":"Feature","properties":{"id":1369584952,"kind":"water"},"geometry":{"type":"Polygon","coordinates":[[[102.09864,2.99338],[102.09858,2.99338],[102.0987,2.99354],[102.09884,2.99366],[102.09897,2.99369],[102.09912,2.99363],[102.09923,2.99352],[102.09923,2.99328],[102.09918,2.99325],[102.09914,2.99328],[102.09912,2.99343],[102.09908,2.99354],[102.099,2.9936],[102.09893,2.99362],[102.09885,2.99359],[102.09878,2.99353],[102.09864,2.99338]]]}},{"type":"Feature","properties":{"id":1369864709,"kind":"pond"},"geometry":{"type":"Polygon","coordinates":[[[102.00646,2.66101],[102.0063,2.66099],[102.00623,2.66119],[102.00574,2.66106],[102.0058,2.66091],[102.0063,2.66093],[102.00641,2.66089],[102.00646,2.66101]]]}},{"type":"Feature","properties":{"id":1371606372,"kind":"pond"},"geometry":{"type":"Polygon","coordinates":[[[101.89659,3.51848],[101.89677,3.51845],[101.897,3.51833],[101.89717,3.51832],[101.89745,3.51837],[101.89758,3.51845],[101.89766,3.51863],[101.89766,3.51872],[101.89772,3.51872],[101.89777,3.51866],[101.89789,3.51867],[101.89793,3.51875],[101.89802,3.51879],[101.89807,3.51877],[101.89807,3.51869],[101.89798,3.51865],[101.89793,3.51849],[101.89788,3.51841],[101.8978,3.51832],[101.89775,3.51824],[101.89757,3.51816],[101.89734,3.5181],[101.89721,3.51814],[101.89707,3.51811],[101.89694,3.51816],[101.89678,3.51825],[101.89659,3.5183],[101.89646,3.51828],[101.89628,3.51819],[101.89612,3.51808],[101.89605,3.51797],[101.89597,3.51796],[101.89593,3.51802],[101.89596,3.51811],[101.89609,3.51816],[101.89621,3.51826],[101.89639,3.51832],[101.89649,3.51841],[101.89659,3.51848]]]}},{"type":"Feature","properties":{"id":1379015151,"kind":"pond"},"geometry":{"type":"Polygon","coordinates":[[[101.39476,3.35835],[101.39487,3.35766],[101.39497,3.35766],[101.39496,3.35729],[101.3951,3.35712],[101.39533,3.35695],[101.39731,3.35698],[101.3972,3.3584],[101.39476,3.35835]]]}},{"type":"Feature","properties":{"id":1379015152,"kind":"pond"},"geometry":{"type":"Polygon","coordinates":[[[101.39477,3.35871],[101.39719,3.35876],[101.3972,3.35845],[101.396,3.35846],[101.39476,3.35843],[101.39477,3.35871]]]}},{"type":"Feature","properties":{"id":1379015153,"kind":"pond"},"geometry":{"type":"Polygon","coordinates":[[[101.3947,3.35928],[101.39474,3.35882],[101.39722,3.35887],[101.39719,3.35936],[101.3947,3.35928]]]}},{"type":"Feature","properties":{"id":1379015154,"kind":"pond"},"geometry":{"type":"Polygon","coordinates":[[[101.39466,3.35971],[101.39664,3.35974],[101.39664,3.35944],[101.3947,3.35938],[101.39466,3.35971]]]}},{"type":"Feature","properties":{"id":1379015155,"kind":"pond"},"geometry":{"type":"Polygon","coordinates":[[[101.39467,3.35999],[101.39468,3.35983],[101.39671,3.35981],[101.39673,3.35947],[101.39718,3.3595],[101.39717,3.36017],[101.39486,3.36017],[101.39467,3.35999]]]}},{"type":"Feature","properties":{"id":1379038548,"kind":"river"},"geometry":{"type":"Polygon","coordinates":[[[100.93372,3.68967],[100.93361,3.69008],[100.93353,3.69026],[100.93356,3.6905],[100.93372,3.69069],[100.93385,3.69075],[100.93402,3.69103],[100.93419,3.69107],[100.93432,3.69119],[100.93446,3.6912],[100.93462,3.69131],[100.93477,3.69141],[100.93481,3.69153],[100.93492,3.69163],[100.935,3.69183],[100.93509,3.69193],[100.93514,3.69212],[100.93523,3.69229],[100.93547,3.69248],[100.93565,3.69261],[100.93571,3.69274],[100.93601,3.69308],[100.93633,3.69337],[100.9365,3.69339],[100.93668,3.69339],[100.93691,3.69347],[100.93705,3.6936],[100.9372,3.69387],[100.93734,3.69424],[100.93748,3.69453],[100.93768,3.69463],[100.93801,3.69464],[100.93821,3.6947],[100.93832,3.69482],[100.93843,3.695],[100.93872,3.69535],[100.93898,3.69584],[100.93914,3.69594],[100.93921,3.6959],[100.93913,3.69572],[100.93898,3.69556],[100.93887,3.69536],[100.93869,3.69499],[100.93848,3.69474],[100.93827,3.69457],[100.93803,3.69451],[100.93781,3.69451],[100.93762,3.69444],[100.93751,3.69432],[100.93744,3.69416],[100.93746,3.69395],[100.9374,3.69385],[100.93728,3.69373],[100.93718,3.69355],[100.93717,3.69341],[100.93706,3.69331],[100.93683,3.69325],[100.93661,3.69323],[100.9365,3.69325],[100.93632,3.69318],[100.93623,3.69312],[100.93611,3.69292],[100.93602,3.69278],[100.93587,3.69273],[100.93578,3.69256],[100.93564,3.69246],[100.93554,3.69229],[100.93543,3.69216],[100.93533,3.69192],[100.93518,3.69165],[100.93504,3.69142],[100.93488,3.69122],[100.93462,3.69107],[100.93442,3.69092],[100.93426,3.6908],[100.9342,3.6907],[100.9342,3.69053],[100.93434,3.69032],[100.93426,3.69029],[100.93419,3.69024],[100.93402,3.69009],[100.93386,3.68989],[100.93372,3.68967]]]}},{"type":"Feature","properties":{"id":1379140148,"kind":"pond"},"geometry":{"type":"Polygon","coordinates":[[[101.39365,3.36279],[101.39363,3.36232],[101.39554,3.3623],[101.39602,3.36237],[101.39662,3.36243],[101.39699,3.36259],[101.39701,3.36271],[101.39681,3.36287],[101.39651,3.36288],[101.3961,3.36283],[101.39565,3.36281],[101.39534,3.36282],[101.39365,3.36279]]]}},{"type":"Feature","properties":{"id":1379140149,"kind":"pond"},"geometry":{"type":"Polygon","coordinates":[[[101.39364,3.36187],[101.39367,3.36093],[101.39628,3.36089],[101.39621,3.36124],[101.39603,3.36137],[101.39585,3.36145],[101.39589,3.3616],[101.39594,3.36181],[101.39589,3.36196],[101.39571,3.36198],[101.39536,3.36195],[101.3951,3.36195],[101.39459,3.36194],[101.39411,3.36195],[101.39364,3.36187]]]}},{"type":"Feature","properties":{"id":1379257398,"kind":"pond"},"geometry":{"type":"Polygon","coordinates":[[[100.92984,3.69768],[100.92987,3.69767],[100.93022,3.69732],[100.93023,3.69729],[100.93022,3.69726],[100.93001,3.69701],[100.92999,3.697],[100.92997,3.69702],[100.92981,3.69764],[100.92982,3.69766],[100.92984,3.69768]]]}},{"type":"Feature","properties":{"id":1379257400,"kind":"pond"},"geometry":{"type":"Polygon","coordinates":[[[100.93012,3.69671],[100.93042,3.69706],[100.93045,3.69707],[100.93048,3.69705],[100.93064,3.69686],[100.93065,3.69684],[100.93064,3.6968],[100.93032,3.69646],[100.93029,3.69645],[100.93025,3.69646],[100.93012,3.69662],[100.93011,3.69667],[100.93012,3.69671]]]}},{"type":"Feature","properties":{"id":1379257401,"kind":"pond"},"geometry":{"type":"Polygon","coordinates":[[[100.93022,3.6981],[100.93027,3.69811],[100.93031,3.6981],[100.93074,3.69769],[100.93075,3.69764],[100.93074,3.6976],[100.93046,3.69726],[100.93043,3.69725],[100.93039,3.69725],[100.92995,3.69765],[100.92994,3.69768],[100.92994,3.69773],[100.93022,3.6981]]]}},{"type":"Feature","properties":{"id":1379257402,"kind":"pond"},"geometry":{"type":"Polygon","coordinates":[[[100.93072,3.6986],[100.93116,3.69817],[100.93118,3.69813],[100.93118,3.69808],[100.93088,3.69773],[100.93083,3.6977],[100.93033,3.69815],[100.93032,3.6982],[100.93063,3.69858],[100.93067,3.6986],[100.93072,3.6986]]]}},{"type":"Feature","properties":{"id":1379257403,"kind":"pond"},"geometry":{"type":"Polygon","coordinates":[[[100.92972,3.69861],[100.93009,3.69908],[100.93016,3.69908],[100.93022,3.69906],[100.93061,3.69871],[100.93062,3.69867],[100.93061,3.69861],[100.93022,3.69815],[100.93019,3.69813],[100.93015,3.69813],[100.92973,3.6985],[100.92972,3.69855],[100.92972,3.69861]]]}},{"type":"Feature","properties":{"id":1379257404,"kind":"pond"},"geometry":{"type":"Polygon","coordinates":[[[100.93068,3.69897],[100.93085,3.69912],[100.93091,3.69913],[100.93098,3.69911],[100.93143,3.69867],[100.93145,3.69861],[100.93144,3.69854],[100.9313,3.69832],[100.93126,3.6983],[100.93121,3.6983],[100.93065,3.69882],[100.93064,3.69888],[100.93068,3.69897]]]}},{"type":"Feature","properties":{"id":1379257407,"kind":"pond"},"geometry":{"type":"Polygon","coordinates":[[[100.93053,3.69717],[100.93118,3.69799],[100.93121,3.698],[100.93124,3.69799],[100.93148,3.69777],[100.9316,3.69763],[100.93161,3.6976],[100.9316,3.69757],[100.93097,3.69676],[100.93095,3.69674],[100.93091,3.69674],[100.93054,3.6971],[100.93052,3.69714],[100.93053,3.69717]]]}},{"type":"Feature","properties":{"id":1379257408,"kind":"pond"},"geometry":{"type":"Polygon","coordinates":[[[100.93099,3.69672],[100.93162,3.69752],[100.93165,3.69753],[100.93169,3.69753],[100.93184,3.69742],[100.93195,3.69727],[100.93196,3.69724],[100.93195,3.69721],[100.93135,3.69643],[100.93133,3.69642],[100.9313,3.69642],[100.93099,3.69668],[100.93099,3.69672]]]}},{"type":"Feature","properties":{"id":1379257409,"kind":"pond"},"geometry":{"type":"Polygon","coordinates":[[[100.93141,3.6964],[100.93198,3.69717],[100.93202,3.69718],[100.93206,3.69718],[100.93219,3.69707],[100.93223,3.69699],[100.93223,3.69694],[100.93169,3.69621],[100.93166,3.69619],[100.93162,3.6962],[100.93142,3.69635],[100.9314,3.69637],[100.93141,3.6964]]]}},{"type":"Feature","properties":{"id":1379257410,"kind":"pond"},"geometry":{"type":"Polygon","coordinates":[[[100.93044,3.69639],[100.93072,3.69671],[100.93075,3.69672],[100.93078,3.69671],[100.93123,3.69633],[100.93124,3.69631],[100.93124,3.69627],[100.93085,3.69577],[100.93083,3.69577],[100.9308,3.69578],[100.93044,3.69633],[100.93043,3.69636],[100.93044,3.69639]]]}},{"type":"Feature","properties":{"id":1379257411,"kind":"pond"},"geometry":{"type":"Polygon","coordinates":[[[100.93093,3.69564],[100.93091,3.69567],[100.93091,3.69571],[100.93093,3.69576],[100.93107,3.69598],[100.93131,3.69629],[100.93132,3.69631],[100.9313,3.69634],[100.93091,3.69665],[100.93091,3.69667],[100.93091,3.69668],[100.93093,3.69668],[100.93131,3.69637],[100.93134,3.69633],[100.93136,3.69631],[100.9316,3.69614],[100.93161,3.69612],[100.93161,3.69608],[100.9312,3.69553],[100.93117,3.69551],[100.93113,3.6955],[100.93109,3.69551],[100.93093,3.69564]]]}},{"type":"Feature","properties":{"id":1379257412,"kind":"pond"},"geometry":{"type":"Polygon","coordinates":[[[100.93023,3.69614],[100.93037,3.69631],[100.9304,3.69631],[100.93043,3.69629],[100.93076,3.69572],[100.93076,3.69568],[100.93063,3.69547],[100.93051,3.69536],[100.93048,3.69536],[100.93045,3.69537],[100.9303,3.6958],[100.93022,3.6961],[100.93023,3.69614]]]}},{"type":"Feature","properties":{"id":1379257416,"kind":"pond"},"geometry":{"type":"Polygon","coordinates":[[[100.93167,3.69606],[100.93171,3.69606],[100.93195,3.69588],[100.93196,3.69585],[100.93196,3.69581],[100.93157,3.69531],[100.93154,3.69529],[100.9315,3.69529],[100.93139,3.69531],[100.93122,3.69534],[100.93118,3.69533],[100.93116,3.69534],[100.93116,3.69536],[100.9312,3.6954],[100.93122,3.69544],[100.93167,3.69606]]]}},{"type":"Feature","properties":{"id":1379257417,"kind":"pond"},"geometry":{"type":"Polygon","coordinates":[[[100.93173,3.69614],[100.93209,3.69659],[100.9323,3.69688],[100.93234,3.69689],[100.93238,3.69689],[100.93251,3.69677],[100.93256,3.69669],[100.93257,3.69666],[100.93256,3.69662],[100.93243,3.69647],[100.93203,3.69593],[100.93201,3.69592],[100.93199,3.69593],[100.93175,3.69609],[100.93173,3.69611],[100.93173,3.69614]]]}},{"type":"Feature","properties":{"id":1379257418,"kind":"pond"},"geometry":{"type":"Polygon","coordinates":[[[100.93209,3.69591],[100.9326,3.69659],[100.93263,3.6966],[100.93267,3.6966],[100.93275,3.69654],[100.93286,3.69641],[100.93287,3.69638],[100.93286,3.69634],[100.93238,3.69571],[100.93235,3.6957],[100.93209,3.69586],[100.93208,3.69589],[100.93209,3.69591]]]}},{"type":"Feature","properties":{"id":1379257419,"kind":"pond"},"geometry":{"type":"Polygon","coordinates":[[[100.93199,3.69577],[100.93203,3.69577],[100.93223,3.69562],[100.93227,3.6956],[100.93228,3.69557],[100.93227,3.69554],[100.93199,3.69519],[100.93188,3.69507],[100.93184,3.69507],[100.93167,3.6951],[100.93159,3.69514],[100.93158,3.69517],[100.93159,3.69523],[100.93168,3.69537],[100.93199,3.69577]]]}},{"type":"Feature","properties":{"id":1379257420,"kind":"pond"},"geometry":{"type":"Polygon","coordinates":[[[100.93232,3.69554],[100.93235,3.69555],[100.93238,3.69554],[100.93255,3.69543],[100.93263,3.69536],[100.93265,3.69533],[100.93264,3.6953],[100.93241,3.69498],[100.93238,3.69497],[100.93216,3.695],[100.93201,3.69504],[100.93199,3.69506],[100.93199,3.69509],[100.93207,3.69523],[100.93232,3.69554]]]}},{"type":"Feature","properties":{"id":1379257421,"kind":"pond"},"geometry":{"type":"Polygon","coordinates":[[[100.93291,3.69633],[100.93295,3.69633],[100.93298,3.69632],[100.9332,3.6961],[100.93321,3.69607],[100.9332,3.69605],[100.93276,3.69546],[100.93273,3.69545],[100.93269,3.69546],[100.93243,3.69564],[100.93243,3.69568],[100.93291,3.69633]]]}},{"type":"Feature","properties":{"id":1379257422,"kind":"pond"},"geometry":{"type":"Polygon","coordinates":[[[100.93274,3.69536],[100.93278,3.69536],[100.93299,3.69522],[100.93314,3.69512],[100.93315,3.6951],[100.93314,3.69507],[100.933,3.69489],[100.93297,3.69487],[100.93291,3.69487],[100.93276,3.69488],[100.93249,3.69494],[100.93248,3.69497],[100.93248,3.69499],[100.93274,3.69536]]]}},{"type":"Feature","properties":{"id":1379257423,"kind":"pond"},"geometry":{"type":"Polygon","coordinates":[[[100.9328,3.69543],[100.93321,3.696],[100.93325,3.69602],[100.9333,3.696],[100.93359,3.69572],[100.9336,3.69568],[100.93359,3.69564],[100.93321,3.69515],[100.93318,3.69514],[100.93315,3.69515],[100.93293,3.69531],[100.93281,3.69538],[100.9328,3.6954],[100.9328,3.69543]]]}},{"type":"Feature","properties":{"id":1379263883,"kind":"pond"},"geometry":{"type":"Polygon","coordinates":[[[100.96772,3.67384],[100.96772,3.67391],[100.96791,3.67416],[100.96799,3.67417],[100.96808,3.67413],[100.96904,3.67358],[100.97011,3.67297],[100.97073,3.67255],[100.97074,3.6725],[100.97072,3.67246],[100.97067,3.67245],[100.96926,3.67304],[100.96811,3.67351],[100.96794,3.67357],[100.96784,3.67366],[100.96776,3.67374],[100.96772,3.67384]]]}},{"type":"Feature","properties":{"id":1379263884,"kind":"pond"},"geometry":{"type":"Polygon","coordinates":[[[100.97105,3.67362],[100.97111,3.67363],[100.97136,3.67346],[100.97139,3.67341],[100.97138,3.67336],[100.97087,3.67259],[100.97083,3.67257],[100.97078,3.67257],[100.9705,3.67275],[100.97047,3.67278],[100.97047,3.67284],[100.97101,3.6736],[100.97105,3.67362]]]}},{"type":"Feature","properties":{"id":1379263885,"kind":"pond"},"geometry":{"type":"Polygon","coordinates":[[[100.97067,3.67396],[100.97074,3.67395],[100.971,3.67373],[100.97101,3.67368],[100.97043,3.67286],[100.97039,3.67285],[100.97034,3.67286],[100.97009,3.67303],[100.97008,3.67307],[100.97008,3.67313],[100.97064,3.67393],[100.97067,3.67396]]]}},{"type":"Feature","properties":{"id":1379263886,"kind":"pond"},"geometry":{"type":"Polygon","coordinates":[[[100.97036,3.67424],[100.97062,3.67403],[100.97063,3.67399],[100.97004,3.67313],[100.97,3.67311],[100.96994,3.67312],[100.9697,3.67326],[100.96969,3.6733],[100.9697,3.67336],[100.9703,3.67424],[100.97036,3.67424]]]}},{"type":"Feature","properties":{"id":1379263887,"kind":"pond"},"geometry":{"type":"Polygon","coordinates":[[[100.96995,3.67454],[100.97003,3.67452],[100.97018,3.6744],[100.97025,3.67432],[100.97026,3.67427],[100.96966,3.67337],[100.96961,3.67335],[100.96956,3.67336],[100.96931,3.67352],[100.96929,3.67355],[100.9693,3.67361],[100.96991,3.67451],[100.96995,3.67454]]]}},{"type":"Feature","properties":{"id":1379263888,"kind":"pond"},"geometry":{"type":"Polygon","coordinates":[[[100.9697,3.67481],[100.96984,3.67472],[100.96991,3.67463],[100.96991,3.67457],[100.96926,3.67361],[100.96922,3.67359],[100.96916,3.6736],[100.96896,3.67372],[100.96895,3.67378],[100.96897,3.67383],[100.96963,3.67477],[100.9697,3.67481]]]}},{"type":"Feature","properties":{"id":1379263889,"kind":"pond"},"geometry":{"type":"Polygon","coordinates":[[[100.96941,3.67514],[100.96961,3.6749],[100.96962,3.67486],[100.96961,3.6748],[100.96893,3.67383],[100.96888,3.67379],[100.96882,3.67379],[100.96861,3.6739],[100.96858,3.67394],[100.96859,3.67399],[100.96932,3.67511],[100.96936,3.67514],[100.96941,3.67514]]]}},{"type":"Feature","properties":{"id":1379263890,"kind":"pond"},"geometry":{"type":"Polygon","coordinates":[[[100.96903,3.67541],[100.9691,3.67543],[100.96918,3.67539],[100.96931,3.67523],[100.96932,3.67519],[100.9693,3.67515],[100.96854,3.674],[100.96849,3.67399],[100.96845,3.674],[100.96823,3.67413],[100.96821,3.67416],[100.96821,3.67423],[100.96903,3.67541]]]}},{"type":"Feature","properties":{"id":1379263891,"kind":"pond"},"geometry":{"type":"Polygon","coordinates":[[[100.96878,3.67575],[100.96887,3.67572],[100.96901,3.67557],[100.96902,3.6755],[100.96901,3.67543],[100.96818,3.67423],[100.96814,3.67421],[100.96808,3.67422],[100.96794,3.67432],[100.96792,3.67438],[100.96792,3.67445],[100.96807,3.67475],[100.96872,3.67572],[100.96878,3.67575]]]}},{"type":"Feature","properties":{"id":1379263895,"kind":"pond"},"geometry":{"type":"Polygon","coordinates":[[[100.96722,3.6754],[100.96802,3.67625],[100.96807,3.67627],[100.96813,3.67626],[100.96838,3.67609],[100.96841,3.67605],[100.9684,3.67599],[100.96833,3.67589],[100.96811,3.67567],[100.96784,3.67543],[100.96761,3.67514],[100.96756,3.67511],[100.9675,3.67511],[100.96732,3.67523],[100.96723,3.67531],[100.96722,3.67535],[100.96722,3.6754]]]}},{"type":"Feature","properties":{"id":1379263896,"kind":"pond"},"geometry":{"type":"Polygon","coordinates":[[[100.96683,3.67565],[100.96759,3.67651],[100.96764,3.67652],[100.96769,3.67651],[100.96796,3.67634],[100.96797,3.67631],[100.96795,3.67626],[100.96715,3.67539],[100.9671,3.67536],[100.96705,3.67537],[100.96692,3.67546],[100.96683,3.67557],[100.96682,3.6756],[100.96683,3.67565]]]}},{"type":"Feature","properties":{"id":1379263897,"kind":"pond"},"geometry":{"type":"Polygon","coordinates":[[[100.96717,3.67678],[100.96724,3.67679],[100.96753,3.6766],[100.96754,3.67656],[100.96752,3.67651],[100.96681,3.67571],[100.96677,3.67569],[100.96672,3.67569],[100.96649,3.67584],[100.96647,3.67588],[100.96647,3.67593],[100.9665,3.67599],[100.96717,3.67678]]]}},{"type":"Feature","properties":{"id":1379263898,"kind":"pond"},"geometry":{"type":"Polygon","coordinates":[[[100.96679,3.67708],[100.96685,3.67707],[100.96711,3.67688],[100.96712,3.67684],[100.96711,3.6768],[100.96641,3.67594],[100.96636,3.67594],[100.9663,3.67594],[100.9661,3.67608],[100.96607,3.67614],[100.96607,3.67618],[100.96679,3.67708]]]}},{"type":"Feature","properties":{"id":1379263899,"kind":"pond"},"geometry":{"type":"Polygon","coordinates":[[[100.96636,3.67737],[100.9664,3.67738],[100.96646,3.67736],[100.9667,3.67716],[100.96671,3.67712],[100.9667,3.67709],[100.96599,3.6762],[100.96595,3.67619],[100.9659,3.6762],[100.96563,3.67641],[100.96561,3.67644],[100.96562,3.67648],[100.96601,3.67691],[100.96636,3.67737]]]}},{"type":"Feature","properties":{"id":1379263900,"kind":"pond"},"geometry":{"type":"Polygon","coordinates":[[[100.96521,3.6768],[100.96596,3.6777],[100.966,3.6777],[100.96605,3.67767],[100.9663,3.67748],[100.96631,3.67744],[100.96631,3.6774],[100.96565,3.6766],[100.96557,3.67649],[100.96553,3.67648],[100.96525,3.67668],[100.96521,3.67673],[100.96521,3.6768]]]}},{"type":"Feature","properties":{"id":1379263901,"kind":"pond"},"geometry":{"type":"Polygon","coordinates":[[[100.96472,3.67713],[100.96472,3.67719],[100.96479,3.67725],[100.96488,3.67739],[100.96526,3.67783],[100.96535,3.67789],[100.96543,3.67794],[100.9655,3.67803],[100.96554,3.67805],[100.96561,3.67803],[100.9658,3.67785],[100.96589,3.6778],[100.96592,3.67775],[100.96591,3.6777],[100.96546,3.67719],[100.96517,3.67681],[100.96512,3.6768],[100.96505,3.67681],[100.96478,3.67704],[100.96472,3.67713]]]}},{"type":"Feature","properties":{"id":1379263902,"kind":"pond"},"geometry":{"type":"Polygon","coordinates":[[[100.96547,3.67819],[100.96548,3.67824],[100.96552,3.67827],[100.96562,3.67827],[100.96573,3.67823],[100.9665,3.67758],[100.96757,3.6768],[100.96811,3.67651],[100.96856,3.67622],[100.96857,3.67617],[100.96856,3.67611],[100.96852,3.67609],[100.96847,3.67611],[100.96813,3.67632],[100.96801,3.67635],[100.96767,3.67657],[100.96737,3.67675],[100.96683,3.67714],[100.96564,3.67807],[100.96554,3.67812],[100.96547,3.67819]]]}},{"type":"Feature","properties":{"id":1379263905,"kind":"pond"},"geometry":{"type":"Polygon","coordinates":[[[100.96419,3.67756],[100.96494,3.67851],[100.96499,3.67851],[100.96534,3.67823],[100.96535,3.67819],[100.96533,3.67813],[100.96474,3.67743],[100.96461,3.67723],[100.96458,3.67722],[100.96453,3.67723],[100.96421,3.67748],[100.96419,3.67752],[100.96419,3.67756]]]}},{"type":"Feature","properties":{"id":1379263906,"kind":"pond"},"geometry":{"type":"Polygon","coordinates":[[[100.96377,3.67788],[100.96402,3.67823],[100.96452,3.67882],[100.96457,3.67884],[100.9649,3.67858],[100.96491,3.67854],[100.96489,3.6785],[100.96443,3.67795],[100.96415,3.67758],[100.96412,3.67758],[100.96407,3.67758],[100.9638,3.67779],[100.96377,3.67783],[100.96377,3.67788]]]}},{"type":"Feature","properties":{"id":1379263907,"kind":"pond"},"geometry":{"type":"Polygon","coordinates":[[[100.96333,3.67823],[100.96407,3.67916],[100.96414,3.67918],[100.96448,3.6789],[100.96448,3.67885],[100.9639,3.67816],[100.96374,3.67791],[100.9637,3.6779],[100.96365,3.67791],[100.96332,3.67816],[100.96332,3.6782],[100.96333,3.67823]]]}},{"type":"Feature","properties":{"id":1379263908,"kind":"pond"},"geometry":{"type":"Polygon","coordinates":[[[100.96288,3.67855],[100.96331,3.6791],[100.96367,3.67953],[100.96371,3.67954],[100.96377,3.67952],[100.96404,3.67927],[100.96405,3.67922],[100.96403,3.67916],[100.96384,3.67896],[100.96329,3.67827],[100.96322,3.67826],[100.96317,3.67828],[100.96293,3.67844],[100.96289,3.67849],[100.96288,3.67855]]]}},{"type":"Feature","properties":{"id":1379263909,"kind":"pond"},"geometry":{"type":"Polygon","coordinates":[[[100.96246,3.67883],[100.96332,3.67985],[100.96338,3.67985],[100.96363,3.67965],[100.96364,3.67961],[100.96362,3.67955],[100.96306,3.67888],[100.96283,3.67856],[100.96279,3.67854],[100.96273,3.67854],[100.96246,3.67876],[100.96245,3.67879],[100.96246,3.67883]]]}},{"type":"Feature","properties":{"id":1379263910,"kind":"pond"},"geometry":{"type":"Polygon","coordinates":[[[100.96208,3.67909],[100.9621,3.67914],[100.96292,3.68015],[100.96297,3.68015],[100.96327,3.67991],[100.96327,3.67986],[100.96243,3.67886],[100.96239,3.67884],[100.96235,3.67885],[100.96212,3.67903],[100.96208,3.67909]]]}},{"type":"Feature","properties":{"id":1379263911,"kind":"pond"},"geometry":{"type":"Polygon","coordinates":[[[100.9617,3.67939],[100.9617,3.67943],[100.96253,3.68044],[100.96257,3.68044],[100.96287,3.6802],[100.96287,3.68016],[100.96246,3.6797],[100.96207,3.67914],[100.96202,3.67913],[100.9617,3.67939]]]}},{"type":"Feature","properties":{"id":1379263912,"kind":"pond"},"geometry":{"type":"Polygon","coordinates":[[[100.96216,3.68077],[100.96221,3.68077],[100.96248,3.68053],[100.96248,3.68048],[100.96166,3.67945],[100.96161,3.67944],[100.96132,3.67966],[100.96131,3.67969],[100.96132,3.67975],[100.96216,3.68077]]]}},{"type":"Feature","properties":{"id":1379263913,"kind":"pond"},"geometry":{"type":"Polygon","coordinates":[[[100.96097,3.67996],[100.96097,3.68002],[100.96181,3.68109],[100.96185,3.68109],[100.9621,3.68087],[100.96211,3.68081],[100.96127,3.67975],[100.96122,3.67975],[100.96097,3.67996]]]}},{"type":"Feature","properties":{"id":1379263914,"kind":"pond"},"geometry":{"type":"Polygon","coordinates":[[[100.9606,3.68028],[100.96061,3.68033],[100.96109,3.68095],[100.96139,3.68138],[100.96145,3.68139],[100.96173,3.68116],[100.96174,3.68112],[100.96092,3.68005],[100.96088,3.68004],[100.9606,3.68028]]]}},{"type":"Feature","properties":{"id":1379263915,"kind":"pond"},"geometry":{"type":"Polygon","coordinates":[[[100.96021,3.68058],[100.96021,3.68063],[100.96057,3.68108],[100.96102,3.68169],[100.96106,3.68169],[100.96136,3.68146],[100.96137,3.68142],[100.96089,3.68084],[100.96054,3.68035],[100.96048,3.68036],[100.96035,3.68044],[100.96021,3.68058]]]}},{"type":"Feature","properties":{"id":1379263916,"kind":"pond"},"geometry":{"type":"Polygon","coordinates":[[[100.95984,3.68087],[100.95984,3.68092],[100.96039,3.68165],[100.96063,3.68201],[100.96069,3.68201],[100.96098,3.68177],[100.96099,3.68172],[100.96043,3.68103],[100.96015,3.68064],[100.96011,3.68064],[100.95984,3.68087]]]}},{"type":"Feature","properties":{"id":1379263917,"kind":"pond"},"geometry":{"type":"Polygon","coordinates":[[[100.95952,3.68111],[100.95952,3.68116],[100.95999,3.6818],[100.96031,3.68226],[100.96036,3.68227],[100.9606,3.68208],[100.96061,3.68204],[100.95979,3.68095],[100.95975,3.68094],[100.95952,3.68111]]]}},{"type":"Feature","properties":{"id":1379263918,"kind":"pond"},"geometry":{"type":"Polygon","coordinates":[[[100.95916,3.68141],[100.95917,3.68147],[100.95933,3.68164],[100.96,3.68252],[100.96006,3.68254],[100.96029,3.68235],[100.9603,3.6823],[100.95994,3.68184],[100.95948,3.68118],[100.95943,3.68118],[100.95916,3.68141]]]}},{"type":"Feature","properties":{"id":1379263919,"kind":"pond"},"geometry":{"type":"Polygon","coordinates":[[[100.96018,3.68276],[100.96025,3.68276],[100.96102,3.68216],[100.96148,3.68176],[100.9626,3.68086],[100.96315,3.68039],[100.96366,3.68001],[100.96395,3.6797],[100.96455,3.67916],[100.96533,3.67855],[100.96536,3.67851],[100.96538,3.67845],[100.96546,3.67838],[100.96546,3.67833],[100.96542,3.6783],[100.96534,3.6783],[100.9646,3.67888],[100.96377,3.67958],[100.96372,3.67968],[100.96365,3.6797],[100.96261,3.68053],[100.96182,3.68118],[100.96105,3.68179],[100.9601,3.68259],[100.96009,3.68264],[100.96018,3.68276]]]}},{"type":"Feature","properties":{"id":1379263920,"kind":"pond"},"geometry":{"type":"Polygon","coordinates":[[[100.9566,3.68526],[100.95659,3.6853],[100.95662,3.68536],[100.95667,3.68536],[100.95756,3.68505],[100.95765,3.68499],[100.95935,3.68359],[100.95938,3.68353],[100.95938,3.68348],[100.95927,3.68339],[100.95924,3.68338],[100.95919,3.6834],[100.95738,3.68485],[100.9572,3.68495],[100.9566,3.68526]]]}},{"type":"Feature","properties":{"id":1379263921,"kind":"pond"},"geometry":{"type":"Polygon","coordinates":[[[100.95796,3.68178],[100.9594,3.68341],[100.95947,3.68341],[100.95954,3.68337],[100.95957,3.68329],[100.95957,3.6832],[100.95821,3.68156],[100.95816,3.68154],[100.95808,3.68156],[100.95795,3.68169],[100.95795,3.68176],[100.95796,3.68178]]]}},{"type":"Feature","properties":{"id":1379263923,"kind":"pond"},"geometry":{"type":"Polygon","coordinates":[[[100.95883,3.68353],[100.95888,3.68353],[100.95915,3.68332],[100.95916,3.68329],[100.95915,3.68325],[100.95867,3.6827],[100.95863,3.68269],[100.95837,3.68289],[100.95835,3.68293],[100.95836,3.68298],[100.95883,3.68353]]]}},{"type":"Feature","properties":{"id":1379263924,"kind":"pond"},"geometry":{"type":"Polygon","coordinates":[[[100.95843,3.68386],[100.95847,3.68386],[100.95852,3.68385],[100.95879,3.68361],[100.95879,3.68358],[100.95879,3.68355],[100.95832,3.68298],[100.95829,3.68297],[100.95825,3.68298],[100.95797,3.68325],[100.95796,3.68329],[100.95843,3.68386]]]}},{"type":"Feature","properties":{"id":1379263925,"kind":"pond"},"geometry":{"type":"Polygon","coordinates":[[[100.95806,3.68418],[100.95813,3.68417],[100.95839,3.68394],[100.95839,3.68391],[100.95793,3.68334],[100.9579,3.68333],[100.95786,3.68333],[100.95758,3.68356],[100.95758,3.68359],[100.95803,3.68416],[100.95806,3.68418]]]}},{"type":"Feature","properties":{"id":1379263926,"kind":"pond"},"geometry":{"type":"Polygon","coordinates":[[[100.95767,3.68451],[100.95774,3.68449],[100.95801,3.68425],[100.95802,3.68422],[100.95801,3.68418],[100.95754,3.68364],[100.9575,3.68364],[100.95719,3.68389],[100.95719,3.68394],[100.95762,3.68448],[100.95767,3.68451]]]}},{"type":"Feature","properties":{"id":1379263927,"kind":"pond"},"geometry":{"type":"Polygon","coordinates":[[[100.95734,3.68475],[100.95759,3.68457],[100.9576,3.68454],[100.9576,3.6845],[100.95716,3.68396],[100.95712,3.68395],[100.95683,3.68416],[100.95683,3.6842],[100.95729,3.68475],[100.95734,3.68475]]]}},{"type":"Feature","properties":{"id":1379263928,"kind":"pond"},"geometry":{"type":"Polygon","coordinates":[[[100.95687,3.68502],[100.95723,3.68484],[100.95724,3.6848],[100.95723,3.68476],[100.95679,3.68424],[100.95676,3.68423],[100.95648,3.68447],[100.95647,3.68451],[100.95683,3.685],[100.95687,3.68502]]]}},{"type":"Feature","properties":{"id":1379263929,"kind":"pond"},"geometry":{"type":"Polygon","coordinates":[[[100.95643,3.68522],[100.95677,3.68505],[100.95678,3.68503],[100.95677,3.68499],[100.95641,3.68454],[100.95639,3.68454],[100.95636,3.68454],[100.95608,3.68476],[100.95607,3.6848],[100.95608,3.68486],[100.95633,3.68519],[100.95637,3.68522],[100.95643,3.68522]]]}},{"type":"Feature","properties":{"id":1379263930,"kind":"pond"},"geometry":{"type":"Polygon","coordinates":[[[100.95812,3.68268],[100.95816,3.68268],[100.95843,3.68245],[100.95844,3.68241],[100.95842,3.68237],[100.95795,3.68184],[100.95792,3.68183],[100.95787,3.68184],[100.95763,3.6821],[100.95762,3.68213],[100.95764,3.68217],[100.95812,3.68268]]]}},{"type":"Feature","properties":{"id":1379263931,"kind":"pond"},"geometry":{"type":"Polygon","coordinates":[[[100.95771,3.683],[100.95776,3.683],[100.95807,3.68276],[100.95808,3.68272],[100.95758,3.6822],[100.95754,3.6822],[100.9575,3.68221],[100.9573,3.68243],[100.95729,3.68247],[100.95731,3.68252],[100.95771,3.683]]]}},{"type":"Feature","properties":{"id":1379263932,"kind":"pond"},"geometry":{"type":"Polygon","coordinates":[[[100.95692,3.68284],[100.95733,3.68332],[100.95738,3.68333],[100.95768,3.68308],[100.95768,3.68304],[100.95725,3.68253],[100.95722,3.68253],[100.95718,3.68254],[100.95692,3.68278],[100.95691,3.68281],[100.95692,3.68284]]]}},{"type":"Feature","properties":{"id":1379263933,"kind":"pond"},"geometry":{"type":"Polygon","coordinates":[[[100.95658,3.68319],[100.95697,3.68365],[100.957,3.68365],[100.9573,3.6834],[100.9573,3.68336],[100.95688,3.68288],[100.95684,3.68288],[100.95658,3.68313],[100.95657,3.68316],[100.95658,3.68319]]]}},{"type":"Feature","properties":{"id":1379263934,"kind":"pond"},"geometry":{"type":"Polygon","coordinates":[[[100.95628,3.68353],[100.9566,3.68393],[100.95664,3.68394],[100.95668,3.68393],[100.95692,3.68373],[100.95692,3.68371],[100.95692,3.68368],[100.95654,3.68323],[100.95651,3.68323],[100.95648,3.68324],[100.95629,3.68343],[100.95627,3.68348],[100.95628,3.68353]]]}},{"type":"Feature","properties":{"id":1379263935,"kind":"pond"},"geometry":{"type":"Polygon","coordinates":[[[100.95598,3.68388],[100.95625,3.68427],[100.95627,3.68428],[100.95658,3.68402],[100.95659,3.68398],[100.95625,3.68358],[100.95622,3.68358],[100.95617,3.6836],[100.95598,3.68382],[100.95597,3.68385],[100.95598,3.68388]]]}},{"type":"Feature","properties":{"id":1379263936,"kind":"pond"},"geometry":{"type":"Polygon","coordinates":[[[100.95585,3.6846],[100.9559,3.6846],[100.95621,3.68435],[100.95621,3.6843],[100.95592,3.68393],[100.95589,3.68392],[100.95584,3.68393],[100.9556,3.68412],[100.95558,3.68417],[100.95558,3.68423],[100.95562,3.68431],[100.95585,3.6846]]]}},{"type":"Feature","properties":{"id":1379263937,"kind":"pond"},"geometry":{"type":"Polygon","coordinates":[[[100.95529,3.68443],[100.95609,3.68537],[100.95613,3.68537],[100.95628,3.68527],[100.9563,3.68523],[100.95628,3.68519],[100.9555,3.68425],[100.95547,3.68424],[100.95543,3.68425],[100.95528,3.68436],[100.95528,3.6844],[100.95529,3.68443]]]}},{"type":"Feature","properties":{"id":1380311886,"kind":"pond"},"geometry":{"type":"Polygon","coordinates":[[[100.88641,3.75811],[100.88648,3.7582],[100.88652,3.75821],[100.88656,3.7582],[100.887,3.75782],[100.88703,3.75779],[100.88703,3.75775],[100.88693,3.75765],[100.88691,3.75765],[100.88688,3.75765],[100.88642,3.75805],[100.8864,3.75808],[100.88641,3.75811]]]}},{"type":"Feature","properties":{"id":1380311888,"kind":"pond"},"geometry":{"type":"Polygon","coordinates":[[[100.88557,3.75888],[100.88587,3.75923],[100.88592,3.75924],[100.88597,3.75921],[100.88598,3.75917],[100.88567,3.75871],[100.88564,3.7587],[100.88555,3.75874],[100.88554,3.75878],[100.88557,3.75888]]]}},{"type":"Feature","properties":{"id":1380311889,"kind":"pond"},"geometry":{"type":"Polygon","coordinates":[[[100.88572,3.75869],[100.88602,3.75904],[100.88607,3.75904],[100.88667,3.75861],[100.88669,3.75855],[100.88639,3.75815],[100.88633,3.75814],[100.88628,3.75815],[100.88571,3.75856],[100.8857,3.75861],[100.88572,3.75869]]]}},{"type":"Feature","properties":{"id":1380311890,"kind":"pond"},"geometry":{"type":"Polygon","coordinates":[[[100.88518,3.75932],[100.88534,3.75951],[100.88537,3.75952],[100.8854,3.75952],[100.88575,3.75924],[100.88576,3.7592],[100.88558,3.75898],[100.88554,3.75898],[100.88518,3.75928],[100.88518,3.75932]]]}},{"type":"Feature","properties":{"id":1380311891,"kind":"pond"},"geometry":{"type":"Polygon","coordinates":[[[100.88493,3.75904],[100.88505,3.75918],[100.8851,3.7592],[100.88515,3.75919],[100.88546,3.75893],[100.88549,3.75889],[100.88548,3.75886],[100.88534,3.75873],[100.8853,3.75872],[100.88525,3.75872],[100.88494,3.75897],[100.88492,3.75901],[100.88493,3.75904]]]}},{"type":"Feature","properties":{"id":1380311892,"kind":"pond"},"geometry":{"type":"Polygon","coordinates":[[[100.88412,3.75961],[100.88412,3.75964],[100.88457,3.76014],[100.8846,3.76015],[100.88463,3.76015],[100.8847,3.76011],[100.88529,3.75963],[100.8853,3.7596],[100.8853,3.75956],[100.88515,3.75938],[100.88487,3.75908],[100.88484,3.75908],[100.8848,3.75908],[100.88412,3.75961]]]}},{"type":"Feature","properties":{"id":1380311895,"kind":"pond"},"geometry":{"type":"Polygon","coordinates":[[[100.88417,3.75917],[100.88417,3.75919],[100.8843,3.75935],[100.88434,3.75935],[100.88445,3.75929],[100.88511,3.75875],[100.88512,3.75871],[100.88511,3.75867],[100.88504,3.75858],[100.885,3.75857],[100.88496,3.75857],[100.88451,3.75889],[100.88418,3.75914],[100.88417,3.75917]]]}},{"type":"Feature","properties":{"id":1380311896,"kind":"pond"},"geometry":{"type":"Polygon","coordinates":[[[100.88376,3.75949],[100.88374,3.75953],[100.88374,3.75957],[100.88378,3.75963],[100.88386,3.7597],[100.88389,3.75971],[100.88393,3.7597],[100.88427,3.75942],[100.88428,3.75939],[100.88427,3.75936],[100.88414,3.75923],[100.88412,3.75922],[100.88409,3.75923],[100.88376,3.75949]]]}},{"type":"Feature","properties":{"id":1380311898,"kind":"pond"},"geometry":{"type":"Polygon","coordinates":[[[100.8831,3.76036],[100.88309,3.76039],[100.88309,3.76043],[100.88348,3.76087],[100.88351,3.76088],[100.88355,3.76087],[100.88378,3.76074],[100.88387,3.76067],[100.88438,3.76033],[100.88439,3.76028],[100.88438,3.76024],[100.88414,3.75996],[100.88397,3.75979],[100.88394,3.75978],[100.8839,3.75978],[100.8831,3.76036]]]}},{"type":"Feature","properties":{"id":1380311899,"kind":"pond"},"geometry":{"type":"Polygon","coordinates":[[[100.88292,3.76014],[100.88291,3.76019],[100.88295,3.76025],[100.88301,3.76031],[100.88307,3.76032],[100.88378,3.7598],[100.8838,3.75976],[100.88379,3.75971],[100.88369,3.7596],[100.88365,3.7596],[100.88292,3.76014]]]}},{"type":"Feature","properties":{"id":1380311902,"kind":"pond"},"geometry":{"type":"Polygon","coordinates":[[[100.88269,3.76076],[100.88269,3.76081],[100.8827,3.76084],[100.88296,3.76113],[100.88302,3.76116],[100.88307,3.76116],[100.88312,3.76115],[100.88325,3.76107],[100.88328,3.76104],[100.88332,3.76102],[100.88341,3.76097],[100.88342,3.76092],[100.88342,3.76088],[100.88338,3.76081],[100.8831,3.76051],[100.88306,3.76051],[100.88302,3.76052],[100.88285,3.76066],[100.8828,3.76068],[100.88269,3.76076]]]}},{"type":"Feature","properties":{"id":1380311909,"kind":"pond"},"geometry":{"type":"Polygon","coordinates":[[[100.88155,3.76122],[100.88154,3.76126],[100.88156,3.76131],[100.882,3.76175],[100.88205,3.76178],[100.8821,3.76179],[100.88215,3.76177],[100.8823,3.76169],[100.88243,3.76159],[100.88244,3.76154],[100.88244,3.7615],[100.88199,3.76101],[100.88194,3.76099],[100.8819,3.76099],[100.88167,3.76113],[100.88155,3.76122]]]}},{"type":"Feature","properties":{"id":1380311910,"kind":"pond"},"geometry":{"type":"Polygon","coordinates":[[[100.88132,3.76137],[100.88131,3.7614],[100.88131,3.76145],[100.88177,3.76195],[100.8818,3.76197],[100.88185,3.76197],[100.88199,3.76187],[100.882,3.76184],[100.88199,3.7618],[100.88167,3.76149],[100.8815,3.7613],[100.88148,3.7613],[100.88144,3.7613],[100.88132,3.76137]]]}},{"type":"Feature","properties":{"id":1380311911,"kind":"pond"},"geometry":{"type":"Polygon","coordinates":[[[100.88121,3.76119],[100.8812,3.76122],[100.88121,3.76124],[100.88124,3.7613],[100.88127,3.76132],[100.88131,3.76132],[100.88153,3.76117],[100.88188,3.76096],[100.8819,3.76094],[100.8819,3.76092],[100.88182,3.76081],[100.8818,3.76081],[100.88177,3.76082],[100.88155,3.76097],[100.88143,3.76103],[100.88121,3.76119]]]}},{"type":"Feature","properties":{"id":1380311913,"kind":"pond"},"geometry":{"type":"Polygon","coordinates":[[[100.90066,3.75064],[100.90066,3.75069],[100.90068,3.75072],[100.90104,3.75085],[100.90109,3.75084],[100.90114,3.75082],[100.90131,3.7506],[100.90151,3.75028],[100.90151,3.75025],[100.9015,3.75022],[100.90132,3.75009],[100.90113,3.74996],[100.9011,3.74995],[100.90107,3.74997],[100.90066,3.75064]]]}},{"type":"Feature","properties":{"id":1380311914,"kind":"pond"},"geometry":{"type":"Polygon","coordinates":[[[100.90012,3.7505],[100.90012,3.75054],[100.90014,3.75057],[100.90021,3.7506],[100.90048,3.75065],[100.90054,3.75066],[100.90058,3.75064],[100.90102,3.74994],[100.90103,3.74992],[100.90101,3.74988],[100.90088,3.74977],[100.90074,3.7497],[100.9007,3.74969],[100.90065,3.7497],[100.90012,3.7505]]]}},{"type":"Feature","properties":{"id":1380311915,"kind":"pond"},"geometry":{"type":"Polygon","coordinates":[[[100.89959,3.75031],[100.89958,3.75035],[100.8996,3.75039],[100.89971,3.75047],[100.89989,3.75055],[100.89995,3.75056],[100.9,3.75054],[100.90004,3.75051],[100.90059,3.74966],[100.90059,3.74962],[100.90056,3.74957],[100.90046,3.74948],[100.90032,3.74939],[100.90028,3.74938],[100.90024,3.74939],[100.89959,3.75031]]]}},{"type":"Feature","properties":{"id":1380311916,"kind":"pond"},"geometry":{"type":"Polygon","coordinates":[[[100.89916,3.75002],[100.89916,3.75006],[100.89917,3.75009],[100.8993,3.7502],[100.89945,3.75031],[100.89949,3.75031],[100.89953,3.75029],[100.90019,3.74935],[100.90019,3.74932],[100.90017,3.74928],[100.89999,3.74914],[100.89988,3.74908],[100.89984,3.74908],[100.89981,3.7491],[100.89916,3.75002]]]}},{"type":"Feature","properties":{"id":1380311917,"kind":"pond"},"geometry":{"type":"Polygon","coordinates":[[[100.89877,3.74982],[100.89896,3.74997],[100.89904,3.75001],[100.89908,3.75001],[100.89912,3.75],[100.89975,3.74908],[100.89976,3.74903],[100.89975,3.74898],[100.8995,3.7488],[100.89946,3.74879],[100.89941,3.7488],[100.89876,3.74975],[100.89876,3.74979],[100.89877,3.74982]]]}},{"type":"Feature","properties":{"id":1380311918,"kind":"pond"},"geometry":{"type":"Polygon","coordinates":[[[100.89834,3.74952],[100.8985,3.74964],[100.89865,3.74973],[100.89869,3.74973],[100.89872,3.74971],[100.89936,3.74878],[100.89936,3.74875],[100.89934,3.7487],[100.89908,3.74852],[100.89903,3.74851],[100.89898,3.74853],[100.89835,3.74941],[100.89833,3.74947],[100.89834,3.74952]]]}},{"type":"Feature","properties":{"id":1380311919,"kind":"pond"},"geometry":{"type":"Polygon","coordinates":[[[100.89793,3.74914],[100.89792,3.7492],[100.89794,3.74924],[100.89821,3.74943],[100.89826,3.74943],[100.8983,3.74941],[100.89894,3.74849],[100.89894,3.74844],[100.89891,3.7484],[100.89867,3.74823],[100.89862,3.74821],[100.89857,3.74823],[100.89793,3.74914]]]}},{"type":"Feature","properties":{"id":1380311920,"kind":"pond"},"geometry":{"type":"Polygon","coordinates":[[[100.89749,3.74893],[100.89776,3.74912],[100.89782,3.74915],[100.89785,3.74915],[100.89788,3.74913],[100.8985,3.74825],[100.89852,3.74819],[100.89852,3.74814],[100.89849,3.7481],[100.89834,3.74798],[100.89822,3.74793],[100.89817,3.74793],[100.89813,3.74795],[100.89748,3.74885],[100.89748,3.74889],[100.89749,3.74893]]]}},{"type":"Feature","properties":{"id":1380311921,"kind":"pond"},"geometry":{"type":"Polygon","coordinates":[[[100.89806,3.74988],[100.89844,3.75013],[100.89848,3.75014],[100.89853,3.75013],[100.89863,3.74996],[100.89863,3.74991],[100.89861,3.74987],[100.89826,3.74962],[100.89822,3.74962],[100.89818,3.74963],[100.89815,3.74966],[100.89805,3.74982],[100.89805,3.74986],[100.89806,3.74988]]]}},{"type":"Feature","properties":{"id":1380311922,"kind":"pond"},"geometry":{"type":"Polygon","coordinates":[[[100.89713,3.74937],[100.89712,3.7494],[100.89713,3.74943],[100.89717,3.74945],[100.89749,3.74956],[100.8977,3.74966],[100.89795,3.74981],[100.89798,3.74981],[100.89801,3.7498],[100.89814,3.7496],[100.89814,3.74957],[100.89813,3.74954],[100.8974,3.74904],[100.89737,3.74903],[100.89734,3.74905],[100.89714,3.74932],[100.89713,3.74937]]]}},{"type":"Feature","properties":{"id":1380311923,"kind":"pond"},"geometry":{"type":"Polygon","coordinates":[[[100.89688,3.74932],[100.89698,3.74937],[100.89701,3.74938],[100.89705,3.74936],[100.89729,3.749],[100.89743,3.74883],[100.89789,3.74816],[100.8979,3.74813],[100.89787,3.74801],[100.89785,3.74798],[100.89782,3.74798],[100.89765,3.74823],[100.89735,3.7486],[100.89701,3.7491],[100.89694,3.74918],[100.89689,3.74925],[100.89688,3.74929],[100.89688,3.74932]]]}},{"type":"Feature","properties":{"id":1380311924,"kind":"pond"},"geometry":{"type":"Polygon","coordinates":[[[100.90083,3.75215],[100.90117,3.75228],[100.90132,3.7523],[100.90136,3.75228],[100.90139,3.75225],[100.90152,3.75183],[100.90151,3.75179],[100.90148,3.75176],[100.90124,3.75167],[100.90114,3.75166],[100.901,3.75159],[100.90097,3.7516],[100.90095,3.75162],[100.90083,3.75205],[100.90082,3.7521],[100.90083,3.75215]]]}},{"type":"Feature","properties":{"id":1380311925,"kind":"pond"},"geometry":{"type":"Polygon","coordinates":[[[100.90026,3.75195],[100.90072,3.75211],[100.90076,3.7521],[100.90079,3.75207],[100.90094,3.75159],[100.90093,3.75155],[100.90089,3.75152],[100.90064,3.75147],[100.90043,3.75139],[100.9004,3.7514],[100.90025,3.75185],[100.90025,3.75191],[100.90026,3.75195]]]}},{"type":"Feature","properties":{"id":1380311926,"kind":"pond"},"geometry":{"type":"Polygon","coordinates":[[[100.89965,3.75171],[100.90016,3.7519],[100.90021,3.75189],[100.90037,3.7514],[100.90036,3.75136],[100.89987,3.75117],[100.89979,3.75117],[100.89974,3.75119],[100.8997,3.75126],[100.89961,3.75156],[100.8996,3.75163],[100.89961,3.75168],[100.89965,3.75171]]]}},{"type":"Feature","properties":{"id":1380311932,"kind":"pond"},"geometry":{"type":"Polygon","coordinates":[[[100.89868,3.75132],[100.89929,3.75155],[100.89933,3.75155],[100.89935,3.75153],[100.89947,3.75128],[100.89947,3.75124],[100.89946,3.7512],[100.89941,3.75116],[100.8988,3.75091],[100.89877,3.75091],[100.89873,3.75093],[100.89863,3.75118],[100.89862,3.75123],[100.89863,3.75128],[100.89868,3.75132]]]}},{"type":"Feature","properties":{"id":1380311933,"kind":"pond"},"geometry":{"type":"Polygon","coordinates":[[[100.89801,3.75107],[100.89849,3.75124],[100.89853,3.75124],[100.89855,3.75122],[100.89867,3.75094],[100.89867,3.75089],[100.89865,3.75086],[100.89825,3.75069],[100.8982,3.75068],[100.89814,3.75071],[100.89809,3.75076],[100.89802,3.75085],[100.89796,3.75095],[100.89795,3.751],[100.89797,3.75104],[100.89801,3.75107]]]}},{"type":"Feature","properties":{"id":1380311938,"kind":"pond"},"geometry":{"type":"Polygon","coordinates":[[[100.89793,3.75111],[100.8979,3.75111],[100.89787,3.75115],[100.89788,3.75117],[100.89845,3.75138],[100.89857,3.75144],[100.89936,3.75173],[100.90013,3.75203],[100.90117,3.75241],[100.90119,3.75241],[100.90121,3.75238],[100.90121,3.75234],[100.90017,3.75196],[100.89962,3.75176],[100.89956,3.75172],[100.89955,3.75167],[100.89958,3.75154],[100.89958,3.75149],[100.89954,3.75146],[100.89949,3.75146],[100.89945,3.75149],[100.8994,3.75163],[100.89937,3.75165],[100.89929,3.75164],[100.89793,3.75111]]]}},{"type":"Feature","properties":{"id":1380311939,"kind":"pond"},"geometry":{"type":"Polygon","coordinates":[[[100.89766,3.75155],[100.8983,3.75187],[100.89835,3.75187],[100.89839,3.75186],[100.89853,3.75155],[100.89853,3.75152],[100.89852,3.75149],[100.89785,3.75123],[100.89782,3.75122],[100.89779,3.75124],[100.89765,3.75148],[100.89765,3.75152],[100.89766,3.75155]]]}},{"type":"Feature","properties":{"id":1380311940,"kind":"pond"},"geometry":{"type":"Polygon","coordinates":[[[100.8985,3.75198],[100.89905,3.7522],[100.89909,3.7522],[100.89913,3.75218],[100.89928,3.75185],[100.89928,3.75181],[100.89927,3.75177],[100.89868,3.75154],[100.89863,3.75154],[100.8986,3.75156],[100.89857,3.7516],[100.89846,3.75187],[100.89845,3.75191],[100.89847,3.75195],[100.8985,3.75198]]]}},{"type":"Feature","properties":{"id":1380311941,"kind":"pond"},"geometry":{"type":"Polygon","coordinates":[[[100.89923,3.75227],[100.89963,3.75245],[100.89984,3.75252],[100.89988,3.75252],[100.89991,3.75249],[100.90007,3.75212],[100.90006,3.75208],[100.90003,3.75205],[100.89943,3.75183],[100.89939,3.75183],[100.89936,3.75184],[100.89931,3.75193],[100.8992,3.7522],[100.8992,3.75224],[100.89923,3.75227]]]}},{"type":"Feature","properties":{"id":1380311942,"kind":"pond"},"geometry":{"type":"Polygon","coordinates":[[[100.9,3.75258],[100.90033,3.75274],[100.9005,3.7528],[100.90055,3.75278],[100.9007,3.75236],[100.90069,3.75232],[100.90067,3.75229],[100.90018,3.75212],[100.90015,3.75212],[100.90012,3.75214],[100.89996,3.75251],[100.89996,3.75255],[100.9,3.75258]]]}},{"type":"Feature","properties":{"id":1380311943,"kind":"pond"},"geometry":{"type":"Polygon","coordinates":[[[100.9006,3.75287],[100.90082,3.75295],[100.90108,3.75303],[100.90113,3.75301],[100.90117,3.75298],[100.9013,3.75258],[100.9013,3.75254],[100.90127,3.7525],[100.90082,3.75233],[100.90078,3.75234],[100.90074,3.75236],[100.90058,3.75279],[100.90058,3.75284],[100.9006,3.75287]]]}},{"type":"Feature","properties":{"id":1380311948,"kind":"river"},"geometry":{"type":"Polygon","coordinates":[[[100.896,3.74945],[100.89624,3.74952],[100.89651,3.74952],[100.89678,3.7496],[100.89685,3.74975],[100.89707,3.74983],[100.89735,3.74987],[100.89779,3.75013],[100.89824,3.75044],[100.89881,3.75073],[100.89936,3.75096],[100.90004,3.75106],[100.90065,3.75122],[100.90113,3.75131],[100.90159,3.75149],[100.90164,3.75148],[100.90167,3.7514],[100.90169,3.75139],[100.90175,3.7514],[100.90177,3.75138],[100.90176,3.75136],[100.9017,3.75129],[100.90158,3.75116],[100.90137,3.75105],[100.90095,3.75096],[100.90082,3.7509],[100.90065,3.75089],[100.90055,3.75079],[100.90022,3.75076],[100.89988,3.75073],[100.89966,3.75069],[100.89946,3.7506],[100.89932,3.75061],[100.8988,3.75042],[100.89856,3.75026],[100.89832,3.75019],[100.89804,3.74998],[100.89764,3.74972],[100.89733,3.74963],[100.89692,3.74946],[100.89668,3.74935],[100.89635,3.74928],[100.89618,3.74925],[100.89611,3.74923],[100.89604,3.74919],[100.89602,3.74932],[100.896,3.74945]]]}},{"type":"Feature","properties":{"id":1380610987,"kind":"pond"},"geometry":{"type":"Polygon","coordinates":[[[100.92453,3.71623],[100.92471,3.71639],[100.9248,3.71645],[100.92483,3.71645],[100.92498,3.7163],[100.92534,3.71588],[100.92535,3.71584],[100.92535,3.71581],[100.92524,3.7157],[100.92512,3.71562],[100.92507,3.7156],[100.92503,3.7156],[100.925,3.71562],[100.92454,3.71615],[100.92452,3.71619],[100.92453,3.71623]]]}},{"type":"Feature","properties":{"id":1380610988,"kind":"pond"},"geometry":{"type":"Polygon","coordinates":[[[100.92418,3.71588],[100.92443,3.71613],[100.92446,3.71613],[100.92449,3.71612],[100.92487,3.71568],[100.92495,3.71557],[100.92496,3.71552],[100.92495,3.71547],[100.92483,3.71535],[100.92471,3.71527],[100.92468,3.71527],[100.92465,3.71527],[100.9246,3.71531],[100.92418,3.71581],[100.92417,3.71584],[100.92418,3.71588]]]}},{"type":"Feature","properties":{"id":1380610989,"kind":"pond"},"geometry":{"type":"Polygon","coordinates":[[[100.9238,3.71548],[100.9238,3.71552],[100.92381,3.71555],[100.92405,3.71575],[100.92409,3.71576],[100.92412,3.71576],[100.92457,3.71525],[100.92459,3.71521],[100.92458,3.71516],[100.92431,3.71496],[100.92428,3.71495],[100.92424,3.71496],[100.9238,3.71548]]]}},{"type":"Feature","properties":{"id":1380610990,"kind":"pond"},"geometry":{"type":"Polygon","coordinates":[[[100.92346,3.71525],[100.92369,3.71545],[100.92373,3.71545],[100.92376,3.71544],[100.92419,3.71489],[100.92419,3.71487],[100.92419,3.71484],[100.92407,3.71472],[100.92395,3.71464],[100.92392,3.71463],[100.92388,3.71464],[100.92345,3.71516],[100.92345,3.71521],[100.92346,3.71525]]]}},{"type":"Feature","properties":{"id":1380610991,"kind":"pond"},"geometry":{"type":"Polygon","coordinates":[[[100.92392,3.71696],[100.92404,3.71707],[100.92415,3.71715],[100.92419,3.71715],[100.92423,3.71713],[100.92444,3.71692],[100.9245,3.71681],[100.92474,3.71655],[100.92475,3.71652],[100.92474,3.71647],[100.9245,3.71628],[100.92447,3.71627],[100.92444,3.71627],[100.92421,3.71651],[100.92399,3.71677],[100.92394,3.71685],[100.92392,3.71692],[100.92392,3.71696]]]}},{"type":"Feature","properties":{"id":1380610992,"kind":"pond"},"geometry":{"type":"Polygon","coordinates":[[[100.92345,3.71645],[100.92344,3.71649],[100.92344,3.71652],[100.92359,3.71667],[100.92376,3.7168],[100.92379,3.71681],[100.92382,3.7168],[100.924,3.71663],[100.92437,3.71623],[100.92438,3.71619],[100.92437,3.71615],[100.92407,3.71587],[100.92403,3.71587],[100.92399,3.71587],[100.92345,3.71645]]]}},{"type":"Feature","properties":{"id":1380610993,"kind":"pond"},"geometry":{"type":"Polygon","coordinates":[[[100.92283,3.71601],[100.92309,3.71624],[100.92333,3.71641],[100.92335,3.71641],[100.92338,3.71641],[100.92362,3.71612],[100.92393,3.7158],[100.92394,3.71578],[100.92393,3.71576],[100.92365,3.7155],[100.9234,3.71531],[100.92338,3.71531],[100.92333,3.71531],[100.92314,3.71553],[100.92282,3.71594],[100.92281,3.71597],[100.92283,3.71601]]]}},{"type":"Feature","properties":{"id":1380610994,"kind":"pond"},"geometry":{"type":"Polygon","coordinates":[[[100.92304,3.71431],[100.92305,3.71435],[100.92306,3.71438],[100.92348,3.71473],[100.92352,3.71474],[100.92356,3.71474],[100.92366,3.71466],[100.92376,3.71452],[100.92377,3.71448],[100.92376,3.71444],[100.9233,3.71403],[100.92328,3.71402],[100.92325,3.71403],[100.92304,3.71431]]]}},{"type":"Feature","properties":{"id":1380610995,"kind":"pond"},"geometry":{"type":"Polygon","coordinates":[[[100.92273,3.71468],[100.92273,3.71471],[100.92274,3.71474],[100.92317,3.71512],[100.92321,3.71513],[100.92325,3.71512],[100.92346,3.71487],[100.92347,3.71483],[100.92346,3.7148],[100.92301,3.71444],[100.92299,3.71443],[100.92295,3.71443],[100.92273,3.71468]]]}},{"type":"Feature","properties":{"id":1380610996,"kind":"pond"},"geometry":{"type":"Polygon","coordinates":[[[100.92231,3.71552],[100.9223,3.71556],[100.92231,3.71559],[100.92257,3.71582],[100.92259,3.71583],[100.92263,3.71582],[100.92314,3.71524],[100.92315,3.7152],[100.92314,3.71517],[100.92292,3.71498],[100.9229,3.71497],[100.92286,3.71498],[100.92231,3.71552]]]}},{"type":"Feature","properties":{"id":1380610997,"kind":"pond"},"geometry":{"type":"Polygon","coordinates":[[[100.92312,3.71751],[100.92316,3.71752],[100.9232,3.71751],[100.92325,3.71748],[100.92361,3.71698],[100.92362,3.71695],[100.92362,3.71692],[100.92347,3.71676],[100.92331,3.71667],[100.92328,3.71667],[100.92323,3.71668],[100.9228,3.71713],[100.92277,3.71716],[100.92277,3.7172],[100.92285,3.71728],[100.92312,3.71751]]]}},{"type":"Feature","properties":{"id":1380610998,"kind":"pond"},"geometry":{"type":"Polygon","coordinates":[[[100.92222,3.7167],[100.92222,3.71673],[100.92258,3.71703],[100.92266,3.71709],[100.9227,3.7171],[100.92273,3.71709],[100.92292,3.71693],[100.92314,3.71668],[100.92318,3.71661],[100.92319,3.71658],[100.92318,3.71653],[100.92291,3.71628],[100.92271,3.71614],[100.92268,3.71614],[100.92266,3.71615],[100.92222,3.7167]]]}},{"type":"Feature","properties":{"id":1380610999,"kind":"pond"},"geometry":{"type":"Polygon","coordinates":[[[100.92192,3.71666],[100.92193,3.71669],[100.92195,3.71671],[100.92203,3.71676],[100.92206,3.71676],[100.92209,3.71674],[100.9226,3.7161],[100.92261,3.71608],[100.9226,3.71605],[100.92228,3.71579],[100.92222,3.71577],[100.9222,3.71577],[100.92217,3.71578],[100.92192,3.71666]]]}},{"type":"Feature","properties":{"id":1380611000,"kind":"pond"},"geometry":{"type":"Polygon","coordinates":[[[100.92279,3.71754],[100.92283,3.71753],[100.92287,3.71752],[100.9229,3.71749],[100.9229,3.71746],[100.9229,3.71742],[100.92275,3.71729],[100.92266,3.71719],[100.92217,3.71677],[100.92215,3.71677],[100.92211,3.71678],[100.92205,3.71685],[100.92205,3.71687],[100.92206,3.71691],[100.92279,3.71754]]]}},{"type":"Feature","properties":{"id":1380611001,"kind":"pond"},"geometry":{"type":"Polygon","coordinates":[[[100.922,3.71794],[100.92223,3.71814],[100.92228,3.71817],[100.92233,3.71817],[100.92237,3.71815],[100.92277,3.71764],[100.92277,3.71761],[100.92277,3.71758],[100.92249,3.71734],[100.92247,3.71733],[100.92243,3.71734],[100.92218,3.71766],[100.922,3.7179],[100.922,3.71792],[100.922,3.71794]]]}},{"type":"Feature","properties":{"id":1380611002,"kind":"pond"},"geometry":{"type":"Polygon","coordinates":[[[100.92192,3.71787],[100.92194,3.71786],[100.92215,3.71758],[100.92237,3.7173],[100.92237,3.71727],[100.92198,3.71693],[100.92196,3.71693],[100.92193,3.71694],[100.9219,3.71699],[100.92186,3.71707],[100.92167,3.71759],[100.92167,3.71762],[100.92167,3.71766],[100.92178,3.71777],[100.92192,3.71787]]]}},{"type":"Feature","properties":{"id":1380611003,"kind":"pond"},"geometry":{"type":"Polygon","coordinates":[[[100.92215,3.71878],[100.92274,3.71927],[100.92278,3.71927],[100.92281,3.71926],[100.92294,3.71914],[100.92302,3.71902],[100.92303,3.71898],[100.92302,3.71894],[100.92244,3.71847],[100.9224,3.71846],[100.92237,3.71847],[100.92225,3.71858],[100.92214,3.71872],[100.92214,3.71875],[100.92215,3.71878]]]}},{"type":"Feature","properties":{"id":1380611004,"kind":"pond"},"geometry":{"type":"Polygon","coordinates":[[[100.92154,3.71822],[100.92154,3.71828],[100.92157,3.71832],[100.92177,3.71847],[100.92201,3.71866],[100.92205,3.71868],[100.92208,3.71868],[100.92212,3.71866],[100.92231,3.71843],[100.92231,3.71841],[100.92231,3.71839],[100.92177,3.71794],[100.92169,3.71788],[100.92166,3.71788],[100.92164,3.7179],[100.92157,3.71807],[100.92154,3.71822]]]}},{"type":"Feature","properties":{"id":1380611005,"kind":"pond"},"geometry":{"type":"Polygon","coordinates":[[[100.92152,3.71895],[100.92166,3.71906],[100.92168,3.71907],[100.92171,3.71906],[100.92196,3.71875],[100.92197,3.71872],[100.92196,3.71867],[100.92177,3.71851],[100.92172,3.7185],[100.92168,3.71851],[100.92165,3.71854],[100.9215,3.71884],[100.9215,3.71889],[100.92152,3.71895]]]}},{"type":"Feature","properties":{"id":1380611006,"kind":"pond"},"geometry":{"type":"Polygon","coordinates":[[[100.92182,3.71921],[100.92236,3.71967],[100.92242,3.71968],[100.92248,3.71967],[100.92262,3.71952],[100.92271,3.71938],[100.92272,3.71934],[100.92271,3.7193],[100.92213,3.71881],[100.92208,3.71879],[100.92202,3.7188],[100.92197,3.71884],[100.92179,3.71908],[100.92178,3.71912],[100.92178,3.71917],[100.92182,3.71921]]]}},{"type":"Feature","properties":{"id":1380611007,"kind":"pond"},"geometry":{"type":"Polygon","coordinates":[[[100.92159,3.71957],[100.92158,3.71961],[100.9216,3.71965],[100.92186,3.71989],[100.92196,3.71996],[100.922,3.71996],[100.92202,3.71995],[100.92215,3.71983],[100.92226,3.71968],[100.92227,3.71965],[100.92226,3.71961],[100.92187,3.71928],[100.92183,3.71927],[100.9218,3.71928],[100.92166,3.71945],[100.92159,3.71957]]]}},{"type":"Feature","properties":{"id":1380611008,"kind":"pond"},"geometry":{"type":"Polygon","coordinates":[[[100.92129,3.72008],[100.92145,3.72024],[100.9216,3.72035],[100.92163,3.72035],[100.92167,3.72034],[100.92181,3.7202],[100.92193,3.72006],[100.92194,3.72003],[100.92193,3.71999],[100.92159,3.71968],[100.92156,3.71967],[100.92152,3.71967],[100.92136,3.71989],[100.92128,3.72002],[100.92128,3.72005],[100.92129,3.72008]]]}},{"type":"Feature","properties":{"id":1380611009,"kind":"pond"},"geometry":{"type":"Polygon","coordinates":[[[100.92077,3.72088],[100.92099,3.72104],[100.92102,3.72104],[100.92105,3.72103],[100.92157,3.72045],[100.92157,3.72043],[100.92156,3.7204],[100.92122,3.72008],[100.92117,3.72004],[100.92112,3.72002],[100.92108,3.72002],[100.92104,3.72004],[100.92098,3.72016],[100.92087,3.72051],[100.92077,3.7208],[100.92076,3.72084],[100.92077,3.72088]]]}},{"type":"Feature","properties":{"id":1380611149,"kind":"river"},"geometry":{"type":"Polygon","coordinates":[[[100.91736,3.72391],[100.91741,3.72397],[100.9174,3.72409],[100.91736,3.72419],[100.91737,3.72438],[100.91742,3.72452],[100.91753,3.7248],[100.91755,3.72494],[100.91758,3.72498],[100.91766,3.72498],[100.9179,3.72484],[100.91812,3.72481],[100.91826,3.72483],[100.91841,3.72496],[100.91862,3.72519],[100.91891,3.72569],[100.91911,3.72586],[100.91943,3.72625],[100.91966,3.72645],[100.91987,3.72653],[100.92012,3.72661],[100.92037,3.72678],[100.92061,3.72696],[100.92091,3.72716],[100.92109,3.72718],[100.92136,3.72739],[100.92164,3.7275],[100.9217,3.72745],[100.92175,3.72738],[100.92175,3.72732],[100.92165,3.72727],[100.92115,3.72703],[100.92075,3.72685],[100.92053,3.7266],[100.92043,3.72646],[100.92024,3.72643],[100.92011,3.72643],[100.92003,3.72638],[100.91988,3.72636],[100.91966,3.72619],[100.91956,3.72597],[100.91915,3.72563],[100.91901,3.72532],[100.91888,3.72509],[100.91873,3.72497],[100.91869,3.7248],[100.91852,3.72467],[100.91839,3.72464],[100.91831,3.72452],[100.91823,3.72433],[100.9183,3.72419],[100.91843,3.72396],[100.91849,3.7238],[100.91849,3.72373],[100.91844,3.72365],[100.91819,3.72344],[100.91793,3.72326],[100.91772,3.72313],[100.91765,3.72324],[100.91756,3.72344],[100.91747,3.72359],[100.91742,3.72374],[100.91736,3.72391]]]}},{"type":"Feature","properties":{"id":1380611157,"kind":"pond"},"geometry":{"type":"Polygon","coordinates":[[[100.92407,3.72689],[100.92406,3.72692],[100.92407,3.72695],[100.92528,3.728],[100.92533,3.72802],[100.92537,3.72801],[100.9255,3.72787],[100.92551,3.72781],[100.9255,3.72777],[100.92462,3.72704],[100.92429,3.72674],[100.92426,3.72673],[100.92422,3.72674],[100.92407,3.72689]]]}},{"type":"Feature","properties":{"id":1380611158,"kind":"pond"},"geometry":{"type":"Polygon","coordinates":[[[100.92384,3.72712],[100.92384,3.72715],[100.92385,3.72719],[100.92504,3.72829],[100.92508,3.7283],[100.92511,3.72828],[100.92526,3.72814],[100.92526,3.7281],[100.92525,3.72807],[100.92401,3.72697],[100.92398,3.72697],[100.92395,3.72698],[100.92384,3.72712]]]}},{"type":"Feature","properties":{"id":1380611159,"kind":"pond"},"geometry":{"type":"Polygon","coordinates":[[[100.92362,3.72737],[100.92362,3.72739],[100.92363,3.72742],[100.92448,3.72823],[100.9248,3.72855],[100.92483,3.72855],[100.92486,3.72854],[100.92499,3.72841],[100.925,3.72837],[100.92498,3.72833],[100.92381,3.72722],[100.92378,3.72721],[100.92376,3.72722],[100.92362,3.72737]]]}},{"type":"Feature","properties":{"id":1380611160,"kind":"pond"},"geometry":{"type":"Polygon","coordinates":[[[100.92323,3.72765],[100.92322,3.7277],[100.92323,3.72775],[100.92447,3.72891],[100.92451,3.72891],[100.92455,3.72889],[100.92476,3.72866],[100.92477,3.72864],[100.92476,3.72861],[100.92356,3.72745],[100.92353,3.72744],[100.92349,3.72744],[100.92323,3.72765]]]}},{"type":"Feature","properties":{"id":1380611161,"kind":"pond"},"geometry":{"type":"Polygon","coordinates":[[[100.92291,3.728],[100.92291,3.72803],[100.92292,3.72806],[100.92415,3.72923],[100.92418,3.72924],[100.92422,3.72924],[100.92443,3.72902],[100.92443,3.72899],[100.92443,3.72895],[100.92316,3.72777],[100.92314,3.72777],[100.92311,3.72778],[100.92291,3.728]]]}},{"type":"Feature","properties":{"id":1380611163,"kind":"pond"},"geometry":{"type":"Polygon","coordinates":[[[100.92304,3.72726],[100.92323,3.72746],[100.92324,3.72748],[100.92327,3.72749],[100.92331,3.72747],[100.92355,3.7273],[100.9237,3.72715],[100.92385,3.72696],[100.92386,3.72693],[100.92385,3.72689],[100.92357,3.72667],[100.92353,3.72666],[100.92348,3.72668],[100.92343,3.72671],[100.92304,3.7272],[100.92304,3.72723],[100.92304,3.72726]]]}},{"type":"Feature","properties":{"id":1380611164,"kind":"pond"},"geometry":{"type":"Polygon","coordinates":[[[100.9229,3.72639],[100.9229,3.72642],[100.92292,3.72646],[100.92326,3.72671],[100.92329,3.72671],[100.92333,3.72669],[100.92362,3.72634],[100.92362,3.7263],[100.92362,3.72626],[100.92359,3.72622],[100.92325,3.72596],[100.92322,3.72595],[100.92319,3.72595],[100.92304,3.72615],[100.9229,3.72639]]]}},{"type":"Feature","properties":{"id":1380611165,"kind":"pond"},"geometry":{"type":"Polygon","coordinates":[[[100.9226,3.72686],[100.92259,3.72689],[100.92261,3.72693],[100.92275,3.72704],[100.9229,3.72717],[100.92293,3.72718],[100.92296,3.72717],[100.9232,3.72686],[100.92321,3.72682],[100.9232,3.72678],[100.92289,3.7265],[100.92286,3.72649],[100.92283,3.72651],[100.9226,3.72686]]]}},{"type":"Feature","properties":{"id":1380611166,"kind":"pond"},"geometry":{"type":"Polygon","coordinates":[[[100.92228,3.72756],[100.92268,3.72786],[100.92272,3.72785],[100.92309,3.7275],[100.9231,3.72747],[100.92308,3.72742],[100.92279,3.72721],[100.92272,3.72719],[100.92263,3.72719],[100.92254,3.72713],[100.9225,3.72713],[100.92246,3.72716],[100.92227,3.72748],[100.92226,3.72752],[100.92228,3.72756]]]}},{"type":"Feature","properties":{"id":1381065246,"kind":"river"},"geometry":{"type":"Polygon","coordinates":[[[100.97885,3.66785],[100.97911,3.66784],[100.97927,3.66793],[100.97939,3.66813],[100.97982,3.6687],[100.98032,3.66915],[100.98055,3.66948],[100.98069,3.66986],[100.98089,3.67014],[100.98107,3.67077],[100.98124,3.67104],[100.98163,3.67142],[100.98201,3.67179],[100.98245,3.67223],[100.98289,3.67275],[100.98302,3.67282],[100.98311,3.67279],[100.98316,3.67271],[100.98314,3.67264],[100.9823,3.67174],[100.98195,3.67135],[100.98167,3.67116],[100.98146,3.67089],[100.98127,3.67053],[100.981,3.67],[100.98075,3.66953],[100.9806,3.66912],[100.98053,3.66892],[100.98027,3.66875],[100.98006,3.66853],[100.98001,3.66825],[100.97996,3.66803],[100.98009,3.66784],[100.98042,3.66757],[100.98067,3.66739],[100.98095,3.66714],[100.98131,3.66706],[100.98164,3.66716],[100.98185,3.66732],[100.98225,3.66789],[100.98291,3.6687],[100.98347,3.66941],[100.98478,3.67099],[100.98483,3.67101],[100.98492,3.67097],[100.98492,3.6709],[100.98459,3.67044],[100.98391,3.66961],[100.98288,3.66838],[100.98195,3.66722],[100.98163,3.66679],[100.98145,3.66663],[100.98136,3.66661],[100.98067,3.66674],[100.97987,3.66699],[100.97979,3.66693],[100.97973,3.66671],[100.97982,3.66663],[100.98022,3.66648],[100.98025,3.66641],[100.98016,3.66637],[100.97953,3.66649],[100.97949,3.66687],[100.97939,3.6672],[100.97925,3.66741],[100.97924,3.66744],[100.97903,3.66765],[100.97885,3.66785]]]}},{"type":"Feature","properties":{"id":1381338125,"kind":"pond"},"geometry":{"type":"Polygon","coordinates":[[[100.75157,3.8553],[100.75284,3.85468],[100.75286,3.85463],[100.75282,3.85453],[100.75279,3.85452],[100.75149,3.85515],[100.75148,3.85519],[100.75152,3.85529],[100.75157,3.8553]]]}},{"type":"Feature","properties":{"id":1381338126,"kind":"pond"},"geometry":{"type":"Polygon","coordinates":[[[100.75298,3.85461],[100.75402,3.8541],[100.75403,3.85406],[100.75399,3.85396],[100.75397,3.85394],[100.75292,3.85445],[100.7529,3.85449],[100.75293,3.85461],[100.75298,3.85461]]]}},{"type":"Feature","properties":{"id":1381338127,"kind":"pond"},"geometry":{"type":"Polygon","coordinates":[[[100.7525,3.85374],[100.75252,3.85368],[100.75256,3.85362],[100.75271,3.85347],[100.75272,3.85343],[100.75267,3.85321],[100.75257,3.85253],[100.75256,3.85252],[100.75254,3.85252],[100.75245,3.85257],[100.75243,3.85259],[100.75242,3.85262],[100.7525,3.85346],[100.7525,3.85355],[100.75245,3.85369],[100.75243,3.85374],[100.75245,3.85378],[100.75248,3.85379],[100.7525,3.85378],[100.7525,3.85374]]]}},{"type":"Feature","properties":{"id":1381338128,"kind":"pond"},"geometry":{"type":"Polygon","coordinates":[[[100.75283,3.85342],[100.75364,3.85303],[100.75366,3.85299],[100.75365,3.85295],[100.75329,3.85224],[100.75325,3.85221],[100.75321,3.85221],[100.75265,3.85247],[100.75262,3.8525],[100.75261,3.85256],[100.75269,3.85285],[100.75275,3.85337],[100.75277,3.85341],[100.75283,3.85342]]]}},{"type":"Feature","properties":{"id":1381338129,"kind":"pond"},"geometry":{"type":"Polygon","coordinates":[[[100.75349,3.85409],[100.75353,3.85409],[100.75356,3.85409],[100.75399,3.85387],[100.75401,3.85387],[100.75403,3.85388],[100.75406,3.854],[100.75408,3.85402],[100.75411,3.85402],[100.75416,3.85399],[100.75417,3.85396],[100.75417,3.85394],[100.75374,3.85309],[100.7537,3.85307],[100.75367,3.85307],[100.7532,3.85331],[100.75319,3.85334],[100.75319,3.85338],[100.75349,3.85409]]]}},{"type":"Feature","properties":{"id":1381338130,"kind":"pond"},"geometry":{"type":"Polygon","coordinates":[[[100.75289,3.85436],[100.75293,3.85438],[100.75297,3.85437],[100.75344,3.85414],[100.75345,3.85411],[100.75345,3.85408],[100.75313,3.85338],[100.7531,3.85337],[100.75306,3.85337],[100.75272,3.85353],[100.75259,3.85364],[100.75257,3.85368],[100.75257,3.85375],[100.75289,3.85436]]]}},{"type":"Feature","properties":{"id":1381338131,"kind":"pond"},"geometry":{"type":"Polygon","coordinates":[[[100.75213,3.8548],[100.75269,3.85452],[100.75271,3.8545],[100.75271,3.85446],[100.75245,3.85386],[100.75242,3.85383],[100.75238,3.85383],[100.7518,3.85409],[100.75177,3.85412],[100.75178,3.85415],[100.75207,3.85479],[100.7521,3.85481],[100.75213,3.8548]]]}},{"type":"Feature","properties":{"id":1381338132,"kind":"pond"},"geometry":{"type":"Polygon","coordinates":[[[100.75147,3.85511],[100.75203,3.85484],[100.75204,3.85482],[100.75204,3.85479],[100.7519,3.85447],[100.75175,3.85416],[100.75173,3.85415],[100.75169,3.85415],[100.75111,3.85445],[100.7511,3.85447],[100.7511,3.85451],[100.75141,3.85509],[100.75144,3.85511],[100.75147,3.85511]]]}},{"type":"Feature","properties":{"id":1381338133,"kind":"pond"},"geometry":{"type":"Polygon","coordinates":[[[100.75065,3.85493],[100.7509,3.8554],[100.75092,3.8554],[100.75136,3.85516],[100.75138,3.85514],[100.75138,3.85511],[100.75107,3.85452],[100.75104,3.8545],[100.75101,3.85449],[100.75097,3.8545],[100.75085,3.85455],[100.75079,3.8546],[100.75072,3.85469],[100.75069,3.85476],[100.75065,3.85487],[100.75065,3.85493]]]}},{"type":"Feature","properties":{"id":1381338134,"kind":"pond"},"geometry":{"type":"Polygon","coordinates":[[[100.75035,3.85577],[100.75084,3.85554],[100.75087,3.85551],[100.75089,3.85547],[100.75088,3.85543],[100.75084,3.85533],[100.75065,3.85498],[100.75063,3.85496],[100.7506,3.85496],[100.75019,3.85534],[100.75015,3.8554],[100.75015,3.85545],[100.75015,3.85551],[100.75021,3.85565],[100.75028,3.85576],[100.75031,3.85577],[100.75035,3.85577]]]}},{"type":"Feature","properties":{"id":1381338135,"kind":"pond"},"geometry":{"type":"Polygon","coordinates":[[[100.75003,3.85592],[100.75025,3.85583],[100.75026,3.8558],[100.75026,3.85578],[100.7502,3.8557],[100.75014,3.85559],[100.75012,3.8555],[100.75011,3.85543],[100.7501,3.85541],[100.75007,3.8554],[100.74995,3.85541],[100.7498,3.85547],[100.74979,3.8555],[100.74979,3.85553],[100.74997,3.8559],[100.74999,3.85592],[100.75003,3.85592]]]}},{"type":"Feature","properties":{"id":1381338136,"kind":"pond"},"geometry":{"type":"Polygon","coordinates":[[[100.74948,3.8563],[100.74993,3.8561],[100.74996,3.85606],[100.74997,3.85601],[100.74996,3.85595],[100.74976,3.85554],[100.74973,3.85554],[100.7497,3.85554],[100.74923,3.85577],[100.7492,3.85581],[100.7492,3.85586],[100.74922,3.85591],[100.74942,3.85629],[100.74945,3.8563],[100.74948,3.8563]]]}},{"type":"Feature","properties":{"id":1381338137,"kind":"pond"},"geometry":{"type":"Polygon","coordinates":[[[100.74986,3.85707],[100.75032,3.85682],[100.75034,3.85679],[100.75034,3.85676],[100.74998,3.85613],[100.74995,3.85612],[100.74992,3.85612],[100.74951,3.85632],[100.74949,3.85635],[100.74948,3.8564],[100.74979,3.85705],[100.74982,3.85707],[100.74986,3.85707]]]}},{"type":"Feature","properties":{"id":1381338138,"kind":"pond"},"geometry":{"type":"Polygon","coordinates":[[[100.74877,3.85667],[100.74937,3.85636],[100.74939,3.85633],[100.74938,3.85629],[100.74919,3.85592],[100.74915,3.8559],[100.74911,3.8559],[100.74893,3.85595],[100.74881,3.85598],[100.7485,3.85614],[100.74847,3.85617],[100.74845,3.8562],[100.74846,3.85624],[100.74861,3.85654],[100.7487,3.85667],[100.74873,3.85668],[100.74877,3.85667]]]}},{"type":"Feature","properties":{"id":1381338139,"kind":"pond"},"geometry":{"type":"Polygon","coordinates":[[[100.74913,3.85744],[100.74936,3.85734],[100.74975,3.85712],[100.74977,3.85709],[100.74977,3.85705],[100.74944,3.8564],[100.74941,3.85639],[100.74938,3.85639],[100.74875,3.85671],[100.74874,3.85673],[100.74874,3.85676],[100.74906,3.85743],[100.7491,3.85744],[100.74913,3.85744]]]}},{"type":"Feature","properties":{"id":1381338140,"kind":"pond"},"geometry":{"type":"Polygon","coordinates":[[[100.75352,3.85542],[100.75456,3.8549],[100.75459,3.85487],[100.7546,3.85482],[100.75428,3.85423],[100.75424,3.85419],[100.75419,3.85419],[100.75318,3.85469],[100.75315,3.85473],[100.75314,3.85478],[100.75347,3.85541],[100.75352,3.85542]]]}},{"type":"Feature","properties":{"id":1381338141,"kind":"pond"},"geometry":{"type":"Polygon","coordinates":[[[100.75383,3.85614],[100.75388,3.85617],[100.75394,3.85617],[100.75408,3.85613],[100.75499,3.85565],[100.75501,3.85562],[100.75502,3.85558],[100.75468,3.85494],[100.75466,3.85493],[100.75462,3.85493],[100.75357,3.85545],[100.75354,3.85548],[100.75354,3.85552],[100.75383,3.85614]]]}},{"type":"Feature","properties":{"id":1381338142,"kind":"pond"},"geometry":{"type":"Polygon","coordinates":[[[100.75278,3.85581],[100.75338,3.8555],[100.75341,3.85546],[100.75341,3.85541],[100.75312,3.85481],[100.75308,3.85479],[100.75303,3.85478],[100.75243,3.85505],[100.7524,3.85509],[100.75239,3.85514],[100.75267,3.85576],[100.75271,3.8558],[100.75278,3.85581]]]}},{"type":"Feature","properties":{"id":1381338143,"kind":"pond"},"geometry":{"type":"Polygon","coordinates":[[[100.75208,3.85615],[100.75264,3.85587],[100.75265,3.85583],[100.75264,3.85579],[100.75234,3.85515],[100.75231,3.85514],[100.75226,3.85514],[100.75176,3.85538],[100.75172,3.85541],[100.75169,3.85546],[100.75169,3.85552],[100.75198,3.8561],[100.75203,3.85614],[100.75208,3.85615]]]}},{"type":"Feature","properties":{"id":1381338144,"kind":"pond"},"geometry":{"type":"Polygon","coordinates":[[[100.75289,3.85591],[100.75315,3.85643],[100.75322,3.85651],[100.75328,3.85653],[100.75335,3.85651],[100.75376,3.85629],[100.75381,3.85623],[100.75381,3.85618],[100.75351,3.85559],[100.75348,3.85556],[100.75344,3.85557],[100.75292,3.85582],[100.75289,3.85585],[100.75289,3.85591]]]}},{"type":"Feature","properties":{"id":1381338145,"kind":"pond"},"geometry":{"type":"Polygon","coordinates":[[[100.75233,3.8568],[100.75238,3.85683],[100.75252,3.8569],[100.75257,3.8569],[100.75273,3.85683],[100.75298,3.85669],[100.75305,3.85663],[100.75308,3.85657],[100.75309,3.85649],[100.75309,3.85642],[100.75289,3.85599],[100.75284,3.85594],[100.75278,3.85592],[100.75272,3.85593],[100.75215,3.85621],[100.7521,3.85626],[100.75209,3.85633],[100.75233,3.8568]]]}},{"type":"Feature","properties":{"id":1381338146,"kind":"pond"},"geometry":{"type":"Polygon","coordinates":[[[100.75444,3.85707],[100.75541,3.85657],[100.75543,3.85654],[100.75544,3.85649],[100.75538,3.85634],[100.75512,3.85585],[100.75502,3.85574],[100.75498,3.85572],[100.75494,3.85573],[100.75399,3.85621],[100.75395,3.85624],[100.75394,3.85629],[100.75394,3.85635],[100.75435,3.85704],[100.75438,3.85706],[100.75444,3.85707]]]}},{"type":"Feature","properties":{"id":1381338147,"kind":"pond"},"geometry":{"type":"Polygon","coordinates":[[[100.75366,3.85735],[100.75369,3.85736],[100.75373,3.85735],[100.75426,3.85709],[100.75429,3.85706],[100.75429,3.85702],[100.7539,3.85635],[100.75386,3.85633],[100.7538,3.85634],[100.7533,3.85659],[100.75328,3.85663],[100.75329,3.85668],[100.75366,3.85735]]]}},{"type":"Feature","properties":{"id":1381338148,"kind":"pond"},"geometry":{"type":"Polygon","coordinates":[[[100.75292,3.85777],[100.75354,3.85746],[100.75358,3.85741],[100.75358,3.85735],[100.75327,3.85677],[100.75322,3.8567],[100.75318,3.85668],[100.75312,3.85669],[100.75253,3.85698],[100.7525,3.85703],[100.75249,3.85709],[100.75251,3.85715],[100.75281,3.85775],[100.75286,3.85777],[100.75292,3.85777]]]}},{"type":"Feature","properties":{"id":1381338149,"kind":"pond"},"geometry":{"type":"Polygon","coordinates":[[[100.75537,3.85763],[100.75584,3.8574],[100.75585,3.85737],[100.75586,3.85733],[100.75552,3.85664],[100.75549,3.85662],[100.75544,3.85661],[100.7554,3.85662],[100.755,3.85683],[100.75497,3.85688],[100.75497,3.85694],[100.7553,3.85762],[100.75534,3.85763],[100.75537,3.85763]]]}},{"type":"Feature","properties":{"id":1381338150,"kind":"pond"},"geometry":{"type":"Polygon","coordinates":[[[100.75477,3.85794],[100.75526,3.8577],[100.75528,3.85767],[100.75528,3.85763],[100.75491,3.85694],[100.75488,3.85693],[100.75483,3.85693],[100.75436,3.85715],[100.75432,3.85719],[100.75431,3.85723],[100.75469,3.85792],[100.75473,3.85794],[100.75477,3.85794]]]}},{"type":"Feature","properties":{"id":1381338151,"kind":"pond"},"geometry":{"type":"Polygon","coordinates":[[[100.75417,3.85823],[100.75464,3.85801],[100.75466,3.85798],[100.75466,3.85794],[100.75427,3.85726],[100.75423,3.85725],[100.75418,3.85725],[100.75377,3.85745],[100.75374,3.85749],[100.75375,3.85756],[100.75407,3.85821],[100.75412,3.85823],[100.75417,3.85823]]]}},{"type":"Feature","properties":{"id":1381338152,"kind":"pond"},"geometry":{"type":"Polygon","coordinates":[[[100.75347,3.8586],[100.75396,3.85834],[100.754,3.85827],[100.754,3.85818],[100.75372,3.85765],[100.75367,3.85758],[100.75361,3.85757],[100.75354,3.85757],[100.75302,3.85785],[100.75296,3.85791],[100.75294,3.85797],[100.75294,3.85804],[100.75322,3.85855],[100.75329,3.85859],[100.75337,3.85861],[100.75347,3.8586]]]}},{"type":"Feature","properties":{"id":1381338153,"kind":"pond"},"geometry":{"type":"Polygon","coordinates":[[[100.75148,3.85644],[100.75192,3.85622],[100.75194,3.85617],[100.75195,3.85612],[100.75163,3.85549],[100.75159,3.85547],[100.75152,3.85548],[100.75109,3.85567],[100.75107,3.85571],[100.75107,3.85576],[100.75137,3.8564],[100.75142,3.85644],[100.75148,3.85644]]]}},{"type":"Feature","properties":{"id":1381338154,"kind":"pond"},"geometry":{"type":"Polygon","coordinates":[[[100.75064,3.85688],[100.7513,3.85654],[100.75132,3.8565],[100.75132,3.85646],[100.751,3.85577],[100.75096,3.85575],[100.7509,3.85575],[100.75023,3.85607],[100.75019,3.8561],[100.75017,3.85614],[100.75018,3.8562],[100.75053,3.85684],[100.75058,3.85688],[100.75064,3.85688]]]}},{"type":"Feature","properties":{"id":1381338155,"kind":"pond"},"geometry":{"type":"Polygon","coordinates":[[[100.75162,3.85728],[100.75229,3.85693],[100.75232,3.85689],[100.75232,3.85685],[100.75205,3.85632],[100.75202,3.8563],[100.75197,3.8563],[100.75131,3.85663],[100.75128,3.85667],[100.75126,3.85671],[100.75126,3.85675],[100.75152,3.85725],[100.75157,3.85728],[100.75162,3.85728]]]}},{"type":"Feature","properties":{"id":1381338156,"kind":"pond"},"geometry":{"type":"Polygon","coordinates":[[[100.75092,3.85763],[100.75144,3.85737],[100.75147,3.85733],[100.75147,3.85728],[100.75123,3.85677],[100.75118,3.85673],[100.75113,3.85672],[100.75062,3.85698],[100.75059,3.85701],[100.75059,3.85706],[100.75083,3.8576],[100.75087,3.85763],[100.75092,3.85763]]]}},{"type":"Feature","properties":{"id":1381338157,"kind":"pond"},"geometry":{"type":"Polygon","coordinates":[[[100.75025,3.85798],[100.75076,3.85772],[100.75079,3.85768],[100.7508,3.85763],[100.75079,3.85757],[100.75055,3.85707],[100.75052,3.85705],[100.75047,3.85705],[100.74989,3.85734],[100.74985,3.85739],[100.74984,3.85745],[100.75013,3.85796],[100.75018,3.85798],[100.75025,3.85798]]]}},{"type":"Feature","properties":{"id":1381338158,"kind":"pond"},"geometry":{"type":"Polygon","coordinates":[[[100.74971,3.85824],[100.74988,3.85816],[100.74993,3.8581],[100.74997,3.858],[100.74998,3.85788],[100.74993,3.85774],[100.74984,3.85761],[100.74977,3.85756],[100.74968,3.85754],[100.74956,3.85755],[100.74948,3.85758],[100.74939,3.85767],[100.74935,3.85777],[100.74935,3.85789],[100.74936,3.85803],[100.74941,3.85812],[100.7495,3.85819],[100.74959,3.85823],[100.74971,3.85824]]]}},{"type":"Feature","properties":{"id":1381338159,"kind":"pond"},"geometry":{"type":"Polygon","coordinates":[[[100.75208,3.85817],[100.75266,3.85789],[100.75268,3.85786],[100.75268,3.85783],[100.7524,3.85716],[100.75236,3.85711],[100.75232,3.85709],[100.75227,3.8571],[100.7517,3.85742],[100.75166,3.85746],[100.75165,3.85751],[100.75167,3.85757],[100.75196,3.85814],[100.75201,3.85817],[100.75208,3.85817]]]}},{"type":"Feature","properties":{"id":1381338160,"kind":"pond"},"geometry":{"type":"Polygon","coordinates":[[[100.75135,3.85854],[100.75192,3.85825],[100.75194,3.85822],[100.75195,3.85818],[100.75159,3.85755],[100.75156,3.85753],[100.75151,3.85753],[100.751,3.85777],[100.75096,3.85782],[100.75094,3.85785],[100.75095,3.8579],[100.75128,3.85852],[100.75131,3.85855],[100.75135,3.85854]]]}},{"type":"Feature","properties":{"id":1381338161,"kind":"pond"},"geometry":{"type":"Polygon","coordinates":[[[100.75051,3.85892],[100.75054,3.85893],[100.75057,3.85893],[100.75121,3.85861],[100.75123,3.85857],[100.75123,3.85853],[100.7509,3.85793],[100.75085,3.8579],[100.75079,3.8579],[100.75072,3.85791],[100.75052,3.85799],[100.75026,3.85814],[100.75022,3.85819],[100.7502,3.85824],[100.75021,3.85829],[100.75051,3.85892]]]}},{"type":"Feature","properties":{"id":1381338162,"kind":"pond"},"geometry":{"type":"Polygon","coordinates":[[[100.74974,3.8592],[100.74978,3.85923],[100.74984,3.85924],[100.74991,3.85921],[100.75043,3.85896],[100.75044,3.85893],[100.75045,3.8589],[100.75014,3.85825],[100.75011,3.85824],[100.75006,3.85824],[100.74973,3.8584],[100.7495,3.85853],[100.74947,3.85858],[100.74946,3.85864],[100.74974,3.8592]]]}},{"type":"Feature","properties":{"id":1381338163,"kind":"pond"},"geometry":{"type":"Polygon","coordinates":[[[100.75176,3.8594],[100.7518,3.85941],[100.75184,3.85941],[100.7524,3.85914],[100.75242,3.85911],[100.75242,3.85907],[100.75205,3.85836],[100.75201,3.85833],[100.75197,3.85833],[100.75138,3.85861],[100.75136,3.85864],[100.75136,3.85868],[100.75176,3.8594]]]}},{"type":"Feature","properties":{"id":1381338164,"kind":"pond"},"geometry":{"type":"Polygon","coordinates":[[[100.75117,3.85974],[100.75173,3.85945],[100.75173,3.85943],[100.75173,3.8594],[100.75133,3.8587],[100.7513,3.85868],[100.75125,3.85868],[100.75076,3.85892],[100.75073,3.85895],[100.75072,3.859],[100.75108,3.85972],[100.75111,3.85974],[100.75117,3.85974]]]}},{"type":"Feature","properties":{"id":1381338165,"kind":"pond"},"geometry":{"type":"Polygon","coordinates":[[[100.75054,3.86005],[100.75103,3.8598],[100.75106,3.85977],[100.75106,3.85972],[100.75069,3.85903],[100.75065,3.85901],[100.75059,3.85901],[100.75005,3.8593],[100.75003,3.85934],[100.75003,3.85938],[100.75021,3.85967],[100.75046,3.86003],[100.7505,3.86005],[100.75054,3.86005]]]}},{"type":"Feature","properties":{"id":1381338171,"kind":"pond"},"geometry":{"type":"Polygon","coordinates":[[[100.74799,3.85761],[100.74864,3.85727],[100.74868,3.85722],[100.7487,3.85717],[100.7484,3.85655],[100.74836,3.85652],[100.74831,3.85651],[100.748,3.85664],[100.74762,3.85683],[100.74758,3.85687],[100.74757,3.85692],[100.74757,3.85697],[100.74791,3.85758],[100.74794,3.8576],[100.74799,3.85761]]]}},{"type":"Feature","properties":{"id":1381338172,"kind":"pond"},"geometry":{"type":"Polygon","coordinates":[[[100.748,3.85774],[100.74835,3.85833],[100.7484,3.85837],[100.74846,3.85837],[100.74851,3.85836],[100.74905,3.85806],[100.74908,3.85802],[100.74909,3.85797],[100.74879,3.85736],[100.74875,3.85732],[100.74869,3.85731],[100.74864,3.85731],[100.74803,3.85762],[100.748,3.85766],[100.74799,3.8577],[100.748,3.85774]]]}},{"type":"Feature","properties":{"id":1381338173,"kind":"pond"},"geometry":{"type":"Polygon","coordinates":[[[100.74874,3.8589],[100.74877,3.85891],[100.74881,3.8589],[100.74917,3.85874],[100.74933,3.85864],[100.74936,3.8586],[100.74937,3.85855],[100.74934,3.85844],[100.74928,3.8583],[100.74914,3.85814],[100.74911,3.85813],[100.74908,3.85814],[100.74855,3.85842],[100.74854,3.85844],[100.74853,3.85848],[100.74874,3.8589]]]}},{"type":"Feature","properties":{"id":1381338174,"kind":"pond"},"geometry":{"type":"Polygon","coordinates":[[[100.74737,3.85714],[100.7478,3.85793],[100.74784,3.85795],[100.74801,3.858],[100.74805,3.85799],[100.74807,3.85796],[100.74807,3.85793],[100.74791,3.85763],[100.74755,3.85703],[100.74751,3.85702],[100.74746,3.85703],[100.74737,3.85709],[100.74736,3.85712],[100.74737,3.85714]]]}},{"type":"Feature","properties":{"id":1381338175,"kind":"pond"},"geometry":{"type":"Polygon","coordinates":[[[100.74721,3.85674],[100.7472,3.85678],[100.7472,3.85682],[100.74727,3.85695],[100.74729,3.85696],[100.74741,3.85689],[100.74744,3.85689],[100.74746,3.85691],[100.74749,3.85691],[100.74749,3.85688],[100.74749,3.85685],[100.74751,3.85682],[100.74829,3.85644],[100.74831,3.85641],[100.74831,3.85637],[100.74825,3.85628],[100.74822,3.85627],[100.74819,3.85628],[100.74721,3.85674]]]}},{"type":"Feature","properties":{"id":1381338176,"kind":"pond"},"geometry":{"type":"Polygon","coordinates":[[[100.74665,3.85703],[100.74663,3.85706],[100.74667,3.85718],[100.74671,3.8572],[100.74689,3.85713],[100.74696,3.8571],[100.74712,3.85711],[100.74722,3.85706],[100.74724,3.85701],[100.74723,3.85697],[100.74717,3.85682],[100.74714,3.85681],[100.7471,3.8568],[100.74665,3.85703]]]}},{"type":"Feature","properties":{"id":1381338178,"kind":"pond"},"geometry":{"type":"Polygon","coordinates":[[[100.7473,3.85827],[100.7477,3.85806],[100.74773,3.85802],[100.74773,3.85796],[100.74735,3.85718],[100.74731,3.85713],[100.74726,3.85713],[100.74686,3.85728],[100.74683,3.85732],[100.74682,3.85737],[100.74682,3.85743],[100.74701,3.85782],[100.74717,3.8582],[100.74723,3.85825],[100.7473,3.85827]]]}},{"type":"Feature","properties":{"id":1381338179,"kind":"pond"},"geometry":{"type":"Polygon","coordinates":[[[100.74618,3.85807],[100.74666,3.85836],[100.74713,3.85853],[100.74719,3.85852],[100.74723,3.85849],[100.74724,3.85843],[100.74711,3.85816],[100.74697,3.85781],[100.74675,3.85739],[100.74672,3.85738],[100.74667,3.85738],[100.74655,3.85746],[100.74617,3.85802],[100.74617,3.85805],[100.74618,3.85807]]]}},{"type":"Feature","properties":{"id":1381338180,"kind":"pond"},"geometry":{"type":"Polygon","coordinates":[[[100.74745,3.85872],[100.74766,3.85881],[100.74772,3.8588],[100.74831,3.85851],[100.74834,3.85847],[100.74834,3.85841],[100.74815,3.85808],[100.74811,3.85806],[100.74783,3.85806],[100.74775,3.85808],[100.74733,3.85831],[100.74729,3.85836],[100.74729,3.85845],[100.74731,3.85851],[100.74738,3.85864],[100.74745,3.85872]]]}},{"type":"Feature","properties":{"id":1381338181,"kind":"pond"},"geometry":{"type":"Polygon","coordinates":[[[100.74797,3.85901],[100.74812,3.85914],[100.74835,3.8593],[100.74842,3.8593],[100.7485,3.85928],[100.7486,3.85924],[100.74865,3.85918],[100.74868,3.8591],[100.74869,3.85898],[100.74868,3.85889],[100.74855,3.8586],[100.74848,3.85857],[100.7484,3.85855],[100.74834,3.85856],[100.74804,3.8587],[100.74799,3.85875],[100.74794,3.85883],[100.74794,3.85892],[100.74797,3.85901]]]}},{"type":"Feature","properties":{"id":1381338182,"kind":"pond"},"geometry":{"type":"Polygon","coordinates":[[[100.74798,3.86008],[100.74802,3.86008],[100.74807,3.86005],[100.74811,3.85999],[100.74816,3.85986],[100.74822,3.85956],[100.74822,3.8595],[100.7482,3.85945],[100.74777,3.85919],[100.74773,3.85919],[100.74767,3.8592],[100.74762,3.85923],[100.74748,3.85954],[100.74745,3.85964],[100.74745,3.85971],[100.74747,3.85979],[100.74756,3.85987],[100.74798,3.86008]]]}},{"type":"Feature","properties":{"id":1381338183,"kind":"pond"},"geometry":{"type":"Polygon","coordinates":[[[100.74687,3.8595],[100.74729,3.85972],[100.74734,3.85972],[100.74738,3.85969],[100.74759,3.85921],[100.7476,3.85914],[100.74758,3.85907],[100.74745,3.85897],[100.74707,3.8588],[100.74702,3.8588],[100.74697,3.85884],[100.74683,3.85936],[100.74683,3.85942],[100.74687,3.8595]]]}},{"type":"Feature","properties":{"id":1381338184,"kind":"pond"},"geometry":{"type":"Polygon","coordinates":[[[100.74624,3.85918],[100.7467,3.8594],[100.74674,3.8594],[100.74677,3.85938],[100.74693,3.85882],[100.74693,3.85876],[100.74689,3.85872],[100.74646,3.85852],[100.74642,3.85852],[100.74637,3.85855],[100.74621,3.85908],[100.74621,3.85914],[100.74624,3.85918]]]}},{"type":"Feature","properties":{"id":1381338185,"kind":"pond"},"geometry":{"type":"Polygon","coordinates":[[[100.74544,3.85875],[100.74609,3.85909],[100.74613,3.85908],[100.74616,3.85905],[100.74634,3.85852],[100.74633,3.85848],[100.74628,3.85844],[100.74625,3.8584],[100.74623,3.85835],[100.74621,3.85833],[100.74609,3.85834],[100.74606,3.85833],[100.74573,3.85817],[100.74569,3.85817],[100.74563,3.85818],[100.74543,3.85869],[100.74542,3.85872],[100.74544,3.85875]]]}},{"type":"Feature","properties":{"id":1381338186,"kind":"pond"},"geometry":{"type":"Polygon","coordinates":[[[100.74824,3.86097],[100.74827,3.86098],[100.74838,3.86094],[100.74878,3.86072],[100.74879,3.8607],[100.74879,3.86066],[100.74841,3.86002],[100.74838,3.86],[100.74795,3.86022],[100.74792,3.86026],[100.74792,3.86031],[100.74813,3.86068],[100.74824,3.86097]]]}},{"type":"Feature","properties":{"id":1381338193,"kind":"pond"},"geometry":{"type":"Polygon","coordinates":[[[100.74766,3.86131],[100.74816,3.86104],[100.74817,3.86102],[100.74816,3.86099],[100.74782,3.86029],[100.74779,3.86028],[100.74774,3.86029],[100.74728,3.86046],[100.74723,3.86052],[100.74723,3.86058],[100.7476,3.86129],[100.74763,3.86131],[100.74766,3.86131]]]}},{"type":"Feature","properties":{"id":1381338195,"kind":"pond"},"geometry":{"type":"Polygon","coordinates":[[[100.74666,3.86023],[100.74684,3.86039],[100.74694,3.86043],[100.74704,3.86045],[100.74717,3.86043],[100.74731,3.86038],[100.74756,3.86027],[100.7476,3.86022],[100.7476,3.86014],[100.74756,3.85997],[100.74752,3.85989],[100.74744,3.85984],[100.74724,3.85976],[100.74694,3.85967],[100.74689,3.85967],[100.74684,3.85969],[100.74679,3.85974],[100.7467,3.85987],[100.74666,3.85995],[100.74664,3.86007],[100.74664,3.86015],[100.74666,3.86023]]]}},{"type":"Feature","properties":{"id":1381338196,"kind":"pond"},"geometry":{"type":"Polygon","coordinates":[[[100.74563,3.85979],[100.74589,3.86019],[100.74594,3.8602],[100.74599,3.8602],[100.74666,3.85978],[100.74667,3.85975],[100.74662,3.85943],[100.74661,3.8594],[100.74623,3.85921],[100.74619,3.85921],[100.74615,3.85922],[100.74565,3.85969],[100.74563,3.85972],[100.74563,3.85976],[100.74563,3.85979]]]}},{"type":"Feature","properties":{"id":1381338197,"kind":"pond"},"geometry":{"type":"Polygon","coordinates":[[[100.74518,3.85921],[100.74518,3.85925],[100.74519,3.8593],[100.74554,3.85967],[100.74558,3.85968],[100.74562,3.85967],[100.7461,3.85921],[100.7461,3.85917],[100.74609,3.85914],[100.74543,3.85879],[100.74541,3.85879],[100.74537,3.85881],[100.74518,3.85921]]]}},{"type":"Feature","properties":{"id":1381338198,"kind":"pond"},"geometry":{"type":"Polygon","coordinates":[[[100.74264,3.86167],[100.74268,3.86167],[100.74272,3.86166],[100.74297,3.86149],[100.74301,3.86144],[100.74303,3.86139],[100.74312,3.86041],[100.74311,3.86038],[100.74309,3.86037],[100.74275,3.86031],[100.7427,3.86031],[100.74268,3.86033],[100.74257,3.86155],[100.74259,3.8616],[100.74264,3.86167]]]}},{"type":"Feature","properties":{"id":1381338199,"kind":"pond"},"geometry":{"type":"Polygon","coordinates":[[[100.74194,3.86055],[100.74249,3.86146],[100.74252,3.86147],[100.74254,3.86146],[100.74263,3.86033],[100.74261,3.8603],[100.7424,3.86026],[100.74231,3.86026],[100.74222,3.86029],[100.74195,3.86045],[100.74193,3.86049],[100.74194,3.86055]]]}},{"type":"Feature","properties":{"id":1381338200,"kind":"pond"},"geometry":{"type":"Polygon","coordinates":[[[100.7416,3.86177],[100.74184,3.86214],[100.74189,3.86218],[100.74195,3.86218],[100.74203,3.86214],[100.74255,3.86178],[100.74258,3.86174],[100.74258,3.86167],[100.74227,3.8612],[100.74222,3.86119],[100.74214,3.8612],[100.7416,3.86165],[100.74159,3.86171],[100.7416,3.86177]]]}},{"type":"Feature","properties":{"id":1381338201,"kind":"pond"},"geometry":{"type":"Polygon","coordinates":[[[100.74128,3.86123],[100.74151,3.8616],[100.74155,3.86162],[100.74161,3.86161],[100.74214,3.86117],[100.74217,3.8611],[100.74217,3.86103],[100.74188,3.86058],[100.74182,3.86056],[100.74176,3.86057],[100.74172,3.86059],[100.74128,3.86108],[100.74126,3.86115],[100.74128,3.86123]]]}},{"type":"Feature","properties":{"id":1381338203,"kind":"pond"},"geometry":{"type":"Polygon","coordinates":[[[100.74103,3.86253],[100.74154,3.86212],[100.74156,3.86209],[100.74156,3.86205],[100.74136,3.86172],[100.74112,3.86129],[100.74107,3.86123],[100.74104,3.86122],[100.74051,3.86177],[100.74052,3.86181],[100.74058,3.86193],[100.74092,3.86245],[100.74099,3.86252],[100.74103,3.86253]]]}},{"type":"Feature","properties":{"id":1381338204,"kind":"pond"},"geometry":{"type":"Polygon","coordinates":[[[100.74091,3.86266],[100.7409,3.8627],[100.74091,3.86274],[100.741,3.86293],[100.74103,3.86295],[100.74106,3.86294],[100.7411,3.86287],[100.74154,3.86258],[100.7417,3.86243],[100.74176,3.8624],[100.74177,3.86237],[100.74177,3.86234],[100.74164,3.86216],[100.74161,3.86214],[100.74158,3.86215],[100.74091,3.86266]]]}},{"type":"Feature","properties":{"id":1381338205,"kind":"pond"},"geometry":{"type":"Polygon","coordinates":[[[100.74002,3.86239],[100.74001,3.86243],[100.74002,3.86247],[100.7402,3.86278],[100.74023,3.86279],[100.74026,3.86279],[100.74059,3.86247],[100.74066,3.86242],[100.74067,3.8624],[100.74066,3.86236],[100.74048,3.86203],[100.74044,3.862],[100.74041,3.862],[100.74039,3.862],[100.74002,3.86239]]]}},{"type":"Feature","properties":{"id":1381338206,"kind":"pond"},"geometry":{"type":"Polygon","coordinates":[[[100.74027,3.86282],[100.74027,3.86285],[100.74028,3.86289],[100.74037,3.863],[100.74046,3.86315],[100.74052,3.86318],[100.7406,3.86317],[100.74093,3.86295],[100.74095,3.86291],[100.74095,3.86285],[100.74071,3.86246],[100.74069,3.86246],[100.74066,3.86246],[100.74027,3.86282]]]}},{"type":"Feature","properties":{"id":1381338207,"kind":"pond"},"geometry":{"type":"Polygon","coordinates":[[[100.73985,3.86264],[100.74025,3.86329],[100.7403,3.86332],[100.74035,3.86332],[100.74039,3.8633],[100.74044,3.86325],[100.74044,3.86321],[100.74043,3.86318],[100.74013,3.86275],[100.73998,3.86249],[100.73995,3.86248],[100.73991,3.86249],[100.73986,3.86256],[100.73984,3.8626],[100.73985,3.86264]]]}},{"type":"Feature","properties":{"id":1381338208,"kind":"pond"},"geometry":{"type":"Polygon","coordinates":[[[100.74106,3.86298],[100.74106,3.86301],[100.74111,3.8631],[100.74143,3.86345],[100.74149,3.86347],[100.74153,3.86346],[100.74156,3.86344],[100.74183,3.86298],[100.74184,3.86295],[100.74183,3.8629],[100.74163,3.86262],[100.74161,3.8626],[100.74157,3.86261],[100.74118,3.86287],[100.74106,3.86298]]]}},{"type":"Feature","properties":{"id":1381338209,"kind":"pond"},"geometry":{"type":"Polygon","coordinates":[[[100.74035,3.86347],[100.74051,3.86372],[100.74054,3.86374],[100.74056,3.86375],[100.74058,3.86373],[100.74058,3.86369],[100.74057,3.8635],[100.74054,3.86346],[100.74054,3.86341],[100.74055,3.86339],[100.74103,3.86309],[100.74104,3.86305],[100.74103,3.86301],[100.741,3.86299],[100.74096,3.86299],[100.74047,3.86333],[100.74037,3.86336],[100.74034,3.86339],[100.74034,3.86343],[100.74035,3.86347]]]}},{"type":"Feature","properties":{"id":1381338210,"kind":"pond"},"geometry":{"type":"Polygon","coordinates":[[[100.74099,3.86457],[100.74102,3.86459],[100.74106,3.86459],[100.7411,3.86457],[100.74113,3.86453],[100.74144,3.8636],[100.74144,3.86354],[100.74141,3.86348],[100.74109,3.86312],[100.74107,3.86311],[100.74104,3.86312],[100.74064,3.8634],[100.74062,3.86344],[100.74061,3.86349],[100.74064,3.86392],[100.74066,3.86398],[100.74071,3.86413],[100.74099,3.86457]]]}},{"type":"Feature","properties":{"id":1381338212,"kind":"pond"},"geometry":{"type":"Polygon","coordinates":[[[100.73986,3.86466],[100.73985,3.86469],[100.74017,3.86519],[100.74021,3.86522],[100.74027,3.86523],[100.74032,3.86521],[100.74093,3.86481],[100.74099,3.86474],[100.741,3.86469],[100.74099,3.86465],[100.74067,3.86417],[100.74065,3.86417],[100.74025,3.86443],[100.73986,3.86466]]]}},{"type":"Feature","properties":{"id":1381338213,"kind":"pond"},"geometry":{"type":"Polygon","coordinates":[[[100.73948,3.86413],[100.73978,3.86459],[100.73982,3.86461],[100.73987,3.86461],[100.74044,3.86423],[100.74048,3.86417],[100.74049,3.86412],[100.74047,3.86406],[100.74021,3.86363],[100.74016,3.86361],[100.74008,3.86362],[100.73954,3.86399],[100.73949,3.86405],[100.73948,3.86413]]]}},{"type":"Feature","properties":{"id":1381338214,"kind":"pond"},"geometry":{"type":"Polygon","coordinates":[[[100.73945,3.86386],[100.73949,3.86387],[100.74008,3.86348],[100.74009,3.86346],[100.74009,3.86343],[100.73971,3.86283],[100.73967,3.86282],[100.7396,3.86282],[100.73954,3.86283],[100.73905,3.86334],[100.73904,3.86336],[100.73905,3.8634],[100.73945,3.86386]]]}},{"type":"Feature","properties":{"id":1381338215,"kind":"pond"},"geometry":{"type":"Polygon","coordinates":[[[100.73886,3.86359],[100.73915,3.86399],[100.73917,3.864],[100.73919,3.864],[100.73931,3.86397],[100.73936,3.86397],[100.73939,3.86396],[100.73943,3.86392],[100.73944,3.86389],[100.73904,3.86343],[100.73901,3.86343],[100.73897,3.86343],[100.73886,3.86354],[100.73885,3.86357],[100.73886,3.86359]]]}},{"type":"Feature","properties":{"id":1381338216,"kind":"pond"},"geometry":{"type":"Polygon","coordinates":[[[100.73847,3.86447],[100.7385,3.86447],[100.73886,3.86422],[100.73912,3.86406],[100.73913,3.86403],[100.73913,3.86399],[100.73883,3.8636],[100.7388,3.86358],[100.73875,3.8636],[100.73824,3.86412],[100.73823,3.86415],[100.73824,3.86418],[100.73847,3.86447]]]}},{"type":"Feature","properties":{"id":1381338217,"kind":"pond"},"geometry":{"type":"Polygon","coordinates":[[[100.73779,3.86496],[100.73782,3.86496],[100.7379,3.86493],[100.73846,3.86456],[100.73847,3.86453],[100.73846,3.8645],[100.73821,3.8642],[100.73818,3.8642],[100.73815,3.86422],[100.73764,3.86473],[100.73764,3.86476],[100.73779,3.86496]]]}},{"type":"Feature","properties":{"id":1381338218,"kind":"pond"},"geometry":{"type":"Polygon","coordinates":[[[100.73773,3.86522],[100.73773,3.86525],[100.73805,3.86576],[100.73808,3.86577],[100.73881,3.86531],[100.73881,3.86529],[100.73881,3.86526],[100.73849,3.86478],[100.73846,3.86477],[100.73842,3.86477],[100.73773,3.86522]]]}},{"type":"Feature","properties":{"id":1381338219,"kind":"pond"},"geometry":{"type":"Polygon","coordinates":[[[100.7381,3.8658],[100.7381,3.86583],[100.73842,3.86636],[100.73845,3.86637],[100.73848,3.86637],[100.7388,3.86614],[100.7392,3.86589],[100.73921,3.86587],[100.7392,3.86584],[100.73886,3.86535],[100.73884,3.86534],[100.73882,3.86535],[100.7381,3.8658]]]}},{"type":"Feature","properties":{"id":1381338220,"kind":"pond"},"geometry":{"type":"Polygon","coordinates":[[[100.7369,3.86566],[100.73689,3.86568],[100.7369,3.86571],[100.73727,3.86623],[100.7373,3.86624],[100.73787,3.86584],[100.73787,3.86581],[100.73753,3.86524],[100.7375,3.86523],[100.73747,3.86523],[100.7369,3.86566]]]}},{"type":"Feature","properties":{"id":1381338221,"kind":"pond"},"geometry":{"type":"Polygon","coordinates":[[[100.73762,3.86691],[100.73766,3.86691],[100.7377,3.8669],[100.7383,3.86651],[100.73831,3.86648],[100.73831,3.86644],[100.73795,3.86594],[100.73794,3.86593],[100.7379,3.86593],[100.73731,3.86637],[100.7373,3.86639],[100.7373,3.86643],[100.73762,3.86691]]]}},{"type":"Feature","properties":{"id":1381338222,"kind":"pond"},"geometry":{"type":"Polygon","coordinates":[[[100.73716,3.86633],[100.73723,3.86627],[100.73724,3.86625],[100.73724,3.86622],[100.73687,3.8657],[100.73685,3.8657],[100.73679,3.86576],[100.73677,3.86582],[100.73677,3.86588],[100.73711,3.86633],[100.73713,3.86633],[100.73716,3.86633]]]}},{"type":"Feature","properties":{"id":1381338223,"kind":"pond"},"geometry":{"type":"Polygon","coordinates":[[[100.73646,3.86687],[100.73706,3.86643],[100.73708,3.8664],[100.73708,3.86635],[100.73675,3.8659],[100.73671,3.86589],[100.73668,3.86589],[100.73613,3.86637],[100.73612,3.8664],[100.73613,3.86644],[100.73641,3.86687],[100.73644,3.86688],[100.73646,3.86687]]]}},{"type":"Feature","properties":{"id":1381338224,"kind":"pond"},"geometry":{"type":"Polygon","coordinates":[[[100.73703,3.86736],[100.73751,3.86701],[100.73752,3.86699],[100.73751,3.86696],[100.73717,3.86646],[100.73715,3.86645],[100.73711,3.86645],[100.73666,3.8668],[100.73664,3.86683],[100.73664,3.86686],[100.73665,3.8669],[100.73695,3.86734],[100.73699,3.86736],[100.73703,3.86736]]]}},{"type":"Feature","properties":{"id":1381338225,"kind":"pond"},"geometry":{"type":"Polygon","coordinates":[[[100.73508,3.86762],[100.73507,3.86764],[100.73508,3.86766],[100.73511,3.86766],[100.7352,3.86762],[100.73604,3.8671],[100.73605,3.86707],[100.73606,3.86703],[100.73582,3.86669],[100.7358,3.86669],[100.73578,3.8667],[100.73508,3.86762]]]}},{"type":"Feature","properties":{"id":1381338227,"kind":"pond"},"geometry":{"type":"Polygon","coordinates":[[[100.7359,3.86814],[100.73647,3.8678],[100.73647,3.86776],[100.73608,3.86713],[100.73605,3.86713],[100.73546,3.86751],[100.73546,3.86754],[100.73585,3.86814],[100.7359,3.86814]]]}},{"type":"Feature","properties":{"id":1381338228,"kind":"pond"},"geometry":{"type":"Polygon","coordinates":[[[100.73526,3.86852],[100.73529,3.86853],[100.73583,3.86817],[100.73584,3.86814],[100.73544,3.86755],[100.73542,3.86755],[100.73539,3.86756],[100.73489,3.86785],[100.73488,3.86788],[100.73488,3.86791],[100.73526,3.86852]]]}},{"type":"Feature","properties":{"id":1381338229,"kind":"pond"},"geometry":{"type":"Polygon","coordinates":[[[100.73567,3.86888],[100.73661,3.86831],[100.73662,3.86829],[100.73662,3.86826],[100.73643,3.8679],[100.73641,3.86789],[100.73638,3.8679],[100.73543,3.86849],[100.73542,3.86851],[100.73541,3.86855],[100.73561,3.86887],[100.73563,3.86888],[100.73567,3.86888]]]}},{"type":"Feature","properties":{"id":1381338230,"kind":"pond"},"geometry":{"type":"Polygon","coordinates":[[[100.73566,3.86896],[100.73586,3.86927],[100.73589,3.86928],[100.73592,3.86929],[100.73696,3.86867],[100.73698,3.86864],[100.73697,3.86861],[100.73677,3.86828],[100.73674,3.86828],[100.73567,3.86891],[100.73566,3.86893],[100.73566,3.86896]]]}},{"type":"Feature","properties":{"id":1381338232,"kind":"pond"},"geometry":{"type":"Polygon","coordinates":[[[100.73566,3.86939],[100.73569,3.86941],[100.73573,3.8694],[100.73583,3.86934],[100.73585,3.86932],[100.73585,3.86929],[100.73542,3.86863],[100.73538,3.86862],[100.73535,3.86863],[100.73525,3.86869],[100.73524,3.86871],[100.73525,3.86875],[100.73566,3.86939]]]}},{"type":"Feature","properties":{"id":1381338233,"kind":"pond"},"geometry":{"type":"Polygon","coordinates":[[[100.73459,3.86896],[100.73512,3.86864],[100.73513,3.86861],[100.73513,3.86858],[100.73471,3.8679],[100.73468,3.86789],[100.73465,3.8679],[100.73419,3.86831],[100.73418,3.86834],[100.73419,3.86837],[100.73455,3.86895],[100.73457,3.86896],[100.73459,3.86896]]]}},{"type":"Feature","properties":{"id":1381338234,"kind":"pond"},"geometry":{"type":"Polygon","coordinates":[[[100.73397,3.86935],[100.734,3.86935],[100.73454,3.86901],[100.73454,3.86898],[100.73418,3.86839],[100.73414,3.86838],[100.73362,3.86882],[100.73362,3.86884],[100.73362,3.86888],[100.73397,3.86935]]]}},{"type":"Feature","properties":{"id":1381338235,"kind":"pond"},"geometry":{"type":"Polygon","coordinates":[[[100.7351,3.86978],[100.73534,3.86964],[100.73562,3.86944],[100.73563,3.86942],[100.73522,3.86876],[100.73519,3.86875],[100.73466,3.86908],[100.73465,3.86911],[100.73506,3.86977],[100.7351,3.86978]]]}},{"type":"Feature","properties":{"id":1381338236,"kind":"pond"},"geometry":{"type":"Polygon","coordinates":[[[100.73406,3.86948],[100.73445,3.87011],[100.73448,3.87012],[100.73453,3.87012],[100.73498,3.86985],[100.73501,3.86982],[100.73501,3.86977],[100.7346,3.86911],[100.73458,3.86911],[100.73406,3.86944],[100.73406,3.86948]]]}},{"type":"Feature","properties":{"id":1381338237,"kind":"pond"},"geometry":{"type":"Polygon","coordinates":[[[100.73452,3.87022],[100.73473,3.87056],[100.73477,3.87057],[100.73482,3.87057],[100.73585,3.86998],[100.73587,3.86996],[100.73587,3.86992],[100.73571,3.86967],[100.73568,3.86965],[100.73565,3.86966],[100.73507,3.86991],[100.73494,3.86993],[100.73453,3.87017],[100.73452,3.87019],[100.73452,3.87022]]]}},{"type":"Feature","properties":{"id":1381338238,"kind":"pond"},"geometry":{"type":"Polygon","coordinates":[[[100.735,3.87104],[100.73504,3.87105],[100.73507,3.87104],[100.73615,3.8704],[100.73616,3.87037],[100.73592,3.86999],[100.73589,3.86999],[100.7348,3.87061],[100.73479,3.87065],[100.735,3.87104]]]}},{"type":"Feature","properties":{"id":1381338239,"kind":"pond"},"geometry":{"type":"Polygon","coordinates":[[[100.73235,3.87062],[100.73389,3.86969],[100.73389,3.86965],[100.73385,3.86958],[100.73381,3.86957],[100.73297,3.87006],[100.73229,3.87049],[100.73228,3.87053],[100.73229,3.87059],[100.73232,3.87062],[100.73235,3.87062]]]}},{"type":"Feature","properties":{"id":1381338240,"kind":"pond"},"geometry":{"type":"Polygon","coordinates":[[[100.73316,3.86974],[100.73323,3.86976],[100.7333,3.86974],[100.73369,3.86952],[100.73371,3.86947],[100.73371,3.86942],[100.73344,3.86905],[100.7334,3.86906],[100.73304,3.86942],[100.73303,3.86948],[100.73304,3.86956],[100.73316,3.86974]]]}},{"type":"Feature","properties":{"id":1381338241,"kind":"pond"},"geometry":{"type":"Polygon","coordinates":[[[100.73361,3.87083],[100.73431,3.87042],[100.73434,3.87037],[100.73434,3.87032],[100.73398,3.86975],[100.73393,3.86974],[100.73386,3.86975],[100.73317,3.87016],[100.73316,3.87021],[100.73351,3.87081],[100.73356,3.87084],[100.73361,3.87083]]]}},{"type":"Feature","properties":{"id":1381338242,"kind":"pond"},"geometry":{"type":"Polygon","coordinates":[[[100.73275,3.87137],[100.73348,3.87091],[100.73349,3.87088],[100.73348,3.87083],[100.73313,3.87021],[100.7331,3.87021],[100.73238,3.87065],[100.73236,3.87069],[100.73237,3.87075],[100.7325,3.87106],[100.73264,3.87133],[100.73269,3.87138],[100.73275,3.87137]]]}},{"type":"Feature","properties":{"id":1381588708,"kind":"reservoir"},"geometry":{"type":"Polygon","coordinates":[[[102.07719,2.91055],[102.0773,2.91049],[102.07724,2.91029],[102.07721,2.91015],[102.07724,2.91001],[102.07733,2.9099],[102.07742,2.90982],[102.07752,2.90977],[102.07757,2.90973],[102.07758,2.90967],[102.07751,2.90965],[102.07741,2.90973],[102.07732,2.90976],[102.07724,2.90983],[102.0772,2.9099],[102.07712,2.90996],[102.0771,2.91008],[102.0771,2.91022],[102.07712,2.91038],[102.07719,2.91055]]]}},{"type":"Feature","properties":{"id":1381608388,"kind":"pond"},"geometry":{"type":"Polygon","coordinates":[[[101.39757,3.35682],[101.39757,3.35668],[101.3981,3.35671],[101.39803,3.35666],[101.39781,3.35657],[101.39774,3.35638],[101.39774,3.35624],[101.39781,3.3562],[101.39789,3.35609],[101.39794,3.35604],[101.3979,3.35598],[101.39774,3.35596],[101.39777,3.35579],[101.39792,3.35558],[101.39822,3.35561],[101.39848,3.35567],[101.39849,3.35549],[101.39821,3.35542],[101.39799,3.35527],[101.398,3.35509],[101.39803,3.35494],[101.3983,3.35504],[101.39847,3.35512],[101.39872,3.35513],[101.39896,3.35505],[101.39916,3.35507],[101.39918,3.35522],[101.39918,3.35539],[101.39935,3.35546],[101.39961,3.35552],[101.39957,3.35563],[101.39925,3.35567],[101.39908,3.35573],[101.39907,3.35578],[101.39908,3.35597],[101.39896,3.35603],[101.39881,3.35604],[101.39855,3.35606],[101.39854,3.35622],[101.3986,3.35637],[101.39872,3.35664],[101.39874,3.35678],[101.39858,3.35683],[101.39757,3.35682]]]}},{"type":"Feature","properties":{"id":1381608389,"kind":"pond"},"geometry":{"type":"Polygon","coordinates":[[[101.39864,3.35964],[101.39892,3.35922],[101.39895,3.35905],[101.39896,3.35888],[101.39944,3.35893],[101.39974,3.35897],[101.39956,3.35883],[101.39957,3.35876],[101.39986,3.35876],[101.39983,3.35841],[101.39985,3.35805],[101.40003,3.35808],[101.40008,3.35861],[101.40007,3.35925],[101.40006,3.35951],[101.39997,3.35972],[101.39969,3.35977],[101.39946,3.35976],[101.39923,3.35974],[101.39863,3.35971],[101.39864,3.35964]]]}},{"type":"Feature","properties":{"id":1381608390,"kind":"pond"},"geometry":{"type":"Polygon","coordinates":[[[101.39839,3.35938],[101.39818,3.35934],[101.39805,3.35917],[101.39803,3.35899],[101.39835,3.35898],[101.39856,3.35905],[101.3987,3.35914],[101.39874,3.35928],[101.39864,3.35938],[101.39851,3.35938],[101.39839,3.35938]]]}},{"type":"Feature","properties":{"id":1381608391,"kind":"pond"},"geometry":{"type":"Polygon","coordinates":[[[101.39749,3.35958],[101.39761,3.35695],[101.39894,3.35695],[101.39904,3.35773],[101.39869,3.35784],[101.39859,3.35794],[101.39854,3.35843],[101.39865,3.35861],[101.39872,3.3589],[101.39861,3.35899],[101.39796,3.3588],[101.39792,3.35897],[101.39796,3.35926],[101.39801,3.35942],[101.39819,3.35947],[101.39838,3.35954],[101.39818,3.35971],[101.39789,3.35967],[101.39749,3.35958]]]}},{"type":"Feature","properties":{"id":1381632900,"kind":"pond"},"geometry":{"type":"Polygon","coordinates":[[[102.02666,2.91269],[102.02666,2.91265],[102.02694,2.91232],[102.02698,2.91233],[102.02715,2.91247],[102.02714,2.9125],[102.02687,2.91282],[102.02683,2.91283],[102.02666,2.91269]]]}},{"type":"Feature","properties":{"id":1381632901,"kind":"pond"},"geometry":{"type":"Polygon","coordinates":[[[102.02615,2.91298],[102.02608,2.91291],[102.02609,2.91288],[102.02611,2.91286],[102.02644,2.91277],[102.02647,2.91278],[102.02659,2.91301],[102.02659,2.91304],[102.02642,2.91318],[102.02639,2.91318],[102.02615,2.91298]]]}},{"type":"Feature","properties":{"id":1381632902,"kind":"pond"},"geometry":{"type":"Polygon","coordinates":[[[102.02589,2.91318],[102.02589,2.91313],[102.02602,2.91294],[102.02605,2.91294],[102.02634,2.91318],[102.02635,2.91322],[102.02619,2.91336],[102.02616,2.91337],[102.0259,2.9132],[102.02589,2.91318]]]}},{"type":"Feature","properties":{"id":1381632904,"kind":"pond"},"geometry":{"type":"Polygon","coordinates":[[[102.02582,2.91461],[102.02579,2.91449],[102.02576,2.91439],[102.02576,2.91437],[102.02592,2.91431],[102.02594,2.91434],[102.026,2.91445],[102.0261,2.91457],[102.0262,2.91464],[102.02619,2.91467],[102.02606,2.91474],[102.02593,2.9148],[102.02587,2.91478],[102.02582,2.91461]]]}},{"type":"Feature","properties":{"id":1381632906,"kind":"pond"},"geometry":{"type":"Polygon","coordinates":[[[102.02556,2.9138],[102.02555,2.91373],[102.02558,2.91368],[102.02561,2.91369],[102.02577,2.91375],[102.0258,2.91391],[102.02584,2.91404],[102.0259,2.91423],[102.0259,2.91427],[102.02584,2.91429],[102.02576,2.91432],[102.02573,2.91431],[102.02564,2.91408],[102.02556,2.9138]]]}},{"type":"Feature","properties":{"id":1381632907,"kind":"pond"},"geometry":{"type":"Polygon","coordinates":[[[102.02559,2.91358],[102.02559,2.91349],[102.02572,2.9133],[102.02585,2.91324],[102.02594,2.91327],[102.0261,2.91339],[102.02611,2.91346],[102.02598,2.91368],[102.02591,2.91372],[102.02577,2.91367],[102.02559,2.91358]]]}},{"type":"Feature","properties":{"id":1381930312,"kind":"pond"},"geometry":{"type":"Polygon","coordinates":[[[101.01903,3.63692],[101.01904,3.63696],[101.01908,3.637],[101.01914,3.63699],[101.01919,3.63697],[101.01963,3.63649],[101.01991,3.63609],[101.01992,3.63604],[101.01985,3.63588],[101.01983,3.63587],[101.01981,3.63587],[101.01937,3.63643],[101.01903,3.63692]]]}},{"type":"Feature","properties":{"id":1381930313,"kind":"pond"},"geometry":{"type":"Polygon","coordinates":[[[101.01989,3.63579],[101.01989,3.63583],[101.01996,3.636],[101.01998,3.63601],[101.02,3.63601],[101.02041,3.63553],[101.02136,3.63456],[101.0224,3.63363],[101.02241,3.63359],[101.0224,3.63356],[101.02223,3.6334],[101.0222,3.63339],[101.02042,3.63515],[101.01989,3.63579]]]}},{"type":"Feature","properties":{"id":1381930314,"kind":"pond"},"geometry":{"type":"Polygon","coordinates":[[[101.01974,3.63646],[101.01974,3.63649],[101.01975,3.63651],[101.02048,3.63723],[101.02051,3.63725],[101.02057,3.63724],[101.0208,3.637],[101.02081,3.63698],[101.0208,3.63694],[101.02006,3.63616],[101.02001,3.63614],[101.01996,3.63614],[101.01974,3.63646]]]}},{"type":"Feature","properties":{"id":1381930315,"kind":"pond"},"geometry":{"type":"Polygon","coordinates":[[[101.02086,3.6369],[101.0209,3.63691],[101.02094,3.6369],[101.02124,3.63662],[101.02126,3.63658],[101.02126,3.63654],[101.02125,3.6365],[101.02044,3.63571],[101.02039,3.6357],[101.02034,3.63571],[101.02009,3.636],[101.02008,3.63605],[101.0201,3.63612],[101.02072,3.63678],[101.02086,3.6369]]]}},{"type":"Feature","properties":{"id":1381930316,"kind":"pond"},"geometry":{"type":"Polygon","coordinates":[[[101.02048,3.63559],[101.02047,3.63563],[101.02048,3.63567],[101.02055,3.63575],[101.02127,3.63643],[101.02134,3.63646],[101.02139,3.63646],[101.02154,3.63634],[101.02164,3.63623],[101.02165,3.63619],[101.02164,3.63614],[101.02148,3.63597],[101.02081,3.63538],[101.02076,3.63537],[101.02069,3.63538],[101.02048,3.63559]]]}},{"type":"Feature","properties":{"id":1381930317,"kind":"pond"},"geometry":{"type":"Polygon","coordinates":[[[101.02095,3.63539],[101.02171,3.63608],[101.02177,3.6361],[101.02181,3.6361],[101.02185,3.63608],[101.02217,3.63578],[101.02217,3.63576],[101.02217,3.63573],[101.02126,3.63488],[101.02122,3.63487],[101.02118,3.63488],[101.02089,3.63518],[101.02087,3.63523],[101.02089,3.6353],[101.02095,3.63539]]]}},{"type":"Feature","properties":{"id":1381930318,"kind":"pond"},"geometry":{"type":"Polygon","coordinates":[[[101.02133,3.6348],[101.02222,3.63566],[101.02225,3.63567],[101.02229,3.63566],[101.02246,3.63551],[101.02259,3.63536],[101.0226,3.63532],[101.02259,3.63528],[101.02171,3.63443],[101.02168,3.63442],[101.02164,3.63443],[101.02133,3.63472],[101.02132,3.63476],[101.02133,3.6348]]]}},{"type":"Feature","properties":{"id":1381930319,"kind":"pond"},"geometry":{"type":"Polygon","coordinates":[[[101.02174,3.63439],[101.02266,3.63526],[101.02269,3.63527],[101.02273,3.63526],[101.02298,3.63503],[101.02299,3.63498],[101.02298,3.63493],[101.02213,3.63407],[101.02209,3.63406],[101.02203,3.63406],[101.02174,3.63432],[101.02174,3.63435],[101.02174,3.63439]]]}},{"type":"Feature","properties":{"id":1381930320,"kind":"pond"},"geometry":{"type":"Polygon","coordinates":[[[101.02216,3.63401],[101.02307,3.63489],[101.02309,3.63489],[101.02313,3.63488],[101.02326,3.63476],[101.02334,3.63465],[101.02335,3.6346],[101.02334,3.63455],[101.0225,3.63369],[101.02248,3.63369],[101.02244,3.6337],[101.02215,3.63395],[101.02215,3.63398],[101.02216,3.63401]]]}},{"type":"Feature","properties":{"id":1381930321,"kind":"pond"},"geometry":{"type":"Polygon","coordinates":[[[101.02341,3.63452],[101.02344,3.63452],[101.02346,3.63452],[101.02366,3.63436],[101.02374,3.63426],[101.02374,3.63423],[101.02373,3.6342],[101.02291,3.63334],[101.02288,3.63333],[101.02284,3.63334],[101.02257,3.63358],[101.02256,3.63361],[101.02257,3.63364],[101.02341,3.63452]]]}},{"type":"Feature","properties":{"id":1381930322,"kind":"pond"},"geometry":{"type":"Polygon","coordinates":[[[101.02381,3.63416],[101.02384,3.63417],[101.02388,3.63416],[101.02406,3.63402],[101.0241,3.63396],[101.02412,3.63392],[101.02411,3.63388],[101.0233,3.63299],[101.02326,3.63298],[101.02321,3.63299],[101.02297,3.63324],[101.02296,3.63328],[101.02297,3.63333],[101.02381,3.63416]]]}},{"type":"Feature","properties":{"id":1381930325,"kind":"pond"},"geometry":{"type":"Polygon","coordinates":[[[101.02334,3.63291],[101.02334,3.63295],[101.02413,3.63381],[101.02417,3.63382],[101.02422,3.63382],[101.02446,3.63361],[101.02448,3.63357],[101.02447,3.63352],[101.02365,3.63267],[101.02361,3.63266],[101.02357,3.63267],[101.02334,3.63291]]]}},{"type":"Feature","properties":{"id":1381930326,"kind":"pond"},"geometry":{"type":"Polygon","coordinates":[[[101.02372,3.63253],[101.02371,3.63257],[101.02372,3.63261],[101.0245,3.63346],[101.02455,3.63347],[101.0246,3.63347],[101.02481,3.63327],[101.02482,3.63322],[101.02481,3.63317],[101.02404,3.63234],[101.024,3.63232],[101.02396,3.63233],[101.02372,3.63253]]]}},{"type":"Feature","properties":{"id":1381930327,"kind":"pond"},"geometry":{"type":"Polygon","coordinates":[[[101.02493,3.63312],[101.02506,3.633],[101.02519,3.63289],[101.02519,3.63285],[101.02519,3.63281],[101.02442,3.63198],[101.02437,3.63197],[101.02432,3.63199],[101.02408,3.63222],[101.02407,3.63225],[101.02408,3.63232],[101.02485,3.63311],[101.02489,3.63313],[101.02493,3.63312]]]}},{"type":"Feature","properties":{"id":1381930328,"kind":"pond"},"geometry":{"type":"Polygon","coordinates":[[[101.02447,3.63197],[101.0252,3.63275],[101.02524,3.63276],[101.02531,3.63275],[101.02557,3.63251],[101.02558,3.63248],[101.02557,3.63243],[101.02482,3.63168],[101.02476,3.63167],[101.0247,3.63167],[101.02446,3.63188],[101.02445,3.63192],[101.02447,3.63197]]]}},{"type":"Feature","properties":{"id":1381930329,"kind":"pond"},"geometry":{"type":"Polygon","coordinates":[[[101.02345,3.63225],[101.02344,3.6323],[101.02345,3.63234],[101.02356,3.63244],[101.02362,3.63244],[101.02369,3.63243],[101.02471,3.63154],[101.02475,3.63149],[101.02476,3.63143],[101.02465,3.63132],[101.0246,3.63131],[101.02454,3.63133],[101.02345,3.63225]]]}},{"type":"Feature","properties":{"id":1381930330,"kind":"pond"},"geometry":{"type":"Polygon","coordinates":[[[101.02332,3.63202],[101.02342,3.63213],[101.02348,3.63213],[101.02353,3.63211],[101.02435,3.63138],[101.02454,3.63127],[101.02457,3.63123],[101.02455,3.63119],[101.0244,3.63105],[101.02436,3.63104],[101.02338,3.63186],[101.02331,3.63196],[101.02332,3.63202]]]}},{"type":"Feature","properties":{"id":1381930331,"kind":"pond"},"geometry":{"type":"Polygon","coordinates":[[[101.02445,3.63103],[101.0246,3.63118],[101.02465,3.63118],[101.0253,3.63061],[101.0253,3.63056],[101.02516,3.63042],[101.02511,3.63043],[101.02445,3.63098],[101.02445,3.63103]]]}},{"type":"Feature","properties":{"id":1381930332,"kind":"pond"},"geometry":{"type":"Polygon","coordinates":[[[101.02469,3.63119],[101.02468,3.63123],[101.02471,3.63129],[101.02484,3.63139],[101.02487,3.63138],[101.0255,3.63085],[101.02585,3.63047],[101.02586,3.63039],[101.02584,3.63033],[101.02571,3.63023],[101.02556,3.63018],[101.02541,3.6302],[101.02532,3.63023],[101.02523,3.6303],[101.02522,3.63035],[101.02525,3.63041],[101.02536,3.63056],[101.02536,3.63061],[101.02469,3.63119]]]}},{"type":"Feature","properties":{"id":1381930333,"kind":"pond"},"geometry":{"type":"Polygon","coordinates":[[[101.02507,3.63153],[101.02579,3.63226],[101.02583,3.63227],[101.02586,3.63226],[101.02626,3.63185],[101.02627,3.63182],[101.02626,3.63178],[101.02553,3.631],[101.02549,3.63099],[101.02545,3.63099],[101.02503,3.63135],[101.02501,3.63139],[101.02502,3.63146],[101.02507,3.63153]]]}},{"type":"Feature","properties":{"id":1381930335,"kind":"pond"},"geometry":{"type":"Polygon","coordinates":[[[101.02561,3.63094],[101.02632,3.6317],[101.02637,3.63171],[101.02643,3.63171],[101.02686,3.6313],[101.02689,3.63125],[101.02689,3.63119],[101.02613,3.6304],[101.02609,3.63038],[101.02604,3.63039],[101.02561,3.63084],[101.0256,3.6309],[101.02561,3.63094]]]}},{"type":"Feature","properties":{"id":1381930336,"kind":"pond"},"geometry":{"type":"Polygon","coordinates":[[[101.02694,3.63114],[101.02699,3.63115],[101.02705,3.63113],[101.02726,3.63092],[101.02745,3.63075],[101.02748,3.6307],[101.02749,3.63066],[101.02748,3.63061],[101.02692,3.62996],[101.02684,3.62992],[101.02673,3.62992],[101.02663,3.62994],[101.02656,3.62997],[101.02647,3.63003],[101.02619,3.63026],[101.02617,3.63029],[101.02618,3.63035],[101.02694,3.63114]]]}},{"type":"Feature","properties":{"id":1382304779,"kind":"wetland"},"geometry":{"type":"Polygon","coordinates":[[[100.97735,3.66964],[100.9775,3.66975],[100.97752,3.66991],[100.97745,3.67],[100.97748,3.67011],[100.9776,3.67016],[100.97779,3.66998],[100.97822,3.66968],[100.97865,3.66929],[100.97943,3.66879],[100.97946,3.66871],[100.97944,3.66863],[100.97929,3.66846],[100.97917,3.66845],[100.9791,3.66835],[100.97906,3.66801],[100.97885,3.66785],[100.97863,3.66807],[100.97836,3.6683],[100.9781,3.66857],[100.97789,3.66877],[100.97773,3.66894],[100.97761,3.6691],[100.9775,3.66926],[100.97741,3.66947],[100.97735,3.66964]]]}},{"type":"Feature","properties":{"id":1382595924,"kind":"pond"},"geometry":{"type":"Polygon","coordinates":[[[101.39927,3.35491],[101.39903,3.35495],[101.39884,3.35495],[101.39852,3.35492],[101.39831,3.3549],[101.3982,3.35481],[101.39814,3.35469],[101.39815,3.35452],[101.3982,3.35428],[101.39829,3.35416],[101.39834,3.35408],[101.39833,3.35381],[101.39825,3.35362],[101.39818,3.35342],[101.39813,3.35333],[101.39814,3.35317],[101.39834,3.35307],[101.39854,3.35306],[101.39865,3.35296],[101.39864,3.35268],[101.39865,3.35263],[101.39879,3.35256],[101.39897,3.35253],[101.39939,3.35255],[101.39956,3.35265],[101.39959,3.35277],[101.39956,3.35316],[101.39951,3.35348],[101.39938,3.3539],[101.39935,3.35407],[101.39933,3.35431],[101.3993,3.35442],[101.39927,3.35466],[101.39927,3.35479],[101.39927,3.35491]]]}},{"type":"Feature","properties":{"id":1382595927,"kind":"pond"},"geometry":{"type":"Polygon","coordinates":[[[101.40017,3.35781],[101.40008,3.35692],[101.40007,3.35686],[101.39959,3.35687],[101.39958,3.3568],[101.39962,3.35676],[101.39998,3.35674],[101.40016,3.35669],[101.40022,3.35661],[101.40038,3.35652],[101.40053,3.35655],[101.40061,3.35648],[101.40079,3.35644],[101.40087,3.3565],[101.4009,3.35656],[101.40093,3.35645],[101.40087,3.35632],[101.40076,3.35624],[101.40044,3.35635],[101.40013,3.35634],[101.39999,3.35632],[101.39994,3.35636],[101.39989,3.35646],[101.39981,3.35648],[101.39976,3.3564],[101.39969,3.35633],[101.39959,3.35627],[101.39955,3.35619],[101.39955,3.35603],[101.39956,3.35589],[101.39981,3.35591],[101.39976,3.35581],[101.3997,3.35559],[101.3997,3.35545],[101.39976,3.35531],[101.39979,3.35516],[101.39986,3.35511],[101.39992,3.35507],[101.39993,3.35499],[101.39998,3.35492],[101.39998,3.35477],[101.39999,3.35471],[101.40012,3.35461],[101.40012,3.35445],[101.40014,3.35441],[101.40025,3.35419],[101.40034,3.35404],[101.40039,3.35388],[101.40046,3.35382],[101.40056,3.35372],[101.40063,3.35358],[101.40066,3.35344],[101.40069,3.35333],[101.40086,3.35314],[101.4011,3.353],[101.40123,3.35296],[101.40131,3.35305],[101.40133,3.35318],[101.40131,3.35348],[101.4013,3.35626],[101.40119,3.35631],[101.40104,3.35649],[101.40105,3.35668],[101.40104,3.35776],[101.40098,3.35786],[101.4008,3.35782],[101.40065,3.35778],[101.40037,3.35779],[101.40023,3.3578],[101.40017,3.35781]]]}},{"type":"Feature","properties":{"id":1382595933,"kind":"pond"},"geometry":{"type":"Polygon","coordinates":[[[101.40013,3.35952],[101.40015,3.35829],[101.40032,3.3583],[101.40031,3.3585],[101.40046,3.35852],[101.40047,3.35868],[101.40063,3.35866],[101.40064,3.35856],[101.40081,3.35857],[101.4008,3.35878],[101.40036,3.35875],[101.40038,3.35894],[101.40089,3.35899],[101.4009,3.35797],[101.40108,3.35816],[101.40097,3.35918],[101.40087,3.35932],[101.40082,3.35964],[101.40072,3.35968],[101.40045,3.3597],[101.40043,3.3596],[101.40036,3.35954],[101.40027,3.35954],[101.40013,3.35952]]]}},{"type":"Feature","properties":{"id":1385704972,"kind":"pond"},"geometry":{"type":"Polygon","coordinates":[[[101.05427,3.599],[101.05458,3.59887],[101.0546,3.59884],[101.05464,3.59836],[101.05464,3.59834],[101.05462,3.59832],[101.05459,3.59832],[101.05433,3.59839],[101.05426,3.59839],[101.05407,3.59844],[101.05393,3.59847],[101.05391,3.59849],[101.05392,3.59852],[101.05419,3.59899],[101.05423,3.599],[101.05427,3.599]]]}},{"type":"Feature","properties":{"id":1385704973,"kind":"pond"},"geometry":{"type":"Polygon","coordinates":[[[101.05395,3.59842],[101.0545,3.59828],[101.05457,3.59826],[101.0546,3.59825],[101.05461,3.59822],[101.05465,3.59771],[101.05465,3.59768],[101.05463,3.59767],[101.05459,3.59767],[101.05448,3.59771],[101.05372,3.59792],[101.0537,3.59793],[101.05369,3.59796],[101.05369,3.59801],[101.05382,3.59831],[101.05387,3.5984],[101.05391,3.59842],[101.05395,3.59842]]]}},{"type":"Feature","properties":{"id":1385704974,"kind":"pond"},"geometry":{"type":"Polygon","coordinates":[[[101.05363,3.59789],[101.05366,3.59789],[101.05465,3.5976],[101.05467,3.59758],[101.05468,3.59754],[101.05471,3.59727],[101.0547,3.5972],[101.05468,3.59717],[101.05464,3.59716],[101.05356,3.59749],[101.05353,3.59751],[101.05351,3.59756],[101.05351,3.59761],[101.0536,3.59786],[101.05363,3.59789]]]}},{"type":"Feature","properties":{"id":1385704975,"kind":"pond"},"geometry":{"type":"Polygon","coordinates":[[[101.05349,3.5974],[101.05353,3.59743],[101.05357,3.59744],[101.05364,3.59743],[101.05382,3.59736],[101.05469,3.59712],[101.05471,3.5971],[101.05473,3.59707],[101.05473,3.59666],[101.05471,3.59663],[101.05467,3.59661],[101.05461,3.59662],[101.05378,3.59688],[101.05347,3.597],[101.05344,3.59703],[101.05342,3.59706],[101.05342,3.59712],[101.05349,3.5974]]]}},{"type":"Feature","properties":{"id":1385704977,"kind":"pond"},"geometry":{"type":"Polygon","coordinates":[[[101.05372,3.59683],[101.05375,3.59685],[101.05378,3.59684],[101.05412,3.59673],[101.05457,3.59659],[101.05471,3.59656],[101.05474,3.59654],[101.05475,3.59651],[101.05479,3.59622],[101.05478,3.59618],[101.05476,3.59617],[101.0547,3.59617],[101.05375,3.59639],[101.05373,3.5964],[101.05371,3.59644],[101.0537,3.59652],[101.05371,3.59673],[101.05372,3.59683]]]}},{"type":"Feature","properties":{"id":1385704978,"kind":"pond"},"geometry":{"type":"Polygon","coordinates":[[[101.05368,3.59632],[101.05368,3.59634],[101.05369,3.59636],[101.05374,3.59636],[101.05384,3.59632],[101.05475,3.59612],[101.05482,3.59611],[101.05485,3.5961],[101.05488,3.59607],[101.05497,3.59594],[101.05497,3.59591],[101.05495,3.59589],[101.05491,3.59588],[101.05412,3.596],[101.05381,3.59615],[101.05376,3.59619],[101.0537,3.59626],[101.05368,3.59632]]]}},{"type":"Feature","properties":{"id":1385704979,"kind":"pond"},"geometry":{"type":"Polygon","coordinates":[[[101.05453,3.60296],[101.05453,3.60298],[101.05456,3.60301],[101.0547,3.60308],[101.05557,3.60333],[101.05559,3.60333],[101.05561,3.60332],[101.05569,3.60297],[101.05569,3.60294],[101.05567,3.60292],[101.05503,3.60262],[101.05499,3.60262],[101.05496,3.60264],[101.05453,3.60296]]]}},{"type":"Feature","properties":{"id":1385704981,"kind":"pond"},"geometry":{"type":"Polygon","coordinates":[[[101.05417,3.60231],[101.05416,3.60235],[101.05416,3.60238],[101.05445,3.60291],[101.05447,3.60292],[101.0545,3.60291],[101.05501,3.60251],[101.05501,3.60246],[101.0549,3.60214],[101.05476,3.60183],[101.05474,3.60181],[101.0547,3.60181],[101.05468,3.60182],[101.05417,3.60231]]]}},{"type":"Feature","properties":{"id":1385704982,"kind":"pond"},"geometry":{"type":"Polygon","coordinates":[[[101.05386,3.60185],[101.05409,3.60223],[101.05412,3.60224],[101.05417,3.60223],[101.05469,3.60174],[101.05469,3.60169],[101.05448,3.60129],[101.05445,3.60128],[101.05441,3.60128],[101.05387,3.6018],[101.05386,3.60185]]]}},{"type":"Feature","properties":{"id":1385704983,"kind":"pond"},"geometry":{"type":"Polygon","coordinates":[[[101.05385,3.60173],[101.05441,3.60123],[101.05442,3.60119],[101.05419,3.60075],[101.05416,3.60074],[101.05413,3.60075],[101.05357,3.60121],[101.05355,3.60123],[101.05354,3.60129],[101.05378,3.60171],[101.05381,3.60173],[101.05385,3.60173]]]}},{"type":"Feature","properties":{"id":1385704985,"kind":"pond"},"geometry":{"type":"Polygon","coordinates":[[[101.05336,3.6011],[101.05335,3.60113],[101.05341,3.60121],[101.05344,3.60122],[101.05417,3.60065],[101.05417,3.60062],[101.05407,3.60045],[101.05404,3.60044],[101.05336,3.6011]]]}},{"type":"Feature","properties":{"id":1385704986,"kind":"pond"},"geometry":{"type":"Polygon","coordinates":[[[101.05291,3.60063],[101.05325,3.60101],[101.05329,3.60101],[101.05334,3.60099],[101.05397,3.60038],[101.05397,3.60034],[101.05364,3.59974],[101.05362,3.59973],[101.05359,3.59974],[101.05291,3.60059],[101.05291,3.60063]]]}},{"type":"Feature","properties":{"id":1385704987,"kind":"pond"},"geometry":{"type":"Polygon","coordinates":[[[101.05177,3.6003],[101.05239,3.60081],[101.05243,3.60083],[101.05247,3.60082],[101.05252,3.60079],[101.05264,3.60063],[101.05265,3.60059],[101.05264,3.60056],[101.05198,3.60003],[101.05195,3.60003],[101.05192,3.60004],[101.05177,3.60023],[101.05177,3.60027],[101.05177,3.6003]]]}},{"type":"Feature","properties":{"id":1385704988,"kind":"pond"},"geometry":{"type":"Polygon","coordinates":[[[101.05202,3.59991],[101.05202,3.59995],[101.05205,3.59999],[101.05268,3.6005],[101.05271,3.60051],[101.05274,3.6005],[101.0529,3.60034],[101.05291,3.60029],[101.05291,3.60026],[101.0529,3.60023],[101.05224,3.5997],[101.0522,3.5997],[101.05217,3.59971],[101.05204,3.59986],[101.05202,3.59991]]]}},{"type":"Feature","properties":{"id":1385704989,"kind":"pond"},"geometry":{"type":"Polygon","coordinates":[[[101.05226,3.59959],[101.05226,3.59962],[101.05227,3.59966],[101.05294,3.60018],[101.05298,3.60019],[101.05301,3.60018],[101.05319,3.59996],[101.0532,3.59993],[101.05319,3.59989],[101.05251,3.59935],[101.05248,3.59934],[101.05245,3.59935],[101.05226,3.59959]]]}},{"type":"Feature","properties":{"id":1385704990,"kind":"pond"},"geometry":{"type":"Polygon","coordinates":[[[101.05253,3.59923],[101.05253,3.59927],[101.05254,3.59931],[101.05265,3.59941],[101.0529,3.59959],[101.05321,3.59984],[101.05325,3.59986],[101.05328,3.59985],[101.05336,3.59977],[101.0535,3.59954],[101.0535,3.59951],[101.0535,3.59947],[101.05309,3.5991],[101.05288,3.59894],[101.05283,3.59891],[101.05279,3.59892],[101.05276,3.59894],[101.05253,3.59923]]]}},{"type":"Feature","properties":{"id":1385704991,"kind":"pond"},"geometry":{"type":"Polygon","coordinates":[[[101.0531,3.59899],[101.0531,3.59901],[101.05339,3.59928],[101.05354,3.59944],[101.05356,3.59945],[101.05359,3.59942],[101.05359,3.5994],[101.05355,3.59934],[101.05339,3.59906],[101.05331,3.59889],[101.05328,3.59887],[101.05324,3.59887],[101.05321,3.59888],[101.0531,3.59899]]]}},{"type":"Feature","properties":{"id":1385704992,"kind":"pond"},"geometry":{"type":"Polygon","coordinates":[[[101.05222,3.59843],[101.05222,3.59846],[101.05235,3.59861],[101.05257,3.59874],[101.0527,3.59883],[101.05273,3.59884],[101.05279,3.59882],[101.05283,3.59883],[101.05299,3.59894],[101.05303,3.59894],[101.05326,3.59879],[101.05327,3.59875],[101.05307,3.59826],[101.05304,3.59813],[101.05302,3.5981],[101.05298,3.59809],[101.05222,3.59843]]]}},{"type":"Feature","properties":{"id":1385704993,"kind":"pond"},"geometry":{"type":"Polygon","coordinates":[[[101.05154,3.59875],[101.05153,3.59877],[101.05154,3.5988],[101.05186,3.59902],[101.05222,3.59931],[101.05224,3.59931],[101.05227,3.5993],[101.05244,3.59911],[101.05257,3.59894],[101.05258,3.5989],[101.05258,3.59887],[101.05257,3.59884],[101.0522,3.59859],[101.05209,3.59848],[101.05206,3.59847],[101.05181,3.59858],[101.05156,3.59873],[101.05154,3.59875]]]}},{"type":"Feature","properties":{"id":1385704994,"kind":"pond"},"geometry":{"type":"Polygon","coordinates":[[[101.05114,3.59916],[101.05167,3.59955],[101.05183,3.59973],[101.05188,3.59975],[101.05193,3.59973],[101.05218,3.5994],[101.05218,3.59937],[101.05217,3.59934],[101.05147,3.59883],[101.05144,3.59882],[101.05139,3.59883],[101.05125,3.59891],[101.05112,3.59909],[101.05112,3.59912],[101.05114,3.59916]]]}},{"type":"Feature","properties":{"id":1385704995,"kind":"pond"},"geometry":{"type":"Polygon","coordinates":[[[101.05084,3.59953],[101.05084,3.59957],[101.05154,3.60015],[101.05158,3.60015],[101.05161,3.60013],[101.05183,3.59986],[101.05183,3.59982],[101.0518,3.59976],[101.05112,3.59923],[101.05108,3.59922],[101.05104,3.59924],[101.05084,3.59953]]]}},{"type":"Feature","properties":{"id":1385704998,"kind":"pond"},"geometry":{"type":"Polygon","coordinates":[[[101.05141,3.5976],[101.05197,3.59822],[101.05202,3.59823],[101.05273,3.59793],[101.05276,3.59791],[101.05276,3.59787],[101.05259,3.59756],[101.05229,3.59711],[101.05221,3.59704],[101.05214,3.597],[101.05207,3.59699],[101.05201,3.597],[101.05142,3.59752],[101.05141,3.59756],[101.05141,3.5976]]]}},{"type":"Feature","properties":{"id":1385704999,"kind":"pond"},"geometry":{"type":"Polygon","coordinates":[[[101.0506,3.5983],[101.05108,3.59868],[101.05117,3.59869],[101.05124,3.59867],[101.05149,3.59849],[101.05186,3.5983],[101.05188,3.59826],[101.05188,3.59822],[101.05132,3.59765],[101.05128,3.59765],[101.0506,3.59824],[101.0506,3.5983]]]}},{"type":"Feature","properties":{"id":1385705000,"kind":"pond"},"geometry":{"type":"Polygon","coordinates":[[[101.05001,3.59878],[101.05003,3.59883],[101.0506,3.59925],[101.05066,3.59925],[101.05072,3.59922],[101.05102,3.59882],[101.05103,3.59875],[101.05102,3.5987],[101.05053,3.5983],[101.05049,3.5983],[101.05001,3.59878]]]}},{"type":"Feature","properties":{"id":1385705001,"kind":"pond"},"geometry":{"type":"Polygon","coordinates":[[[101.04949,3.60056],[101.0495,3.6006],[101.04964,3.60073],[101.04971,3.60077],[101.04974,3.60077],[101.0498,3.60071],[101.0505,3.5998],[101.05051,3.59978],[101.05051,3.59975],[101.05029,3.59957],[101.05025,3.59956],[101.05022,3.59958],[101.04949,3.60056]]]}},{"type":"Feature","properties":{"id":1385705002,"kind":"pond"},"geometry":{"type":"Polygon","coordinates":[[[101.04978,3.6008],[101.04978,3.60083],[101.0498,3.60086],[101.04994,3.60096],[101.04997,3.60096],[101.05001,3.60095],[101.05013,3.60078],[101.05021,3.60068],[101.05038,3.60044],[101.05076,3.59998],[101.05076,3.59995],[101.05057,3.5998],[101.05054,3.59981],[101.04978,3.6008]]]}},{"type":"Feature","properties":{"id":1385705003,"kind":"pond"},"geometry":{"type":"Polygon","coordinates":[[[101.05007,3.60098],[101.05006,3.60101],[101.05007,3.60103],[101.05019,3.60115],[101.05033,3.60124],[101.05036,3.60124],[101.05039,3.60122],[101.05049,3.60107],[101.05111,3.60029],[101.05112,3.60027],[101.05111,3.60024],[101.05083,3.60003],[101.05081,3.60002],[101.05078,3.60003],[101.05007,3.60098]]]}},{"type":"Feature","properties":{"id":1385705004,"kind":"pond"},"geometry":{"type":"Polygon","coordinates":[[[101.05041,3.60127],[101.05042,3.6013],[101.05052,3.60142],[101.05068,3.60152],[101.05071,3.60152],[101.05074,3.60151],[101.05113,3.60097],[101.05146,3.60056],[101.05146,3.60053],[101.05144,3.6005],[101.0512,3.60032],[101.05118,3.60031],[101.05115,3.60032],[101.05071,3.60091],[101.05041,3.60127]]]}},{"type":"Feature","properties":{"id":1385705005,"kind":"pond"},"geometry":{"type":"Polygon","coordinates":[[[101.05078,3.60156],[101.05078,3.60159],[101.05093,3.60174],[101.05104,3.6018],[101.05107,3.6018],[101.05111,3.60178],[101.05181,3.60086],[101.05182,3.60083],[101.05182,3.60081],[101.05155,3.60059],[101.05153,3.60058],[101.0515,3.60059],[101.05078,3.60156]]]}},{"type":"Feature","properties":{"id":1385705006,"kind":"pond"},"geometry":{"type":"Polygon","coordinates":[[[101.05116,3.60184],[101.05116,3.60188],[101.05123,3.60198],[101.05136,3.60208],[101.0514,3.60209],[101.05143,3.60208],[101.05149,3.60203],[101.05214,3.60119],[101.05215,3.60114],[101.05215,3.60111],[101.05214,3.60108],[101.05189,3.6009],[101.05185,3.6009],[101.05116,3.60184]]]}},{"type":"Feature","properties":{"id":1385705009,"kind":"pond"},"geometry":{"type":"Polygon","coordinates":[[[101.04901,3.60224],[101.04901,3.60229],[101.0492,3.60241],[101.04926,3.6024],[101.05003,3.60136],[101.05003,3.60132],[101.04988,3.60117],[101.04983,3.60116],[101.04975,3.60121],[101.04901,3.60224]]]}},{"type":"Feature","properties":{"id":1385705010,"kind":"pond"},"geometry":{"type":"Polygon","coordinates":[[[101.04821,3.60343],[101.04822,3.60347],[101.04835,3.60355],[101.04838,3.60354],[101.04916,3.60249],[101.04915,3.60246],[101.049,3.60241],[101.04895,3.60242],[101.04821,3.60343]]]}},{"type":"Feature","properties":{"id":1385705011,"kind":"pond"},"geometry":{"type":"Polygon","coordinates":[[[101.04933,3.60243],[101.04933,3.60247],[101.04979,3.60283],[101.04982,3.60283],[101.04984,3.60281],[101.05014,3.60238],[101.05057,3.60182],[101.05057,3.60179],[101.05057,3.60176],[101.05044,3.60164],[101.05037,3.6016],[101.05015,3.60139],[101.05012,3.60139],[101.05009,3.6014],[101.04933,3.60243]]]}},{"type":"Feature","properties":{"id":1385705012,"kind":"pond"},"geometry":{"type":"Polygon","coordinates":[[[101.04988,3.60285],[101.04988,3.60288],[101.04989,3.60291],[101.05008,3.60308],[101.05011,3.60309],[101.05015,3.60307],[101.05023,3.60299],[101.05092,3.60208],[101.05092,3.60205],[101.05091,3.60202],[101.05073,3.60186],[101.05068,3.60184],[101.05065,3.60185],[101.05061,3.60187],[101.04988,3.60285]]]}},{"type":"Feature","properties":{"id":1385705013,"kind":"pond"},"geometry":{"type":"Polygon","coordinates":[[[101.05018,3.60313],[101.05018,3.60317],[101.05031,3.6033],[101.05043,3.60338],[101.05046,3.60338],[101.05048,3.60337],[101.05124,3.60237],[101.05126,3.60231],[101.05125,3.60227],[101.0511,3.60213],[101.05102,3.6021],[101.05099,3.60209],[101.05096,3.60211],[101.05018,3.60313]]]}},{"type":"Feature","properties":{"id":1385705014,"kind":"pond"},"geometry":{"type":"Polygon","coordinates":[[[101.04898,3.60286],[101.049,3.6029],[101.05013,3.60381],[101.05017,3.6038],[101.05041,3.60347],[101.0504,3.60343],[101.04927,3.60252],[101.04922,3.60253],[101.04899,3.60282],[101.04898,3.60286]]]}},{"type":"Feature","properties":{"id":1385705015,"kind":"pond"},"geometry":{"type":"Polygon","coordinates":[[[101.04843,3.60357],[101.04843,3.60361],[101.04848,3.60366],[101.04863,3.60376],[101.04955,3.6045],[101.04959,3.60451],[101.04963,3.60449],[101.04997,3.60401],[101.05005,3.60393],[101.05005,3.60388],[101.05004,3.60384],[101.04944,3.60338],[101.04896,3.60295],[101.04892,3.60294],[101.04889,3.60296],[101.04843,3.60357]]]}},{"type":"Feature","properties":{"id":1385705016,"kind":"pond"},"geometry":{"type":"Polygon","coordinates":[[[101.04742,3.60418],[101.04743,3.60421],[101.04764,3.60437],[101.04789,3.60455],[101.04791,3.60455],[101.04834,3.60403],[101.04835,3.60399],[101.04832,3.60394],[101.04828,3.60388],[101.04813,3.60378],[101.04791,3.60364],[101.04788,3.60364],[101.04786,3.60365],[101.04774,3.60377],[101.04742,3.60418]]]}},{"type":"Feature","properties":{"id":1385705017,"kind":"pond"},"geometry":{"type":"Polygon","coordinates":[[[101.04797,3.60459],[101.04797,3.60462],[101.04798,3.60465],[101.0482,3.60481],[101.04841,3.60498],[101.04843,3.60497],[101.04859,3.6048],[101.04872,3.60467],[101.04889,3.60447],[101.04889,3.60444],[101.04889,3.60441],[101.04885,3.60437],[101.04863,3.6042],[101.04853,3.60416],[101.04842,3.60409],[101.04839,3.60409],[101.04836,3.6041],[101.04816,3.60434],[101.04797,3.60459]]]}},{"type":"Feature","properties":{"id":1385705018,"kind":"pond"},"geometry":{"type":"Polygon","coordinates":[[[101.0485,3.60506],[101.04888,3.60536],[101.04891,3.60536],[101.04893,3.60535],[101.04907,3.60522],[101.04936,3.60486],[101.04937,3.60482],[101.04936,3.60478],[101.04916,3.60458],[101.049,3.60449],[101.04897,3.60448],[101.04894,3.60449],[101.04849,3.605],[101.0485,3.60506]]]}},{"type":"Feature","properties":{"id":1385705019,"kind":"pond"},"geometry":{"type":"Polygon","coordinates":[[[101.04689,3.60481],[101.04689,3.60485],[101.04713,3.60504],[101.04727,3.60511],[101.04735,3.60517],[101.04739,3.60517],[101.04742,3.60516],[101.04784,3.60464],[101.04784,3.60461],[101.04783,3.60459],[101.0474,3.60426],[101.04737,3.60425],[101.04735,3.60426],[101.04689,3.60481]]]}},{"type":"Feature","properties":{"id":1385705020,"kind":"pond"},"geometry":{"type":"Polygon","coordinates":[[[101.04747,3.60521],[101.04747,3.60525],[101.04754,3.60533],[101.0477,3.60543],[101.04788,3.60557],[101.04792,3.60556],[101.04835,3.60504],[101.04835,3.605],[101.04799,3.60473],[101.04792,3.60469],[101.04789,3.6047],[101.04767,3.60496],[101.04747,3.60521]]]}},{"type":"Feature","properties":{"id":1385705021,"kind":"pond"},"geometry":{"type":"Polygon","coordinates":[[[101.04797,3.60567],[101.04822,3.60587],[101.04841,3.60599],[101.04845,3.60599],[101.0485,3.60597],[101.04887,3.60548],[101.04887,3.60544],[101.04886,3.60541],[101.04844,3.6051],[101.0484,3.6051],[101.04796,3.60562],[101.04797,3.60567]]]}},{"type":"Feature","properties":{"id":1385705022,"kind":"pond"},"geometry":{"type":"Polygon","coordinates":[[[101.04627,3.60558],[101.04627,3.60562],[101.0463,3.60566],[101.04649,3.60579],[101.04664,3.60591],[101.04668,3.60592],[101.04671,3.6059],[101.04687,3.6057],[101.0471,3.60537],[101.0471,3.60532],[101.04709,3.60528],[101.04694,3.60513],[101.04687,3.6051],[101.04675,3.60501],[101.0467,3.60501],[101.04666,3.60503],[101.04655,3.60516],[101.04642,3.60537],[101.04627,3.60558]]]}},{"type":"Feature","properties":{"id":1385705023,"kind":"pond"},"geometry":{"type":"Polygon","coordinates":[[[101.04672,3.60598],[101.04672,3.60601],[101.04724,3.60643],[101.04729,3.60644],[101.04732,3.60642],[101.04776,3.60582],[101.04776,3.60577],[101.04774,3.60573],[101.04725,3.60538],[101.0472,3.60538],[101.04715,3.60539],[101.04672,3.60598]]]}},{"type":"Feature","properties":{"id":1385705024,"kind":"pond"},"geometry":{"type":"Polygon","coordinates":[[[101.04734,3.60646],[101.04735,3.60649],[101.0476,3.60668],[101.04781,3.60679],[101.04784,3.6068],[101.04789,3.60678],[101.04817,3.60641],[101.04828,3.60622],[101.04828,3.60618],[101.04827,3.60614],[101.04786,3.60583],[101.04784,3.60583],[101.04779,3.60584],[101.04747,3.60629],[101.04735,3.60643],[101.04734,3.60646]]]}},{"type":"Feature","properties":{"id":1385705025,"kind":"pond"},"geometry":{"type":"Polygon","coordinates":[[[101.04583,3.60623],[101.04582,3.60626],[101.04585,3.60631],[101.04603,3.60646],[101.04617,3.60654],[101.04622,3.60655],[101.04626,3.60654],[101.04632,3.60648],[101.04664,3.606],[101.04664,3.60597],[101.04662,3.60594],[101.04627,3.60567],[101.04624,3.60567],[101.0462,3.60568],[101.04607,3.60583],[101.04583,3.60623]]]}},{"type":"Feature","properties":{"id":1385705026,"kind":"pond"},"geometry":{"type":"Polygon","coordinates":[[[101.04629,3.60658],[101.04629,3.60662],[101.04631,3.60666],[101.04636,3.60672],[101.04681,3.60703],[101.04684,3.60704],[101.04687,3.60702],[101.04725,3.60651],[101.04725,3.60647],[101.04671,3.60605],[101.04667,3.60605],[101.04629,3.60658]]]}},{"type":"Feature","properties":{"id":1385705027,"kind":"pond"},"geometry":{"type":"Polygon","coordinates":[[[101.04736,3.60744],[101.04741,3.60743],[101.04745,3.6074],[101.04749,3.60735],[101.04751,3.60729],[101.04779,3.6069],[101.04779,3.60686],[101.04776,3.60682],[101.04747,3.60664],[101.04732,3.60653],[101.04728,3.60653],[101.04692,3.60702],[101.0469,3.60705],[101.0469,3.6071],[101.04698,3.60718],[101.04736,3.60744]]]}},{"type":"Feature","properties":{"id":1385705030,"kind":"pond"},"geometry":{"type":"Polygon","coordinates":[[[101.04581,3.6084],[101.04633,3.60878],[101.04636,3.60878],[101.0464,3.60875],[101.0465,3.60847],[101.0465,3.60842],[101.04604,3.60808],[101.046,3.60808],[101.04597,3.6081],[101.04581,3.60835],[101.04581,3.6084]]]}},{"type":"Feature","properties":{"id":1385705031,"kind":"pond"},"geometry":{"type":"Polygon","coordinates":[[[101.04515,3.6079],[101.04517,3.60794],[101.04568,3.60831],[101.04573,3.60831],[101.04588,3.60807],[101.04588,3.60802],[101.04579,3.60793],[101.04569,3.60785],[101.04537,3.60763],[101.04533,3.60763],[101.04528,3.60767],[101.04515,3.6079]]]}},{"type":"Feature","properties":{"id":1385705032,"kind":"pond"},"geometry":{"type":"Polygon","coordinates":[[[101.04485,3.60823],[101.04486,3.60829],[101.04543,3.6087],[101.04547,3.60871],[101.04565,3.60843],[101.04565,3.60839],[101.04507,3.60797],[101.04503,3.60798],[101.04485,3.60823]]]}},{"type":"Feature","properties":{"id":1385705033,"kind":"pond"},"geometry":{"type":"Polygon","coordinates":[[[101.04553,3.60876],[101.04554,3.6088],[101.04609,3.60917],[101.04614,3.60916],[101.04632,3.60891],[101.04631,3.60887],[101.04575,3.60847],[101.0457,3.60848],[101.04553,3.60876]]]}},{"type":"Feature","properties":{"id":1385705034,"kind":"pond"},"geometry":{"type":"Polygon","coordinates":[[[101.04527,3.60919],[101.0458,3.60957],[101.04584,3.60958],[101.04589,3.60956],[101.04605,3.60933],[101.04604,3.60929],[101.04549,3.60889],[101.04544,3.60888],[101.04541,3.60891],[101.04526,3.60915],[101.04527,3.60919]]]}},{"type":"Feature","properties":{"id":1385705035,"kind":"pond"},"geometry":{"type":"Polygon","coordinates":[[[101.04455,3.60865],[101.04509,3.60906],[101.04515,3.60906],[101.04531,3.60882],[101.0453,3.60876],[101.04477,3.60836],[101.04472,3.60836],[101.04465,3.60842],[101.04453,3.6086],[101.04455,3.60865]]]}},{"type":"Feature","properties":{"id":1385705036,"kind":"pond"},"geometry":{"type":"Polygon","coordinates":[[[101.0442,3.6091],[101.04479,3.6095],[101.04483,3.60949],[101.04506,3.60916],[101.04506,3.60913],[101.0445,3.6087],[101.04446,3.6087],[101.0442,3.60905],[101.0442,3.6091]]]}},{"type":"Feature","properties":{"id":1385705037,"kind":"pond"},"geometry":{"type":"Polygon","coordinates":[[[101.04494,3.60959],[101.04494,3.60963],[101.04553,3.61002],[101.04558,3.61002],[101.0458,3.60971],[101.04579,3.60966],[101.04523,3.60924],[101.04519,3.60924],[101.04494,3.60959]]]}},{"type":"Feature","properties":{"id":1385705038,"kind":"pond"},"geometry":{"type":"Polygon","coordinates":[[[101.04468,3.60997],[101.04471,3.61001],[101.04528,3.61039],[101.04534,3.61037],[101.04548,3.61013],[101.04548,3.61009],[101.04542,3.61003],[101.04493,3.6097],[101.04489,3.60969],[101.04485,3.60971],[101.04468,3.60997]]]}},{"type":"Feature","properties":{"id":1385705039,"kind":"pond"},"geometry":{"type":"Polygon","coordinates":[[[101.04397,3.60949],[101.04454,3.60987],[101.04457,3.60986],[101.04475,3.60959],[101.04475,3.60955],[101.04472,3.60951],[101.0442,3.60918],[101.04416,3.60918],[101.04411,3.6092],[101.04395,3.60943],[101.04397,3.60949]]]}},{"type":"Feature","properties":{"id":1385705040,"kind":"pond"},"geometry":{"type":"Polygon","coordinates":[[[101.0444,3.61035],[101.0444,3.61039],[101.04442,3.61043],[101.04497,3.61078],[101.04501,3.61078],[101.04524,3.61048],[101.04523,3.61044],[101.04466,3.61005],[101.04461,3.61005],[101.0444,3.61035]]]}},{"type":"Feature","properties":{"id":1385705041,"kind":"pond"},"geometry":{"type":"Polygon","coordinates":[[[101.04364,3.6099],[101.04423,3.61029],[101.04429,3.61028],[101.04448,3.60998],[101.04448,3.60994],[101.04392,3.60952],[101.04388,3.60953],[101.04364,3.60984],[101.04364,3.6099]]]}},{"type":"Feature","properties":{"id":1385705042,"kind":"pond"},"geometry":{"type":"Polygon","coordinates":[[[101.04335,3.61027],[101.04336,3.61033],[101.04389,3.61075],[101.04393,3.61075],[101.04396,3.61073],[101.04418,3.6104],[101.04418,3.61037],[101.04363,3.60996],[101.04357,3.60996],[101.04335,3.61027]]]}},{"type":"Feature","properties":{"id":1385705043,"kind":"pond"},"geometry":{"type":"Polygon","coordinates":[[[101.04311,3.61069],[101.04365,3.61111],[101.04371,3.61109],[101.04387,3.61086],[101.04387,3.61081],[101.04332,3.61039],[101.04328,3.61039],[101.04324,3.6104],[101.04309,3.61065],[101.04311,3.61069]]]}},{"type":"Feature","properties":{"id":1385705044,"kind":"pond"},"geometry":{"type":"Polygon","coordinates":[[[101.04383,3.61116],[101.04383,3.6112],[101.04439,3.61158],[101.04444,3.61157],[101.04466,3.61127],[101.04466,3.61122],[101.0441,3.61081],[101.04405,3.61083],[101.04383,3.61116]]]}},{"type":"Feature","properties":{"id":1385705045,"kind":"pond"},"geometry":{"type":"Polygon","coordinates":[[[101.04279,3.61104],[101.04279,3.61108],[101.0431,3.6113],[101.04335,3.61151],[101.04338,3.61151],[101.04341,3.6115],[101.0436,3.61122],[101.04361,3.61116],[101.04359,3.61111],[101.04306,3.61076],[101.04303,3.61075],[101.04298,3.61077],[101.04279,3.61104]]]}},{"type":"Feature","properties":{"id":1385705046,"kind":"pond"},"geometry":{"type":"Polygon","coordinates":[[[101.04357,3.61168],[101.04407,3.61202],[101.04412,3.61202],[101.04434,3.61169],[101.04434,3.61164],[101.04381,3.61128],[101.04377,3.61129],[101.04372,3.6113],[101.04354,3.61158],[101.04354,3.61163],[101.04357,3.61168]]]}},{"type":"Feature","properties":{"id":1385705047,"kind":"pond"},"geometry":{"type":"Polygon","coordinates":[[[101.04327,3.61194],[101.04326,3.61198],[101.04328,3.61203],[101.04379,3.61239],[101.04384,3.6124],[101.04389,3.61238],[101.04405,3.61214],[101.04405,3.6121],[101.04404,3.61206],[101.04352,3.61169],[101.04348,3.61169],[101.04344,3.61171],[101.04327,3.61194]]]}},{"type":"Feature","properties":{"id":1385705048,"kind":"pond"},"geometry":{"type":"Polygon","coordinates":[[[101.04252,3.61147],[101.04308,3.61188],[101.04313,3.61188],[101.04331,3.61162],[101.04331,3.61157],[101.04275,3.61115],[101.04271,3.61115],[101.04251,3.61143],[101.04252,3.61147]]]}},{"type":"Feature","properties":{"id":1385705049,"kind":"pond"},"geometry":{"type":"Polygon","coordinates":[[[101.04226,3.6118],[101.04227,3.61184],[101.04282,3.61226],[101.04286,3.61225],[101.04305,3.61199],[101.04305,3.61194],[101.04249,3.61154],[101.04245,3.61153],[101.04241,3.61154],[101.04226,3.6118]]]}},{"type":"Feature","properties":{"id":1385705050,"kind":"pond"},"geometry":{"type":"Polygon","coordinates":[[[101.04301,3.61236],[101.04356,3.61277],[101.04361,3.61276],[101.04379,3.61251],[101.04378,3.61246],[101.04323,3.61207],[101.04319,3.61206],[101.043,3.61231],[101.04301,3.61236]]]}},{"type":"Feature","properties":{"id":1385705051,"kind":"pond"},"geometry":{"type":"Polygon","coordinates":[[[101.04195,3.61224],[101.04196,3.61228],[101.04253,3.61267],[101.04257,3.61267],[101.04261,3.61265],[101.04279,3.61237],[101.04279,3.61233],[101.04277,3.61229],[101.04223,3.6119],[101.04219,3.61191],[101.04215,3.61193],[101.04195,3.61224]]]}},{"type":"Feature","properties":{"id":1385705052,"kind":"pond"},"geometry":{"type":"Polygon","coordinates":[[[101.0427,3.61281],[101.04323,3.61319],[101.04328,3.61318],[101.04353,3.61285],[101.04353,3.6128],[101.04297,3.6124],[101.04293,3.61241],[101.04269,3.61275],[101.0427,3.61281]]]}},{"type":"Feature","properties":{"id":1385705053,"kind":"pond"},"geometry":{"type":"Polygon","coordinates":[[[101.04168,3.61265],[101.04228,3.61304],[101.04232,3.61303],[101.04249,3.61277],[101.04249,3.61273],[101.0419,3.61234],[101.04186,3.61235],[101.04168,3.6126],[101.04168,3.61265]]]}},{"type":"Feature","properties":{"id":1385705054,"kind":"pond"},"geometry":{"type":"Polygon","coordinates":[[[101.04244,3.61318],[101.043,3.61358],[101.04304,3.61357],[101.04322,3.6133],[101.04322,3.61325],[101.0432,3.61322],[101.04267,3.61286],[101.04261,3.61286],[101.04243,3.61313],[101.04244,3.61318]]]}},{"type":"Feature","properties":{"id":1385705055,"kind":"pond"},"geometry":{"type":"Polygon","coordinates":[[[101.04213,3.61362],[101.04265,3.61398],[101.04269,3.61398],[101.04275,3.61395],[101.04297,3.61365],[101.04296,3.6136],[101.04244,3.61322],[101.04239,3.61322],[101.04234,3.61324],[101.04211,3.61357],[101.04213,3.61362]]]}},{"type":"Feature","properties":{"id":1385705056,"kind":"pond"},"geometry":{"type":"Polygon","coordinates":[[[101.04138,3.61309],[101.04193,3.61349],[101.04199,3.61349],[101.04205,3.61346],[101.04225,3.61316],[101.04225,3.61313],[101.04224,3.61309],[101.04165,3.6127],[101.04161,3.6127],[101.04137,3.61301],[101.04136,3.61305],[101.04138,3.61309]]]}},{"type":"Feature","properties":{"id":1385705062,"kind":"pond"},"geometry":{"type":"Polygon","coordinates":[[[101.04232,3.61451],[101.04258,3.61411],[101.04258,3.61406],[101.04256,3.61402],[101.041,3.61298],[101.04095,3.61297],[101.0409,3.61299],[101.04068,3.61331],[101.04068,3.6134],[101.04071,3.61347],[101.04078,3.61357],[101.04219,3.61454],[101.04226,3.61454],[101.04232,3.61451]]]}},{"type":"Feature","properties":{"id":1385705063,"kind":"pond"},"geometry":{"type":"Polygon","coordinates":[[[101.03984,3.61415],[101.04017,3.61435],[101.04022,3.61436],[101.04026,3.61435],[101.04068,3.61391],[101.04069,3.61385],[101.04067,3.61381],[101.04048,3.61367],[101.0403,3.61357],[101.04026,3.61357],[101.04022,3.61358],[101.03981,3.61405],[101.03981,3.6141],[101.03984,3.61415]]]}},{"type":"Feature","properties":{"id":1385705066,"kind":"pond"},"geometry":{"type":"Polygon","coordinates":[[[101.0402,3.6146],[101.0403,3.61467],[101.04034,3.61466],[101.04046,3.61452],[101.0409,3.61406],[101.0409,3.61403],[101.04088,3.61399],[101.04078,3.61393],[101.04073,3.61394],[101.0402,3.61453],[101.04019,3.61457],[101.0402,3.6146]]]}},{"type":"Feature","properties":{"id":1385705067,"kind":"pond"},"geometry":{"type":"Polygon","coordinates":[[[101.04076,3.61439],[101.04181,3.61506],[101.04186,3.61506],[101.04192,3.61505],[101.0421,3.61481],[101.04211,3.61477],[101.04208,3.61472],[101.04108,3.61406],[101.04101,3.61404],[101.04096,3.61406],[101.04075,3.61428],[101.04074,3.61433],[101.04076,3.61439]]]}},{"type":"Feature","properties":{"id":1385705068,"kind":"pond"},"geometry":{"type":"Polygon","coordinates":[[[101.04042,3.61476],[101.04144,3.61543],[101.04148,3.61543],[101.04154,3.61541],[101.04178,3.61516],[101.04179,3.61512],[101.04177,3.61508],[101.04076,3.61443],[101.04068,3.61442],[101.04063,3.61443],[101.0404,3.61466],[101.0404,3.61471],[101.04042,3.61476]]]}},{"type":"Feature","properties":{"id":1385705069,"kind":"pond"},"geometry":{"type":"Polygon","coordinates":[[[101.03799,3.61672],[101.03814,3.61695],[101.03817,3.61696],[101.03821,3.61695],[101.03874,3.61631],[101.03922,3.61569],[101.03935,3.61559],[101.03955,3.61532],[101.0401,3.61467],[101.0401,3.61464],[101.04009,3.61461],[101.03979,3.61448],[101.03974,3.61448],[101.0397,3.6145],[101.03849,3.61604],[101.03801,3.61661],[101.038,3.61666],[101.03799,3.61672]]]}},{"type":"Feature","properties":{"id":1385705070,"kind":"pond"},"geometry":{"type":"Polygon","coordinates":[[[101.03995,3.61502],[101.04105,3.6158],[101.04109,3.61581],[101.04115,3.6158],[101.04138,3.61555],[101.04139,3.61549],[101.04138,3.61544],[101.04133,3.6154],[101.04026,3.61471],[101.04019,3.6147],[101.04014,3.61471],[101.03994,3.61495],[101.03993,3.61499],[101.03995,3.61502]]]}},{"type":"Feature","properties":{"id":1385705071,"kind":"pond"},"geometry":{"type":"Polygon","coordinates":[[[101.0397,3.61538],[101.04073,3.61615],[101.04078,3.61615],[101.04084,3.61614],[101.04102,3.61592],[101.04102,3.61587],[101.041,3.61581],[101.03992,3.61506],[101.03988,3.61506],[101.03983,3.61508],[101.03968,3.61528],[101.03967,3.61532],[101.0397,3.61538]]]}},{"type":"Feature","properties":{"id":1385705072,"kind":"pond"},"geometry":{"type":"Polygon","coordinates":[[[101.03938,3.6157],[101.04037,3.61649],[101.04041,3.6165],[101.04046,3.61648],[101.04059,3.61637],[101.04069,3.61624],[101.04069,3.61621],[101.04068,3.61617],[101.03967,3.61542],[101.03962,3.61541],[101.03958,3.61542],[101.03938,3.61564],[101.03938,3.61567],[101.03938,3.6157]]]}},{"type":"Feature","properties":{"id":1385705073,"kind":"pond"},"geometry":{"type":"Polygon","coordinates":[[[101.03914,3.61604],[101.04006,3.61679],[101.04011,3.61679],[101.04017,3.61677],[101.04033,3.6166],[101.04034,3.61656],[101.04032,3.61652],[101.03935,3.61575],[101.03931,3.61574],[101.03927,3.61575],[101.03912,3.61594],[101.03911,3.61599],[101.03914,3.61604]]]}},{"type":"Feature","properties":{"id":1385705074,"kind":"pond"},"geometry":{"type":"Polygon","coordinates":[[[101.03884,3.61631],[101.03884,3.61634],[101.03885,3.61637],[101.03948,3.61693],[101.03974,3.61714],[101.03977,3.61714],[101.03981,3.61713],[101.04,3.61695],[101.04001,3.61691],[101.04,3.61685],[101.03913,3.61611],[101.03908,3.61609],[101.03903,3.6161],[101.03898,3.61614],[101.0389,3.61622],[101.03884,3.61631]]]}},{"type":"Feature","properties":{"id":1385705075,"kind":"pond"},"geometry":{"type":"Polygon","coordinates":[[[101.03855,3.61676],[101.03941,3.6175],[101.03945,3.6175],[101.03949,3.61749],[101.03959,3.61741],[101.03971,3.61726],[101.03971,3.61723],[101.0397,3.61718],[101.03879,3.61643],[101.03876,3.61642],[101.03874,3.61642],[101.03852,3.61668],[101.03852,3.61672],[101.03855,3.61676]]]}},{"type":"Feature","properties":{"id":1385705076,"kind":"pond"},"geometry":{"type":"Polygon","coordinates":[[[101.03824,3.61708],[101.03905,3.61784],[101.0391,3.61785],[101.03916,3.61782],[101.03937,3.61759],[101.03938,3.61756],[101.03937,3.61752],[101.0385,3.61679],[101.03845,3.61679],[101.03841,3.6168],[101.03825,3.61701],[101.03824,3.61704],[101.03824,3.61708]]]}},{"type":"Feature","properties":{"id":1385705077,"kind":"pond"},"geometry":{"type":"Polygon","coordinates":[[[101.03807,3.6171],[101.0381,3.61717],[101.03831,3.61742],[101.03847,3.61755],[101.03856,3.61765],[101.03863,3.61767],[101.03868,3.61765],[101.0387,3.61762],[101.0387,3.61756],[101.03865,3.61751],[101.03846,3.61736],[101.03822,3.61713],[101.03816,3.61705],[101.03811,3.61704],[101.03808,3.61706],[101.03807,3.6171]]]}},{"type":"Feature","properties":{"id":1386945205,"kind":"pond"},"geometry":{"type":"Polygon","coordinates":[[[101.12848,3.45079],[101.12847,3.45084],[101.12849,3.45089],[101.12902,3.45135],[101.12907,3.45136],[101.12912,3.45135],[101.12916,3.45133],[101.1293,3.45111],[101.12929,3.45107],[101.12927,3.45103],[101.12869,3.45058],[101.12866,3.45058],[101.12862,3.45059],[101.12848,3.45079]]]}},{"type":"Feature","properties":{"id":1386945206,"kind":"pond"},"geometry":{"type":"Polygon","coordinates":[[[101.12873,3.45049],[101.12874,3.45053],[101.12932,3.45098],[101.12935,3.45098],[101.12938,3.45097],[101.12954,3.45078],[101.12954,3.45075],[101.12953,3.45071],[101.12897,3.45026],[101.12892,3.45025],[101.12888,3.45027],[101.12874,3.45045],[101.12873,3.45049]]]}},{"type":"Feature","properties":{"id":1386945207,"kind":"pond"},"geometry":{"type":"Polygon","coordinates":[[[101.12901,3.45012],[101.129,3.45015],[101.12901,3.45017],[101.1296,3.45068],[101.12963,3.45069],[101.12966,3.45067],[101.12976,3.45054],[101.12979,3.45043],[101.1298,3.45039],[101.12978,3.45036],[101.12926,3.44994],[101.12923,3.44993],[101.1292,3.44994],[101.12901,3.45012]]]}},{"type":"Feature","properties":{"id":1386945208,"kind":"pond"},"geometry":{"type":"Polygon","coordinates":[[[101.12833,3.45068],[101.12833,3.45071],[101.12833,3.45074],[101.1284,3.45079],[101.12842,3.45079],[101.12844,3.45078],[101.12862,3.45051],[101.12913,3.4499],[101.12916,3.44988],[101.12917,3.44984],[101.12915,3.44982],[101.12906,3.44975],[101.12904,3.44975],[101.12902,3.44976],[101.12833,3.45068]]]}},{"type":"Feature","properties":{"id":1386945209,"kind":"pond"},"geometry":{"type":"Polygon","coordinates":[[[101.12984,3.45032],[101.12988,3.45031],[101.12991,3.45029],[101.13024,3.44986],[101.13041,3.44968],[101.13042,3.44965],[101.13042,3.44962],[101.13041,3.4496],[101.12996,3.44925],[101.12994,3.44925],[101.12992,3.44926],[101.12934,3.44984],[101.12932,3.44987],[101.12933,3.44989],[101.12984,3.45032]]]}},{"type":"Feature","properties":{"id":1386945210,"kind":"pond"},"geometry":{"type":"Polygon","coordinates":[[[101.13049,3.44957],[101.13054,3.44957],[101.13059,3.44955],[101.13061,3.44953],[101.13061,3.4495],[101.13015,3.44919],[101.12997,3.44902],[101.12995,3.44901],[101.12993,3.44903],[101.12993,3.44908],[101.12994,3.44911],[101.12999,3.44916],[101.13012,3.44927],[101.13022,3.44933],[101.1304,3.4495],[101.13049,3.44957]]]}},{"type":"Feature","properties":{"id":1386945211,"kind":"pond"},"geometry":{"type":"Polygon","coordinates":[[[101.13068,3.44949],[101.13077,3.44949],[101.13115,3.44935],[101.13116,3.44932],[101.13117,3.44929],[101.13116,3.44926],[101.13059,3.44872],[101.13054,3.4487],[101.13046,3.44871],[101.13036,3.44874],[101.13004,3.4489],[101.13,3.44893],[101.12999,3.44897],[101.13002,3.44901],[101.13062,3.44947],[101.13068,3.44949]]]}},{"type":"Feature","properties":{"id":1386945212,"kind":"pond"},"geometry":{"type":"Polygon","coordinates":[[[101.1314,3.44926],[101.1317,3.44913],[101.13171,3.4491],[101.1317,3.44907],[101.13114,3.44843],[101.13111,3.44842],[101.13108,3.44843],[101.13076,3.44857],[101.13074,3.44859],[101.13074,3.44863],[101.13075,3.44868],[101.1313,3.44925],[101.13134,3.44926],[101.1314,3.44926]]]}},{"type":"Feature","properties":{"id":1386945213,"kind":"pond"},"geometry":{"type":"Polygon","coordinates":[[[101.13122,3.44843],[101.1318,3.44905],[101.13183,3.44906],[101.13187,3.44905],[101.13217,3.44887],[101.13218,3.44884],[101.13218,3.44881],[101.13161,3.4482],[101.13157,3.4482],[101.13123,3.44837],[101.13122,3.4484],[101.13122,3.44843]]]}},{"type":"Feature","properties":{"id":1386945214,"kind":"pond"},"geometry":{"type":"Polygon","coordinates":[[[101.1323,3.44881],[101.13266,3.44862],[101.13268,3.44859],[101.13268,3.44856],[101.13212,3.44796],[101.13208,3.44794],[101.13204,3.44795],[101.13169,3.44813],[101.13168,3.44815],[101.13169,3.4482],[101.13225,3.44881],[101.1323,3.44881]]]}},{"type":"Feature","properties":{"id":1386945215,"kind":"pond"},"geometry":{"type":"Polygon","coordinates":[[[101.13025,3.44866],[101.13028,3.44867],[101.13032,3.44867],[101.132,3.4479],[101.13203,3.44787],[101.13203,3.44785],[101.13202,3.44783],[101.13182,3.44772],[101.13178,3.44772],[101.13027,3.44849],[101.13025,3.44852],[101.13024,3.44856],[101.13024,3.4486],[101.13025,3.44866]]]}},{"type":"Feature","properties":{"id":1386945216,"kind":"pond"},"geometry":{"type":"Polygon","coordinates":[[[101.13223,3.4498],[101.13224,3.44985],[101.13243,3.45004],[101.13259,3.45016],[101.13262,3.45016],[101.13267,3.45015],[101.13326,3.44973],[101.13328,3.44969],[101.13328,3.44965],[101.13311,3.44927],[101.13307,3.44925],[101.13302,3.44924],[101.13296,3.44925],[101.13274,3.44938],[101.13224,3.44976],[101.13223,3.4498]]]}},{"type":"Feature","properties":{"id":1386945217,"kind":"pond"},"geometry":{"type":"Polygon","coordinates":[[[101.13308,3.45056],[101.13337,3.45035],[101.13338,3.45033],[101.13338,3.4503],[101.13336,3.45015],[101.13326,3.44985],[101.13325,3.44983],[101.13323,3.44982],[101.1332,3.44983],[101.13271,3.45016],[101.13268,3.4502],[101.13267,3.45023],[101.13268,3.45028],[101.13292,3.4505],[101.13302,3.45056],[101.13308,3.45056]]]}},{"type":"Feature","properties":{"id":1386945218,"kind":"pond"},"geometry":{"type":"Polygon","coordinates":[[[101.13347,3.45112],[101.13351,3.45111],[101.13363,3.45094],[101.13366,3.45084],[101.13367,3.45076],[101.13363,3.45066],[101.13352,3.45048],[101.13346,3.45042],[101.13342,3.45041],[101.13337,3.45041],[101.13313,3.45058],[101.13303,3.45067],[101.13301,3.45075],[101.13302,3.45083],[101.13307,3.45091],[101.13316,3.45098],[101.13347,3.45112]]]}},{"type":"Feature","properties":{"id":1391122213,"kind":"pond"},"geometry":{"type":"Polygon","coordinates":[[[101.13285,3.44441],[101.13285,3.44443],[101.13286,3.44445],[101.13331,3.44473],[101.13334,3.44472],[101.13336,3.44471],[101.13351,3.44446],[101.13351,3.44443],[101.1335,3.44441],[101.13306,3.44415],[101.13304,3.44415],[101.13301,3.44416],[101.13285,3.44441]]]}},{"type":"Feature","properties":{"id":1391122214,"kind":"pond"},"geometry":{"type":"Polygon","coordinates":[[[101.13289,3.44372],[101.13288,3.44377],[101.13289,3.44382],[101.13292,3.44387],[101.1335,3.44433],[101.13355,3.44434],[101.13358,3.44433],[101.13371,3.44414],[101.13371,3.44411],[101.1337,3.44407],[101.13308,3.44357],[101.13305,3.44357],[101.13302,3.44358],[101.13289,3.44372]]]}},{"type":"Feature","properties":{"id":1391122215,"kind":"pond"},"geometry":{"type":"Polygon","coordinates":[[[101.13309,3.44346],[101.13308,3.44349],[101.13309,3.44352],[101.13374,3.44403],[101.13376,3.44403],[101.13378,3.44402],[101.13392,3.44381],[101.13392,3.44378],[101.13391,3.44375],[101.13328,3.44325],[101.13325,3.44325],[101.13322,3.44325],[101.13309,3.44346]]]}},{"type":"Feature","properties":{"id":1391122216,"kind":"pond"},"geometry":{"type":"Polygon","coordinates":[[[101.1333,3.44314],[101.13329,3.44316],[101.1333,3.44319],[101.13393,3.4437],[101.13397,3.4437],[101.13399,3.44369],[101.13413,3.4435],[101.13413,3.44347],[101.13412,3.44344],[101.13348,3.44292],[101.13345,3.44292],[101.13343,3.44293],[101.1333,3.44314]]]}},{"type":"Feature","properties":{"id":1391122217,"kind":"pond"},"geometry":{"type":"Polygon","coordinates":[[[101.1335,3.44281],[101.1335,3.44284],[101.13351,3.44286],[101.13414,3.44338],[101.13416,3.44339],[101.1342,3.44338],[101.13434,3.44319],[101.13434,3.44316],[101.13433,3.44313],[101.13368,3.4426],[101.13365,3.44259],[101.13362,3.4426],[101.1335,3.44281]]]}},{"type":"Feature","properties":{"id":1391122218,"kind":"pond"},"geometry":{"type":"Polygon","coordinates":[[[101.13371,3.44247],[101.1337,3.44251],[101.13371,3.44253],[101.13433,3.44306],[101.13437,3.44307],[101.13441,3.44306],[101.13456,3.44287],[101.13457,3.44284],[101.13456,3.44281],[101.1339,3.44227],[101.13387,3.44227],[101.13384,3.44228],[101.13371,3.44247]]]}},{"type":"Feature","properties":{"id":1391122219,"kind":"pond"},"geometry":{"type":"Polygon","coordinates":[[[101.13391,3.44216],[101.13391,3.44219],[101.13392,3.44221],[101.13456,3.44276],[101.13459,3.44277],[101.13462,3.44276],[101.13477,3.44256],[101.13477,3.44254],[101.13476,3.44251],[101.1341,3.44196],[101.13408,3.44195],[101.13405,3.44196],[101.13391,3.44216]]]}},{"type":"Feature","properties":{"id":1391122220,"kind":"pond"},"geometry":{"type":"Polygon","coordinates":[[[101.13434,3.44201],[101.13434,3.44202],[101.13435,3.44205],[101.13558,3.44307],[101.13564,3.44308],[101.1357,3.44305],[101.13576,3.44301],[101.13583,3.4429],[101.13583,3.44287],[101.13583,3.44283],[101.13453,3.4418],[101.1345,3.44179],[101.13447,3.44181],[101.13434,3.44201]]]}},{"type":"Feature","properties":{"id":1391122221,"kind":"pond"},"geometry":{"type":"Polygon","coordinates":[[[101.13457,3.44169],[101.13457,3.44172],[101.13458,3.44176],[101.13587,3.4428],[101.1359,3.4428],[101.13593,3.44279],[101.13601,3.44271],[101.1361,3.44258],[101.1361,3.44256],[101.13609,3.44253],[101.13479,3.44148],[101.13476,3.44147],[101.13473,3.44148],[101.13457,3.44169]]]}},{"type":"Feature","properties":{"id":1391122222,"kind":"pond"},"geometry":{"type":"Polygon","coordinates":[[[101.13482,3.44136],[101.13481,3.44139],[101.13482,3.44141],[101.13611,3.44249],[101.13613,3.44249],[101.13616,3.44248],[101.13633,3.44226],[101.13634,3.44224],[101.13633,3.44221],[101.13502,3.44117],[101.13499,3.44116],[101.13496,3.44117],[101.13482,3.44136]]]}},{"type":"Feature","properties":{"id":1391122223,"kind":"pond"},"geometry":{"type":"Polygon","coordinates":[[[101.13505,3.44104],[101.13505,3.44107],[101.13506,3.4411],[101.13635,3.44216],[101.13639,3.44216],[101.13641,3.44215],[101.13658,3.44194],[101.13658,3.44191],[101.13658,3.44189],[101.13527,3.44083],[101.13523,3.44083],[101.1352,3.44084],[101.13505,3.44104]]]}},{"type":"Feature","properties":{"id":1391122224,"kind":"pond"},"geometry":{"type":"Polygon","coordinates":[[[101.13531,3.44071],[101.13531,3.44073],[101.13531,3.44076],[101.13659,3.44183],[101.13662,3.44184],[101.13665,3.44183],[101.13682,3.44163],[101.13682,3.4416],[101.13682,3.44158],[101.13553,3.44052],[101.1355,3.44051],[101.13547,3.44052],[101.13531,3.44071]]]}},{"type":"Feature","properties":{"id":1391122225,"kind":"pond"},"geometry":{"type":"Polygon","coordinates":[[[101.13555,3.44041],[101.13554,3.44043],[101.13555,3.44045],[101.13686,3.44154],[101.13688,3.44154],[101.13691,3.44153],[101.13707,3.44131],[101.13707,3.44129],[101.13706,3.44126],[101.13576,3.4402],[101.13573,3.44019],[101.13571,3.4402],[101.13555,3.44041]]]}},{"type":"Feature","properties":{"id":1391122226,"kind":"pond"},"geometry":{"type":"Polygon","coordinates":[[[101.13578,3.44009],[101.13578,3.44012],[101.13578,3.44014],[101.13708,3.44121],[101.13711,3.44121],[101.13714,3.44121],[101.1373,3.44099],[101.1373,3.44096],[101.13729,3.44092],[101.13599,3.43987],[101.13597,3.43986],[101.13595,3.43987],[101.13578,3.44009]]]}},{"type":"Feature","properties":{"id":1391122227,"kind":"pond"},"geometry":{"type":"Polygon","coordinates":[[[101.13603,3.43976],[101.13603,3.43979],[101.13604,3.43981],[101.13733,3.44087],[101.13736,3.44087],[101.13739,3.44086],[101.13754,3.44067],[101.13754,3.44063],[101.13752,3.4406],[101.13623,3.43955],[101.1362,3.43955],[101.13618,3.43955],[101.13603,3.43976]]]}},{"type":"Feature","properties":{"id":1391122228,"kind":"pond"},"geometry":{"type":"Polygon","coordinates":[[[101.13627,3.43944],[101.13626,3.43946],[101.13627,3.43948],[101.13756,3.44051],[101.13759,3.44052],[101.13762,3.44051],[101.13776,3.44037],[101.13777,3.44034],[101.13781,3.44012],[101.1378,3.44008],[101.13777,3.44004],[101.13662,3.43906],[101.13658,3.43905],[101.13654,3.43907],[101.13627,3.43944]]]}},{"type":"Feature","properties":{"id":1391122229,"kind":"pond"},"geometry":{"type":"Polygon","coordinates":[[[101.13291,3.44361],[101.13387,3.44213],[101.13387,3.44211],[101.13386,3.44209],[101.1338,3.44204],[101.13379,3.44201],[101.13379,3.44199],[101.13391,3.44184],[101.13391,3.44181],[101.1339,3.44177],[101.13368,3.44161],[101.13365,3.44161],[101.13362,3.44162],[101.13286,3.44271],[101.13275,3.44298],[101.13274,3.44312],[101.13278,3.4434],[101.13285,3.44352],[101.13286,3.44356],[101.13285,3.4436],[101.13286,3.44362],[101.13287,3.44363],[101.13289,3.44363],[101.13291,3.44361]]]}},{"type":"Feature","properties":{"id":1391122230,"kind":"pond"},"geometry":{"type":"Polygon","coordinates":[[[101.1337,3.44151],[101.1337,3.44154],[101.13372,3.44157],[101.1342,3.44194],[101.13423,3.44194],[101.13426,3.44194],[101.13467,3.44144],[101.13468,3.4414],[101.13466,3.44137],[101.13416,3.44096],[101.13413,3.44096],[101.13411,3.44097],[101.1337,3.44151]]]}},{"type":"Feature","properties":{"id":1391122231,"kind":"pond"},"geometry":{"type":"Polygon","coordinates":[[[101.13421,3.44084],[101.1342,3.44088],[101.13422,3.44092],[101.13468,3.44131],[101.13472,3.44131],[101.13477,3.4413],[101.13647,3.43901],[101.13647,3.43898],[101.13646,3.43895],[101.13616,3.43869],[101.13613,3.43868],[101.1361,3.43869],[101.13542,3.4396],[101.13536,3.43963],[101.13512,3.43971],[101.13503,3.43976],[101.13421,3.44084]]]}},{"type":"Feature","properties":{"id":1391122238,"kind":"pond"},"geometry":{"type":"Polygon","coordinates":[[[101.13654,3.43885],[101.13654,3.43888],[101.13655,3.43892],[101.13784,3.44],[101.13787,3.44],[101.1379,3.43999],[101.13807,3.43978],[101.13807,3.43976],[101.13806,3.43973],[101.13675,3.43867],[101.13672,3.43866],[101.13669,3.43867],[101.13654,3.43885]]]}},{"type":"Feature","properties":{"id":1391122239,"kind":"pond"},"geometry":{"type":"Polygon","coordinates":[[[101.1371,3.4388],[101.1371,3.43883],[101.13711,3.43886],[101.13808,3.43966],[101.13811,3.43967],[101.13815,3.43966],[101.1383,3.43948],[101.13831,3.43946],[101.1383,3.43942],[101.1373,3.43859],[101.13727,3.43859],[101.13724,3.4386],[101.1371,3.4388]]]}},{"type":"Feature","properties":{"id":1391122241,"kind":"pond"},"geometry":{"type":"Polygon","coordinates":[[[101.13703,3.43823],[101.13703,3.43826],[101.13705,3.43829],[101.13832,3.43933],[101.13837,3.43934],[101.1384,3.43933],[101.13853,3.43915],[101.13853,3.43912],[101.13852,3.4391],[101.13727,3.43804],[101.13723,3.43804],[101.13719,3.43805],[101.13703,3.43823]]]}},{"type":"Feature","properties":{"id":1391122242,"kind":"pond"},"geometry":{"type":"Polygon","coordinates":[[[101.13819,3.43867],[101.13819,3.4387],[101.1382,3.43873],[101.13854,3.43904],[101.13857,3.43904],[101.1386,3.43903],[101.13877,3.4388],[101.13877,3.43879],[101.13876,3.43876],[101.1384,3.43846],[101.13838,3.43845],[101.13835,3.43846],[101.13819,3.43867]]]}},{"type":"Feature","properties":{"id":1391122243,"kind":"pond"},"geometry":{"type":"Polygon","coordinates":[[[101.13775,3.43831],[101.13774,3.43833],[101.13775,3.43835],[101.13811,3.43865],[101.13813,3.43865],[101.13816,3.43865],[101.13832,3.43843],[101.13832,3.43841],[101.13831,3.43839],[101.13795,3.43809],[101.13793,3.43809],[101.13791,3.4381],[101.13775,3.43831]]]}},{"type":"Feature","properties":{"id":1391122244,"kind":"pond"},"geometry":{"type":"Polygon","coordinates":[[[101.13729,3.43793],[101.13729,3.43795],[101.13729,3.43797],[101.13766,3.43828],[101.13768,3.43828],[101.13771,3.43828],[101.13786,3.43807],[101.13787,3.43804],[101.13786,3.43802],[101.13751,3.43775],[101.13749,3.43775],[101.13746,3.43775],[101.13729,3.43793]]]}},{"type":"Feature","properties":{"id":1391122245,"kind":"pond"},"geometry":{"type":"Polygon","coordinates":[[[101.13842,3.43835],[101.13842,3.43838],[101.13843,3.43841],[101.1388,3.43872],[101.13883,3.43873],[101.13886,3.43872],[101.13903,3.4385],[101.13903,3.43847],[101.13903,3.43845],[101.13863,3.43813],[101.13861,3.43812],[101.13859,3.43813],[101.13842,3.43835]]]}},{"type":"Feature","properties":{"id":1391122246,"kind":"pond"},"geometry":{"type":"Polygon","coordinates":[[[101.13799,3.438],[101.13799,3.43802],[101.138,3.43804],[101.13835,3.43833],[101.13837,3.43834],[101.13839,3.43833],[101.13856,3.4381],[101.13856,3.43808],[101.13855,3.43806],[101.1382,3.43778],[101.13818,3.43778],[101.13816,3.43779],[101.13799,3.438]]]}},{"type":"Feature","properties":{"id":1391122247,"kind":"pond"},"geometry":{"type":"Polygon","coordinates":[[[101.13757,3.43763],[101.13756,3.43765],[101.13757,3.43767],[101.13788,3.43794],[101.13791,3.43795],[101.13793,3.43794],[101.13809,3.43776],[101.13809,3.43773],[101.13808,3.4377],[101.13781,3.43748],[101.13779,3.43747],[101.13775,3.43748],[101.13765,3.43754],[101.13757,3.43763]]]}},{"type":"Feature","properties":{"id":1391122248,"kind":"pond"},"geometry":{"type":"Polygon","coordinates":[[[101.13793,3.43737],[101.13793,3.43742],[101.13795,3.43748],[101.13904,3.43837],[101.13909,3.43838],[101.13928,3.43836],[101.13935,3.43834],[101.13938,3.4383],[101.13939,3.43827],[101.13938,3.43822],[101.13816,3.43724],[101.1381,3.43723],[101.13803,3.43725],[101.13793,3.43737]]]}},{"type":"Feature","properties":{"id":1391122249,"kind":"pond"},"geometry":{"type":"Polygon","coordinates":[[[101.13878,3.4376],[101.13877,3.43763],[101.13879,3.43767],[101.1394,3.43817],[101.13943,3.43817],[101.13947,3.43816],[101.13966,3.43786],[101.13966,3.43783],[101.13965,3.4378],[101.13909,3.43731],[101.13906,3.43731],[101.13903,3.43731],[101.13878,3.4376]]]}},{"type":"Feature","properties":{"id":1391122250,"kind":"pond"},"geometry":{"type":"Polygon","coordinates":[[[101.13846,3.4373],[101.13846,3.43733],[101.13847,3.43736],[101.13871,3.43758],[101.13873,3.43758],[101.13875,3.43757],[101.139,3.43728],[101.139,3.43726],[101.139,3.43724],[101.13871,3.43701],[101.13869,3.43701],[101.13867,3.43701],[101.13846,3.4373]]]}},{"type":"Feature","properties":{"id":1391122251,"kind":"pond"},"geometry":{"type":"Polygon","coordinates":[[[101.13876,3.43688],[101.13876,3.43691],[101.13877,3.43694],[101.13967,3.43773],[101.1397,3.43773],[101.13972,3.43772],[101.13996,3.4374],[101.13996,3.43738],[101.13995,3.43735],[101.13903,3.43661],[101.13898,3.4366],[101.13895,3.43662],[101.13876,3.43688]]]}},{"type":"Feature","properties":{"id":1391122252,"kind":"pond"},"geometry":{"type":"Polygon","coordinates":[[[101.13947,3.43685],[101.13947,3.43688],[101.13947,3.4369],[101.13997,3.43729],[101.13999,3.43729],[101.14002,3.43728],[101.14024,3.43696],[101.14024,3.43693],[101.14023,3.4369],[101.13977,3.4365],[101.13975,3.4365],[101.13972,3.43651],[101.13947,3.43685]]]}},{"type":"Feature","properties":{"id":1391122253,"kind":"pond"},"geometry":{"type":"Polygon","coordinates":[[[101.13913,3.43652],[101.13912,3.43655],[101.13912,3.43658],[101.13939,3.4368],[101.13941,3.4368],[101.13944,3.43679],[101.13968,3.43648],[101.13968,3.43645],[101.13967,3.43643],[101.13944,3.43621],[101.13941,3.43621],[101.13937,3.43622],[101.13913,3.43652]]]}},{"type":"Feature","properties":{"id":1391122254,"kind":"pond"},"geometry":{"type":"Polygon","coordinates":[[[101.13981,3.43641],[101.13981,3.43643],[101.13982,3.43647],[101.14025,3.43683],[101.14029,3.43684],[101.14032,3.43682],[101.14056,3.43645],[101.14056,3.43641],[101.14055,3.43637],[101.14013,3.43601],[101.14011,3.436],[101.14009,3.43601],[101.13981,3.43641]]]}},{"type":"Feature","properties":{"id":1391122255,"kind":"pond"},"geometry":{"type":"Polygon","coordinates":[[[101.13954,3.43616],[101.13953,3.43618],[101.13954,3.4362],[101.13972,3.43637],[101.13974,3.43637],[101.13976,3.43636],[101.14006,3.43598],[101.14006,3.43596],[101.14005,3.43594],[101.13985,3.4358],[101.13983,3.4358],[101.1398,3.4358],[101.13954,3.43616]]]}},{"type":"Feature","properties":{"id":1391122256,"kind":"pond"},"geometry":{"type":"Polygon","coordinates":[[[101.13621,3.43857],[101.1362,3.4386],[101.13622,3.43863],[101.13643,3.43882],[101.13646,3.43882],[101.13649,3.43881],[101.13755,3.4375],[101.13766,3.43741],[101.13779,3.43736],[101.13784,3.43733],[101.13799,3.43709],[101.13804,3.43707],[101.13811,3.43707],[101.13834,3.43724],[101.13837,3.43724],[101.13841,3.43722],[101.13887,3.43652],[101.13893,3.43647],[101.139,3.43645],[101.13906,3.43643],[101.13917,3.43633],[101.13923,3.4362],[101.13931,3.43611],[101.13947,3.43606],[101.13951,3.43602],[101.13972,3.43574],[101.13973,3.43571],[101.13972,3.43568],[101.13961,3.43555],[101.13957,3.43554],[101.13954,3.43555],[101.13892,3.43613],[101.13829,3.43663],[101.13721,3.4374],[101.13621,3.43857]]]}},{"type":"Feature","properties":{"id":1391122257,"kind":"pond"},"geometry":{"type":"Polygon","coordinates":[[[101.1397,3.43547],[101.13969,3.4355],[101.1397,3.43554],[101.13982,3.43566],[101.13988,3.43569],[101.13991,3.43569],[101.13994,3.43568],[101.1404,3.43515],[101.14089,3.43453],[101.14182,3.43336],[101.1425,3.43267],[101.14294,3.43222],[101.14294,3.43219],[101.14293,3.43215],[101.14286,3.43209],[101.14284,3.43208],[101.14281,3.43209],[101.14199,3.43291],[101.14135,3.43354],[101.14049,3.43472],[101.14031,3.43491],[101.13971,3.43543],[101.1397,3.43547]]]}},{"type":"Feature","properties":{"id":1391122258,"kind":"pond"},"geometry":{"type":"Polygon","coordinates":[[[101.13998,3.43575],[101.13997,3.43578],[101.13998,3.43581],[101.14057,3.43634],[101.1406,3.43634],[101.14063,3.43633],[101.14094,3.43584],[101.14095,3.43579],[101.14094,3.43573],[101.14043,3.43527],[101.1404,3.43527],[101.14037,3.43527],[101.13998,3.43575]]]}},{"type":"Feature","properties":{"id":1391122259,"kind":"pond"},"geometry":{"type":"Polygon","coordinates":[[[101.14048,3.43517],[101.14047,3.4352],[101.14048,3.43523],[101.14098,3.43569],[101.14101,3.43569],[101.14105,3.43569],[101.14145,3.43519],[101.14145,3.43515],[101.14144,3.43512],[101.14093,3.43468],[101.1409,3.43467],[101.14086,3.43468],[101.14048,3.43517]]]}},{"type":"Feature","properties":{"id":1391122260,"kind":"pond"},"geometry":{"type":"Polygon","coordinates":[[[101.14101,3.4345],[101.14101,3.43452],[101.14102,3.43455],[101.14155,3.43501],[101.14157,3.43501],[101.1416,3.43501],[101.14203,3.4345],[101.14204,3.43447],[101.14202,3.43444],[101.14146,3.43399],[101.14144,3.43398],[101.14141,3.43399],[101.14101,3.4345]]]}},{"type":"Feature","properties":{"id":1391122261,"kind":"pond"},"geometry":{"type":"Polygon","coordinates":[[[101.14152,3.43389],[101.14152,3.43393],[101.14153,3.43396],[101.14203,3.4344],[101.14207,3.43441],[101.14211,3.4344],[101.14254,3.43386],[101.14254,3.43383],[101.14252,3.4338],[101.142,3.43335],[101.14197,3.43335],[101.14193,3.43336],[101.14152,3.43389]]]}},{"type":"Feature","properties":{"id":1391122262,"kind":"pond"},"geometry":{"type":"Polygon","coordinates":[[[101.14206,3.43326],[101.14206,3.43328],[101.14207,3.4333],[101.14258,3.43376],[101.14261,3.43376],[101.14264,3.43375],[101.14306,3.43324],[101.14307,3.43321],[101.14306,3.43318],[101.14258,3.43275],[101.14255,3.43274],[101.14252,3.43275],[101.14206,3.43326]]]}},{"type":"Feature","properties":{"id":1391122263,"kind":"pond"},"geometry":{"type":"Polygon","coordinates":[[[101.14262,3.43266],[101.14262,3.43268],[101.14262,3.43271],[101.14311,3.43313],[101.14314,3.43313],[101.14316,3.43312],[101.14352,3.43271],[101.14352,3.43269],[101.14351,3.43266],[101.14304,3.43228],[101.143,3.43227],[101.14295,3.43228],[101.14262,3.43266]]]}},{"type":"Feature","properties":{"id":1391122264,"kind":"pond"},"geometry":{"type":"Polygon","coordinates":[[[101.14293,3.432],[101.14292,3.43204],[101.14294,3.43209],[101.14316,3.43227],[101.1432,3.43228],[101.14324,3.43227],[101.14347,3.43172],[101.14375,3.43132],[101.14422,3.43073],[101.14488,3.42997],[101.14522,3.42966],[101.14522,3.42963],[101.14521,3.42961],[101.14515,3.42957],[101.14499,3.42952],[101.14496,3.42952],[101.14492,3.42954],[101.14439,3.43006],[101.14383,3.43075],[101.14293,3.432]]]}},{"type":"Feature","properties":{"id":1391122265,"kind":"pond"},"geometry":{"type":"Polygon","coordinates":[[[101.14375,3.4327],[101.14375,3.43273],[101.14376,3.43275],[101.14456,3.43341],[101.14458,3.43341],[101.14461,3.43341],[101.14478,3.43314],[101.14478,3.43312],[101.14478,3.4331],[101.14395,3.43247],[101.14392,3.43247],[101.14389,3.43248],[101.14375,3.4327]]]}},{"type":"Feature","properties":{"id":1391122266,"kind":"pond"},"geometry":{"type":"Polygon","coordinates":[[[101.14396,3.43235],[101.14395,3.43236],[101.14396,3.43239],[101.14481,3.43305],[101.14483,3.43305],[101.14485,3.43304],[101.14506,3.4327],[101.14506,3.43267],[101.14505,3.43265],[101.14417,3.43205],[101.14415,3.43206],[101.14412,3.43207],[101.14396,3.43235]]]}},{"type":"Feature","properties":{"id":1391122267,"kind":"pond"},"geometry":{"type":"Polygon","coordinates":[[[101.14331,3.43231],[101.14331,3.43235],[101.14331,3.43238],[101.14364,3.43267],[101.14368,3.43268],[101.14371,3.43266],[101.14406,3.43206],[101.14406,3.43202],[101.14405,3.43199],[101.14365,3.43172],[101.14362,3.43171],[101.1436,3.43173],[101.14331,3.43231]]]}},{"type":"Feature","properties":{"id":1391122268,"kind":"pond"},"geometry":{"type":"Polygon","coordinates":[[[101.14368,3.4316],[101.14367,3.43162],[101.14368,3.43164],[101.14504,3.43258],[101.14507,3.43258],[101.1451,3.43257],[101.14527,3.43228],[101.14527,3.43225],[101.14525,3.43221],[101.14389,3.43136],[101.14386,3.43136],[101.14383,3.43136],[101.14368,3.4316]]]}},{"type":"Feature","properties":{"id":1391122269,"kind":"pond"},"geometry":{"type":"Polygon","coordinates":[[[101.14391,3.43126],[101.14391,3.43129],[101.14391,3.43131],[101.14531,3.43218],[101.14534,3.43218],[101.14536,3.43217],[101.14549,3.43192],[101.14549,3.43189],[101.14548,3.43186],[101.14411,3.43104],[101.14409,3.43105],[101.14407,3.43106],[101.14391,3.43126]]]}},{"type":"Feature","properties":{"id":1391122270,"kind":"pond"},"geometry":{"type":"Polygon","coordinates":[[[101.14415,3.43095],[101.14415,3.43098],[101.14416,3.431],[101.1455,3.4318],[101.14554,3.4318],[101.14557,3.43179],[101.1457,3.43155],[101.1457,3.43152],[101.14569,3.43149],[101.14438,3.43073],[101.14436,3.43073],[101.14433,3.43073],[101.14415,3.43095]]]}},{"type":"Feature","properties":{"id":1391122271,"kind":"pond"},"geometry":{"type":"Polygon","coordinates":[[[101.14441,3.43064],[101.14441,3.43067],[101.14442,3.43069],[101.14571,3.43145],[101.14574,3.43146],[101.14576,3.43144],[101.14591,3.43119],[101.14591,3.43116],[101.1459,3.43113],[101.14466,3.43041],[101.14464,3.43041],[101.14461,3.43041],[101.14441,3.43064]]]}},{"type":"Feature","properties":{"id":1391122272,"kind":"pond"},"geometry":{"type":"Polygon","coordinates":[[[101.14469,3.43032],[101.14469,3.43035],[101.1447,3.43037],[101.14592,3.43108],[101.14594,3.43108],[101.14597,3.43107],[101.14619,3.43068],[101.14619,3.43065],[101.14617,3.43062],[101.14504,3.42998],[101.14502,3.42998],[101.145,3.42998],[101.14469,3.43032]]]}},{"type":"Feature","properties":{"id":1391122273,"kind":"pond"},"geometry":{"type":"Polygon","coordinates":[[[101.14508,3.42989],[101.14508,3.42991],[101.14509,3.42994],[101.1462,3.43058],[101.14624,3.43058],[101.14627,3.43057],[101.14642,3.4303],[101.14641,3.43026],[101.1464,3.43023],[101.14537,3.42963],[101.14533,3.42962],[101.14528,3.42963],[101.14508,3.42989]]]}},{"type":"Feature","properties":{"id":1391160901,"kind":"pond"},"geometry":{"type":"Polygon","coordinates":[[[101.52003,3.67581],[101.51988,3.6758],[101.51981,3.67572],[101.5198,3.67559],[101.51991,3.67541],[101.52008,3.67529],[101.52021,3.67524],[101.52028,3.67518],[101.52035,3.67507],[101.52045,3.67504],[101.52057,3.67509],[101.52068,3.67522],[101.52069,3.67536],[101.52064,3.67548],[101.52056,3.67558],[101.52047,3.67566],[101.52035,3.67571],[101.52022,3.67577],[101.52014,3.67579],[101.52003,3.67581]]]}},{"type":"Feature","properties":{"id":1408522005,"kind":"pond"},"geometry":{"type":"Polygon","coordinates":[[[101.81525,2.57021],[101.81524,2.57023],[101.81524,2.57026],[101.81534,2.57059],[101.81537,2.57061],[101.8154,2.57061],[101.81582,2.57038],[101.81584,2.57036],[101.81586,2.57031],[101.81581,2.56998],[101.81579,2.56995],[101.81574,2.56995],[101.81525,2.57021]]]}},{"type":"Feature","properties":{"id":1408522006,"kind":"pond"},"geometry":{"type":"Polygon","coordinates":[[[101.81544,2.57106],[101.81545,2.57107],[101.81548,2.57107],[101.81589,2.57084],[101.8159,2.57083],[101.81591,2.5708],[101.81587,2.57047],[101.81586,2.57045],[101.81584,2.57044],[101.81581,2.57044],[101.81566,2.57054],[101.81536,2.57069],[101.81535,2.5707],[101.81535,2.57072],[101.81544,2.57106]]]}},{"type":"Feature","properties":{"id":1408522007,"kind":"pond"},"geometry":{"type":"Polygon","coordinates":[[[101.81522,2.57135],[101.81524,2.57137],[101.81527,2.57137],[101.81538,2.57136],[101.8154,2.57134],[101.81541,2.57131],[101.81526,2.57072],[101.81525,2.57071],[101.81522,2.57071],[101.8151,2.57074],[101.81508,2.57076],[101.81507,2.57079],[101.81522,2.57135]]]}},{"type":"Feature","properties":{"id":1408522010,"kind":"pond"},"geometry":{"type":"Polygon","coordinates":[[[101.81585,2.57202],[101.81584,2.57204],[101.81585,2.57208],[101.81592,2.57213],[101.81617,2.5723],[101.81621,2.5723],[101.81625,2.5723],[101.81658,2.57201],[101.8166,2.57197],[101.8166,2.57193],[101.81649,2.57161],[101.81647,2.57159],[101.81644,2.5716],[101.81625,2.57174],[101.81585,2.57202]]]}},{"type":"Feature","properties":{"id":1408522016,"kind":"pond"},"geometry":{"type":"Polygon","coordinates":[[[101.81631,2.57235],[101.81631,2.57241],[101.81632,2.57245],[101.81664,2.57274],[101.81669,2.57274],[101.81674,2.57273],[101.81681,2.57267],[101.81682,2.57263],[101.81681,2.5726],[101.81675,2.57243],[101.81664,2.57208],[101.81663,2.57207],[101.8166,2.57207],[101.81636,2.57228],[101.81631,2.57235]]]}},{"type":"Feature","properties":{"id":1408522017,"kind":"pond"},"geometry":{"type":"Polygon","coordinates":[[[101.81352,2.57032],[101.81351,2.57036],[101.81352,2.5704],[101.81355,2.57043],[101.81361,2.57043],[101.81371,2.57046],[101.81393,2.57063],[101.814,2.57065],[101.8141,2.57065],[101.81464,2.5704],[101.81478,2.57028],[101.8148,2.57022],[101.8148,2.57015],[101.81477,2.57012],[101.81467,2.57008],[101.81459,2.5701],[101.81447,2.57007],[101.81436,2.57001],[101.81429,2.5699],[101.81413,2.56981],[101.81407,2.56981],[101.81389,2.56996],[101.81381,2.57001],[101.81371,2.57016],[101.81362,2.57022],[101.81358,2.57029],[101.81352,2.57032]]]}},{"type":"Feature","properties":{"id":1408522018,"kind":"pond"},"geometry":{"type":"Polygon","coordinates":[[[101.81286,2.56972],[101.81285,2.56974],[101.81286,2.56977],[101.81332,2.57018],[101.81338,2.57019],[101.81344,2.57019],[101.81355,2.57013],[101.81362,2.57005],[101.81391,2.56985],[101.81395,2.56981],[101.81395,2.56978],[101.81395,2.56975],[101.81391,2.56974],[101.81373,2.56959],[101.81365,2.5695],[101.81355,2.56941],[101.81343,2.56934],[101.81327,2.56922],[101.81325,2.56922],[101.81322,2.56923],[101.81301,2.56949],[101.81286,2.56972]]]}},{"type":"Feature","properties":{"id":1408522019,"kind":"pond"},"geometry":{"type":"Polygon","coordinates":[[[101.80907,2.57046],[101.80915,2.57068],[101.80932,2.57083],[101.80955,2.5709],[101.80976,2.57108],[101.80989,2.5711],[101.80996,2.57099],[101.81028,2.57074],[101.81055,2.57043],[101.81076,2.57034],[101.81113,2.57009],[101.81134,2.56998],[101.81145,2.56981],[101.81157,2.56965],[101.81164,2.56961],[101.81165,2.56953],[101.81161,2.56949],[101.81144,2.56937],[101.81126,2.56931],[101.81114,2.56932],[101.81101,2.56935],[101.81093,2.56934],[101.81083,2.56925],[101.81072,2.56923],[101.81064,2.56927],[101.81058,2.56936],[101.81039,2.56949],[101.81003,2.56961],[101.80965,2.56959],[101.80924,2.56962],[101.80912,2.56972],[101.80909,2.56991],[101.80907,2.57046]]]}},{"type":"Feature","properties":{"id":1408522023,"kind":"pond"},"geometry":{"type":"Polygon","coordinates":[[[101.81129,2.57031],[101.8113,2.57038],[101.81132,2.57044],[101.81141,2.57058],[101.8115,2.57066],[101.81154,2.57066],[101.81161,2.57063],[101.81163,2.57058],[101.81168,2.57053],[101.81185,2.5704],[101.81186,2.57037],[101.81186,2.57033],[101.81168,2.57004],[101.81164,2.57002],[101.8116,2.57001],[101.81154,2.57002],[101.81152,2.57004],[101.81145,2.57012],[101.81138,2.57017],[101.81132,2.57023],[101.81129,2.57031]]]}},{"type":"Feature","properties":{"id":1408522024,"kind":"pond"},"geometry":{"type":"Polygon","coordinates":[[[101.81019,2.57116],[101.81019,2.57119],[101.81023,2.57123],[101.81044,2.57134],[101.81063,2.57142],[101.81075,2.57144],[101.81084,2.57143],[101.8111,2.57133],[101.81113,2.5713],[101.81113,2.57125],[101.81104,2.57107],[101.811,2.57095],[101.81094,2.57088],[101.81088,2.57084],[101.81075,2.57069],[101.81073,2.57068],[101.8107,2.5707],[101.81035,2.57099],[101.81019,2.57116]]]}},{"type":"Feature","properties":{"id":1408522025,"kind":"pond"},"geometry":{"type":"Polygon","coordinates":[[[101.81075,2.57311],[101.81081,2.57314],[101.81089,2.57315],[101.81093,2.57315],[101.81096,2.57312],[101.81116,2.57221],[101.81115,2.57217],[101.8111,2.57213],[101.8107,2.57206],[101.81057,2.57205],[101.81049,2.57207],[101.81048,2.57209],[101.81049,2.57213],[101.8105,2.57223],[101.81072,2.57294],[101.81073,2.57308],[101.81075,2.57311]]]}},{"type":"Feature","properties":{"id":1408522026,"kind":"pond"},"geometry":{"type":"Polygon","coordinates":[[[101.80957,2.57165],[101.80957,2.57169],[101.80958,2.57172],[101.80962,2.57173],[101.80982,2.57175],[101.80998,2.57178],[101.81041,2.57185],[101.81046,2.57185],[101.8105,2.57182],[101.81058,2.57173],[101.8106,2.57168],[101.81059,2.57162],[101.81056,2.57157],[101.81052,2.57154],[101.80995,2.57132],[101.80992,2.57132],[101.80986,2.57135],[101.80975,2.57148],[101.80969,2.57151],[101.80957,2.57165]]]}},{"type":"Feature","properties":{"id":1408522028,"kind":"pond"},"geometry":{"type":"Polygon","coordinates":[[[101.80968,2.57199],[101.80966,2.57202],[101.80967,2.57207],[101.80972,2.57214],[101.81053,2.57303],[101.81058,2.57306],[101.81066,2.57308],[101.81069,2.57308],[101.81071,2.57306],[101.81072,2.57302],[101.81043,2.57209],[101.81039,2.57206],[101.81033,2.57203],[101.80999,2.57198],[101.80972,2.57197],[101.80968,2.57199]]]}},{"type":"Feature","properties":{"id":1408522029,"kind":"pond"},"geometry":{"type":"Polygon","coordinates":[[[101.8096,2.57218],[101.8096,2.5722],[101.80961,2.57222],[101.80973,2.57235],[101.80979,2.57244],[101.81025,2.57298],[101.81031,2.57302],[101.81036,2.57304],[101.81045,2.57305],[101.81047,2.57304],[101.81047,2.57302],[101.81047,2.57299],[101.80968,2.57215],[101.80966,2.57214],[101.80963,2.57215],[101.8096,2.57218]]]}},{"type":"Feature","properties":{"id":1408522031,"kind":"pond"},"geometry":{"type":"Polygon","coordinates":[[[101.80871,2.57206],[101.80871,2.5721],[101.80872,2.57214],[101.8092,2.57252],[101.80923,2.57253],[101.80926,2.57252],[101.80951,2.57224],[101.80951,2.57222],[101.8095,2.57219],[101.80937,2.57204],[101.80936,2.57199],[101.80926,2.57187],[101.80918,2.57174],[101.80915,2.57172],[101.80911,2.57172],[101.80906,2.57173],[101.80895,2.57183],[101.80885,2.57189],[101.80874,2.572],[101.80871,2.57206]]]}},{"type":"Feature","properties":{"id":1408522032,"kind":"pond"},"geometry":{"type":"Polygon","coordinates":[[[101.80978,2.57298],[101.80992,2.57297],[101.81008,2.57297],[101.81011,2.57295],[101.81013,2.57291],[101.81012,2.57288],[101.8096,2.57227],[101.80957,2.57225],[101.80954,2.57226],[101.80934,2.57245],[101.80928,2.57253],[101.80928,2.57255],[101.80929,2.57258],[101.80972,2.57296],[101.80975,2.57297],[101.80978,2.57298]]]}},{"type":"Feature","properties":{"id":1408522033,"kind":"pond"},"geometry":{"type":"Polygon","coordinates":[[[101.80901,2.57291],[101.80901,2.57294],[101.80903,2.57298],[101.8092,2.5731],[101.80925,2.57311],[101.80931,2.57311],[101.80962,2.57303],[101.80964,2.57302],[101.80964,2.57299],[101.80957,2.57292],[101.80925,2.57266],[101.80922,2.57266],[101.80919,2.57267],[101.80901,2.57291]]]}},{"type":"Feature","properties":{"id":1408522034,"kind":"pond"},"geometry":{"type":"Polygon","coordinates":[[[101.8085,2.57267],[101.80885,2.57289],[101.80888,2.5729],[101.8089,2.57288],[101.80897,2.57277],[101.80905,2.57267],[101.80914,2.57261],[101.80918,2.57256],[101.80918,2.57254],[101.80917,2.57252],[101.8088,2.57223],[101.80866,2.57216],[101.80857,2.57216],[101.80833,2.57221],[101.80829,2.57225],[101.80827,2.57232],[101.80827,2.57238],[101.80831,2.57244],[101.80841,2.57252],[101.80845,2.57257],[101.80848,2.57265],[101.8085,2.57267]]]}},{"type":"Feature","properties":{"id":1408522035,"kind":"pond"},"geometry":{"type":"Polygon","coordinates":[[[101.80795,2.57332],[101.80795,2.57337],[101.80798,2.5734],[101.80799,2.57343],[101.80802,2.57345],[101.80807,2.57345],[101.80835,2.57351],[101.80837,2.57354],[101.80867,2.57358],[101.80871,2.57357],[101.80913,2.57322],[101.80913,2.57318],[101.80913,2.57315],[101.80911,2.57312],[101.8084,2.57267],[101.80835,2.57267],[101.80831,2.57267],[101.80828,2.5727],[101.80814,2.57293],[101.80812,2.57302],[101.80795,2.57332]]]}},{"type":"Feature","properties":{"id":1408522036,"kind":"pond"},"geometry":{"type":"Polygon","coordinates":[[[101.8072,2.57293],[101.80721,2.57296],[101.80723,2.57298],[101.80783,2.57312],[101.80788,2.57312],[101.80793,2.5731],[101.80821,2.57267],[101.80821,2.57262],[101.8082,2.57257],[101.80817,2.57254],[101.80788,2.57236],[101.80784,2.57236],[101.80781,2.57237],[101.80761,2.57252],[101.80723,2.57288],[101.8072,2.57293]]]}},{"type":"Feature","properties":{"id":1408522040,"kind":"pond"},"geometry":{"type":"Polygon","coordinates":[[[101.80704,2.57229],[101.80734,2.57249],[101.80738,2.57249],[101.80741,2.57248],[101.8079,2.57205],[101.80791,2.572],[101.8079,2.57196],[101.80746,2.57169],[101.80743,2.57168],[101.8074,2.57169],[101.80732,2.57181],[101.80727,2.57193],[101.80723,2.57198],[101.80718,2.572],[101.80714,2.57202],[101.80703,2.57216],[101.80701,2.57221],[101.80701,2.57226],[101.80704,2.57229]]]}},{"type":"Feature","properties":{"id":1408522041,"kind":"pond"},"geometry":{"type":"Polygon","coordinates":[[[101.80626,2.57124],[101.80626,2.57127],[101.80628,2.5713],[101.80715,2.57188],[101.8072,2.57188],[101.80722,2.57187],[101.80736,2.57165],[101.80736,2.57162],[101.80735,2.57159],[101.80645,2.57101],[101.80641,2.57101],[101.80638,2.57102],[101.80626,2.57124]]]}},{"type":"Feature","properties":{"id":1408522042,"kind":"pond"},"geometry":{"type":"Polygon","coordinates":[[[101.80604,2.57161],[101.80604,2.57165],[101.80605,2.57169],[101.80688,2.57216],[101.80693,2.57217],[101.80696,2.57214],[101.80708,2.57195],[101.80709,2.57193],[101.80707,2.5719],[101.80627,2.57138],[101.80623,2.57138],[101.80617,2.57141],[101.80604,2.57161]]]}},{"type":"Feature","properties":{"id":1408522043,"kind":"pond"},"geometry":{"type":"Polygon","coordinates":[[[101.80654,2.57245],[101.80654,2.57247],[101.80655,2.57251],[101.80703,2.5728],[101.80707,2.5728],[101.80711,2.57278],[101.80726,2.57258],[101.80727,2.57255],[101.80726,2.57253],[101.80676,2.57226],[101.80673,2.57226],[101.8067,2.57227],[101.80654,2.57245]]]}},{"type":"Feature","properties":{"id":1408522044,"kind":"pond"},"geometry":{"type":"Polygon","coordinates":[[[101.80584,2.572],[101.80584,2.57205],[101.80587,2.57209],[101.80643,2.57243],[101.80648,2.57243],[101.80651,2.57242],[101.80667,2.57219],[101.80667,2.57216],[101.80666,2.57213],[101.80605,2.57178],[101.80602,2.57177],[101.80599,2.57178],[101.80584,2.572]]]}},{"type":"Feature","properties":{"id":1408522052,"kind":"pond"},"geometry":{"type":"Polygon","coordinates":[[[101.80466,2.57307],[101.80466,2.5731],[101.80466,2.57313],[101.80517,2.57375],[101.8052,2.57376],[101.80524,2.57377],[101.80554,2.57372],[101.80564,2.57368],[101.80567,2.57365],[101.80567,2.57361],[101.80566,2.57357],[101.8056,2.57352],[101.80545,2.57342],[101.80513,2.57316],[101.80483,2.57298],[101.80478,2.57297],[101.80473,2.57298],[101.80466,2.57307]]]}},{"type":"Feature","properties":{"id":1408522053,"kind":"pond"},"geometry":{"type":"Polygon","coordinates":[[[101.80428,2.57347],[101.80427,2.5735],[101.80428,2.57353],[101.80461,2.57391],[101.80465,2.57393],[101.8047,2.57392],[101.80511,2.5738],[101.80512,2.57378],[101.80512,2.57375],[101.80463,2.57317],[101.80461,2.57317],[101.80458,2.57318],[101.80428,2.57347]]]}},{"type":"Feature","properties":{"id":1408522054,"kind":"pond"},"geometry":{"type":"Polygon","coordinates":[[[101.80377,2.57303],[101.80377,2.57307],[101.80379,2.5731],[101.80417,2.57344],[101.8042,2.57344],[101.80423,2.57343],[101.80456,2.57314],[101.80466,2.57299],[101.80466,2.57294],[101.80464,2.5729],[101.80397,2.57267],[101.80394,2.57267],[101.80391,2.57269],[101.80377,2.57303]]]}},{"type":"Feature","properties":{"id":1408522055,"kind":"pond"},"geometry":{"type":"Polygon","coordinates":[[[101.8035,2.5742],[101.8035,2.57423],[101.80351,2.57425],[101.8038,2.57447],[101.80383,2.57447],[101.80386,2.57447],[101.80446,2.57404],[101.80447,2.57401],[101.80446,2.57398],[101.8041,2.57364],[101.80407,2.57364],[101.80403,2.57365],[101.8035,2.5742]]]}},{"type":"Feature","properties":{"id":1408522056,"kind":"pond"},"geometry":{"type":"Polygon","coordinates":[[[101.80311,2.57394],[101.80312,2.57397],[101.80313,2.574],[101.80339,2.57417],[101.80342,2.57417],[101.80345,2.57417],[101.804,2.5736],[101.80401,2.57357],[101.804,2.57355],[101.80383,2.57337],[101.80364,2.5732],[101.80361,2.5732],[101.80358,2.5732],[101.80356,2.57322],[101.80311,2.57394]]]}},{"type":"Feature","properties":{"id":1408522057,"kind":"pond"},"geometry":{"type":"Polygon","coordinates":[[[101.80267,2.57365],[101.80267,2.57368],[101.80269,2.57371],[101.80302,2.57393],[101.80305,2.57393],[101.80307,2.57391],[101.80353,2.57318],[101.80353,2.57314],[101.80351,2.57312],[101.80313,2.57301],[101.80311,2.57301],[101.80308,2.57302],[101.80267,2.57365]]]}},{"type":"Feature","properties":{"id":1408522058,"kind":"pond"},"geometry":{"type":"Polygon","coordinates":[[[101.80228,2.57333],[101.80229,2.57338],[101.8023,2.57342],[101.80252,2.57362],[101.80257,2.57363],[101.8026,2.57363],[101.80264,2.5736],[101.803,2.57305],[101.80299,2.57302],[101.80297,2.57299],[101.80246,2.57286],[101.80242,2.57287],[101.8024,2.5729],[101.80228,2.57333]]]}},{"type":"Feature","properties":{"id":1408522059,"kind":"pond"},"geometry":{"type":"Polygon","coordinates":[[[101.80137,2.57397],[101.80137,2.57402],[101.80139,2.57407],[101.80185,2.57449],[101.80189,2.57449],[101.80193,2.57447],[101.80208,2.57425],[101.80235,2.57376],[101.80235,2.57373],[101.80234,2.5737],[101.80208,2.57348],[101.80163,2.57317],[101.8016,2.57317],[101.80158,2.57318],[101.80156,2.57321],[101.80137,2.57397]]]}},{"type":"Feature","properties":{"id":1408522060,"kind":"pond"},"geometry":{"type":"Polygon","coordinates":[[[101.80204,2.57442],[101.80204,2.57445],[101.80204,2.57449],[101.80243,2.57481],[101.80247,2.57481],[101.80251,2.5748],[101.80276,2.57453],[101.80299,2.57421],[101.80299,2.57418],[101.80298,2.57414],[101.80247,2.57379],[101.80244,2.57378],[101.8024,2.57381],[101.80226,2.57402],[101.80204,2.57442]]]}},{"type":"Feature","properties":{"id":1408522061,"kind":"pond"},"geometry":{"type":"Polygon","coordinates":[[[101.80255,2.57486],[101.80255,2.5749],[101.80255,2.57493],[101.80288,2.57531],[101.80292,2.57533],[101.80296,2.57532],[101.80321,2.57511],[101.80363,2.5747],[101.80365,2.57466],[101.80364,2.57462],[101.80347,2.57448],[101.80341,2.57441],[101.80328,2.57435],[101.80312,2.57423],[101.80309,2.57422],[101.80306,2.57424],[101.80255,2.57486]]]}},{"type":"Feature","properties":{"id":1408522062,"kind":"pond"},"geometry":{"type":"Polygon","coordinates":[[[101.80123,2.5747],[101.80123,2.57473],[101.80125,2.57476],[101.80184,2.57524],[101.80186,2.57524],[101.80188,2.57523],[101.8021,2.57486],[101.8021,2.57482],[101.80209,2.57479],[101.80147,2.57423],[101.80143,2.57423],[101.8014,2.57425],[101.80131,2.57444],[101.80129,2.57448],[101.80129,2.57452],[101.80123,2.5747]]]}},{"type":"Feature","properties":{"id":1408522063,"kind":"pond"},"geometry":{"type":"Polygon","coordinates":[[[101.80193,2.57526],[101.80192,2.57528],[101.80194,2.57531],[101.80251,2.57585],[101.80254,2.57586],[101.80256,2.57585],[101.80278,2.57559],[101.80279,2.57555],[101.80278,2.57552],[101.80268,2.5754],[101.80235,2.57503],[101.80219,2.57488],[101.80216,2.57488],[101.80213,2.57489],[101.80193,2.57526]]]}},{"type":"Feature","properties":{"id":1408522064,"kind":"pond"},"geometry":{"type":"Polygon","coordinates":[[[101.80103,2.57539],[101.80155,2.57582],[101.80158,2.57582],[101.8016,2.57581],[101.80191,2.57544],[101.80192,2.57541],[101.80191,2.57539],[101.80126,2.57484],[101.80123,2.57484],[101.80119,2.57485],[101.80102,2.57525],[101.80101,2.57532],[101.80103,2.57539]]]}},{"type":"Feature","properties":{"id":1408522065,"kind":"pond"},"geometry":{"type":"Polygon","coordinates":[[[101.80164,2.57585],[101.80163,2.57588],[101.80164,2.57591],[101.80214,2.57638],[101.80217,2.57639],[101.80219,2.57638],[101.80232,2.57621],[101.80236,2.57617],[101.80237,2.57615],[101.80238,2.57611],[101.80249,2.57595],[101.80249,2.57592],[101.80248,2.57589],[101.80201,2.57547],[101.80198,2.57546],[101.80195,2.57547],[101.80164,2.57585]]]}},{"type":"Feature","properties":{"id":1408522066,"kind":"pond"},"geometry":{"type":"Polygon","coordinates":[[[101.80083,2.57607],[101.80084,2.57611],[101.80113,2.57636],[101.80115,2.57636],[101.80117,2.57636],[101.80153,2.57596],[101.80154,2.57594],[101.80154,2.57591],[101.80106,2.57551],[101.80102,2.5755],[101.80099,2.57551],[101.80096,2.57555],[101.80094,2.57564],[101.8009,2.57568],[101.8009,2.57572],[101.8009,2.57577],[101.80088,2.57586],[101.80087,2.57593],[101.80084,2.57603],[101.80083,2.57607]]]}},{"type":"Feature","properties":{"id":1408522067,"kind":"pond"},"geometry":{"type":"Polygon","coordinates":[[[101.80122,2.57641],[101.80121,2.57643],[101.80122,2.57646],[101.80167,2.57683],[101.80171,2.57684],[101.80174,2.57684],[101.80188,2.57676],[101.80197,2.57669],[101.80207,2.57657],[101.80212,2.57649],[101.80212,2.57647],[101.80212,2.57645],[101.80165,2.576],[101.80162,2.576],[101.80159,2.57601],[101.80122,2.57641]]]}},{"type":"Feature","properties":{"id":1408522068,"kind":"pond"},"geometry":{"type":"Polygon","coordinates":[[[101.80019,2.5765],[101.80019,2.57653],[101.8002,2.57657],[101.80026,2.57661],[101.80039,2.57676],[101.80054,2.57691],[101.80057,2.57691],[101.80059,2.57691],[101.80082,2.57667],[101.80103,2.57643],[101.80104,2.57641],[101.80103,2.57639],[101.80062,2.57604],[101.80056,2.57601],[101.80052,2.57601],[101.80048,2.57603],[101.80032,2.5762],[101.80029,2.57622],[101.80028,2.57626],[101.80019,2.5765]]]}},{"type":"Feature","properties":{"id":1408522069,"kind":"pond"},"geometry":{"type":"Polygon","coordinates":[[[101.80064,2.57696],[101.80063,2.57699],[101.80064,2.57702],[101.80091,2.57728],[101.80097,2.5773],[101.80105,2.5773],[101.80129,2.57719],[101.80134,2.57719],[101.80137,2.57716],[101.80138,2.57713],[101.80157,2.57695],[101.80159,2.57692],[101.80159,2.57688],[101.80158,2.57685],[101.80115,2.57647],[101.80112,2.57647],[101.80109,2.57648],[101.80064,2.57696]]]}},{"type":"Feature","properties":{"id":1408522077,"kind":"pond"},"geometry":{"type":"Polygon","coordinates":[[[101.79877,2.57626],[101.79877,2.57627],[101.79877,2.5763],[101.80037,2.57747],[101.80042,2.57748],[101.80047,2.57746],[101.80071,2.57726],[101.80072,2.57722],[101.80071,2.57717],[101.79953,2.57632],[101.79909,2.57603],[101.79906,2.57602],[101.79903,2.57603],[101.79892,2.57615],[101.79889,2.57616],[101.79877,2.57626]]]}},{"type":"Feature","properties":{"id":1408522078,"kind":"pond"},"geometry":{"type":"Polygon","coordinates":[[[101.79837,2.57661],[101.79837,2.57664],[101.79838,2.57667],[101.7991,2.5772],[101.79919,2.57725],[101.79984,2.57771],[101.79992,2.57778],[101.79995,2.57779],[101.8,2.57778],[101.80018,2.57766],[101.80032,2.57756],[101.80033,2.57753],[101.80033,2.5775],[101.79873,2.57635],[101.79871,2.57635],[101.79866,2.57635],[101.79853,2.57645],[101.79837,2.57661]]]}},{"type":"Feature","properties":{"id":1408522079,"kind":"pond"},"geometry":{"type":"Polygon","coordinates":[[[101.79798,2.57693],[101.79798,2.57696],[101.79799,2.57699],[101.79871,2.57756],[101.79874,2.57757],[101.79877,2.57756],[101.799,2.57724],[101.799,2.57721],[101.79898,2.57717],[101.79831,2.57669],[101.79828,2.57668],[101.79825,2.57669],[101.79816,2.57676],[101.79812,2.57677],[101.79802,2.57687],[101.79798,2.57693]]]}},{"type":"Feature","properties":{"id":1408522080,"kind":"pond"},"geometry":{"type":"Polygon","coordinates":[[[101.79881,2.5776],[101.79881,2.57762],[101.79882,2.57765],[101.79939,2.57811],[101.79941,2.57812],[101.79944,2.57811],[101.79955,2.57804],[101.79964,2.57799],[101.7997,2.57793],[101.79983,2.57783],[101.79984,2.57781],[101.79983,2.57777],[101.7991,2.57726],[101.79908,2.57726],[101.79905,2.57727],[101.79881,2.5776]]]}},{"type":"Feature","properties":{"id":1408522081,"kind":"pond"},"geometry":{"type":"Polygon","coordinates":[[[101.79829,2.57794],[101.79829,2.57797],[101.79829,2.57799],[101.79886,2.57845],[101.79888,2.57846],[101.79891,2.57845],[101.79931,2.57819],[101.79932,2.57817],[101.79932,2.57814],[101.79914,2.57799],[101.79865,2.57761],[101.79862,2.57761],[101.7986,2.57762],[101.79829,2.57794]]]}},{"type":"Feature","properties":{"id":1408522082,"kind":"pond"},"geometry":{"type":"Polygon","coordinates":[[[101.79759,2.57739],[101.79759,2.57742],[101.7976,2.57745],[101.79818,2.57791],[101.79821,2.57791],[101.79825,2.5779],[101.79855,2.57758],[101.79855,2.57754],[101.79854,2.57751],[101.79792,2.57703],[101.79789,2.57703],[101.79787,2.57704],[101.79759,2.57739]]]}},{"type":"Feature","properties":{"id":1408522083,"kind":"pond"},"geometry":{"type":"Polygon","coordinates":[[[101.79716,2.57788],[101.79715,2.57791],[101.79716,2.57794],[101.79769,2.57835],[101.79774,2.57835],[101.79779,2.57833],[101.79808,2.57799],[101.79809,2.57795],[101.79808,2.57791],[101.79756,2.57753],[101.79752,2.57753],[101.79748,2.57754],[101.79716,2.57788]]]}},{"type":"Feature","properties":{"id":1408522084,"kind":"pond"},"geometry":{"type":"Polygon","coordinates":[[[101.79781,2.57837],[101.7978,2.5784],[101.79782,2.57844],[101.79832,2.57878],[101.79836,2.57879],[101.7984,2.57878],[101.7988,2.57854],[101.79881,2.57852],[101.7988,2.57848],[101.79818,2.578],[101.79816,2.578],[101.79813,2.57801],[101.79781,2.57837]]]}},{"type":"Feature","properties":{"id":1408522085,"kind":"pond"},"geometry":{"type":"Polygon","coordinates":[[[101.79664,2.57824],[101.79663,2.57827],[101.79664,2.5783],[101.79718,2.57871],[101.79722,2.57871],[101.79725,2.5787],[101.79758,2.5784],[101.79758,2.57838],[101.79757,2.57835],[101.79723,2.57808],[101.7971,2.57799],[101.79707,2.57799],[101.79705,2.578],[101.79697,2.5781],[101.79689,2.57816],[101.79669,2.5782],[101.79664,2.57824]]]}},{"type":"Feature","properties":{"id":1408522086,"kind":"pond"},"geometry":{"type":"Polygon","coordinates":[[[101.79729,2.57875],[101.79729,2.57877],[101.7973,2.57879],[101.79756,2.57899],[101.79779,2.57916],[101.79783,2.57916],[101.79786,2.57915],[101.79807,2.579],[101.79813,2.57898],[101.79816,2.57894],[101.79826,2.57887],[101.79826,2.57884],[101.79825,2.57881],[101.79808,2.57868],[101.7977,2.57842],[101.79768,2.57841],[101.79765,2.57842],[101.79729,2.57875]]]}},{"type":"Feature","properties":{"id":1408522087,"kind":"pond"},"geometry":{"type":"Polygon","coordinates":[[[101.79595,2.57848],[101.79594,2.57851],[101.79594,2.57854],[101.79621,2.57877],[101.79664,2.57909],[101.79666,2.57909],[101.79669,2.57908],[101.79701,2.57873],[101.79702,2.5787],[101.79701,2.57867],[101.79655,2.57831],[101.79651,2.5783],[101.79647,2.5783],[101.7963,2.57835],[101.79625,2.57836],[101.79621,2.5784],[101.79595,2.57848]]]}},{"type":"Feature","properties":{"id":1408522088,"kind":"pond"},"geometry":{"type":"Polygon","coordinates":[[[101.79674,2.57912],[101.79674,2.57914],[101.79674,2.57916],[101.79719,2.57953],[101.79733,2.57963],[101.79736,2.57963],[101.79739,2.57962],[101.79755,2.57945],[101.79759,2.5794],[101.79769,2.57931],[101.79773,2.57926],[101.79774,2.57923],[101.79772,2.5792],[101.79712,2.57874],[101.79709,2.57874],[101.79707,2.57874],[101.79674,2.57912]]]}},{"type":"Feature","properties":{"id":1408522089,"kind":"pond"},"geometry":{"type":"Polygon","coordinates":[[[101.79532,2.57872],[101.79531,2.57874],[101.79532,2.57877],[101.79566,2.57907],[101.7961,2.57943],[101.79612,2.57943],[101.79615,2.57942],[101.79647,2.57911],[101.79647,2.57909],[101.79647,2.57906],[101.7958,2.57852],[101.79577,2.57852],[101.79573,2.57853],[101.79558,2.57859],[101.79553,2.57861],[101.79547,2.57865],[101.79532,2.57872]]]}},{"type":"Feature","properties":{"id":1408522090,"kind":"pond"},"geometry":{"type":"Polygon","coordinates":[[[101.7962,2.57946],[101.7962,2.57948],[101.7962,2.57951],[101.79687,2.58003],[101.7969,2.58003],[101.79693,2.58002],[101.79713,2.57988],[101.79727,2.57975],[101.79729,2.57974],[101.7973,2.57972],[101.79729,2.57969],[101.79658,2.57914],[101.79654,2.57913],[101.79651,2.57915],[101.7962,2.57946]]]}},{"type":"Feature","properties":{"id":1408522091,"kind":"pond"},"geometry":{"type":"Polygon","coordinates":[[[101.79473,2.57896],[101.79473,2.57898],[101.79474,2.57901],[101.79556,2.57974],[101.79558,2.57974],[101.79561,2.57974],[101.79591,2.57941],[101.79592,2.57938],[101.79591,2.57935],[101.79551,2.57903],[101.79526,2.5788],[101.79523,2.57876],[101.79521,2.57875],[101.79518,2.57875],[101.795,2.57883],[101.79495,2.57884],[101.79492,2.57884],[101.79491,2.57885],[101.79487,2.57889],[101.79473,2.57896]]]}},{"type":"Feature","properties":{"id":1408522092,"kind":"pond"},"geometry":{"type":"Polygon","coordinates":[[[101.79565,2.57978],[101.79565,2.5798],[101.79566,2.57982],[101.79633,2.58044],[101.79636,2.58044],[101.79638,2.58044],[101.79681,2.5801],[101.79681,2.58008],[101.79681,2.58005],[101.79602,2.57944],[101.79599,2.57944],[101.79596,2.57945],[101.79565,2.57978]]]}},{"type":"Feature","properties":{"id":1408522093,"kind":"pond"},"geometry":{"type":"Polygon","coordinates":[[[101.7942,2.57915],[101.79419,2.57917],[101.79419,2.5792],[101.79498,2.58003],[101.79503,2.58004],[101.79506,2.58003],[101.79538,2.57973],[101.79539,2.57969],[101.79539,2.57966],[101.79467,2.57903],[101.79464,2.57902],[101.7946,2.57902],[101.7942,2.57915]]]}},{"type":"Feature","properties":{"id":1408522094,"kind":"pond"},"geometry":{"type":"Polygon","coordinates":[[[101.79509,2.58009],[101.79509,2.58011],[101.79509,2.58014],[101.79576,2.5808],[101.79579,2.58081],[101.79582,2.58081],[101.79608,2.58067],[101.79626,2.58053],[101.79626,2.5805],[101.79626,2.58047],[101.79549,2.57976],[101.79546,2.57976],[101.79543,2.57976],[101.79509,2.58009]]]}},{"type":"Feature","properties":{"id":1408522095,"kind":"pond"},"geometry":{"type":"Polygon","coordinates":[[[101.79359,2.57928],[101.79358,2.57932],[101.79358,2.57936],[101.79434,2.5802],[101.79437,2.58022],[101.79441,2.58021],[101.79472,2.57994],[101.79473,2.57991],[101.79472,2.57988],[101.79406,2.57919],[101.79403,2.57918],[101.79399,2.57917],[101.79359,2.57928]]]}},{"type":"Feature","properties":{"id":1408522096,"kind":"pond"},"geometry":{"type":"Polygon","coordinates":[[[101.79443,2.58025],[101.79443,2.58028],[101.79444,2.58031],[101.79512,2.58104],[101.79514,2.58105],[101.79519,2.58105],[101.79564,2.58085],[101.79566,2.58083],[101.79566,2.5808],[101.79484,2.57998],[101.79481,2.57997],[101.79478,2.57997],[101.79443,2.58025]]]}},{"type":"Feature","properties":{"id":1408522097,"kind":"pond"},"geometry":{"type":"Polygon","coordinates":[[[101.79376,2.58042],[101.79378,2.58043],[101.79381,2.58042],[101.79415,2.58015],[101.79415,2.58013],[101.79415,2.5801],[101.79355,2.57944],[101.79349,2.57935],[101.79347,2.57934],[101.79344,2.57934],[101.79334,2.57937],[101.79332,2.57937],[101.79329,2.57937],[101.79326,2.57938],[101.79324,2.5794],[101.79323,2.57942],[101.79308,2.57947],[101.79307,2.57949],[101.79307,2.57953],[101.79316,2.57967],[101.79376,2.58042]]]}},{"type":"Feature","properties":{"id":1408522098,"kind":"pond"},"geometry":{"type":"Polygon","coordinates":[[[101.79384,2.58047],[101.79383,2.5805],[101.79384,2.58054],[101.79448,2.5813],[101.79451,2.58131],[101.79456,2.58131],[101.79504,2.5811],[101.79505,2.58108],[101.79505,2.58105],[101.79425,2.5802],[101.79422,2.58019],[101.79419,2.5802],[101.79384,2.58047]]]}},{"type":"Feature","properties":{"id":1408522099,"kind":"pond"},"geometry":{"type":"Polygon","coordinates":[[[101.7931,2.58059],[101.79314,2.5806],[101.79317,2.5806],[101.79357,2.58033],[101.79358,2.58031],[101.79357,2.58029],[101.79335,2.58004],[101.79309,2.57968],[101.79299,2.57953],[101.79296,2.57952],[101.79293,2.57952],[101.79279,2.57956],[101.79277,2.57956],[101.79275,2.57956],[101.79272,2.57956],[101.7927,2.57958],[101.7927,2.5796],[101.79267,2.57963],[101.79258,2.57966],[101.79256,2.57969],[101.79257,2.57973],[101.7931,2.58059]]]}},{"type":"Feature","properties":{"id":1408522100,"kind":"pond"},"geometry":{"type":"Polygon","coordinates":[[[101.79319,2.58066],[101.79318,2.58068],[101.79319,2.58071],[101.79341,2.58104],[101.79378,2.58153],[101.7938,2.58156],[101.79384,2.58156],[101.79394,2.58154],[101.79414,2.58148],[101.79416,2.58148],[101.79419,2.58149],[101.79422,2.58149],[101.79424,2.58147],[101.79427,2.58144],[101.7944,2.58139],[101.79441,2.58137],[101.79441,2.58134],[101.79364,2.58039],[101.79362,2.58038],[101.7936,2.58038],[101.79319,2.58066]]]}},{"type":"Feature","properties":{"id":1408522101,"kind":"pond"},"geometry":{"type":"Polygon","coordinates":[[[101.792,2.57987],[101.792,2.57988],[101.792,2.57991],[101.79249,2.58084],[101.79251,2.58085],[101.79254,2.58085],[101.79298,2.58057],[101.79299,2.58055],[101.79299,2.58052],[101.79264,2.57999],[101.79248,2.57971],[101.79245,2.5797],[101.79242,2.57971],[101.79229,2.57976],[101.79226,2.57975],[101.79223,2.57975],[101.7922,2.57977],[101.79219,2.57979],[101.792,2.57987]]]}},{"type":"Feature","properties":{"id":1408522102,"kind":"pond"},"geometry":{"type":"Polygon","coordinates":[[[101.79257,2.58091],[101.79256,2.58093],[101.79257,2.58097],[101.79293,2.58169],[101.79295,2.5817],[101.79299,2.58171],[101.79329,2.58165],[101.79331,2.58166],[101.79335,2.58166],[101.79338,2.58164],[101.79368,2.58159],[101.79371,2.58158],[101.79371,2.58155],[101.79314,2.58077],[101.79306,2.58063],[101.79303,2.58062],[101.79301,2.58062],[101.79257,2.58091]]]}},{"type":"Feature","properties":{"id":1408522103,"kind":"pond"},"geometry":{"type":"Polygon","coordinates":[[[101.79186,2.58088],[101.79188,2.58089],[101.7919,2.58089],[101.79232,2.58072],[101.79233,2.58071],[101.79233,2.58068],[101.79193,2.57991],[101.7919,2.57991],[101.79187,2.57991],[101.79179,2.57994],[101.79174,2.57994],[101.7917,2.57995],[101.79167,2.57998],[101.79167,2.57999],[101.79159,2.58002],[101.79158,2.58004],[101.79158,2.58008],[101.79176,2.58064],[101.79186,2.58088]]]}},{"type":"Feature","properties":{"id":1408522104,"kind":"pond"},"geometry":{"type":"Polygon","coordinates":[[[101.79215,2.5818],[101.79217,2.58182],[101.79222,2.58182],[101.7926,2.5818],[101.79279,2.58177],[101.79287,2.58174],[101.79287,2.58172],[101.79287,2.5817],[101.79249,2.58094],[101.79239,2.58076],[101.79237,2.58076],[101.79235,2.58076],[101.79211,2.58085],[101.79192,2.58095],[101.7919,2.58096],[101.79189,2.58098],[101.79215,2.5818]]]}},{"type":"Feature","properties":{"id":1408522105,"kind":"pond"},"geometry":{"type":"Polygon","coordinates":[[[101.791,2.58068],[101.7913,2.58135],[101.79137,2.58161],[101.79144,2.58177],[101.79149,2.58179],[101.79157,2.5818],[101.79202,2.58182],[101.79208,2.58181],[101.79209,2.58178],[101.79163,2.58042],[101.79161,2.5804],[101.79158,2.5804],[101.79104,2.58061],[101.79101,2.58064],[101.791,2.58068]]]}},{"type":"Feature","properties":{"id":1416044509,"kind":"pond"},"geometry":{"type":"Polygon","coordinates":[[[101.17219,3.39558],[101.17219,3.39561],[101.17222,3.39563],[101.1728,3.39571],[101.17283,3.39571],[101.17286,3.39568],[101.17296,3.39528],[101.17295,3.39525],[101.17293,3.39523],[101.17232,3.39516],[101.17229,3.39517],[101.17227,3.39519],[101.17219,3.39558]]]}},{"type":"Feature","properties":{"id":1416044510,"kind":"pond"},"geometry":{"type":"Polygon","coordinates":[[[101.17087,3.39607],[101.17088,3.39611],[101.17091,3.39613],[101.17184,3.39629],[101.17187,3.39629],[101.17189,3.39627],[101.17198,3.39592],[101.17197,3.39589],[101.17193,3.39587],[101.17127,3.39579],[101.17102,3.39573],[101.17097,3.39573],[101.17095,3.39576],[101.17087,3.39607]]]}},{"type":"Feature","properties":{"id":1446851874,"kind":"lake"},"geometry":{"type":"Polygon","coordinates":[[[101.89273,3.54403],[101.8933,3.54401],[101.89338,3.54396],[101.89343,3.54385],[101.89342,3.54329],[101.89311,3.54349],[101.89306,3.54357],[101.893,3.54359],[101.89296,3.54367],[101.89271,3.54382],[101.89266,3.54387],[101.89273,3.54403]]]}},{"type":"Feature","properties":{"id":1460956975,"kind":"pond"},"geometry":{"type":"Polygon","coordinates":[[[101.12627,3.44993],[101.12703,3.4506],[101.12709,3.45061],[101.12714,3.45059],[101.12752,3.45013],[101.12753,3.4501],[101.12751,3.45006],[101.1268,3.44942],[101.12673,3.44941],[101.12666,3.44942],[101.12626,3.44984],[101.12625,3.44989],[101.12627,3.44993]]]}},{"type":"Feature","properties":{"id":1460956976,"kind":"pond"},"geometry":{"type":"Polygon","coordinates":[[[101.12579,3.45055],[101.12655,3.45124],[101.12661,3.45125],[101.12666,3.45123],[101.12703,3.45076],[101.12704,3.45071],[101.12702,3.45066],[101.12621,3.44998],[101.12617,3.44998],[101.12614,3.45],[101.12578,3.45046],[101.12578,3.45051],[101.12579,3.45055]]]}},{"type":"Feature","properties":{"id":1460956977,"kind":"pond"},"geometry":{"type":"Polygon","coordinates":[[[101.12537,3.45101],[101.1262,3.4517],[101.12624,3.45171],[101.12628,3.45171],[101.12655,3.45136],[101.12655,3.45131],[101.12654,3.45127],[101.12575,3.45059],[101.1257,3.45059],[101.12563,3.45061],[101.12536,3.45092],[101.12535,3.45097],[101.12537,3.45101]]]}},{"type":"Feature","properties":{"id":1460956978,"kind":"pond"},"geometry":{"type":"Polygon","coordinates":[[[101.12596,3.45204],[101.126,3.45205],[101.12603,3.45203],[101.12621,3.45179],[101.12621,3.45176],[101.12619,3.45173],[101.12534,3.45103],[101.1253,3.45103],[101.12526,3.45105],[101.12511,3.45125],[101.12511,3.4513],[101.12514,3.45136],[101.12596,3.45204]]]}},{"type":"Feature","properties":{"id":1460956979,"kind":"pond"},"geometry":{"type":"Polygon","coordinates":[[[101.12671,3.45136],[101.1269,3.45153],[101.12695,3.45154],[101.127,3.45152],[101.12785,3.45051],[101.12786,3.45047],[101.12784,3.45041],[101.12762,3.45023],[101.12758,3.45023],[101.12754,3.45025],[101.12671,3.45129],[101.1267,3.45132],[101.12671,3.45136]]]}},{"type":"Feature","properties":{"id":1460956980,"kind":"pond"},"geometry":{"type":"Polygon","coordinates":[[[101.12717,3.45148],[101.12741,3.45171],[101.12744,3.45171],[101.12748,3.45169],[101.12814,3.45083],[101.12816,3.45076],[101.12814,3.45071],[101.12799,3.45056],[101.12792,3.45056],[101.12786,3.45058],[101.12717,3.45143],[101.12717,3.45146],[101.12717,3.45148]]]}},{"type":"Feature","properties":{"id":1460956981,"kind":"pond"},"geometry":{"type":"Polygon","coordinates":[[[101.12605,3.45213],[101.12628,3.45232],[101.12631,3.45232],[101.12633,3.45231],[101.12653,3.45211],[101.12692,3.45164],[101.12692,3.45162],[101.1269,3.45158],[101.12667,3.45138],[101.12663,3.45138],[101.1266,3.4514],[101.12611,3.45202],[101.12605,3.45209],[101.12605,3.45211],[101.12605,3.45213]]]}},{"type":"Feature","properties":{"id":1460956982,"kind":"pond"},"geometry":{"type":"Polygon","coordinates":[[[101.1264,3.45241],[101.12661,3.45261],[101.12665,3.45261],[101.1267,3.45259],[101.12737,3.4518],[101.12738,3.45177],[101.12737,3.45174],[101.12714,3.45154],[101.1271,3.45154],[101.12707,3.45155],[101.12657,3.45219],[101.12639,3.45236],[101.12639,3.45238],[101.1264,3.45241]]]}},{"type":"Feature","properties":{"id":1460956985,"kind":"pond"},"geometry":{"type":"Polygon","coordinates":[[[101.12595,3.45326],[101.12601,3.45326],[101.12608,3.45323],[101.12653,3.45267],[101.12654,3.45263],[101.12652,3.45259],[101.12637,3.45247],[101.12633,3.45246],[101.1263,3.45248],[101.12587,3.453],[101.12586,3.45302],[101.12587,3.45304],[101.12591,3.45308],[101.12591,3.4531],[101.1259,3.45313],[101.12587,3.45316],[101.12587,3.45319],[101.12588,3.45321],[101.12595,3.45326]]]}},{"type":"Feature","properties":{"id":1460956986,"kind":"pond"},"geometry":{"type":"Polygon","coordinates":[[[101.12569,3.45306],[101.12573,3.45305],[101.12576,3.45303],[101.12625,3.45243],[101.12626,3.45239],[101.12624,3.45235],[101.12602,3.45219],[101.126,3.45218],[101.12596,3.45221],[101.12553,3.45281],[101.12552,3.45287],[101.12555,3.45295],[101.12569,3.45306]]]}},{"type":"Feature","properties":{"id":1460956987,"kind":"pond"},"geometry":{"type":"Polygon","coordinates":[[[101.12756,3.45179],[101.12818,3.45229],[101.12825,3.45229],[101.12832,3.45225],[101.12882,3.45164],[101.12882,3.4516],[101.12879,3.45155],[101.12821,3.45103],[101.12816,3.45103],[101.1281,3.45106],[101.12756,3.45171],[101.12755,3.45175],[101.12756,3.45179]]]}},{"type":"Feature","properties":{"id":1460956988,"kind":"pond"},"geometry":{"type":"Polygon","coordinates":[[[101.12721,3.45225],[101.12784,3.45277],[101.1279,3.45276],[101.12795,3.45274],[101.12815,3.45247],[101.12815,3.45241],[101.12813,3.45237],[101.12754,3.45187],[101.12748,3.45186],[101.12742,3.45189],[101.12721,3.45214],[101.1272,3.4522],[101.12721,3.45225]]]}},{"type":"Feature","properties":{"id":1460956989,"kind":"pond"},"geometry":{"type":"Polygon","coordinates":[[[101.12674,3.45274],[101.12674,3.45279],[101.12676,3.45284],[101.12735,3.45331],[101.12743,3.45332],[101.12751,3.4533],[101.12781,3.4529],[101.12781,3.45283],[101.12778,3.45277],[101.12724,3.45234],[101.12715,3.45232],[101.12708,3.45233],[101.12674,3.45274]]]}},{"type":"Feature","properties":{"id":1460956994,"kind":"pond"},"geometry":{"type":"Polygon","coordinates":[[[101.12656,3.45298],[101.12735,3.45356],[101.12738,3.45352],[101.12739,3.45346],[101.12736,3.45341],[101.1267,3.45286],[101.12666,3.45286],[101.12662,3.45288],[101.12656,3.45298]]]}},{"type":"Feature","properties":{"id":1460956995,"kind":"pond"},"geometry":{"type":"Polygon","coordinates":[[[101.12621,3.45341],[101.12621,3.45345],[101.12623,3.45349],[101.12692,3.45398],[101.12698,3.45398],[101.12703,3.45396],[101.1271,3.45387],[101.1263,3.45328],[101.12621,3.45341]]]}},{"type":"Feature","properties":{"id":1460956996,"kind":"pond"},"geometry":{"type":"Polygon","coordinates":[[[101.12497,3.45249],[101.12533,3.4528],[101.12538,3.4528],[101.12544,3.45278],[101.12592,3.45217],[101.12593,3.45211],[101.1259,3.45207],[101.12553,3.45177],[101.12548,3.45177],[101.12543,3.45179],[101.12496,3.4524],[101.12496,3.45245],[101.12497,3.45249]]]}},{"type":"Feature","properties":{"id":1460956997,"kind":"pond"},"geometry":{"type":"Polygon","coordinates":[[[101.12454,3.45201],[101.12489,3.4523],[101.12494,3.45231],[101.12499,3.45228],[101.12542,3.45172],[101.12542,3.45169],[101.12538,3.45164],[101.12504,3.45139],[101.125,3.45138],[101.12495,3.4514],[101.12453,3.45193],[101.12452,3.45197],[101.12454,3.45201]]]}},{"type":"Feature","properties":{"id":1460956998,"kind":"pond"},"geometry":{"type":"Polygon","coordinates":[[[101.12403,3.45161],[101.12442,3.45194],[101.12446,3.45195],[101.1245,3.45193],[101.12492,3.45139],[101.12493,3.45133],[101.12492,3.45128],[101.12452,3.45097],[101.12448,3.45098],[101.12442,3.451],[101.12402,3.45152],[101.12402,3.45157],[101.12403,3.45161]]]}},{"type":"Feature","properties":{"id":1460956999,"kind":"pond"},"geometry":{"type":"Polygon","coordinates":[[[101.12437,3.45324],[101.12473,3.45356],[101.1248,3.45356],[101.12484,3.45354],[101.12531,3.45294],[101.12531,3.45289],[101.12529,3.45284],[101.12491,3.45253],[101.12487,3.45252],[101.12483,3.45253],[101.12437,3.45314],[101.12436,3.45319],[101.12437,3.45324]]]}},{"type":"Feature","properties":{"id":1460957000,"kind":"pond"},"geometry":{"type":"Polygon","coordinates":[[[101.1239,3.45284],[101.12424,3.45315],[101.12428,3.45316],[101.12432,3.45315],[101.12479,3.45255],[101.12479,3.45247],[101.12476,3.45241],[101.12445,3.45216],[101.12441,3.45215],[101.12435,3.45217],[101.12389,3.45277],[101.12389,3.45281],[101.1239,3.45284]]]}},{"type":"Feature","properties":{"id":1460957001,"kind":"pond"},"geometry":{"type":"Polygon","coordinates":[[[101.12335,3.45239],[101.12378,3.45275],[101.12382,3.45276],[101.12385,3.45275],[101.12433,3.45213],[101.12434,3.45209],[101.12433,3.45206],[101.12392,3.45175],[101.12388,3.45175],[101.12383,3.45176],[101.12373,3.45183],[101.12336,3.45231],[101.12334,3.45236],[101.12335,3.45239]]]}},{"type":"Feature","properties":{"id":1460957002,"kind":"pond"},"geometry":{"type":"Polygon","coordinates":[[[101.12265,3.45326],[101.12307,3.45361],[101.12312,3.45362],[101.12317,3.4536],[101.12374,3.45288],[101.12375,3.45283],[101.12374,3.45279],[101.12332,3.45245],[101.12328,3.45244],[101.12323,3.45247],[101.12264,3.45318],[101.12264,3.45322],[101.12265,3.45326]]]}},{"type":"Feature","properties":{"id":1460957003,"kind":"pond"},"geometry":{"type":"Polygon","coordinates":[[[101.12322,3.45372],[101.12355,3.45401],[101.1236,3.45402],[101.12364,3.454],[101.12423,3.45325],[101.12423,3.45321],[101.12422,3.45317],[101.12389,3.45291],[101.12384,3.4529],[101.12379,3.45292],[101.12321,3.45363],[101.12321,3.45368],[101.12322,3.45372]]]}},{"type":"Feature","properties":{"id":1460957004,"kind":"pond"},"geometry":{"type":"Polygon","coordinates":[[[101.12368,3.45403],[101.12367,3.45407],[101.12369,3.45412],[101.12404,3.45441],[101.1241,3.45441],[101.12415,3.45439],[101.12472,3.45369],[101.12472,3.45362],[101.1247,3.45358],[101.12434,3.45328],[101.1243,3.45328],[101.12426,3.4533],[101.12368,3.45403]]]}},{"type":"Feature","properties":{"id":1460957005,"kind":"pond"},"geometry":{"type":"Polygon","coordinates":[[[101.12492,3.45359],[101.12515,3.45375],[101.12518,3.45375],[101.12521,3.45374],[101.12564,3.45321],[101.12564,3.45314],[101.12561,3.45309],[101.12543,3.45296],[101.12541,3.45296],[101.12538,3.45297],[101.12492,3.45354],[101.12492,3.45356],[101.12492,3.45359]]]}},{"type":"Feature","properties":{"id":1460957006,"kind":"pond"},"geometry":{"type":"Polygon","coordinates":[[[101.12445,3.45418],[101.12466,3.45434],[101.1247,3.45435],[101.12473,3.45434],[101.12513,3.45384],[101.12513,3.4538],[101.12511,3.45376],[101.12489,3.45362],[101.12486,3.45362],[101.12482,3.45364],[101.12444,3.45411],[101.12444,3.45415],[101.12445,3.45418]]]}},{"type":"Feature","properties":{"id":1460957007,"kind":"pond"},"geometry":{"type":"Polygon","coordinates":[[[101.12484,3.45444],[101.12512,3.45468],[101.12517,3.45468],[101.12522,3.45466],[101.1254,3.45445],[101.1254,3.45442],[101.12541,3.45437],[101.12597,3.45366],[101.12597,3.45362],[101.12596,3.45358],[101.12591,3.45354],[101.1259,3.45352],[101.12597,3.45341],[101.12597,3.45338],[101.12595,3.45334],[101.12579,3.45323],[101.12574,3.45323],[101.12568,3.45326],[101.12481,3.45431],[101.12481,3.45437],[101.12484,3.45444]]]}},{"type":"Feature","properties":{"id":1460957017,"kind":"pond"},"geometry":{"type":"Polygon","coordinates":[[[101.12579,3.45429],[101.12633,3.4547],[101.12639,3.4547],[101.12644,3.45468],[101.12689,3.45414],[101.1269,3.45408],[101.12688,3.45403],[101.12633,3.45364],[101.12627,3.45364],[101.1262,3.45367],[101.12577,3.45418],[101.12577,3.45424],[101.12579,3.45429]]]}},{"type":"Feature","properties":{"id":1460957018,"kind":"pond"},"geometry":{"type":"Polygon","coordinates":[[[101.12506,3.45516],[101.12559,3.45553],[101.12565,3.45554],[101.12571,3.45552],[101.12631,3.45482],[101.12632,3.45477],[101.1263,3.45472],[101.12574,3.4543],[101.12568,3.4543],[101.12563,3.45432],[101.12506,3.45501],[101.12504,3.45508],[101.12506,3.45516]]]}},{"type":"Feature","properties":{"id":1460957019,"kind":"pond"},"geometry":{"type":"Polygon","coordinates":[[[101.12491,3.45638],[101.12498,3.45639],[101.12505,3.45635],[101.12538,3.45595],[101.12538,3.45589],[101.12536,3.45584],[101.12477,3.45539],[101.12472,3.45539],[101.12469,3.4554],[101.12436,3.45582],[101.12435,3.4559],[101.12438,3.45598],[101.12491,3.45638]]]}},{"type":"Feature","properties":{"id":1460957020,"kind":"pond"},"geometry":{"type":"Polygon","coordinates":[[[101.12405,3.4563],[101.12463,3.45674],[101.12467,3.45675],[101.12471,3.45673],[101.12489,3.45651],[101.12489,3.45647],[101.12485,3.45643],[101.12431,3.456],[101.12426,3.456],[101.12421,3.45602],[101.12404,3.4562],[101.12403,3.45626],[101.12405,3.4563]]]}},{"type":"Feature","properties":{"id":1460957021,"kind":"pond"},"geometry":{"type":"Polygon","coordinates":[[[101.12365,3.45663],[101.12365,3.45668],[101.12368,3.45673],[101.12428,3.45717],[101.12433,3.45717],[101.12438,3.45715],[101.12459,3.45687],[101.12459,3.45683],[101.12457,3.45679],[101.12397,3.45634],[101.12393,3.45633],[101.12388,3.45635],[101.12365,3.45663]]]}},{"type":"Feature","properties":{"id":1460957022,"kind":"pond"},"geometry":{"type":"Polygon","coordinates":[[[101.12327,3.4564],[101.12349,3.45658],[101.12355,3.4566],[101.1236,3.45658],[101.12512,3.45482],[101.12512,3.45477],[101.12511,3.45474],[101.12479,3.45449],[101.12474,3.45449],[101.1247,3.45451],[101.12326,3.45628],[101.12325,3.45633],[101.12327,3.4564]]]}},{"type":"Feature","properties":{"id":1460957023,"kind":"pond"},"geometry":{"type":"Polygon","coordinates":[[[101.12361,3.4552],[101.12385,3.45537],[101.1239,3.45537],[101.12393,3.45536],[101.12465,3.45447],[101.12466,3.45442],[101.12464,3.45437],[101.1244,3.45422],[101.12437,3.45422],[101.12433,3.45424],[101.12362,3.45512],[101.12361,3.45516],[101.12361,3.4552]]]}},{"type":"Feature","properties":{"id":1460957024,"kind":"pond"},"geometry":{"type":"Polygon","coordinates":[[[101.12269,3.45591],[101.12309,3.45626],[101.12315,3.45628],[101.1232,3.45626],[101.12382,3.45551],[101.12382,3.45545],[101.12378,3.45538],[101.12335,3.4551],[101.12329,3.4551],[101.12324,3.45512],[101.12268,3.45582],[101.12268,3.45586],[101.12269,3.45591]]]}},{"type":"Feature","properties":{"id":1460957025,"kind":"pond"},"geometry":{"type":"Polygon","coordinates":[[[101.12315,3.45695],[101.12315,3.45699],[101.12318,3.45703],[101.12394,3.45758],[101.12399,3.45758],[101.12403,3.45757],[101.12425,3.45729],[101.12426,3.45726],[101.12423,3.45721],[101.12343,3.4566],[101.12339,3.4566],[101.12334,3.45663],[101.12315,3.45695]]]}},{"type":"Feature","properties":{"id":1460957026,"kind":"pond"},"geometry":{"type":"Polygon","coordinates":[[[101.12235,3.45632],[101.12235,3.45636],[101.12238,3.45641],[101.12304,3.45691],[101.12309,3.45691],[101.12312,3.4569],[101.12331,3.45658],[101.12331,3.45653],[101.12329,3.45648],[101.12266,3.45597],[101.12262,3.45596],[101.12258,3.45598],[101.12235,3.45632]]]}},{"type":"Feature","properties":{"id":1460957027,"kind":"pond"},"geometry":{"type":"Polygon","coordinates":[[[101.12236,3.45738],[101.12282,3.45771],[101.12286,3.45772],[101.12289,3.4577],[101.12319,3.45732],[101.1232,3.45728],[101.12319,3.45725],[101.12275,3.4569],[101.12271,3.4569],[101.12266,3.45692],[101.12235,3.45729],[101.12234,3.45733],[101.12236,3.45738]]]}},{"type":"Feature","properties":{"id":1460957028,"kind":"pond"},"geometry":{"type":"Polygon","coordinates":[[[101.12305,3.45777],[101.1235,3.4581],[101.12354,3.45811],[101.12358,3.45809],[101.12382,3.4578],[101.12381,3.45776],[101.1238,3.45772],[101.12335,3.45737],[101.12332,3.45737],[101.12329,3.45738],[101.12305,3.4577],[101.12304,3.45773],[101.12305,3.45777]]]}},{"type":"Feature","properties":{"id":1460957029,"kind":"pond"},"geometry":{"type":"Polygon","coordinates":[[[101.12304,3.45868],[101.12308,3.45868],[101.12313,3.45866],[101.12336,3.45836],[101.12336,3.45832],[101.12334,3.45828],[101.12291,3.45798],[101.12286,3.45798],[101.12282,3.45799],[101.12257,3.45829],[101.12255,3.45832],[101.12256,3.45837],[101.12304,3.45868]]]}},{"type":"Feature","properties":{"id":1460957030,"kind":"pond"},"geometry":{"type":"Polygon","coordinates":[[[101.12195,3.45788],[101.12238,3.45821],[101.12243,3.45822],[101.12247,3.4582],[101.12277,3.45786],[101.12277,3.45783],[101.12276,3.4578],[101.12228,3.45749],[101.12224,3.45748],[101.1222,3.4575],[101.12194,3.45782],[101.12194,3.45786],[101.12195,3.45788]]]}},{"type":"Feature","properties":{"id":1460957031,"kind":"pond"},"geometry":{"type":"Polygon","coordinates":[[[101.12224,3.4587],[101.12224,3.45872],[101.12225,3.45874],[101.12277,3.45908],[101.1228,3.45909],[101.12283,3.45907],[101.12298,3.45881],[101.12297,3.45876],[101.12293,3.45871],[101.12249,3.45841],[101.12247,3.45841],[101.12245,3.45843],[101.12224,3.4587]]]}},{"type":"Feature","properties":{"id":1460957032,"kind":"pond"},"geometry":{"type":"Polygon","coordinates":[[[101.12159,3.45833],[101.12206,3.45867],[101.12209,3.45867],[101.12213,3.45866],[101.12238,3.45836],[101.12238,3.45834],[101.12237,3.45831],[101.12187,3.45798],[101.12184,3.45797],[101.12181,3.45799],[101.12159,3.45828],[101.12159,3.4583],[101.12159,3.45833]]]}},{"type":"Feature","properties":{"id":1460957033,"kind":"pond"},"geometry":{"type":"Polygon","coordinates":[[[101.12187,3.45918],[101.12187,3.45921],[101.12188,3.45923],[101.12238,3.45957],[101.12241,3.45957],[101.12243,3.45956],[101.12262,3.45932],[101.12263,3.45929],[101.12262,3.45926],[101.12211,3.4589],[101.12208,3.4589],[101.12206,3.45892],[101.12187,3.45918]]]}},{"type":"Feature","properties":{"id":1460957034,"kind":"pond"},"geometry":{"type":"Polygon","coordinates":[[[101.12119,3.4587],[101.12119,3.45873],[101.12121,3.45875],[101.12171,3.45912],[101.12174,3.45912],[101.12177,3.45911],[101.12202,3.4588],[101.12202,3.45877],[101.12201,3.45874],[101.12152,3.45839],[101.12149,3.45838],[101.12145,3.4584],[101.12119,3.4587]]]}},{"type":"Feature","properties":{"id":1460957035,"kind":"pond"},"geometry":{"type":"Polygon","coordinates":[[[101.12164,3.45731],[101.12195,3.45758],[101.12198,3.45758],[101.122,3.45757],[101.12232,3.45721],[101.12232,3.45719],[101.12232,3.45716],[101.12203,3.45691],[101.12199,3.45691],[101.12195,3.45692],[101.12163,3.45725],[101.12163,3.45729],[101.12164,3.45731]]]}},{"type":"Feature","properties":{"id":1460957036,"kind":"pond"},"geometry":{"type":"Polygon","coordinates":[[[101.12048,3.4592],[101.12051,3.4592],[101.12054,3.45919],[101.12104,3.45866],[101.12158,3.45811],[101.12189,3.45775],[101.12191,3.45769],[101.12191,3.45764],[101.12162,3.45739],[101.12157,3.45739],[101.12152,3.45744],[101.12109,3.45818],[101.12086,3.45855],[101.12058,3.45888],[101.12039,3.45905],[101.12038,3.4591],[101.12039,3.45914],[101.12048,3.4592]]]}},{"type":"Feature","properties":{"id":1460957037,"kind":"pond"},"geometry":{"type":"Polygon","coordinates":[[[101.12008,3.45968],[101.12026,3.45952],[101.12043,3.45933],[101.12043,3.45931],[101.12043,3.45928],[101.12032,3.45918],[101.1203,3.45918],[101.12028,3.45919],[101.1201,3.45939],[101.12003,3.45951],[101.12003,3.45957],[101.12004,3.45966],[101.12006,3.45968],[101.12008,3.45968]]]}},{"type":"Feature","properties":{"id":1460957038,"kind":"pond"},"geometry":{"type":"Polygon","coordinates":[[[101.12022,3.46004],[101.12024,3.46005],[101.12025,3.46004],[101.12075,3.4595],[101.12088,3.45942],[101.12129,3.45897],[101.1213,3.45894],[101.12129,3.45891],[101.12111,3.45878],[101.12108,3.45877],[101.12105,3.45879],[101.12067,3.45919],[101.12065,3.45925],[101.12065,3.45932],[101.12063,3.45936],[101.1206,3.45937],[101.12056,3.45936],[101.12051,3.45939],[101.12031,3.45957],[101.12027,3.45963],[101.12018,3.45971],[101.12011,3.45975],[101.12009,3.4598],[101.12009,3.45987],[101.12011,3.45993],[101.12016,3.46],[101.12022,3.46004]]]}},{"type":"Feature","properties":{"id":1460957039,"kind":"pond"},"geometry":{"type":"Polygon","coordinates":[[[101.12153,3.45988],[101.12188,3.46014],[101.12192,3.46015],[101.12196,3.46014],[101.12233,3.4597],[101.12233,3.45968],[101.12232,3.45966],[101.12192,3.45936],[101.12189,3.45935],[101.12186,3.45937],[101.12152,3.45983],[101.12152,3.45986],[101.12153,3.45988]]]}},{"type":"Feature","properties":{"id":1460957040,"kind":"pond"},"geometry":{"type":"Polygon","coordinates":[[[101.12097,3.45956],[101.12131,3.45982],[101.12134,3.45983],[101.12137,3.45981],[101.12178,3.4593],[101.12178,3.45927],[101.12177,3.45925],[101.12144,3.45902],[101.12141,3.45901],[101.12139,3.45902],[101.12097,3.45949],[101.12096,3.45953],[101.12097,3.45956]]]}},{"type":"Feature","properties":{"id":1460957041,"kind":"pond"},"geometry":{"type":"Polygon","coordinates":[[[101.12038,3.46017],[101.1208,3.46049],[101.12084,3.4605],[101.12087,3.46049],[101.12129,3.45996],[101.12129,3.45993],[101.12128,3.4599],[101.12091,3.45964],[101.12086,3.45963],[101.12078,3.45965],[101.12039,3.46009],[101.12037,3.46012],[101.12038,3.46017]]]}},{"type":"Feature","properties":{"id":1460957042,"kind":"pond"},"geometry":{"type":"Polygon","coordinates":[[[101.12097,3.4606],[101.12136,3.46087],[101.1214,3.46087],[101.12144,3.46085],[101.12177,3.46041],[101.12177,3.46038],[101.12175,3.46034],[101.12138,3.46007],[101.12134,3.46007],[101.1213,3.46008],[101.12096,3.46053],[101.12096,3.46057],[101.12097,3.4606]]]}},{"type":"Feature","properties":{"id":1460957043,"kind":"pond"},"geometry":{"type":"Polygon","coordinates":[[[101.12,3.46086],[101.12033,3.46111],[101.12037,3.46112],[101.1204,3.46111],[101.1208,3.4606],[101.1208,3.46058],[101.12079,3.46056],[101.12041,3.46029],[101.12038,3.46028],[101.12036,3.4603],[101.12,3.46079],[101.11999,3.46082],[101.12,3.46086]]]}},{"type":"Feature","properties":{"id":1460957044,"kind":"pond"},"geometry":{"type":"Polygon","coordinates":[[[101.12056,3.46117],[101.12094,3.46147],[101.12097,3.46147],[101.121,3.46146],[101.12132,3.46102],[101.12132,3.46098],[101.12132,3.46095],[101.12093,3.46067],[101.1209,3.46066],[101.12087,3.46068],[101.12055,3.46109],[101.12054,3.46113],[101.12056,3.46117]]]}},{"type":"Feature","properties":{"id":1460957045,"kind":"pond"},"geometry":{"type":"Polygon","coordinates":[[[101.12001,3.46181],[101.12001,3.46183],[101.12001,3.46185],[101.12039,3.46217],[101.12043,3.46217],[101.12047,3.46215],[101.12078,3.46172],[101.12078,3.46168],[101.12076,3.46164],[101.1204,3.46136],[101.12037,3.46136],[101.12034,3.46137],[101.12001,3.46181]]]}},{"type":"Feature","properties":{"id":1460957046,"kind":"pond"},"geometry":{"type":"Polygon","coordinates":[[[101.11952,3.46146],[101.11986,3.46176],[101.11989,3.46177],[101.11992,3.46175],[101.1203,3.46125],[101.1203,3.46122],[101.12028,3.46119],[101.1199,3.46091],[101.11986,3.46091],[101.11982,3.46093],[101.11951,3.46138],[101.11951,3.46141],[101.11952,3.46146]]]}},{"type":"Feature","properties":{"id":1469089395,"kind":"pond"},"geometry":{"type":"Polygon","coordinates":[[[102.00479,2.68496],[102.00474,2.68506],[102.00471,2.68508],[102.00469,2.68518],[102.00467,2.68527],[102.00468,2.68533],[102.00471,2.68536],[102.00471,2.6854],[102.0047,2.68546],[102.00469,2.6855],[102.0047,2.68554],[102.00476,2.68559],[102.00479,2.68559],[102.00484,2.68558],[102.00497,2.68546],[102.005,2.6854],[102.005,2.68526],[102.00499,2.685],[102.005,2.68492],[102.00501,2.68485],[102.005,2.6848],[102.00496,2.68475],[102.00492,2.68473],[102.00488,2.68473],[102.00484,2.68475],[102.00478,2.68485],[102.00477,2.68489],[102.00478,2.68494],[102.00479,2.68496]]]}},{"type":"Feature","properties":{"id":1492175666,"kind":"pond"},"geometry":{"type":"Polygon","coordinates":[[[101.42918,3.35796],[101.4292,3.35793],[101.42923,3.35795],[101.42925,3.358],[101.42931,3.35805],[101.42936,3.35805],[101.42936,3.35801],[101.42932,3.35794],[101.42932,3.35788],[101.42941,3.35773],[101.42951,3.35758],[101.42963,3.35751],[101.42968,3.35758],[101.42968,3.35761],[101.42967,3.35767],[101.42965,3.35777],[101.42963,3.35783],[101.42959,3.35788],[101.42948,3.35794],[101.42944,3.35799],[101.42947,3.35806],[101.42951,3.35811],[101.42948,3.35814],[101.42943,3.35814],[101.42938,3.35813],[101.42932,3.35811],[101.42924,3.35809],[101.42921,3.35808],[101.42918,3.358],[101.42918,3.35796]]]}},{"type":"Feature","properties":{"id":1492175684,"kind":"pond"},"geometry":{"type":"Polygon","coordinates":[[[101.4312,3.35513],[101.43118,3.35511],[101.4312,3.35505],[101.43124,3.35502],[101.43125,3.35495],[101.43118,3.35483],[101.43114,3.35474],[101.43114,3.35465],[101.4312,3.35461],[101.43127,3.35463],[101.4314,3.35472],[101.4315,3.35483],[101.43151,3.35489],[101.4315,3.35503],[101.43148,3.35508],[101.43142,3.35511],[101.43136,3.35513],[101.43132,3.35514],[101.43124,3.35515],[101.4312,3.35513]]]}},{"type":"Feature","properties":{"id":1492243876,"name":"Lubuk Tupai","kind":"stream_pool"},"geometry":{"type":"Polygon","coordinates":[[[101.71998,3.50235],[101.72007,3.50239],[101.72015,3.50236],[101.72021,3.50223],[101.72014,3.5021],[101.71997,3.50206],[101.71992,3.50221],[101.71998,3.50235]]]}},{"type":"Feature","properties":{"id":1492517169,"kind":"pond"},"geometry":{"type":"Polygon","coordinates":[[[101.43272,3.35973],[101.43268,3.35968],[101.43263,3.35951],[101.43263,3.35946],[101.43267,3.3594],[101.43272,3.35937],[101.43295,3.35933],[101.43341,3.35929],[101.43365,3.35927],[101.43373,3.35927],[101.43374,3.35936],[101.43378,3.36022],[101.43356,3.36035],[101.43342,3.36034],[101.43325,3.36028],[101.43324,3.36023],[101.43326,3.36014],[101.43332,3.36001],[101.43337,3.35987],[101.43344,3.35982],[101.43344,3.35977],[101.4334,3.35975],[101.43326,3.35971],[101.43281,3.35976],[101.43274,3.35973],[101.43272,3.35973]]]}},{"type":"Feature","properties":{"id":1492517170,"kind":"pond"},"geometry":{"type":"Polygon","coordinates":[[[101.43299,3.35668],[101.43278,3.35667],[101.43264,3.35665],[101.43264,3.35655],[101.43273,3.35647],[101.4329,3.35635],[101.43304,3.35631],[101.43321,3.35633],[101.43341,3.3564],[101.4335,3.35653],[101.43344,3.35665],[101.43321,3.35672],[101.43306,3.3567],[101.43301,3.35669],[101.43299,3.35668]]]}},{"type":"Feature","properties":{"id":1492955305,"kind":"pond"},"geometry":{"type":"Polygon","coordinates":[[[101.42965,3.36001],[101.42928,3.36012],[101.42905,3.36019],[101.42862,3.36016],[101.42857,3.36012],[101.42838,3.36003],[101.42828,3.35989],[101.42825,3.35982],[101.42822,3.3587],[101.4283,3.35857],[101.42839,3.35854],[101.42865,3.35852],[101.42883,3.35851],[101.42913,3.35851],[101.42927,3.35852],[101.42933,3.35861],[101.42944,3.35874],[101.42951,3.35879],[101.42958,3.35896],[101.42969,3.35993],[101.42965,3.36001]]]}},{"type":"Feature","properties":{"id":1492955310,"kind":"pond"},"geometry":{"type":"Polygon","coordinates":[[[101.43358,3.36223],[101.43349,3.36224],[101.43343,3.36221],[101.43338,3.36214],[101.4334,3.36206],[101.43345,3.36192],[101.43347,3.36185],[101.43348,3.36176],[101.4335,3.36169],[101.43356,3.36167],[101.43365,3.36166],[101.43373,3.36168],[101.43377,3.36171],[101.43378,3.36183],[101.43378,3.3619],[101.43378,3.36199],[101.43375,3.36206],[101.43372,3.36211],[101.43365,3.36217],[101.43362,3.36219],[101.43358,3.36223]]]}},{"type":"Feature","properties":{"id":1492955311,"kind":"pond"},"geometry":{"type":"Polygon","coordinates":[[[101.43297,3.36217],[101.43285,3.36218],[101.43278,3.36218],[101.43276,3.36209],[101.43276,3.36197],[101.43275,3.36195],[101.43269,3.3619],[101.43267,3.36188],[101.43264,3.36181],[101.43267,3.36178],[101.43294,3.3617],[101.43302,3.3617],[101.43306,3.36172],[101.43307,3.36177],[101.43306,3.36185],[101.43305,3.36193],[101.43302,3.36203],[101.433,3.3621],[101.43297,3.36217]]]}},{"type":"Feature","properties":{"id":1492955312,"kind":"pond"},"geometry":{"type":"Polygon","coordinates":[[[101.43254,3.36181],[101.43245,3.36182],[101.43239,3.36176],[101.43241,3.36098],[101.4324,3.36076],[101.43241,3.36063],[101.43243,3.36049],[101.43245,3.36047],[101.43302,3.36044],[101.43308,3.36049],[101.43309,3.36053],[101.4331,3.36106],[101.43307,3.3612],[101.43307,3.36131],[101.43307,3.36149],[101.43305,3.36159],[101.43302,3.36163],[101.43297,3.36164],[101.43291,3.36166],[101.43274,3.36172],[101.43262,3.36176],[101.43258,3.36178],[101.43256,3.3618],[101.43254,3.36181]]]}},{"type":"Feature","properties":{"id":1493010559,"kind":"wetland"},"geometry":{"type":"Polygon","coordinates":[[[101.75251,3.54186],[101.75275,3.54191],[101.75299,3.54118],[101.75278,3.54112],[101.75251,3.54186]]]}},{"type":"Feature","properties":{"id":1495827138,"kind":"lake"},"geometry":{"type":"Polygon","coordinates":[[[101.38699,3.42684],[101.38692,3.42663],[101.38682,3.42656],[101.38671,3.42655],[101.38667,3.42656],[101.38663,3.42654],[101.38661,3.42651],[101.38661,3.42647],[101.38654,3.42639],[101.38653,3.4263],[101.38651,3.42626],[101.38639,3.42615],[101.3863,3.4261],[101.38625,3.42608],[101.38621,3.42605],[101.38616,3.42598],[101.38611,3.42587],[101.38607,3.42577],[101.38603,3.42571],[101.38601,3.42565],[101.386,3.42558],[101.386,3.42554],[101.38601,3.42549],[101.38603,3.42546],[101.38609,3.42542],[101.38616,3.42541],[101.3862,3.42542],[101.38622,3.42546],[101.38625,3.4255],[101.38629,3.42556],[101.38631,3.42556],[101.38633,3.42555],[101.38636,3.42551],[101.38637,3.42545],[101.38639,3.42541],[101.38646,3.42541],[101.38656,3.42541],[101.38672,3.42532],[101.38676,3.4253],[101.38679,3.42528],[101.38681,3.42524],[101.38681,3.42522],[101.3868,3.42518],[101.38679,3.42515],[101.38677,3.42512],[101.38675,3.42508],[101.38675,3.42504],[101.38678,3.425],[101.38684,3.42498],[101.38715,3.42493],[101.38732,3.42492],[101.38751,3.42492],[101.38762,3.42492],[101.38782,3.42495],[101.38794,3.42503],[101.38803,3.42509],[101.38813,3.42517],[101.38831,3.42543],[101.38836,3.42564],[101.38837,3.42578],[101.38841,3.42588],[101.38846,3.42591],[101.38856,3.42592],[101.38861,3.42594],[101.38865,3.42597],[101.38866,3.42602],[101.38866,3.42616],[101.38871,3.42636],[101.38871,3.42655],[101.38868,3.42661],[101.38864,3.42672],[101.38864,3.42679],[101.38865,3.42685],[101.38863,3.42688],[101.38856,3.42692],[101.38848,3.42705],[101.38846,3.42719],[101.38843,3.42726],[101.38837,3.4273],[101.38813,3.4273],[101.38784,3.42729],[101.38777,3.42728],[101.38771,3.42714],[101.38761,3.4271],[101.38743,3.42706],[101.38715,3.42697],[101.38699,3.42684]]]}},{"type":"Feature","properties":{"id":1500992827,"kind":"pond"},"geometry":{"type":"Polygon","coordinates":[[[101.57037,3.63167],[101.57042,3.63163],[101.57049,3.63162],[101.57065,3.63158],[101.57074,3.63152],[101.57081,3.63145],[101.57084,3.63135],[101.57083,3.63124],[101.57084,3.63107],[101.57089,3.63072],[101.57095,3.63046],[101.57104,3.63026],[101.57113,3.62993],[101.57116,3.6298],[101.57119,3.6297],[101.57116,3.62966],[101.57112,3.62962],[101.57109,3.62964],[101.57107,3.6297],[101.57104,3.62977],[101.57103,3.62984],[101.57095,3.62989],[101.57088,3.62997],[101.57082,3.63007],[101.57079,3.63018],[101.57069,3.63036],[101.57066,3.63048],[101.5706,3.63058],[101.57051,3.63066],[101.57044,3.63068],[101.57037,3.63071],[101.57026,3.63081],[101.57019,3.63093],[101.57007,3.63114],[101.57004,3.63124],[101.57004,3.6313],[101.57007,3.63134],[101.57022,3.63144],[101.57031,3.6315],[101.57033,3.63155],[101.57035,3.63161],[101.57034,3.63166],[101.57037,3.63167]]]}},{"type":"Feature","properties":{"id":1510212774,"kind":"pond"},"geometry":{"type":"Polygon","coordinates":[[[102.00276,2.75932],[102.00275,2.75929],[102.00256,2.75928],[102.00149,2.75939],[102.00145,2.75947],[102.00136,2.75943],[102.00138,2.75947],[102.00136,2.7595],[102.00136,2.75953],[102.00134,2.75955],[102.00136,2.75956],[102.00139,2.75956],[102.00143,2.75956],[102.00146,2.75955],[102.00148,2.75956],[102.00154,2.75954],[102.00173,2.75953],[102.00258,2.75942],[102.00277,2.75935],[102.00276,2.75932]]]}},{"type":"Feature","properties":{"id":1515355903,"kind":"pond"},"geometry":{"type":"Polygon","coordinates":[[[101.87867,3.39012],[101.87872,3.38994],[101.87882,3.38981],[101.87895,3.38978],[101.87901,3.38975],[101.87902,3.38971],[101.87902,3.38965],[101.879,3.38962],[101.87904,3.38957],[101.87912,3.38958],[101.87919,3.38963],[101.87932,3.38981],[101.87939,3.39002],[101.87936,3.39006],[101.87924,3.39009],[101.87915,3.39005],[101.87908,3.39007],[101.87897,3.3901],[101.87895,3.39016],[101.87891,3.39017],[101.87887,3.39014],[101.87889,3.39009],[101.87886,3.39005],[101.8788,3.39006],[101.87876,3.3901],[101.87876,3.39014],[101.87874,3.39017],[101.87868,3.39016],[101.87867,3.39012]]]}},{"type":"Feature","properties":{"id":1527412844,"kind":"pond"},"geometry":{"type":"Polygon","coordinates":[[[102.04661,2.57051],[102.04666,2.57015],[102.04683,2.56999],[102.04713,2.56988],[102.04735,2.57025],[102.04714,2.57043],[102.0469,2.57051],[102.04666,2.57056],[102.04661,2.57051]]]}},{"type":"Feature","properties":{"id":1527423167,"kind":"pond"},"geometry":{"type":"Polygon","coordinates":[[[101.43999,3.39237],[101.43972,3.39238],[101.43949,3.39233],[101.43938,3.39218],[101.43933,3.39199],[101.43934,3.3917],[101.43933,3.39154],[101.43939,3.39143],[101.43953,3.39148],[101.43966,3.39148],[101.43985,3.39144],[101.44002,3.39155],[101.44011,3.39172],[101.44017,3.39194],[101.44017,3.39204],[101.44013,3.39222],[101.44006,3.39232],[101.43999,3.39237]]]}},{"type":"Feature","properties":{"id":1527423168,"kind":"pond"},"geometry":{"type":"Polygon","coordinates":[[[101.43846,3.39023],[101.43853,3.39016],[101.43855,3.39012],[101.43855,3.39007],[101.4385,3.39004],[101.43846,3.39004],[101.43837,3.39006],[101.43833,3.39007],[101.43827,3.39011],[101.43823,3.39018],[101.43819,3.39031],[101.43816,3.39045],[101.43815,3.39059],[101.43812,3.39085],[101.43816,3.39102],[101.43823,3.39117],[101.4383,3.39129],[101.43836,3.39134],[101.43849,3.39131],[101.43856,3.39125],[101.43861,3.3912],[101.43866,3.39119],[101.43879,3.3912],[101.43896,3.39119],[101.43919,3.39119],[101.43936,3.3912],[101.43959,3.39122],[101.43985,3.39124],[101.44006,3.39138],[101.44024,3.39154],[101.44037,3.39173],[101.44044,3.39193],[101.44042,3.39206],[101.44028,3.39215],[101.44016,3.39232],[101.44021,3.39237],[101.44035,3.39237],[101.44048,3.39234],[101.44075,3.39242],[101.44103,3.39234],[101.44109,3.39223],[101.44108,3.39189],[101.44102,3.39147],[101.441,3.39132],[101.44096,3.39118],[101.44086,3.39084],[101.44077,3.39047],[101.4407,3.39027],[101.44057,3.39008],[101.44021,3.39013],[101.44003,3.39026],[101.43993,3.39034],[101.43976,3.3904],[101.43964,3.39042],[101.43951,3.39052],[101.43929,3.39069],[101.43915,3.39082],[101.43893,3.39084],[101.43877,3.39087],[101.43858,3.39086],[101.43848,3.39083],[101.43842,3.39078],[101.43838,3.39064],[101.43834,3.39054],[101.43836,3.39045],[101.43843,3.39028],[101.43846,3.39023]]]}},{"type":"Feature","properties":{"id":1528175577,"kind":"pond"},"geometry":{"type":"Polygon","coordinates":[[[102.04127,2.64789],[102.04131,2.64779],[102.04113,2.64737],[102.04108,2.64714],[102.04114,2.64698],[102.04132,2.64696],[102.04152,2.64694],[102.04156,2.64704],[102.04161,2.64715],[102.04186,2.6472],[102.0421,2.6472],[102.04212,2.6472],[102.04234,2.64723],[102.0426,2.64723],[102.0427,2.64736],[102.0427,2.64752],[102.0426,2.64757],[102.04238,2.64747],[102.04223,2.64735],[102.04212,2.64734],[102.04191,2.64739],[102.04178,2.64748],[102.04172,2.64761],[102.04178,2.64789],[102.04199,2.64835],[102.04197,2.64836],[102.04195,2.64839],[102.04181,2.64821],[102.0417,2.64804],[102.04155,2.64803],[102.04148,2.64796],[102.04138,2.6479],[102.04127,2.64789]]]}},{"type":"Feature","properties":{"id":1528175578,"kind":"pond"},"geometry":{"type":"Polygon","coordinates":[[[102.03858,2.64476],[102.03849,2.64466],[102.0385,2.64454],[102.03856,2.6444],[102.0388,2.64418],[102.03885,2.64405],[102.03894,2.64381],[102.03908,2.64368],[102.03933,2.64371],[102.03964,2.64387],[102.04041,2.64449],[102.04075,2.64503],[102.04109,2.64527],[102.0412,2.6454],[102.04114,2.64554],[102.04114,2.64577],[102.04122,2.64592],[102.04128,2.64609],[102.04147,2.64651],[102.04148,2.64663],[102.04142,2.64672],[102.0413,2.6468],[102.04116,2.64677],[102.04109,2.6467],[102.041,2.64647],[102.04073,2.64616],[102.03968,2.64541],[102.03886,2.6449],[102.03858,2.64476]]]}},{"type":"Feature","properties":{"id":1528771198,"kind":"pond"},"geometry":{"type":"Polygon","coordinates":[[[102.05817,2.64605],[102.05816,2.64596],[102.05826,2.64577],[102.05836,2.64565],[102.05846,2.64563],[102.05873,2.6458],[102.05876,2.6459],[102.05875,2.64598],[102.05855,2.64626],[102.05843,2.64629],[102.05837,2.64629],[102.05821,2.64612],[102.05817,2.64605]]]}},{"type":"Feature","properties":{"id":1528771199,"kind":"reservoir"},"geometry":{"type":"Polygon","coordinates":[[[102.05187,2.66004],[102.05192,2.65997],[102.05191,2.65988],[102.05183,2.65973],[102.05172,2.65964],[102.05125,2.65929],[102.05108,2.659],[102.05077,2.6588],[102.05016,2.6587],[102.04974,2.65891],[102.0497,2.65903],[102.04979,2.65933],[102.04974,2.65937],[102.04961,2.65933],[102.04943,2.65896],[102.04921,2.65893],[102.04931,2.65883],[102.04954,2.65874],[102.0498,2.65857],[102.04997,2.65835],[102.05012,2.65824],[102.05084,2.65818],[102.05111,2.65787],[102.05114,2.65753],[102.05141,2.65693],[102.05175,2.65681],[102.05211,2.657],[102.05248,2.65719],[102.05245,2.65733],[102.05254,2.65739],[102.05248,2.6575],[102.05254,2.65765],[102.05219,2.65817],[102.05242,2.65858],[102.05262,2.65861],[102.05281,2.65842],[102.05297,2.65839],[102.05314,2.65842],[102.0535,2.65871],[102.05357,2.65902],[102.05354,2.65908],[102.05349,2.65909],[102.05327,2.65889],[102.05318,2.65888],[102.05317,2.65893],[102.05321,2.65899],[102.05321,2.65904],[102.05328,2.65915],[102.05309,2.65949],[102.05304,2.65971],[102.05294,2.65972],[102.05292,2.65981],[102.05266,2.65991],[102.05266,2.66006],[102.05276,2.66006],[102.05275,2.66015],[102.05267,2.66026],[102.05252,2.66029],[102.05256,2.66033],[102.05252,2.66042],[102.05246,2.66041],[102.05246,2.6605],[102.05251,2.66051],[102.05247,2.66063],[102.05236,2.66062],[102.05224,2.66055],[102.0522,2.66048],[102.05212,2.66046],[102.05209,2.66049],[102.05212,2.66054],[102.05213,2.66058],[102.05211,2.66059],[102.05208,2.6606],[102.052,2.6605],[102.05194,2.6605],[102.05189,2.66042],[102.05177,2.66042],[102.05172,2.66053],[102.0516,2.66056],[102.05167,2.66039],[102.05188,2.66013],[102.05187,2.66004]]]}},{"type":"Feature","properties":{"id":1529739892,"kind":"pond"},"geometry":{"type":"Polygon","coordinates":[[[101.4438,3.39686],[101.44428,3.39712],[101.44436,3.39701],[101.4439,3.39674],[101.4438,3.39686]]]}},{"type":"Feature","properties":{"id":1531183005,"kind":"wetland"},"geometry":{"type":"Polygon","coordinates":[[[101.73845,3.59259],[101.73846,3.59257],[101.73848,3.59256],[101.73866,3.59272],[101.73886,3.59284],[101.7393,3.5931],[101.73929,3.59312],[101.73926,3.59314],[101.73884,3.59288],[101.73863,3.59276],[101.73845,3.59259]]]}},{"type":"Feature","properties":{"id":1532258805,"kind":"pond"},"geometry":{"type":"Polygon","coordinates":[[[101.56662,3.64795],[101.56652,3.64795],[101.5664,3.64779],[101.56619,3.64709],[101.56612,3.64671],[101.56618,3.64653],[101.56632,3.64662],[101.56639,3.64655],[101.56628,3.64648],[101.5663,3.64641],[101.56644,3.64637],[101.56659,3.64644],[101.56685,3.64662],[101.56706,3.64658],[101.56718,3.64654],[101.56727,3.64656],[101.56737,3.64661],[101.56746,3.64678],[101.56757,3.6468],[101.56771,3.64686],[101.56777,3.64701],[101.56775,3.64713],[101.56773,3.64713],[101.56764,3.647],[101.56752,3.64702],[101.56735,3.64721],[101.56725,3.64726],[101.56712,3.64732],[101.56694,3.64753],[101.56686,3.64775],[101.56674,3.64786],[101.56662,3.64795]]]}},{"type":"Feature","properties":{"id":1532258806,"kind":"pond"},"geometry":{"type":"Polygon","coordinates":[[[101.56593,3.6482],[101.5658,3.64794],[101.56559,3.6477],[101.56551,3.64734],[101.56532,3.6469],[101.56531,3.64677],[101.56536,3.64672],[101.56544,3.64668],[101.56578,3.64691],[101.56599,3.64703],[101.56606,3.64712],[101.56629,3.64777],[101.5663,3.64792],[101.5663,3.64798],[101.56619,3.64809],[101.56606,3.64819],[101.56593,3.6482]]]}},{"type":"Feature","properties":{"id":1533544800,"kind":"pond"},"geometry":{"type":"Polygon","coordinates":[[[101.85648,3.82359],[101.85633,3.82315],[101.85629,3.8228],[101.85598,3.82208],[101.85589,3.822],[101.85598,3.82186],[101.85595,3.82151],[101.85597,3.82071],[101.85595,3.82032],[101.85591,3.82008],[101.85594,3.81948],[101.856,3.8194],[101.8561,3.81936],[101.85767,3.81938],[101.85786,3.81948],[101.85792,3.81974],[101.85779,3.82059],[101.85781,3.82172],[101.85789,3.82307],[101.85783,3.82338],[101.85768,3.82353],[101.85734,3.82361],[101.85665,3.82364],[101.85648,3.82359]]]}},{"type":"Feature","properties":{"id":1533995950,"name":"Indah Water","kind":"wastewater"},"geometry":{"type":"Polygon","coordinates":[[[101.91984,3.51736],[101.91977,3.51723],[101.91962,3.51731],[101.91969,3.51744],[101.91984,3.51736]]]}},{"type":"Feature","properties":{"id":1534561622,"kind":"pond"},"geometry":{"type":"Polygon","coordinates":[[[101.49575,3.36833],[101.49581,3.36837],[101.49592,3.36839],[101.49605,3.36838],[101.4962,3.36831],[101.49627,3.36821],[101.49633,3.36802],[101.49636,3.36787],[101.49633,3.36777],[101.49627,3.36775],[101.49602,3.36775],[101.49591,3.36776],[101.4958,3.36778],[101.49574,3.36783],[101.49571,3.36792],[101.49573,3.36798],[101.49576,3.36802],[101.49577,3.36809],[101.49576,3.36814],[101.49574,3.36827],[101.49575,3.36833]]]}},{"type":"Feature","properties":{"id":1535005240,"kind":"oxbow"},"geometry":{"type":"Polygon","coordinates":[[[101.88808,3.90469],[101.88822,3.90458],[101.88785,3.90439],[101.88748,3.90432],[101.88719,3.90455],[101.88713,3.90489],[101.88726,3.9051],[101.88731,3.90533],[101.88729,3.90547],[101.88739,3.90541],[101.88739,3.90526],[101.88734,3.90502],[101.88728,3.90481],[101.88731,3.90459],[101.88745,3.90448],[101.88769,3.90448],[101.88796,3.90459],[101.88808,3.90469]]]}},{"type":"Feature","properties":{"id":1535005241,"kind":"oxbow"},"geometry":{"type":"Polygon","coordinates":[[[101.89081,3.91843],[101.89099,3.91855],[101.89108,3.91881],[101.89113,3.91902],[101.89109,3.9192],[101.89101,3.91934],[101.89081,3.91936],[101.89079,3.91921],[101.89094,3.91908],[101.89099,3.91884],[101.8909,3.91861],[101.89073,3.91854],[101.89065,3.91849],[101.89068,3.91841],[101.89081,3.91843]]]}},{"type":"Feature","properties":{"id":1535005242,"kind":"oxbow"},"geometry":{"type":"Polygon","coordinates":[[[101.88841,3.91065],[101.88861,3.91081],[101.88855,3.91099],[101.88856,3.91119],[101.88872,3.91137],[101.88893,3.91146],[101.88914,3.91143],[101.88922,3.91153],[101.88893,3.91161],[101.88869,3.91155],[101.88843,3.91128],[101.88832,3.91095],[101.88841,3.91065]]]}},{"type":"Feature","properties":{"id":1535166297,"kind":"oxbow"},"geometry":{"type":"Polygon","coordinates":[[[101.4918,3.75821],[101.49186,3.75813],[101.49175,3.75805],[101.49162,3.75799],[101.49151,3.75805],[101.49143,3.7582],[101.49142,3.75832],[101.49148,3.75847],[101.49154,3.75842],[101.49149,3.75831],[101.49153,3.75812],[101.49165,3.75808],[101.49176,3.75813],[101.4918,3.75821]]]}},{"type":"Feature","properties":{"id":1535166298,"kind":"oxbow"},"geometry":{"type":"Polygon","coordinates":[[[101.46979,3.76106],[101.46977,3.76087],[101.46969,3.76082],[101.46951,3.76084],[101.46935,3.76077],[101.46939,3.76054],[101.46947,3.76064],[101.46954,3.76073],[101.46982,3.76071],[101.46991,3.76081],[101.46993,3.76094],[101.46988,3.76102],[101.46979,3.76106]]]}},{"type":"Feature","properties":{"id":1535246852,"kind":"pond"},"geometry":{"type":"Polygon","coordinates":[[[101.5323,3.70795],[101.5322,3.70789],[101.53217,3.7078],[101.53203,3.70766],[101.53188,3.70741],[101.53237,3.70733],[101.53262,3.70728],[101.53286,3.70704],[101.53287,3.70688],[101.53275,3.70682],[101.53283,3.70679],[101.53298,3.70681],[101.5331,3.70669],[101.53331,3.70674],[101.53332,3.70689],[101.53312,3.70702],[101.533,3.70729],[101.53292,3.70755],[101.53273,3.70781],[101.53263,3.70788],[101.5323,3.70795]]]}},{"type":"Feature","properties":{"id":1535246854,"kind":"pond"},"geometry":{"type":"Polygon","coordinates":[[[101.52653,3.70991],[101.52647,3.7099],[101.5264,3.70985],[101.52629,3.70985],[101.52625,3.70979],[101.5263,3.70972],[101.52641,3.70972],[101.5265,3.70967],[101.52663,3.70964],[101.52676,3.70954],[101.5269,3.70955],[101.52697,3.70958],[101.52721,3.70954],[101.52737,3.70947],[101.52743,3.70935],[101.52755,3.70923],[101.52766,3.70907],[101.5277,3.70894],[101.52777,3.70881],[101.52783,3.70877],[101.528,3.70874],[101.52808,3.7087],[101.52812,3.70859],[101.52828,3.70847],[101.52848,3.70836],[101.5287,3.70833],[101.52903,3.70827],[101.52924,3.7082],[101.52938,3.70815],[101.52962,3.70813],[101.52979,3.70814],[101.52985,3.70822],[101.52964,3.70835],[101.52934,3.70844],[101.52917,3.70854],[101.52904,3.70861],[101.52866,3.70871],[101.52836,3.70881],[101.5282,3.70894],[101.52803,3.70908],[101.52786,3.70931],[101.5275,3.71012],[101.52738,3.7102],[101.52722,3.71017],[101.52713,3.71006],[101.527,3.70996],[101.52676,3.70992],[101.52662,3.70994],[101.52653,3.70991]]]}},{"type":"Feature","properties":{"id":1535582835,"kind":"pond"},"geometry":{"type":"Polygon","coordinates":[[[101.95825,3.72935],[101.95822,3.72939],[101.95828,3.72959],[101.95856,3.72978],[101.95861,3.72979],[101.9587,3.72975],[101.95875,3.72966],[101.95882,3.7296],[101.95891,3.72957],[101.95904,3.72956],[101.95909,3.72951],[101.95912,3.72946],[101.9591,3.72941],[101.95905,3.72939],[101.95877,3.72939],[101.95845,3.72934],[101.95828,3.72933],[101.95825,3.72935]]]}},{"type":"Feature","properties":{"id":1535582836,"kind":"pond"},"geometry":{"type":"Polygon","coordinates":[[[101.95601,3.72909],[101.956,3.72902],[101.95597,3.729],[101.95593,3.729],[101.95588,3.72905],[101.95587,3.72912],[101.95591,3.72916],[101.95597,3.72931],[101.95614,3.72948],[101.95631,3.72954],[101.95643,3.72955],[101.9568,3.72968],[101.95685,3.72967],[101.95703,3.7296],[101.95724,3.72959],[101.95748,3.72975],[101.95756,3.72978],[101.95765,3.72978],[101.95774,3.72973],[101.95783,3.72962],[101.95807,3.7296],[101.95811,3.72958],[101.95812,3.72954],[101.95807,3.72934],[101.95804,3.72933],[101.95773,3.7294],[101.95763,3.72937],[101.95751,3.7293],[101.95735,3.7291],[101.95731,3.72911],[101.95702,3.72931],[101.95692,3.72936],[101.95676,3.7294],[101.95647,3.72929],[101.95612,3.72925],[101.95604,3.72918],[101.95601,3.72909]]]}},{"type":"Feature","properties":{"id":1535582837,"kind":"pond"},"geometry":{"type":"Polygon","coordinates":[[[101.95069,3.7335],[101.95073,3.73356],[101.95064,3.73369],[101.95058,3.73374],[101.9505,3.73379],[101.95043,3.7338],[101.95035,3.73378],[101.95023,3.73367],[101.95014,3.73362],[101.95012,3.73359],[101.95013,3.73345],[101.9501,3.7334],[101.95005,3.73336],[101.95001,3.73335],[101.94993,3.73342],[101.94984,3.73347],[101.94982,3.73352],[101.94989,3.73361],[101.94989,3.73369],[101.94982,3.73384],[101.94961,3.73405],[101.94958,3.73416],[101.94953,3.73427],[101.9495,3.73428],[101.94948,3.73443],[101.94945,3.73442],[101.94943,3.73423],[101.94947,3.73409],[101.94955,3.73399],[101.94951,3.73392],[101.94953,3.73388],[101.94962,3.73381],[101.94966,3.73376],[101.94965,3.7337],[101.94966,3.73365],[101.94962,3.73365],[101.94956,3.73368],[101.9495,3.73377],[101.94936,3.73383],[101.94943,3.73372],[101.94945,3.73364],[101.94944,3.73357],[101.9494,3.73353],[101.9494,3.73349],[101.94945,3.73345],[101.94952,3.73345],[101.94958,3.73339],[101.94977,3.73333],[101.94985,3.73327],[101.94989,3.7332],[101.94997,3.73312],[101.95006,3.73307],[101.95013,3.73307],[101.95024,3.73314],[101.95028,3.73318],[101.95039,3.73339],[101.95034,3.73351],[101.9503,3.73354],[101.9503,3.7336],[101.95036,3.73364],[101.95043,3.73365],[101.95051,3.73363],[101.95059,3.73357],[101.95064,3.73349],[101.95069,3.7335]]]}},{"type":"Feature","properties":{"id":1535582838,"kind":"pond"},"geometry":{"type":"Polygon","coordinates":[[[101.95089,3.73303],[101.9507,3.73329],[101.9507,3.73335],[101.95072,3.7334],[101.95107,3.73361],[101.95119,3.73363],[101.95132,3.73359],[101.95144,3.73358],[101.95163,3.7336],[101.95177,3.73356],[101.95195,3.73347],[101.95211,3.73332],[101.95218,3.73318],[101.95219,3.73309],[101.95213,3.73291],[101.95207,3.73286],[101.95201,3.73287],[101.95193,3.73291],[101.95182,3.73292],[101.95166,3.73287],[101.95151,3.73279],[101.95148,3.7328],[101.95148,3.73293],[101.95153,3.73304],[101.95152,3.73316],[101.95156,3.73328],[101.95153,3.73334],[101.95145,3.73336],[101.95137,3.73336],[101.95128,3.73331],[101.951,3.73304],[101.95093,3.73303],[101.95089,3.73303]]]}},{"type":"Feature","properties":{"id":1535746209,"kind":"pond"},"geometry":{"type":"Polygon","coordinates":[[[101.93624,3.73125],[101.93627,3.73147],[101.93629,3.73149],[101.93634,3.7315],[101.93692,3.73143],[101.93694,3.7314],[101.93692,3.73117],[101.93688,3.73114],[101.93682,3.73114],[101.93629,3.73121],[101.93625,3.73123],[101.93624,3.73125]]]}},{"type":"Feature","properties":{"id":1535746210,"kind":"pond"},"geometry":{"type":"Polygon","coordinates":[[[101.9308,3.72721],[101.93074,3.72741],[101.93076,3.72745],[101.93079,3.72747],[101.93132,3.72761],[101.93135,3.7276],[101.93138,3.72758],[101.93143,3.72739],[101.93142,3.72737],[101.93138,3.72735],[101.93085,3.72719],[101.9308,3.72721]]]}},{"type":"Feature","properties":{"id":1535746211,"kind":"pond"},"geometry":{"type":"Polygon","coordinates":[[[101.94036,3.72056],[101.94022,3.72052],[101.93972,3.72065],[101.93949,3.72083],[101.93942,3.72096],[101.93943,3.72106],[101.93953,3.72118],[101.9396,3.7212],[101.94004,3.72116],[101.94025,3.72118],[101.94042,3.72125],[101.9405,3.72129],[101.94054,3.72135],[101.94059,3.72154],[101.94068,3.72169],[101.94084,3.72184],[101.94087,3.72189],[101.94087,3.72194],[101.94096,3.72198],[101.94102,3.72196],[101.94108,3.72197],[101.94113,3.72201],[101.94115,3.72205],[101.94124,3.72209],[101.94127,3.72208],[101.9413,3.72197],[101.94135,3.72194],[101.94136,3.72192],[101.94133,3.72189],[101.94124,3.72185],[101.9411,3.72172],[101.94096,3.72155],[101.94066,3.72096],[101.94036,3.72056]]]}},{"type":"Feature","properties":{"id":1535746212,"kind":"pond"},"geometry":{"type":"Polygon","coordinates":[[[101.94213,3.72418],[101.9421,3.72415],[101.9418,3.72414],[101.94176,3.72416],[101.94174,3.7242],[101.94174,3.72475],[101.94176,3.72478],[101.94179,3.7248],[101.9421,3.7248],[101.94212,3.72478],[101.94213,3.72418]]]}},{"type":"Feature","properties":{"id":1535746213,"kind":"pond"},"geometry":{"type":"Polygon","coordinates":[[[101.94854,3.72895],[101.94852,3.72893],[101.9485,3.72892],[101.9479,3.72895],[101.94787,3.72898],[101.94788,3.72919],[101.9479,3.72922],[101.94795,3.72923],[101.9485,3.7292],[101.94854,3.72918],[101.94855,3.72914],[101.94854,3.72895]]]}},{"type":"Feature","properties":{"id":1535746216,"kind":"pond"},"geometry":{"type":"Polygon","coordinates":[[[101.92851,3.73466],[101.92844,3.73466],[101.92841,3.73469],[101.92842,3.73475],[101.92866,3.73503],[101.92868,3.73516],[101.92866,3.73524],[101.92867,3.73531],[101.92872,3.73534],[101.92881,3.73534],[101.92914,3.73549],[101.92923,3.7355],[101.92928,3.73549],[101.92935,3.73534],[101.92932,3.7353],[101.92906,3.73518],[101.92895,3.73509],[101.92851,3.73466]]]}},{"type":"Feature","properties":{"id":1535755399,"kind":"pond"},"geometry":{"type":"Polygon","coordinates":[[[101.96153,3.72749],[101.96147,3.72746],[101.96103,3.72686],[101.96101,3.72681],[101.96103,3.72675],[101.96162,3.72638],[101.96165,3.72639],[101.96213,3.72704],[101.96214,3.72708],[101.96212,3.7271],[101.96176,3.72735],[101.96153,3.72749]]]}},{"type":"Feature","properties":{"id":1535755400,"kind":"pond"},"geometry":{"type":"Polygon","coordinates":[[[101.96072,3.72754],[101.96069,3.72752],[101.96068,3.72746],[101.96075,3.7273],[101.9611,3.7271],[101.96116,3.72718],[101.96107,3.72729],[101.96081,3.72742],[101.96076,3.72752],[101.96072,3.72754]]]}},{"type":"Feature","properties":{"id":1535755402,"kind":"pond"},"geometry":{"type":"Polygon","coordinates":[[[101.942,3.73509],[101.94185,3.73512],[101.94181,3.73517],[101.94178,3.73541],[101.94182,3.73544],[101.94217,3.73545],[101.94227,3.73543],[101.94253,3.73556],[101.94254,3.73559],[101.94291,3.73574],[101.94308,3.73558],[101.94298,3.73536],[101.9425,3.73526],[101.94208,3.73511],[101.942,3.73509]]]}},{"type":"Feature","properties":{"id":1535979331,"kind":"pond"},"geometry":{"type":"Polygon","coordinates":[[[101.94353,3.7553],[101.94352,3.75525],[101.94354,3.75517],[101.94344,3.75508],[101.94337,3.75519],[101.94344,3.75533],[101.94357,3.75547],[101.94362,3.75551],[101.9438,3.7557],[101.94384,3.75572],[101.94388,3.7557],[101.94386,3.75562],[101.94381,3.75555],[101.9437,3.75543],[101.94361,3.75538],[101.94353,3.7553]]]}},{"type":"Feature","properties":{"id":1535979333,"kind":"pond"},"geometry":{"type":"Polygon","coordinates":[[[101.9454,3.75738],[101.94535,3.75746],[101.94562,3.7577],[101.94564,3.75776],[101.94563,3.7579],[101.94564,3.75794],[101.94569,3.75797],[101.94574,3.75797],[101.94576,3.7577],[101.94558,3.7575],[101.9454,3.75738]]]}},{"type":"Feature","properties":{"id":1535979336,"kind":"pond"},"geometry":{"type":"Polygon","coordinates":[[[101.9546,3.7516],[101.95458,3.75161],[101.95436,3.75201],[101.95436,3.75206],[101.95458,3.75224],[101.95474,3.75232],[101.95501,3.75182],[101.955,3.75177],[101.9546,3.7516]]]}},{"type":"Feature","properties":{"id":1536097224,"kind":"pond"},"geometry":{"type":"Polygon","coordinates":[[[101.95286,3.71283],[101.95283,3.7129],[101.95285,3.71296],[101.9528,3.71314],[101.95285,3.71341],[101.95286,3.71351],[101.9529,3.71364],[101.95297,3.71368],[101.95302,3.71376],[101.95303,3.71384],[101.95301,3.71408],[101.95306,3.71419],[101.95312,3.71421],[101.95318,3.71421],[101.95338,3.71408],[101.95339,3.71404],[101.95335,3.71395],[101.95324,3.71379],[101.95316,3.7137],[101.95307,3.71354],[101.95307,3.71346],[101.95298,3.71335],[101.95293,3.71316],[101.95294,3.71309],[101.95298,3.71301],[101.95299,3.71293],[101.95286,3.71283]]]}},{"type":"Feature","properties":{"id":1536097225,"kind":"pond"},"geometry":{"type":"Polygon","coordinates":[[[101.95237,3.71299],[101.95204,3.71256],[101.95199,3.71244],[101.95184,3.71231],[101.9518,3.71226],[101.95168,3.71221],[101.95163,3.7121],[101.95157,3.71205],[101.95145,3.71201],[101.95143,3.71197],[101.95145,3.71194],[101.95161,3.71197],[101.9517,3.71201],[101.95174,3.71208],[101.95181,3.71211],[101.95188,3.71211],[101.95197,3.71206],[101.95211,3.71211],[101.95244,3.71237],[101.9524,3.71253],[101.95271,3.71275],[101.95273,3.71288],[101.95273,3.713],[101.9527,3.71306],[101.95266,3.71307],[101.95237,3.71299]]]}},{"type":"Feature","properties":{"id":1536097227,"kind":"pond"},"geometry":{"type":"Polygon","coordinates":[[[101.93951,3.7134],[101.93951,3.71335],[101.93958,3.71314],[101.93958,3.71309],[101.93957,3.71302],[101.93953,3.71298],[101.93944,3.71271],[101.93942,3.71268],[101.93918,3.7126],[101.9391,3.71246],[101.93908,3.71235],[101.9391,3.71227],[101.93909,3.71224],[101.93906,3.71223],[101.93905,3.7122],[101.9391,3.71205],[101.9392,3.71201],[101.93923,3.71198],[101.93937,3.71167],[101.93938,3.71164],[101.93935,3.71161],[101.93929,3.71161],[101.93921,3.71156],[101.9392,3.71149],[101.93917,3.71147],[101.93917,3.71142],[101.93921,3.71139],[101.93924,3.71131],[101.93921,3.71115],[101.93921,3.71104],[101.93923,3.71095],[101.93926,3.71089],[101.93931,3.71085],[101.93934,3.71077],[101.93947,3.71064],[101.93953,3.71063],[101.93963,3.71065],[101.93969,3.71062],[101.93995,3.71071],[101.94002,3.71071],[101.94012,3.71067],[101.94015,3.71065],[101.9402,3.71061],[101.94024,3.71061],[101.94027,3.71064],[101.94036,3.71089],[101.94033,3.71109],[101.94034,3.71119],[101.94032,3.71121],[101.94025,3.71121],[101.94015,3.71124],[101.94005,3.7113],[101.94007,3.71154],[101.94009,3.71156],[101.94033,3.71162],[101.94035,3.71165],[101.94031,3.71186],[101.94028,3.71199],[101.94029,3.71216],[101.94033,3.71228],[101.94032,3.71235],[101.9402,3.71265],[101.94019,3.71272],[101.9402,3.71277],[101.9402,3.71282],[101.9401,3.71287],[101.93992,3.71317],[101.93987,3.71321],[101.93982,3.71335],[101.9397,3.71343],[101.93962,3.71345],[101.93951,3.7134]]]}},{"type":"Feature","properties":{"id":1536097228,"kind":"lake"},"geometry":{"type":"Polygon","coordinates":[[[101.94712,3.71044],[101.94721,3.71048],[101.9474,3.71064],[101.94742,3.71061],[101.94744,3.71058],[101.94721,3.7104],[101.94703,3.71036],[101.94689,3.71035],[101.94672,3.71033],[101.94659,3.71027],[101.94651,3.71019],[101.94646,3.71012],[101.94639,3.71006],[101.94629,3.71001],[101.94613,3.71003],[101.94612,3.70999],[101.94602,3.70996],[101.94599,3.70991],[101.94592,3.70983],[101.94594,3.70977],[101.94602,3.70979],[101.94595,3.70975],[101.94566,3.70968],[101.94563,3.70965],[101.94542,3.70972],[101.94524,3.70973],[101.94519,3.7097],[101.94517,3.70965],[101.9452,3.70958],[101.94526,3.70954],[101.94529,3.7095],[101.94528,3.70945],[101.94522,3.7094],[101.94515,3.70938],[101.94511,3.70941],[101.94509,3.70946],[101.94503,3.70954],[101.94496,3.70962],[101.94483,3.70967],[101.94466,3.7096],[101.94465,3.70957],[101.94456,3.70945],[101.94456,3.7094],[101.94459,3.70934],[101.94465,3.70929],[101.94463,3.70923],[101.9446,3.7092],[101.94461,3.70916],[101.94467,3.7091],[101.94466,3.70903],[101.9446,3.709],[101.94453,3.70898],[101.9445,3.70894],[101.94444,3.70894],[101.94435,3.70902],[101.94435,3.70907],[101.94437,3.70914],[101.94436,3.70924],[101.94433,3.70933],[101.94426,3.7094],[101.94422,3.70947],[101.94417,3.70952],[101.94397,3.7096],[101.94397,3.70962],[101.94392,3.70967],[101.94367,3.70977],[101.94361,3.70982],[101.94354,3.70982],[101.94348,3.70979],[101.94349,3.70974],[101.94345,3.70969],[101.94357,3.70948],[101.94384,3.70932],[101.94379,3.70925],[101.94366,3.70923],[101.9436,3.70928],[101.94348,3.70923],[101.94344,3.70917],[101.94337,3.7091],[101.94334,3.70902],[101.94336,3.70874],[101.94333,3.70856],[101.94326,3.70851],[101.94324,3.70836],[101.94318,3.70828],[101.94318,3.70821],[101.9433,3.70805],[101.94358,3.7078],[101.94368,3.70767],[101.94392,3.70764],[101.94404,3.70768],[101.94417,3.70771],[101.9442,3.70774],[101.94425,3.70776],[101.94428,3.70774],[101.9443,3.70769],[101.9444,3.70763],[101.94443,3.70764],[101.94444,3.70766],[101.94446,3.70766],[101.94453,3.70762],[101.94457,3.70761],[101.94453,3.70759],[101.94451,3.70756],[101.94452,3.70751],[101.94449,3.70755],[101.94441,3.70758],[101.94434,3.70764],[101.94424,3.7077],[101.94415,3.70766],[101.94414,3.70761],[101.94407,3.70754],[101.94397,3.70752],[101.94378,3.70753],[101.94361,3.70748],[101.94358,3.70738],[101.9436,3.70729],[101.94367,3.70719],[101.94361,3.70717],[101.94358,3.70714],[101.9435,3.70722],[101.94348,3.7073],[101.9435,3.70754],[101.94349,3.70762],[101.9434,3.70772],[101.94324,3.70783],[101.94315,3.70793],[101.94308,3.70794],[101.94304,3.70788],[101.94303,3.70779],[101.94295,3.7077],[101.9429,3.70769],[101.94283,3.70767],[101.94278,3.70754],[101.94283,3.70751],[101.9428,3.70747],[101.94272,3.70747],[101.94272,3.70751],[101.94258,3.70736],[101.94233,3.70689],[101.94234,3.70674],[101.94239,3.70669],[101.94243,3.7066],[101.9424,3.7065],[101.9424,3.70626],[101.94245,3.70615],[101.94259,3.70612],[101.94273,3.70606],[101.94288,3.70595],[101.94298,3.70582],[101.9431,3.70576],[101.94335,3.70577],[101.94348,3.70574],[101.94359,3.70565],[101.9439,3.7055],[101.94395,3.70542],[101.94402,3.70538],[101.94416,3.70543],[101.94423,3.70542],[101.94426,3.70549],[101.94426,3.70539],[101.9444,3.70511],[101.94452,3.70504],[101.94457,3.70505],[101.94451,3.70496],[101.94454,3.70491],[101.94449,3.70493],[101.94443,3.70491],[101.94443,3.70483],[101.94448,3.70478],[101.94455,3.70477],[101.94455,3.7048],[101.94469,3.7048],[101.94481,3.70484],[101.94498,3.70487],[101.94498,3.70482],[101.94493,3.70475],[101.94504,3.70468],[101.94502,3.70464],[101.94497,3.70462],[101.94497,3.70459],[101.9449,3.70459],[101.94484,3.70465],[101.94474,3.70466],[101.94477,3.70462],[101.9447,3.70461],[101.94473,3.70452],[101.94473,3.70438],[101.94471,3.7045],[101.94464,3.7046],[101.94433,3.70464],[101.94424,3.70467],[101.94423,3.70471],[101.94423,3.70486],[101.94412,3.70508],[101.94401,3.70507],[101.944,3.70502],[101.94393,3.705],[101.94388,3.70504],[101.9438,3.705],[101.94375,3.70487],[101.94373,3.70476],[101.94372,3.70483],[101.94374,3.70498],[101.94378,3.70508],[101.94379,3.7052],[101.94376,3.70526],[101.94379,3.70527],[101.94379,3.7053],[101.94375,3.70539],[101.94369,3.7054],[101.94361,3.70545],[101.94348,3.70545],[101.94338,3.70547],[101.94337,3.70538],[101.9432,3.70549],[101.94314,3.70534],[101.9431,3.70532],[101.94305,3.70512],[101.94303,3.70515],[101.94306,3.70533],[101.94305,3.70542],[101.94287,3.70548],[101.94277,3.70555],[101.94264,3.70557],[101.9426,3.70561],[101.94257,3.70568],[101.94253,3.70573],[101.94246,3.70573],[101.9424,3.70568],[101.94236,3.70561],[101.94234,3.70539],[101.94231,3.70536],[101.94226,3.70517],[101.94228,3.7054],[101.94225,3.70549],[101.9422,3.70553],[101.94213,3.70554],[101.94201,3.70544],[101.94207,3.70558],[101.94217,3.70566],[101.94215,3.70572],[101.94209,3.70578],[101.94209,3.70583],[101.94195,3.70601],[101.94189,3.706],[101.94189,3.7061],[101.94188,3.7061],[101.94181,3.70605],[101.94181,3.70602],[101.9416,3.70594],[101.94153,3.70589],[101.9415,3.70592],[101.94143,3.70585],[101.94137,3.70585],[101.94129,3.70577],[101.94136,3.70587],[101.94133,3.70589],[101.94126,3.70581],[101.9412,3.70565],[101.9411,3.70553],[101.9411,3.70545],[101.94093,3.70547],[101.94096,3.70552],[101.94107,3.70556],[101.9411,3.70562],[101.94109,3.70586],[101.94105,3.7059],[101.94099,3.7059],[101.94096,3.70594],[101.94101,3.70596],[101.94108,3.70604],[101.94122,3.70607],[101.94128,3.70614],[101.94127,3.70623],[101.94141,3.70635],[101.94144,3.70633],[101.94154,3.70634],[101.94159,3.70642],[101.94153,3.70657],[101.94154,3.70669],[101.94157,3.70673],[101.94155,3.70682],[101.94151,3.70683],[101.94149,3.70688],[101.94144,3.70691],[101.94139,3.70692],[101.94129,3.707],[101.94134,3.707],[101.94138,3.70697],[101.9415,3.70698],[101.9416,3.70706],[101.94166,3.70716],[101.94177,3.70724],[101.94184,3.70722],[101.94193,3.7073],[101.94192,3.70739],[101.94197,3.7075],[101.94209,3.70767],[101.94202,3.70777],[101.94204,3.70782],[101.94209,3.70783],[101.94212,3.70798],[101.94228,3.70825],[101.9425,3.70839],[101.94252,3.70861],[101.94255,3.70867],[101.94256,3.70875],[101.94265,3.70882],[101.94267,3.70894],[101.94266,3.70911],[101.94276,3.7093],[101.94274,3.70965],[101.94269,3.70975],[101.94262,3.70978],[101.94248,3.70973],[101.94241,3.71003],[101.94245,3.71014],[101.94256,3.71025],[101.94277,3.71036],[101.94313,3.71053],[101.94347,3.71063],[101.94361,3.71065],[101.94369,3.71063],[101.94374,3.71058],[101.94376,3.71043],[101.94387,3.71023],[101.94401,3.71006],[101.94413,3.70996],[101.94436,3.71001],[101.94449,3.71002],[101.94469,3.71011],[101.9449,3.71014],[101.94497,3.7101],[101.94493,3.71006],[101.94499,3.71002],[101.94509,3.71001],[101.94512,3.71005],[101.94504,3.71009],[101.94511,3.71013],[101.9452,3.71016],[101.94525,3.71021],[101.94536,3.71022],[101.94545,3.71019],[101.94546,3.71014],[101.94544,3.71009],[101.94546,3.71005],[101.94515,3.71003],[101.94517,3.71],[101.94529,3.70998],[101.94539,3.71001],[101.94544,3.70998],[101.94554,3.70998],[101.94565,3.70995],[101.94585,3.71008],[101.94583,3.71012],[101.946,3.71017],[101.94608,3.71017],[101.94612,3.71016],[101.94614,3.71014],[101.94626,3.71014],[101.94639,3.71019],[101.94644,3.71026],[101.94659,3.71035],[101.94664,3.71036],[101.94672,3.71042],[101.94701,3.71042],[101.94712,3.71044]]]}},{"type":"Feature","properties":{"id":1536119190,"kind":"pond"},"geometry":{"type":"Polygon","coordinates":[[[101.96086,3.71818],[101.96083,3.71826],[101.96076,3.71819],[101.96073,3.71826],[101.9608,3.71835],[101.96088,3.71855],[101.96092,3.71881],[101.96097,3.71893],[101.96098,3.71901],[101.96096,3.71907],[101.96099,3.71919],[101.96104,3.71923],[101.96113,3.71922],[101.96123,3.7191],[101.96141,3.71907],[101.96171,3.71906],[101.9618,3.71903],[101.96185,3.71899],[101.96195,3.71885],[101.96196,3.71879],[101.96192,3.71867],[101.96186,3.71861],[101.96174,3.71861],[101.96146,3.71856],[101.96133,3.71856],[101.9612,3.71853],[101.9611,3.71848],[101.96101,3.7184],[101.9609,3.71826],[101.96088,3.71818],[101.96086,3.71818]]]}},{"type":"Feature","properties":{"id":1536119202,"kind":"pond"},"geometry":{"type":"Polygon","coordinates":[[[101.9402,3.70975],[101.94011,3.70966],[101.94017,3.70962],[101.94021,3.70955],[101.94032,3.70951],[101.94043,3.70953],[101.94047,3.70963],[101.94045,3.70977],[101.94039,3.70988],[101.94044,3.70989],[101.94035,3.70992],[101.9403,3.70998],[101.94011,3.71001],[101.94021,3.71005],[101.94026,3.7101],[101.94042,3.71009],[101.9405,3.71006],[101.94053,3.71011],[101.94044,3.71017],[101.94027,3.7102],[101.94016,3.71019],[101.94012,3.71011],[101.94003,3.71005],[101.94005,3.71],[101.94008,3.70998],[101.94005,3.70993],[101.94018,3.70984],[101.94023,3.70988],[101.94027,3.70987],[101.94029,3.70982],[101.94029,3.70978],[101.94037,3.70971],[101.94038,3.70961],[101.94027,3.70962],[101.9402,3.70968],[101.9402,3.70975]]]}},{"type":"Feature","properties":{"id":1536119282,"kind":"pond"},"geometry":{"type":"Polygon","coordinates":[[[101.93175,3.70409],[101.93168,3.70415],[101.9316,3.70423],[101.93149,3.7043],[101.93141,3.70432],[101.93138,3.70436],[101.93141,3.70442],[101.93147,3.70444],[101.93152,3.70457],[101.9315,3.7047],[101.93152,3.70473],[101.93149,3.70483],[101.93156,3.70487],[101.93161,3.70489],[101.93163,3.70489],[101.93169,3.70485],[101.93162,3.70448],[101.93159,3.70437],[101.93161,3.7043],[101.93165,3.70425],[101.93174,3.70416],[101.93175,3.70409]]]}},{"type":"Feature","properties":{"id":1536119285,"kind":"pond"},"geometry":{"type":"Polygon","coordinates":[[[101.93032,3.70653],[101.93033,3.70711],[101.93021,3.70714],[101.93015,3.70713],[101.93008,3.70707],[101.93008,3.70704],[101.93003,3.70698],[101.92998,3.70685],[101.93,3.7068],[101.92997,3.70669],[101.93001,3.7065],[101.93015,3.70643],[101.93023,3.70642],[101.93029,3.70645],[101.93032,3.70653]]]}},{"type":"Feature","properties":{"id":1536119286,"kind":"pond"},"geometry":{"type":"Polygon","coordinates":[[[101.93244,3.7067],[101.93245,3.70723],[101.93245,3.70728],[101.93159,3.70737],[101.93146,3.70743],[101.93128,3.70743],[101.93119,3.7074],[101.93085,3.70704],[101.93082,3.70656],[101.93099,3.70619],[101.93106,3.70615],[101.93115,3.70616],[101.93123,3.70614],[101.93128,3.70619],[101.93124,3.70629],[101.93123,3.70644],[101.93125,3.70653],[101.93134,3.7066],[101.93147,3.70662],[101.93155,3.70661],[101.93186,3.70674],[101.93207,3.70669],[101.93218,3.70671],[101.93244,3.7067]]]}},{"type":"Feature","properties":{"id":1536119770,"kind":"pond"},"geometry":{"type":"Polygon","coordinates":[[[101.93097,3.71576],[101.93087,3.71574],[101.93081,3.71578],[101.93078,3.71583],[101.93077,3.71585],[101.93077,3.71594],[101.93094,3.71598],[101.9311,3.71628],[101.9311,3.71636],[101.9309,3.7167],[101.93089,3.71674],[101.93093,3.71677],[101.93167,3.71685],[101.93173,3.71671],[101.93166,3.71664],[101.93145,3.71657],[101.93137,3.7165],[101.93132,3.71642],[101.93124,3.71616],[101.93112,3.71602],[101.93107,3.71593],[101.93105,3.71586],[101.93097,3.71576]]]}},{"type":"Feature","properties":{"id":1536142333,"kind":"pond"},"geometry":{"type":"Polygon","coordinates":[[[101.47284,3.75026],[101.47289,3.75025],[101.47303,3.75043],[101.4733,3.75075],[101.47369,3.75092],[101.47371,3.75095],[101.47369,3.75101],[101.47338,3.75122],[101.47328,3.7512],[101.47318,3.75116],[101.47302,3.75104],[101.47293,3.75105],[101.47281,3.75104],[101.47271,3.75097],[101.47262,3.75082],[101.47257,3.75078],[101.47255,3.75073],[101.47258,3.75067],[101.47262,3.75062],[101.47272,3.75046],[101.47284,3.75026]]]}},{"type":"Feature","properties":{"id":1536142334,"kind":"pond"},"geometry":{"type":"Polygon","coordinates":[[[101.47291,3.75013],[101.47293,3.75001],[101.47299,3.7499],[101.47321,3.74949],[101.47325,3.74943],[101.47332,3.74941],[101.47348,3.74946],[101.47354,3.74953],[101.47364,3.74963],[101.47365,3.74968],[101.47357,3.74979],[101.47356,3.7499],[101.47356,3.75005],[101.47352,3.75017],[101.47329,3.75047],[101.47322,3.7505],[101.47309,3.75036],[101.47291,3.75013]]]}},{"type":"Feature","properties":{"id":1536142335,"kind":"pond"},"geometry":{"type":"Polygon","coordinates":[[[101.47356,3.74942],[101.47357,3.74935],[101.47403,3.749],[101.47449,3.74866],[101.47459,3.74856],[101.47472,3.74835],[101.47475,3.74829],[101.47479,3.74829],[101.47482,3.74832],[101.47483,3.74836],[101.47485,3.74838],[101.4749,3.74838],[101.47492,3.74842],[101.4746,3.74884],[101.47401,3.74937],[101.47376,3.74958],[101.47372,3.74958],[101.47362,3.74948],[101.47356,3.74942]]]}},{"type":"Feature","properties":{"id":1536142347,"kind":"pond"},"geometry":{"type":"Polygon","coordinates":[[[101.47907,3.75029],[101.47905,3.75004],[101.47912,3.74994],[101.47926,3.74989],[101.47977,3.74982],[101.47983,3.74986],[101.47985,3.74993],[101.47982,3.75024],[101.47977,3.75032],[101.47965,3.75034],[101.47941,3.75035],[101.47918,3.75038],[101.47911,3.75035],[101.47907,3.75029]]]}},{"type":"Feature","properties":{"id":1536142348,"kind":"pond"},"geometry":{"type":"Polygon","coordinates":[[[101.47796,3.75229],[101.47784,3.75196],[101.47788,3.7517],[101.47836,3.75081],[101.47858,3.75059],[101.47877,3.75049],[101.47968,3.75079],[101.47972,3.75089],[101.47969,3.75098],[101.47935,3.75149],[101.47922,3.75157],[101.4789,3.75159],[101.47837,3.7519],[101.47819,3.75213],[101.478,3.75229],[101.47796,3.75229]]]}},{"type":"Feature","properties":{"id":1536142358,"kind":"pond"},"geometry":{"type":"Polygon","coordinates":[[[101.48574,3.71075],[101.48577,3.71061],[101.48574,3.71055],[101.48568,3.71046],[101.48559,3.7103],[101.48556,3.71008],[101.48548,3.70988],[101.4852,3.70972],[101.48489,3.70963],[101.48466,3.70967],[101.48449,3.70976],[101.48437,3.70976],[101.48432,3.70986],[101.48421,3.71],[101.48406,3.71005],[101.48394,3.71011],[101.48389,3.71018],[101.48392,3.71028],[101.48393,3.71032],[101.48398,3.71035],[101.48399,3.71041],[101.48401,3.71059],[101.48406,3.71071],[101.48412,3.71084],[101.48416,3.71103],[101.48421,3.71111],[101.48434,3.7111],[101.48453,3.71097],[101.48473,3.7109],[101.4849,3.71089],[101.48503,3.71096],[101.48511,3.71107],[101.4855,3.71094],[101.48567,3.71084],[101.48574,3.71075]]]}},{"type":"Feature","properties":{"id":1536665992,"kind":"pond"},"geometry":{"type":"Polygon","coordinates":[[[101.48364,3.72683],[101.48346,3.7266],[101.48353,3.72646],[101.48361,3.72643],[101.48365,3.72626],[101.48379,3.72624],[101.48443,3.72639],[101.4846,3.72649],[101.48478,3.72647],[101.48482,3.72651],[101.48479,3.72656],[101.48466,3.72657],[101.48469,3.72668],[101.48466,3.72679],[101.48474,3.72687],[101.48469,3.72691],[101.4846,3.72678],[101.48456,3.72666],[101.48443,3.72657],[101.48412,3.72646],[101.48393,3.72651],[101.48371,3.72662],[101.48368,3.72681],[101.48364,3.72683]]]}},{"type":"Feature","properties":{"id":1536665994,"kind":"pond"},"geometry":{"type":"Polygon","coordinates":[[[101.48359,3.73146],[101.4835,3.73136],[101.48342,3.73112],[101.48353,3.73092],[101.48368,3.73103],[101.48381,3.73119],[101.48408,3.73118],[101.48432,3.73135],[101.48448,3.73141],[101.48478,3.7315],[101.48493,3.73154],[101.48484,3.73168],[101.4848,3.73178],[101.48487,3.73242],[101.4846,3.73194],[101.48452,3.73174],[101.48433,3.73161],[101.48419,3.73155],[101.48408,3.7314],[101.48392,3.73143],[101.4838,3.73144],[101.48359,3.73146]]]}},{"type":"Feature","properties":{"id":1536895423,"kind":"pond"},"geometry":{"type":"Polygon","coordinates":[[[101.48729,3.85802],[101.48703,3.85788],[101.48704,3.85784],[101.48715,3.85785],[101.48726,3.8578],[101.4873,3.85778],[101.48731,3.85773],[101.48734,3.85773],[101.48738,3.85778],[101.48742,3.85783],[101.48748,3.85783],[101.48752,3.85788],[101.48757,3.85791],[101.48764,3.85792],[101.48769,3.85796],[101.48781,3.858],[101.48794,3.85801],[101.48797,3.85798],[101.48801,3.85793],[101.48813,3.85793],[101.48833,3.85796],[101.48843,3.85805],[101.4885,3.85816],[101.4886,3.85818],[101.4887,3.85821],[101.48874,3.85832],[101.48866,3.85835],[101.48858,3.85834],[101.48852,3.85829],[101.48846,3.85831],[101.48839,3.8584],[101.48837,3.85847],[101.4883,3.85843],[101.48817,3.85837],[101.48811,3.85827],[101.48798,3.8582],[101.48784,3.85819],[101.48768,3.85821],[101.48751,3.85816],[101.48734,3.85803],[101.48729,3.85802]]]}},{"type":"Feature","properties":{"id":1537890729,"kind":"pond"},"geometry":{"type":"Polygon","coordinates":[[[101.93402,3.60228],[101.93401,3.60232],[101.93407,3.60257],[101.93429,3.60258],[101.93437,3.60246],[101.93444,3.60246],[101.93449,3.60259],[101.93466,3.60256],[101.93479,3.60238],[101.9348,3.6021],[101.93465,3.60216],[101.93439,3.60223],[101.93419,3.60226],[101.93414,3.60228],[101.93402,3.60228]]]}},{"type":"Feature","properties":{"id":1539311499,"kind":"pond"},"geometry":{"type":"Polygon","coordinates":[[[101.53933,3.76754],[101.53922,3.76747],[101.53916,3.76735],[101.53905,3.76713],[101.53911,3.76706],[101.53919,3.76702],[101.53923,3.76703],[101.53933,3.76718],[101.53943,3.76737],[101.53945,3.76744],[101.53939,3.76751],[101.53933,3.76754]]]}},{"type":"Feature","properties":{"id":1539700548,"kind":"pond"},"geometry":{"type":"Polygon","coordinates":[[[101.33659,3.93467],[101.33653,3.93468],[101.33642,3.93472],[101.33641,3.93481],[101.33634,3.9348],[101.3363,3.93492],[101.33646,3.93494],[101.33665,3.93509],[101.33666,3.93515],[101.33673,3.93515],[101.33677,3.93523],[101.33691,3.93526],[101.33696,3.93524],[101.33711,3.9351],[101.33711,3.93505],[101.33716,3.93503],[101.33722,3.93494],[101.3372,3.93487],[101.33714,3.9348],[101.33697,3.93481],[101.3369,3.93484],[101.33687,3.93488],[101.3368,3.93487],[101.33668,3.9348],[101.33661,3.93473],[101.33659,3.93467]]]}},{"type":"Feature","properties":{"id":1539700551,"kind":"pond"},"geometry":{"type":"Polygon","coordinates":[[[101.33638,3.93419],[101.33629,3.93416],[101.33623,3.93399],[101.33618,3.93392],[101.33618,3.93384],[101.33617,3.93374],[101.33624,3.9337],[101.33631,3.93376],[101.33636,3.93387],[101.3364,3.93394],[101.33645,3.93394],[101.33652,3.93393],[101.33657,3.93397],[101.33658,3.93409],[101.33656,3.93414],[101.33657,3.93418],[101.3366,3.9342],[101.33663,3.93422],[101.33662,3.93426],[101.33654,3.93442],[101.33652,3.93433],[101.33645,3.93426],[101.33642,3.93424],[101.33641,3.93421],[101.33638,3.93419]]]}},{"type":"Feature","properties":{"id":1539700639,"kind":"pond"},"geometry":{"type":"Polygon","coordinates":[[[101.28619,3.9069],[101.28635,3.90681],[101.28654,3.90665],[101.28657,3.90661],[101.28674,3.90653],[101.28688,3.90653],[101.28683,3.90662],[101.28687,3.9067],[101.28701,3.90679],[101.28712,3.90678],[101.28711,3.90682],[101.28708,3.90684],[101.28709,3.90691],[101.28701,3.90685],[101.28693,3.90681],[101.28676,3.90683],[101.28672,3.907],[101.28677,3.90712],[101.28685,3.90723],[101.28686,3.90733],[101.28672,3.90748],[101.28675,3.90757],[101.28669,3.90772],[101.28663,3.90751],[101.28655,3.90735],[101.28641,3.90723],[101.28632,3.90712],[101.28619,3.9069]]]}},{"type":"Feature","properties":{"id":1549036962,"kind":"pond"},"geometry":{"type":"Polygon","coordinates":[[[102.06188,3.32155],[102.06199,3.32142],[102.06208,3.32135],[102.06213,3.32134],[102.06219,3.32141],[102.06223,3.32148],[102.06222,3.32157],[102.06217,3.32171],[102.06218,3.3218],[102.0622,3.32184],[102.0622,3.32187],[102.06206,3.32193],[102.06188,3.32155]]]}},{"type":"Feature","properties":{"id":1549036963,"kind":"pond"},"geometry":{"type":"Polygon","coordinates":[[[102.06237,3.32107],[102.06245,3.32068],[102.06247,3.32065],[102.0625,3.32064],[102.06256,3.32065],[102.06269,3.32071],[102.0627,3.32074],[102.06269,3.32078],[102.06266,3.32084],[102.06264,3.32092],[102.06262,3.32099],[102.06262,3.32109],[102.06264,3.3212],[102.06269,3.3213],[102.06272,3.32137],[102.06272,3.32146],[102.0627,3.32156],[102.06268,3.32162],[102.06265,3.32169],[102.06253,3.32176],[102.06249,3.32174],[102.06244,3.32173],[102.06239,3.32174],[102.06232,3.32177],[102.0623,3.32171],[102.06231,3.32164],[102.06233,3.32155],[102.06238,3.32152],[102.06243,3.32151],[102.06247,3.32147],[102.06249,3.32139],[102.06248,3.32135],[102.06243,3.32127],[102.06238,3.3212],[102.06237,3.32114],[102.06237,3.32107]]]}},{"type":"Feature","properties":{"id":1549036964,"kind":"pond"},"geometry":{"type":"Polygon","coordinates":[[[102.06325,3.32011],[102.06321,3.32006],[102.06321,3.32001],[102.06321,3.31999],[102.06378,3.31951],[102.064,3.31972],[102.064,3.31975],[102.06392,3.31987],[102.0635,3.32013],[102.06346,3.32015],[102.06335,3.32015],[102.0633,3.32014],[102.06325,3.32011]]]}},{"type":"Feature","properties":{"id":1549036965,"kind":"pond"},"geometry":{"type":"Polygon","coordinates":[[[102.06255,3.32054],[102.06253,3.32052],[102.06252,3.32049],[102.06253,3.32045],[102.06278,3.32011],[102.06284,3.32008],[102.0629,3.32008],[102.06297,3.32009],[102.063,3.32011],[102.06301,3.32016],[102.0629,3.32057],[102.06289,3.32059],[102.06288,3.32058],[102.06286,3.32057],[102.06284,3.32057],[102.06282,3.32058],[102.0628,3.3206],[102.06279,3.32062],[102.06278,3.32064],[102.06255,3.32054]]]}},{"type":"Feature","properties":{"id":1549133645,"kind":"pond"},"geometry":{"type":"Polygon","coordinates":[[[102.07147,3.35317],[102.07145,3.35306],[102.07145,3.35304],[102.07147,3.35302],[102.0724,3.35299],[102.07244,3.35296],[102.07247,3.3529],[102.07266,3.35241],[102.07274,3.35233],[102.07285,3.35228],[102.07294,3.35228],[102.07298,3.3523],[102.073,3.35235],[102.07298,3.35243],[102.07281,3.35268],[102.07272,3.35277],[102.07261,3.35307],[102.07258,3.35311],[102.07251,3.35314],[102.07151,3.35319],[102.07147,3.35317]]]}},{"type":"Feature","properties":{"id":1549133646,"kind":"pond"},"geometry":{"type":"Polygon","coordinates":[[[102.07205,3.35208],[102.07217,3.35211],[102.0723,3.35208],[102.07237,3.35201],[102.07236,3.3519],[102.07225,3.35174],[102.07214,3.35166],[102.07206,3.35155],[102.07202,3.35145],[102.07198,3.35144],[102.07195,3.35147],[102.07196,3.35154],[102.07201,3.35167],[102.07201,3.35179],[102.07194,3.35186],[102.07192,3.35195],[102.07196,3.35204],[102.07205,3.35208]]]}},{"type":"Feature","properties":{"id":1549133647,"kind":"pond"},"geometry":{"type":"Polygon","coordinates":[[[102.07188,3.35127],[102.07195,3.35122],[102.07196,3.35118],[102.07195,3.35113],[102.07184,3.35089],[102.07177,3.3508],[102.07175,3.3508],[102.07171,3.3508],[102.07162,3.35088],[102.07159,3.35088],[102.07155,3.35088],[102.07149,3.35085],[102.07146,3.35084],[102.07143,3.35088],[102.07142,3.3509],[102.07142,3.35091],[102.07161,3.35103],[102.07166,3.35109],[102.07174,3.35129],[102.07176,3.35131],[102.07179,3.35132],[102.07188,3.35127]]]}}]}