{"type":"FeatureCollection","meta":{"source":"Digital Earth · malaysia_water_bodies.geojson","url":"https://digitalearthgeojson.s3.ap-southeast-5.amazonaws.com/malaysia_water_bodies.geojson","clip":"Sungai Langat catchment (HydroBASINS 4080020780)","basin_km2":2140.3,"simplify_m":11,"note":"Clipped from the 30,207-polygon national file to the Sungai Langat catchment. Outlines are kept and simplified to about 11 m, so the map draws the water surface itself. Surface areas are computed from the full-resolution geometry, before simplification. \"km\" is the distance to the nearest mapped river, not to any station.","excluded":"wetland - the source classification covers seasonally inundated and converted land, which on this catchment is planted estate rather than open water"},"features":[{"type":"Feature","properties":{"id":724561373,"kind":"lake","group":"storage","area_m2":1302365,"km":2.53,"lon":101.60695,"lat":2.86964},"geometry":{"type":"Polygon","coordinates":[[[101.60946,2.87488],[101.6124,2.87506],[101.61289,2.87422],[101.61289,2.86829],[101.60975,2.86883],[101.6089,2.86746],[101.60876,2.86591],[101.61121,2.86589],[101.61148,2.86465],[101.60932,2.86416],[101.60805,2.86209],[101.60143,2.86249],[101.60019,2.86434],[101.60029,2.86964],[101.60275,2.86975],[101.60277,2.87139],[101.60159,2.87128],[101.60159,2.87187],[101.6028,2.87171],[101.60282,2.87211],[101.60363,2.87211],[101.60394,2.87168],[101.6076,2.8722],[101.6091,2.87205],[101.60932,2.8725],[101.60946,2.87488]]]}},{"type":"Feature","properties":{"id":372608950,"kind":"reservoir","group":"storage","area_m2":1121279,"km":0.54,"lon":101.60171,"lat":2.79268,"name":"Labohan Dagang Off River Storage"},"geometry":{"type":"Polygon","coordinates":[[[101.59889,2.7917],[101.59877,2.79259],[101.59827,2.79366],[101.598,2.79382],[101.59647,2.79398],[101.596,2.79426],[101.59596,2.79459],[101.59622,2.79532],[101.5972,2.79589],[101.59731,2.79672],[101.59781,2.79786],[101.59901,2.79809],[101.59924,2.7979],[101.60018,2.79848],[101.60188,2.79821],[101.60327,2.79876],[101.60412,2.7988],[101.60459,2.79814],[101.60503,2.79436],[101.60592,2.79166],[101.60593,2.79008],[101.60608,2.78938],[101.60599,2.78752],[101.60623,2.78674],[101.60714,2.78619],[101.61066,2.78538],[101.61006,2.78525],[101.60699,2.78595],[101.60618,2.78646],[101.60208,2.78535],[101.60147,2.78567],[101.59978,2.78668],[101.59911,2.78798],[101.5994,2.7895],[101.59895,2.78991],[101.59868,2.79128],[101.59889,2.7917]]]}},{"type":"Feature","properties":{"id":485521825,"kind":"lake","group":"storage","area_m2":1064803,"km":4.68,"lon":101.61648,"lat":2.84643},"geometry":{"type":"Polygon","coordinates":[[[101.61335,2.8384],[101.61513,2.83805],[101.61603,2.84091],[101.61592,2.84233],[101.61616,2.84291],[101.61593,2.84381],[101.61577,2.84388],[101.61577,2.84456],[101.61639,2.8452],[101.6165,2.84581],[101.61616,2.84605],[101.61534,2.8459],[101.61501,2.84605],[101.61471,2.84568],[101.61454,2.84586],[101.61471,2.84625],[101.61511,2.84635],[101.61547,2.84617],[101.61631,2.84657],[101.61626,2.84754],[101.61649,2.84755],[101.61667,2.84779],[101.62041,2.84806],[101.62307,2.84805],[101.62523,2.84786],[101.6255,2.84794],[101.6257,2.84829],[101.6264,2.8483],[101.62646,2.84946],[101.62605,2.84954],[101.62591,2.84972],[101.626,2.85024],[101.62614,2.85028],[101.62588,2.85097],[101.62516,2.85118],[101.6232,2.85108],[101.62257,2.85122],[101.62146,2.85088],[101.62163,2.85042],[101.6227,2.85035],[101.62234,2.85011],[101.62138,2.84997],[101.62167,2.84949],[101.62144,2.84906],[101.62078,2.84864],[101.61977,2.84878],[101.61979,2.84897],[101.62002,2.84911],[101.62053,2.84895],[101.62093,2.84904],[101.62096,2.84932],[101.61999,2.84999],[101.61964,2.85006],[101.61974,2.85064],[101.62104,2.85056],[101.62133,2.85088],[101.62094,2.85111],[101.62042,2.85087],[101.61875,2.85107],[101.6184,2.85081],[101.61785,2.85095],[101.61758,2.85069],[101.61814,2.8504],[101.61824,2.85018],[101.61791,2.84958],[101.61698,2.84943],[101.6155,2.84964],[101.61347,2.84949],[101.61243,2.84962],[101.61228,2.84991],[101.61201,2.84997],[101.6116,2.84957],[101.61042,2.84941],[101.60895,2.84854],[101.60897,2.84815],[101.60931,2.84794],[101.60909,2.84781],[101.60913,2.84755],[101.60868,2.84734],[101.60785,2.84728],[101.60739,2.84699],[101.60734,2.84666],[101.60677,2.84658],[101.60585,2.84612],[101.60621,2.84526],[101.60686,2.84448],[101.60748,2.84421],[101.60769,2.84435],[101.60839,2.84414],[101.60946,2.84454],[101.61008,2.84431],[101.61337,2.84432],[101.61332,2.84386],[101.61274,2.8438],[101.6124,2.84325],[101.61233,2.84287],[101.61248,2.84268],[101.61225,2.84251],[101.61255,2.84211],[101.61298,2.84188],[101.61326,2.84136],[101.61332,2.84115],[101.61312,2.84095],[101.6132,2.83858],[101.61335,2.8384]]]}},{"type":"Feature","properties":{"id":485774516,"kind":"lake","group":"storage","area_m2":947437,"km":4.64,"lon":101.6167,"lat":2.85325},"geometry":{"type":"Polygon","coordinates":[[[101.62402,2.85136],[101.62413,2.85153],[101.62578,2.85129],[101.6263,2.85265],[101.62582,2.85286],[101.6254,2.8527],[101.62316,2.85293],[101.62328,2.85304],[101.62377,2.85297],[101.62407,2.85331],[101.62406,2.85351],[101.6229,2.85363],[101.62294,2.85416],[101.62344,2.85475],[101.62336,2.85499],[101.62305,2.85494],[101.6228,2.85518],[101.62297,2.85549],[101.62279,2.85565],[101.61997,2.8558],[101.62047,2.85522],[101.62119,2.85528],[101.62163,2.8547],[101.62206,2.85454],[101.62198,2.85403],[101.62162,2.85351],[101.62152,2.85411],[101.62026,2.85494],[101.61935,2.85496],[101.61886,2.85563],[101.61916,2.85589],[101.61939,2.85582],[101.61912,2.85635],[101.61782,2.85643],[101.61712,2.85626],[101.61615,2.85628],[101.61479,2.85649],[101.61343,2.85642],[101.61318,2.85623],[101.61287,2.85636],[101.61245,2.85628],[101.61232,2.85506],[101.61243,2.85461],[101.6121,2.85448],[101.61174,2.85482],[101.61108,2.85484],[101.6107,2.85515],[101.61051,2.8557],[101.60667,2.85611],[101.60605,2.85642],[101.60554,2.85613],[101.60493,2.8554],[101.60416,2.85577],[101.60327,2.85583],[101.6028,2.85679],[101.60081,2.85705],[101.5999,2.85686],[101.59962,2.85657],[101.59954,2.85433],[101.5992,2.85376],[101.59933,2.85329],[101.60036,2.85324],[101.60047,2.85302],[101.60293,2.85296],[101.60303,2.85146],[101.6041,2.85163],[101.60433,2.85103],[101.60587,2.85151],[101.60602,2.85183],[101.60537,2.85216],[101.60539,2.85259],[101.60926,2.85273],[101.60991,2.85317],[101.61015,2.85385],[101.60935,2.85402],[101.61108,2.85425],[101.61201,2.85364],[101.61331,2.85394],[101.6137,2.85414],[101.61359,2.85474],[101.61394,2.85446],[101.61423,2.85484],[101.61427,2.85538],[101.61514,2.85574],[101.61608,2.85572],[101.61688,2.85602],[101.61838,2.8553],[101.61852,2.85455],[101.61904,2.85415],[101.6199,2.85401],[101.61988,2.8534],[101.61929,2.85346],[101.6192,2.85317],[101.61864,2.85309],[101.61846,2.85282],[101.6175,2.85274],[101.61748,2.85294],[101.61845,2.85293],[101.6185,2.85319],[101.61828,2.85334],[101.6183,2.85358],[101.61809,2.85331],[101.61772,2.85328],[101.61733,2.85354],[101.61732,2.85374],[101.61683,2.85384],[101.61629,2.85366],[101.61615,2.85346],[101.61671,2.85296],[101.61697,2.8529],[101.6171,2.85264],[101.61727,2.85282],[101.61734,2.85268],[101.61712,2.85254],[101.61713,2.85223],[101.61688,2.85191],[101.61571,2.8516],[101.61559,2.85141],[101.61572,2.85005],[101.61609,2.84969],[101.6163,2.84973],[101.61628,2.85042],[101.61657,2.85056],[101.61686,2.85108],[101.61715,2.85117],[101.61716,2.85135],[101.61763,2.85137],[101.61839,2.85102],[101.61872,2.85125],[101.62037,2.85106],[101.62112,2.85135],[101.62165,2.85111],[101.62244,2.85139],[101.62298,2.85125],[101.62402,2.85136]]]}},{"type":"Feature","properties":{"id":29210906,"kind":"lake","group":"storage","area_m2":575806,"km":0.43,"lon":101.72324,"lat":2.89231},"geometry":{"type":"Polygon","coordinates":[[[101.7235,2.89306],[101.7246,2.89309],[101.72506,2.89273],[101.72503,2.89318],[101.72699,2.89346],[101.72735,2.89298],[101.72717,2.89277],[101.7272,2.89251],[101.72753,2.89244],[101.72775,2.89034],[101.72521,2.8899],[101.72502,2.89016],[101.72445,2.89012],[101.724,2.88987],[101.72033,2.88919],[101.71957,2.88932],[101.71909,2.88961],[101.71782,2.89149],[101.71755,2.89216],[101.71632,2.89383],[101.7164,2.89413],[101.71756,2.89529],[101.72012,2.89588],[101.72217,2.89473],[101.72278,2.8934],[101.7231,2.89312],[101.7235,2.89306]]]}},{"type":"Feature","properties":{"id":492404914,"kind":"reservoir","group":"storage","area_m2":477271,"km":0.95,"lon":101.74051,"lat":2.77829,"name":"Sungai Labu Off River Storage (ORS)"},"geometry":{"type":"Polygon","coordinates":[[[101.738,2.77539],[101.73794,2.77548],[101.73847,2.77569],[101.73873,2.77616],[101.73877,2.77652],[101.73858,2.77676],[101.73872,2.77723],[101.73846,2.77742],[101.73794,2.77747],[101.73786,2.7777],[101.73752,2.77779],[101.73735,2.77822],[101.73771,2.77855],[101.73777,2.77893],[101.73753,2.78006],[101.73822,2.7817],[101.73874,2.78219],[101.74071,2.78309],[101.74132,2.78315],[101.74181,2.783],[101.74287,2.78191],[101.74255,2.78047],[101.74299,2.78013],[101.74277,2.77945],[101.74299,2.77902],[101.74302,2.77826],[101.74328,2.7779],[101.74412,2.77739],[101.74405,2.77684],[101.74302,2.77585],[101.74137,2.77512],[101.74023,2.77501],[101.73957,2.77448],[101.73915,2.77456],[101.73889,2.77439],[101.738,2.77539]]]}},{"type":"Feature","properties":{"id":404332053,"kind":"lake","group":"storage","area_m2":431042,"km":3.92,"lon":101.63019,"lat":2.86356},"geometry":{"type":"Polygon","coordinates":[[[101.6294,2.86152],[101.62907,2.86195],[101.62959,2.86214],[101.62959,2.86248],[101.63027,2.86337],[101.63061,2.86335],[101.63085,2.86314],[101.63094,2.86265],[101.63138,2.86216],[101.63159,2.86216],[101.6318,2.8627],[101.63205,2.86277],[101.6329,2.86276],[101.63327,2.86246],[101.63348,2.86248],[101.63357,2.86314],[101.63298,2.86295],[101.63271,2.86323],[101.63217,2.86318],[101.63206,2.86294],[101.63193,2.86327],[101.63157,2.86304],[101.63097,2.86374],[101.63158,2.86425],[101.63158,2.86446],[101.63132,2.86459],[101.63006,2.86455],[101.62992,2.86403],[101.6302,2.8638],[101.62911,2.86342],[101.62963,2.86318],[101.62954,2.86263],[101.62884,2.86194],[101.62819,2.86171],[101.62784,2.86189],[101.62728,2.86188],[101.6269,2.86214],[101.62688,2.86248],[101.62625,2.86309],[101.62579,2.86278],[101.62509,2.86322],[101.62435,2.86337],[101.62104,2.86353],[101.62059,2.86383],[101.62038,2.86423],[101.62095,2.86443],[101.62311,2.8645],[101.62352,2.86476],[101.62406,2.86442],[101.62483,2.86425],[101.62831,2.86444],[101.62834,2.86497],[101.62942,2.86508],[101.62956,2.86645],[101.63052,2.86645],[101.63086,2.86671],[101.63328,2.86676],[101.634,2.86703],[101.63461,2.86632],[101.63419,2.86581],[101.63417,2.863],[101.63393,2.86224],[101.63358,2.86184],[101.63283,2.86148],[101.6294,2.86152]]]}},{"type":"Feature","properties":{"id":29211057,"kind":"lake","group":"storage","area_m2":264716,"km":0.25,"lon":101.69122,"lat":2.88858},"geometry":{"type":"Polygon","coordinates":[[[101.69199,2.88383],[101.6886,2.88538],[101.68857,2.88564],[101.68841,2.88572],[101.6887,2.88775],[101.68936,2.8886],[101.68982,2.88835],[101.69047,2.88926],[101.69061,2.88973],[101.69042,2.8899],[101.68995,2.88983],[101.68919,2.88946],[101.68914,2.88969],[101.6893,2.88964],[101.68959,2.89007],[101.68931,2.89139],[101.68954,2.89198],[101.68979,2.89198],[101.69088,2.89112],[101.69115,2.89121],[101.69139,2.89093],[101.69167,2.89048],[101.6913,2.89025],[101.69155,2.88958],[101.69192,2.88951],[101.69172,2.88922],[101.69195,2.88913],[101.69179,2.88864],[101.69212,2.88857],[101.69232,2.88894],[101.6923,2.88924],[101.6933,2.88954],[101.69341,2.88944],[101.69319,2.88918],[101.69352,2.88853],[101.69308,2.88786],[101.6929,2.88689],[101.69233,2.88696],[101.69199,2.88383]]]}},{"type":"Feature","properties":{"id":793261754,"kind":"lake","group":"storage","area_m2":241720,"km":2.34,"lon":101.64631,"lat":2.86502},"geometry":{"type":"Polygon","coordinates":[[[101.6431,2.86424],[101.64319,2.86464],[101.64408,2.86507],[101.64447,2.865],[101.64511,2.86526],[101.64545,2.86597],[101.64596,2.86634],[101.64623,2.86628],[101.64668,2.86647],[101.64801,2.86764],[101.64808,2.86785],[101.64895,2.86804],[101.64897,2.86756],[101.64867,2.86736],[101.64968,2.86535],[101.64893,2.86493],[101.64823,2.86426],[101.64763,2.86242],[101.6468,2.86212],[101.64545,2.86225],[101.6448,2.86282],[101.64471,2.86335],[101.64367,2.8634],[101.6431,2.86424]]]}},{"type":"Feature","properties":{"id":944725573,"kind":"pond","group":"pond","area_m2":223044,"km":0.32,"lon":101.67187,"lat":2.82011},"geometry":{"type":"Polygon","coordinates":[[[101.67056,2.82274],[101.67166,2.82181],[101.67262,2.82153],[101.67329,2.8215],[101.6734,2.82164],[101.67379,2.82144],[101.67487,2.82025],[101.67467,2.81932],[101.67366,2.81848],[101.67241,2.81688],[101.67189,2.81687],[101.66924,2.81897],[101.66912,2.81928],[101.66967,2.81977],[101.67008,2.82051],[101.67089,2.82011],[101.67112,2.82041],[101.67083,2.82101],[101.67031,2.82139],[101.67021,2.82166],[101.67056,2.82274]]]}},{"type":"Feature","properties":{"id":866614316,"kind":"water","group":"other","area_m2":214942,"km":0.65,"lon":101.66768,"lat":2.81735},"geometry":{"type":"Polygon","coordinates":[[[101.66748,2.81989],[101.66662,2.81896],[101.66649,2.81854],[101.66734,2.81786],[101.66621,2.81651],[101.66961,2.81364],[101.67183,2.81629],[101.66748,2.81989]]]}},{"type":"Feature","properties":{"id":795426721,"kind":"lake","group":"storage","area_m2":210740,"km":0.23,"lon":101.70887,"lat":2.89332},"geometry":{"type":"Polygon","coordinates":[[[101.71326,2.89371],[101.71297,2.8944],[101.71221,2.89503],[101.71168,2.89503],[101.7112,2.8953],[101.71043,2.89524],[101.70799,2.89449],[101.70671,2.89452],[101.70638,2.89432],[101.70635,2.89396],[101.70676,2.89349],[101.70626,2.8934],[101.70583,2.89365],[101.70527,2.89358],[101.70532,2.89322],[101.70474,2.89292],[101.70495,2.89212],[101.7052,2.89202],[101.70527,2.89256],[101.70583,2.89268],[101.70593,2.89223],[101.70645,2.89252],[101.70719,2.89228],[101.70737,2.89172],[101.70901,2.89232],[101.70963,2.89221],[101.71154,2.89294],[101.71172,2.89284],[101.71171,2.893],[101.71303,2.89353],[101.7132,2.89346],[101.71326,2.89371]]]}},{"type":"Feature","properties":{"id":793271135,"kind":"pond","group":"pond","area_m2":189184,"km":0.69,"lon":101.67483,"lat":2.81281},"geometry":{"type":"Polygon","coordinates":[[[101.67092,2.81478],[101.67193,2.81597],[101.67214,2.81599],[101.67861,2.81055],[101.67891,2.81002],[101.67814,2.80904],[101.67763,2.80918],[101.67092,2.81478]]]}},{"type":"Feature","properties":{"id":394568697,"kind":"pond","group":"pond","area_m2":175178,"km":2.82,"lon":101.63358,"lat":2.91081},"geometry":{"type":"Polygon","coordinates":[[[101.63273,2.91566],[101.63222,2.91574],[101.63209,2.91548],[101.63225,2.91401],[101.63286,2.91183],[101.6329,2.91068],[101.63237,2.90982],[101.63119,2.90944],[101.63122,2.90925],[101.63184,2.9093],[101.63259,2.90907],[101.63292,2.90853],[101.633,2.90761],[101.63348,2.90745],[101.63383,2.90765],[101.63498,2.90916],[101.63576,2.9097],[101.63653,2.90979],[101.63657,2.90997],[101.63636,2.91008],[101.63597,2.91086],[101.63435,2.912],[101.63332,2.91325],[101.63287,2.91425],[101.63273,2.91566]]]}},{"type":"Feature","properties":{"id":123728406,"kind":"lake","group":"storage","area_m2":174589,"km":0.75,"lon":101.67302,"lat":2.87623},"geometry":{"type":"Polygon","coordinates":[[[101.67496,2.88002],[101.67465,2.87807],[101.67415,2.87753],[101.67413,2.87721],[101.67394,2.87716],[101.6738,2.87681],[101.67327,2.8765],[101.67293,2.87583],[101.67296,2.87561],[101.67322,2.87549],[101.67382,2.87545],[101.67431,2.87446],[101.67357,2.87385],[101.67413,2.87329],[101.67454,2.87254],[101.6746,2.87211],[101.6742,2.87191],[101.67408,2.87212],[101.67428,2.87223],[101.67426,2.87258],[101.67399,2.87282],[101.67368,2.87277],[101.67284,2.87435],[101.6718,2.87444],[101.671,2.8752],[101.67157,2.87559],[101.67158,2.87587],[101.67088,2.87588],[101.67072,2.87604],[101.67034,2.87579],[101.66926,2.8758],[101.66931,2.87607],[101.67064,2.87644],[101.67098,2.87672],[101.67147,2.87683],[101.6717,2.87673],[101.6718,2.87696],[101.67275,2.87754],[101.67294,2.87919],[101.67267,2.87948],[101.67272,2.87986],[101.67338,2.88042],[101.67357,2.88008],[101.67414,2.87996],[101.67478,2.88016],[101.67496,2.88002]]]}},{"type":"Feature","properties":{"id":711587794,"kind":"pond","group":"pond","area_m2":164223,"km":3.03,"lon":101.63945,"lat":2.84431,"name":"ex-mining pond"},"geometry":{"type":"Polygon","coordinates":[[[101.63717,2.84409],[101.63729,2.84444],[101.63845,2.8452],[101.63888,2.84631],[101.63963,2.84721],[101.63993,2.84736],[101.64038,2.84739],[101.64101,2.84703],[101.6419,2.84699],[101.64293,2.84638],[101.64223,2.84582],[101.64175,2.84577],[101.64156,2.84537],[101.64015,2.84505],[101.63988,2.84481],[101.63952,2.84487],[101.63887,2.84422],[101.63827,2.84429],[101.63844,2.84352],[101.63957,2.84408],[101.63959,2.84421],[101.63984,2.84409],[101.64057,2.84301],[101.63921,2.84162],[101.63881,2.84199],[101.63843,2.84187],[101.63841,2.84164],[101.63778,2.84147],[101.63796,2.8419],[101.63755,2.84207],[101.63786,2.84245],[101.63831,2.8425],[101.63829,2.84264],[101.63763,2.84313],[101.63785,2.84331],[101.63762,2.84385],[101.63778,2.84404],[101.63717,2.84409]]]}},{"type":"Feature","properties":{"id":795426722,"kind":"lake","group":"storage","area_m2":160502,"km":0.25,"lon":101.7143,"lat":2.89103},"geometry":{"type":"Polygon","coordinates":[[[101.71113,2.89015],[101.7134,2.89113],[101.71369,2.89182],[101.71363,2.89247],[101.71394,2.89253],[101.71438,2.89291],[101.71468,2.89287],[101.71449,2.89253],[101.71467,2.89246],[101.71509,2.89281],[101.71469,2.89307],[101.71485,2.89331],[101.71528,2.89348],[101.71589,2.8933],[101.71751,2.89113],[101.71742,2.89081],[101.71644,2.89035],[101.71533,2.89072],[101.7154,2.89038],[101.71486,2.88986],[101.71449,2.89018],[101.71425,2.89017],[101.71384,2.88958],[101.71354,2.89018],[101.71333,2.89008],[101.71352,2.88967],[101.71305,2.88909],[101.71177,2.889],[101.71115,2.88944],[101.71094,2.88987],[101.71113,2.89015]]]}},{"type":"Feature","properties":{"id":1041479460,"kind":"pond","group":"pond","area_m2":152513,"km":0.29,"lon":101.58449,"lat":2.80182},"geometry":{"type":"Polygon","coordinates":[[[101.58243,2.8038],[101.58383,2.80392],[101.58485,2.80283],[101.58655,2.8027],[101.58597,2.80153],[101.58599,2.80002],[101.58583,2.7999],[101.58255,2.80004],[101.58244,2.80031],[101.58243,2.8038]]]}},{"type":"Feature","properties":{"id":404265338,"kind":"lake","group":"storage","area_m2":147316,"km":4.08,"lon":101.63264,"lat":2.85736,"name":"Tasik Typha"},"geometry":{"type":"Polygon","coordinates":[[[101.63194,2.85919],[101.63218,2.85936],[101.63434,2.85946],[101.63446,2.85771],[101.63406,2.85748],[101.63456,2.8557],[101.63454,2.85457],[101.63427,2.85372],[101.63155,2.85369],[101.63151,2.85516],[101.63206,2.85532],[101.63338,2.8565],[101.63308,2.85701],[101.63315,2.85734],[101.63276,2.85829],[101.63184,2.85834],[101.63118,2.85897],[101.63137,2.85916],[101.63154,2.85906],[101.63194,2.85919]]]}},{"type":"Feature","properties":{"id":308051209,"kind":"lake","group":"storage","area_m2":142420,"km":0.32,"lon":101.75743,"lat":2.89436,"name":"Tasik Idaman"},"geometry":{"type":"Polygon","coordinates":[[[101.7583,2.89382],[101.75829,2.89433],[101.75857,2.89458],[101.76021,2.89455],[101.76034,2.89605],[101.75979,2.89626],[101.75763,2.89618],[101.7562,2.8954],[101.75598,2.89504],[101.7556,2.89492],[101.75527,2.8944],[101.75481,2.8943],[101.75471,2.89384],[101.75487,2.89337],[101.75616,2.89307],[101.75643,2.89285],[101.75743,2.89289],[101.75789,2.89319],[101.7583,2.89382]]]}},{"type":"Feature","properties":{"id":793261755,"kind":"lake","group":"storage","area_m2":137748,"km":2.11,"lon":101.64959,"lat":2.86272},"geometry":{"type":"Polygon","coordinates":[[[101.64916,2.86485],[101.65022,2.86529],[101.65062,2.86526],[101.65214,2.86146],[101.65129,2.8612],[101.65093,2.8616],[101.65057,2.86166],[101.64929,2.86146],[101.64924,2.86098],[101.6486,2.8609],[101.64874,2.86133],[101.64823,2.86126],[101.64821,2.86312],[101.64854,2.86407],[101.64916,2.86485]]]}},{"type":"Feature","properties":{"id":788476472,"kind":"lake","group":"storage","area_m2":135526,"km":1.07,"lon":101.65864,"lat":2.86617},"geometry":{"type":"Polygon","coordinates":[[[101.65729,2.86771],[101.65773,2.86757],[101.65815,2.86695],[101.65837,2.86688],[101.6588,2.86709],[101.65924,2.86683],[101.65944,2.86639],[101.66188,2.86726],[101.66283,2.86662],[101.66313,2.86595],[101.66286,2.8655],[101.66163,2.86498],[101.66,2.86566],[101.65937,2.86576],[101.65865,2.86539],[101.65666,2.86504],[101.65647,2.86534],[101.65634,2.86628],[101.6566,2.8672],[101.65729,2.86771]]]}},{"type":"Feature","properties":{"id":793261735,"kind":"lake","group":"storage","area_m2":127672,"km":0.67,"lon":101.65537,"lat":2.8806},"geometry":{"type":"Polygon","coordinates":[[[101.65579,2.88173],[101.65697,2.88133],[101.65778,2.88142],[101.65831,2.88105],[101.65844,2.88085],[101.65753,2.88049],[101.65771,2.88022],[101.65825,2.88055],[101.65834,2.88043],[101.65811,2.87999],[101.65768,2.87963],[101.65746,2.87996],[101.65663,2.88016],[101.65593,2.87984],[101.65537,2.87899],[101.65501,2.879],[101.65479,2.87937],[101.65563,2.88029],[101.65554,2.88059],[101.65547,2.88026],[101.65476,2.87953],[101.65449,2.87969],[101.65429,2.8796],[101.65451,2.87937],[101.65428,2.87907],[101.65356,2.87886],[101.65299,2.87895],[101.65323,2.8791],[101.65324,2.87975],[101.65352,2.87983],[101.65385,2.88033],[101.65377,2.88066],[101.65351,2.88053],[101.65324,2.88062],[101.65325,2.8819],[101.65526,2.88268],[101.65586,2.88267],[101.65527,2.88241],[101.65503,2.88213],[101.6551,2.88177],[101.65561,2.88165],[101.65539,2.88125],[101.65483,2.88103],[101.65487,2.88056],[101.65507,2.88053],[101.65508,2.88086],[101.65549,2.88089],[101.65579,2.88173]]]}},{"type":"Feature","properties":{"id":699334259,"kind":"river","group":"channel","area_m2":123579,"km":0.06,"lon":101.75079,"lat":2.89271},"geometry":{"type":"Polygon","coordinates":[[[101.73363,2.89533],[101.73474,2.89411],[101.73569,2.89206],[101.73707,2.89085],[101.73727,2.89047],[101.73785,2.89017],[101.74048,2.89],[101.74484,2.89102],[101.74683,2.89181],[101.74809,2.89213],[101.74986,2.89188],[101.7521,2.8922],[101.75568,2.89088],[101.75991,2.89177],[101.7637,2.89206],[101.76385,2.89358],[101.76416,2.89401],[101.76539,2.89499],[101.76573,2.89653],[101.76616,2.89727],[101.7665,2.89761],[101.76727,2.89766],[101.76722,2.89794],[101.76677,2.89797],[101.76645,2.89791],[101.76604,2.89752],[101.76559,2.89676],[101.76514,2.89507],[101.764,2.89413],[101.76366,2.89362],[101.76364,2.89252],[101.7633,2.8922],[101.75978,2.89194],[101.75533,2.89109],[101.75443,2.89163],[101.75228,2.89242],[101.75125,2.8924],[101.75025,2.89215],[101.74821,2.89241],[101.74669,2.89206],[101.74511,2.89139],[101.74085,2.89038],[101.74024,2.89027],[101.73827,2.89041],[101.73736,2.89082],[101.73619,2.89198],[101.73516,2.89353],[101.73486,2.89439],[101.73386,2.89543],[101.73363,2.89533]]]}},{"type":"Feature","properties":{"id":485773716,"kind":"pond","group":"pond","area_m2":122495,"km":3.69,"lon":101.60119,"lat":2.84641},"geometry":{"type":"Polygon","coordinates":[[[101.59938,2.84632],[101.59974,2.84527],[101.60021,2.84469],[101.60116,2.84456],[101.60146,2.84469],[101.60359,2.84461],[101.60371,2.84482],[101.60378,2.84617],[101.60273,2.8467],[101.60259,2.84702],[101.60237,2.84703],[101.60235,2.84734],[101.60145,2.84733],[101.60079,2.84756],[101.60051,2.8473],[101.60002,2.84732],[101.59968,2.84681],[101.59944,2.84674],[101.59938,2.84632]]]}},{"type":"Feature","properties":{"id":793261753,"kind":"lake","group":"storage","area_m2":114405,"km":2.55,"lon":101.64239,"lat":2.86785},"geometry":{"type":"Polygon","coordinates":[[[101.6411,2.86985],[101.64235,2.87016],[101.64287,2.87],[101.64304,2.86912],[101.64294,2.86863],[101.64328,2.86791],[101.64357,2.86772],[101.64358,2.86715],[101.64432,2.86586],[101.64321,2.86528],[101.64233,2.86539],[101.64272,2.86567],[101.64271,2.86626],[101.64242,2.86624],[101.64215,2.86596],[101.64073,2.86863],[101.64104,2.86906],[101.6411,2.86985]]]}},{"type":"Feature","properties":{"id":864131612,"kind":"pond","group":"pond","area_m2":108621,"km":0.9,"lon":101.55035,"lat":2.80964},"geometry":{"type":"Polygon","coordinates":[[[101.54876,2.81112],[101.55168,2.81121],[101.55226,2.81091],[101.55228,2.80997],[101.55166,2.80951],[101.55109,2.80864],[101.55008,2.80795],[101.54957,2.80798],[101.549,2.80855],[101.54874,2.80912],[101.54876,2.81112]]]}},{"type":"Feature","properties":{"id":793261757,"kind":"lake","group":"storage","area_m2":105727,"km":2.06,"lon":101.65102,"lat":2.85944},"geometry":{"type":"Polygon","coordinates":[[[101.65035,2.86036],[101.65074,2.86057],[101.6512,2.8605],[101.65155,2.86038],[101.65159,2.86006],[101.6522,2.86008],[101.65233,2.86043],[101.65306,2.8604],[101.65345,2.85975],[101.65355,2.85922],[101.653,2.85844],[101.65158,2.85785],[101.65093,2.85741],[101.6505,2.85798],[101.64987,2.85824],[101.65037,2.85889],[101.64989,2.8593],[101.64914,2.85859],[101.64828,2.85914],[101.64846,2.85952],[101.65019,2.85959],[101.65035,2.86036]]]}},{"type":"Feature","properties":{"id":224735185,"kind":"lake","group":"storage","area_m2":102859,"km":0.23,"lon":101.79099,"lat":2.89186},"geometry":{"type":"Polygon","coordinates":[[[101.78987,2.89307],[101.79085,2.89371],[101.79127,2.89373],[101.79166,2.89345],[101.79169,2.89316],[101.79194,2.89332],[101.79258,2.89298],[101.79374,2.89225],[101.79391,2.89195],[101.79322,2.89118],[101.79266,2.89134],[101.79238,2.89098],[101.79106,2.89041],[101.79015,2.89074],[101.79018,2.892],[101.78987,2.89307]]]}},{"type":"Feature","properties":{"id":370560929,"kind":"water","group":"other","area_m2":101483,"km":0.69,"lon":101.76112,"lat":2.85239},"geometry":{"type":"Polygon","coordinates":[[[101.75891,2.85531],[101.76001,2.85478],[101.76038,2.85507],[101.76046,2.85453],[101.76105,2.85403],[101.76169,2.85365],[101.76241,2.85364],[101.76246,2.85245],[101.76271,2.85143],[101.76345,2.84999],[101.76328,2.84887],[101.76276,2.84869],[101.76197,2.84897],[101.76199,2.84993],[101.76164,2.8506],[101.76078,2.85048],[101.7601,2.85007],[101.76016,2.85047],[101.76124,2.85111],[101.7615,2.85155],[101.76155,2.85211],[101.76125,2.85296],[101.76063,2.85358],[101.76008,2.8535],[101.75942,2.85286],[101.76011,2.85378],[101.76016,2.85405],[101.75986,2.85454],[101.75949,2.8543],[101.7596,2.85467],[101.75891,2.85531]]]}},{"type":"Feature","properties":{"id":793261718,"kind":"lake","group":"storage","area_m2":99952,"km":0.47,"lon":101.66428,"lat":2.86916},"geometry":{"type":"Polygon","coordinates":[[[101.66248,2.87031],[101.66482,2.87137],[101.66531,2.87098],[101.66549,2.87037],[101.66579,2.87024],[101.66561,2.86969],[101.66606,2.86928],[101.66618,2.86894],[101.66603,2.86849],[101.6663,2.86837],[101.66624,2.86808],[101.66512,2.86653],[101.66494,2.86687],[101.66558,2.86765],[101.66566,2.86801],[101.66587,2.86808],[101.66573,2.86826],[101.66596,2.86844],[101.66594,2.86863],[101.66565,2.86881],[101.66486,2.86827],[101.66473,2.86824],[101.66456,2.8685],[101.66411,2.86834],[101.66393,2.86905],[101.663,2.86929],[101.66272,2.86984],[101.66229,2.8692],[101.66284,2.86915],[101.66318,2.86879],[101.66285,2.86864],[101.6626,2.86884],[101.66182,2.86895],[101.66168,2.86919],[101.66231,2.86964],[101.66224,2.86994],[101.66248,2.87031]]]}},{"type":"Feature","properties":{"id":944725572,"kind":"pond","group":"pond","area_m2":97942,"km":0.23,"lon":101.6753,"lat":2.82372},"geometry":{"type":"Polygon","coordinates":[[[101.67583,2.82457],[101.67596,2.8248],[101.67595,2.82623],[101.67638,2.8265],[101.67656,2.82621],[101.67654,2.82121],[101.67648,2.82108],[101.67609,2.8211],[101.67595,2.82082],[101.674,2.82266],[101.67401,2.82284],[101.67446,2.82263],[101.67465,2.82285],[101.67424,2.82324],[101.6745,2.8237],[101.67458,2.82446],[101.67583,2.82457]]]}},{"type":"Feature","properties":{"id":394568686,"kind":"lake","group":"storage","area_m2":97411,"km":3.62,"lon":101.62256,"lat":2.90604},"geometry":{"type":"Polygon","coordinates":[[[101.62188,2.90653],[101.62143,2.90264],[101.62272,2.90294],[101.62301,2.90319],[101.62369,2.90531],[101.62337,2.90682],[101.62276,2.90755],[101.62232,2.90776],[101.62233,2.90811],[101.6222,2.90811],[101.62188,2.90653]]]}},{"type":"Feature","properties":{"id":944725564,"kind":"pond","group":"pond","area_m2":97191,"km":0.47,"lon":101.67853,"lat":2.81256},"geometry":{"type":"Polygon","coordinates":[[[101.67684,2.81408],[101.67732,2.81455],[101.67769,2.81441],[101.68042,2.8124],[101.68078,2.81199],[101.6805,2.81125],[101.67999,2.81077],[101.67951,2.81076],[101.67933,2.81118],[101.67844,2.81179],[101.67763,2.81205],[101.67654,2.81274],[101.67631,2.8131],[101.67667,2.81364],[101.67686,2.81359],[101.67684,2.81408]]]}},{"type":"Feature","properties":{"id":258215047,"kind":"water","group":"other","area_m2":94387,"km":0.34,"lon":101.69842,"lat":2.78664},"geometry":{"type":"Polygon","coordinates":[[[101.69687,2.78705],[101.69861,2.78438],[101.69911,2.7843],[101.69994,2.78717],[101.69978,2.7876],[101.69802,2.78832],[101.69692,2.78737],[101.69687,2.78705]]]}},{"type":"Feature","properties":{"id":1080495263,"kind":"pond","group":"pond","area_m2":91306,"km":0.17,"lon":101.67422,"lat":2.83167},"geometry":{"type":"Polygon","coordinates":[[[101.67399,2.83178],[101.67292,2.83126],[101.6721,2.82992],[101.67209,2.82969],[101.67379,2.82952],[101.67486,2.82918],[101.6759,2.82993],[101.67575,2.83041],[101.67463,2.83179],[101.67502,2.83257],[101.67437,2.83264],[101.6745,2.83325],[101.67472,2.83329],[101.67456,2.83337],[101.67424,2.83342],[101.67431,2.83295],[101.67386,2.83251],[101.67377,2.83224],[101.67399,2.83178]]]}},{"type":"Feature","properties":{"id":1263519434,"kind":"pond","group":"pond","area_m2":88755,"km":0.0,"lon":101.81565,"lat":3.06464},"geometry":{"type":"Polygon","coordinates":[[[101.81554,3.06332],[101.81633,3.06427],[101.81716,3.06478],[101.81812,3.06575],[101.81592,3.0668],[101.81503,3.06646],[101.81471,3.06592],[101.81448,3.06415],[101.81462,3.06388],[101.81516,3.06366],[101.8152,3.06335],[101.81554,3.06332]]]}},{"type":"Feature","properties":{"id":723031735,"kind":"lake","group":"storage","area_m2":85643,"km":6.98,"lon":101.53386,"lat":2.94238},"geometry":{"type":"Polygon","coordinates":[[[101.52689,2.93693],[101.52718,2.93699],[101.52774,2.93761],[101.52985,2.9392],[101.53036,2.93934],[101.53076,2.93985],[101.5333,2.94409],[101.53301,2.94482],[101.53338,2.9453],[101.5347,2.94564],[101.53497,2.94537],[101.53495,2.94469],[101.53648,2.94494],[101.54034,2.94602],[101.54142,2.94702],[101.54151,2.94733],[101.54184,2.94725],[101.54183,2.94696],[101.54135,2.94677],[101.54071,2.94608],[101.54028,2.94589],[101.53658,2.94485],[101.53561,2.94465],[101.53464,2.94464],[101.53346,2.9441],[101.53092,2.93989],[101.53061,2.93929],[101.53056,2.93884],[101.53,2.93903],[101.52936,2.93863],[101.528,2.9377],[101.52707,2.93666],[101.52704,2.93557],[101.52635,2.93528],[101.52615,2.9347],[101.52582,2.93433],[101.52562,2.93327],[101.52592,2.93266],[101.52595,2.9315],[101.52556,2.93149],[101.52582,2.93247],[101.52545,2.93327],[101.52559,2.93417],[101.52646,2.9359],[101.52623,2.93645],[101.52546,2.9369],[101.52547,2.93746],[101.52575,2.93746],[101.52689,2.93693]]]}},{"type":"Feature","properties":{"id":486260162,"kind":"lake","group":"storage","area_m2":85604,"km":4.37,"lon":101.61875,"lat":2.84463},"geometry":{"type":"Polygon","coordinates":[[[101.61675,2.84509],[101.61713,2.84568],[101.61792,2.84587],[101.61941,2.84574],[101.62009,2.84551],[101.62048,2.84514],[101.62073,2.84464],[101.62077,2.84408],[101.61995,2.84298],[101.61892,2.84284],[101.6187,2.84308],[101.61866,2.84438],[101.61675,2.84509]]]}},{"type":"Feature","properties":{"id":878784586,"kind":"reservoir","group":"storage","area_m2":83448,"km":0.3,"lon":101.61154,"lat":2.78727,"name":"Labohan Dagang Off River Storage"},"geometry":{"type":"Polygon","coordinates":[[[101.61147,2.789],[101.61115,2.78904],[101.61097,2.78887],[101.61025,2.78622],[101.61036,2.78598],[101.61018,2.7857],[101.61066,2.78538],[101.61159,2.78589],[101.61288,2.78708],[101.61305,2.78794],[101.61298,2.78875],[101.61252,2.78895],[101.61147,2.789]]]}},{"type":"Feature","properties":{"id":1190205612,"kind":"pond","group":"pond","area_m2":79111,"km":0.27,"lon":101.83037,"lat":3.05955},"geometry":{"type":"Polygon","coordinates":[[[101.82942,3.06058],[101.82978,3.06178],[101.82965,3.06232],[101.82974,3.06291],[101.83006,3.06309],[101.82992,3.06178],[101.83012,3.06107],[101.83064,3.06093],[101.83058,3.0601],[101.83134,3.05986],[101.83265,3.06012],[101.83197,3.05852],[101.83084,3.0589],[101.83064,3.05824],[101.8313,3.05821],[101.83145,3.05792],[101.83104,3.05737],[101.83082,3.05746],[101.83055,3.05667],[101.8297,3.05721],[101.82976,3.05893],[101.82997,3.05864],[101.83034,3.05889],[101.83045,3.05995],[101.83025,3.06022],[101.83004,3.0602],[101.83006,3.0599],[101.82975,3.05949],[101.82959,3.05962],[101.82984,3.06031],[101.82942,3.06058]]]}},{"type":"Feature","properties":{"id":793261758,"kind":"lake","group":"storage","area_m2":72648,"km":1.11,"lon":101.65867,"lat":2.86347},"geometry":{"type":"Polygon","coordinates":[[[101.65627,2.86204],[101.65644,2.86228],[101.6572,2.8624],[101.65874,2.86344],[101.65878,2.86393],[101.65854,2.86478],[101.65879,2.86502],[101.65966,2.86537],[101.65994,2.86518],[101.66008,2.86494],[101.66006,2.86369],[101.65961,2.86376],[101.65941,2.86356],[101.65929,2.86302],[101.65999,2.86272],[101.65658,2.86109],[101.65627,2.86204]]]}},{"type":"Feature","properties":{"id":133052739,"kind":"lake","group":"storage","area_m2":67314,"km":0.01,"lon":101.66611,"lat":2.8747},"geometry":{"type":"Polygon","coordinates":[[[101.66725,2.87287],[101.66717,2.87327],[101.66671,2.87387],[101.66685,2.87412],[101.66711,2.87393],[101.66661,2.87482],[101.66699,2.87522],[101.6668,2.87557],[101.66549,2.87698],[101.66505,2.87662],[101.66461,2.87677],[101.66447,2.87661],[101.66457,2.87636],[101.66424,2.87641],[101.6643,2.8761],[101.66456,2.87562],[101.665,2.87539],[101.66529,2.87475],[101.6653,2.87393],[101.66566,2.87377],[101.66575,2.87394],[101.66596,2.8739],[101.66662,2.8732],[101.66725,2.87287]]]}},{"type":"Feature","properties":{"id":28234620,"kind":"water","group":"other","area_m2":66491,"km":0.1,"lon":101.87422,"lat":2.90401},"geometry":{"type":"Polygon","coordinates":[[[101.87222,2.90422],[101.87215,2.90475],[101.87255,2.90574],[101.87352,2.90591],[101.87419,2.90544],[101.87403,2.90414],[101.87371,2.90364],[101.87292,2.90364],[101.87263,2.90386],[101.87268,2.90361],[101.87373,2.90279],[101.87393,2.90222],[101.87438,2.90192],[101.87528,2.90216],[101.87596,2.9019],[101.87629,2.90236],[101.87615,2.90298],[101.87601,2.903],[101.87549,2.90246],[101.87512,2.90245],[101.87476,2.90263],[101.87453,2.90296],[101.87436,2.90388],[101.87458,2.90506],[101.87538,2.90485],[101.87574,2.90372],[101.87599,2.90362],[101.87601,2.90386],[101.87545,2.90503],[101.87492,2.90536],[101.87459,2.90607],[101.87438,2.90618],[101.87378,2.90635],[101.87226,2.90575],[101.87188,2.90539],[101.87178,2.90503],[101.87222,2.90422]]]}},{"type":"Feature","properties":{"id":960091831,"kind":"pond","group":"pond","area_m2":66156,"km":0.02,"lon":101.54135,"lat":2.84826},"geometry":{"type":"Polygon","coordinates":[[[101.53987,2.84832],[101.53984,2.84858],[101.54006,2.84882],[101.54127,2.84947],[101.54163,2.84943],[101.54267,2.84838],[101.54283,2.84771],[101.54266,2.84688],[101.54064,2.84711],[101.53987,2.84832]]]}},{"type":"Feature","properties":{"id":1008845315,"kind":"pond","group":"pond","area_m2":65639,"km":1.02,"lon":101.80205,"lat":3.07862,"name":"BMC Blue Lake"},"geometry":{"type":"Polygon","coordinates":[[[101.8017,3.08005],[101.80234,3.08049],[101.80261,3.07943],[101.80315,3.07947],[101.80299,3.07775],[101.80247,3.0767],[101.80216,3.07696],[101.80135,3.07688],[101.80089,3.07732],[101.80118,3.07881],[101.80168,3.0793],[101.8017,3.08005]]]}},{"type":"Feature","properties":{"id":1488645225,"kind":"pond","group":"pond","area_m2":64217,"km":2.55,"lon":101.63525,"lat":2.87697},"geometry":{"type":"Polygon","coordinates":[[[101.63456,2.87723],[101.63465,2.8775],[101.63522,2.87801],[101.63564,2.87811],[101.63571,2.87831],[101.6362,2.87794],[101.6361,2.87654],[101.6363,2.87543],[101.63614,2.87488],[101.63521,2.87502],[101.63415,2.87642],[101.63384,2.8769],[101.634,2.8773],[101.63456,2.87723]]]}},{"type":"Feature","properties":{"id":944725574,"kind":"pond","group":"pond","area_m2":62654,"km":0.22,"lon":101.67251,"lat":2.82505},"geometry":{"type":"Polygon","coordinates":[[[101.67058,2.82653],[101.67091,2.82667],[101.67221,2.82661],[101.67305,2.82571],[101.67335,2.82431],[101.67307,2.8238],[101.67176,2.82399],[101.67058,2.82653]]]}},{"type":"Feature","properties":{"id":1544070214,"kind":"pond","group":"pond","area_m2":62244,"km":2.21,"lon":101.78985,"lat":2.84504},"geometry":{"type":"Polygon","coordinates":[[[101.78878,2.8459],[101.78957,2.8463],[101.78991,2.84599],[101.79052,2.84599],[101.79123,2.84572],[101.7912,2.84492],[101.79053,2.84464],[101.79052,2.84361],[101.78976,2.84327],[101.78925,2.84357],[101.78878,2.8448],[101.78878,2.8459]]]}},{"type":"Feature","properties":{"id":944725562,"kind":"pond","group":"pond","area_m2":61249,"km":0.4,"lon":101.67413,"lat":2.81664},"geometry":{"type":"Polygon","coordinates":[[[101.67239,2.8165],[101.67351,2.81788],[101.67403,2.818],[101.67451,2.81764],[101.67535,2.81626],[101.67436,2.8151],[101.67328,2.81568],[101.67239,2.8165]]]}},{"type":"Feature","properties":{"id":123728384,"kind":"lake","group":"storage","area_m2":60438,"km":0.43,"lon":101.67729,"lat":2.87526},"geometry":{"type":"Polygon","coordinates":[[[101.67697,2.87708],[101.67677,2.87718],[101.67641,2.87622],[101.67648,2.87589],[101.67628,2.87527],[101.67638,2.8748],[101.67722,2.87404],[101.67721,2.87361],[101.67751,2.87324],[101.67794,2.87317],[101.67845,2.8736],[101.67848,2.87394],[101.67819,2.87444],[101.6782,2.87475],[101.67775,2.87513],[101.67776,2.87634],[101.67755,2.87684],[101.67697,2.87708]]]}},{"type":"Feature","properties":{"id":370532659,"kind":"water","group":"other","area_m2":59972,"km":2.1,"lon":101.77762,"lat":2.84062},"geometry":{"type":"Polygon","coordinates":[[[101.77594,2.8432],[101.77621,2.84291],[101.77664,2.84325],[101.77719,2.84295],[101.77724,2.8418],[101.77809,2.84018],[101.77851,2.83971],[101.77924,2.83991],[101.77946,2.83953],[101.77905,2.8391],[101.779,2.8388],[101.7792,2.83816],[101.77975,2.83765],[101.77882,2.83795],[101.77822,2.83917],[101.77767,2.8396],[101.77717,2.84046],[101.7768,2.84069],[101.77663,2.84176],[101.77577,2.84254],[101.7757,2.84276],[101.77594,2.8432]]]}},{"type":"Feature","properties":{"id":139098067,"kind":"lake","group":"storage","area_m2":59248,"km":3.93,"lon":101.62646,"lat":2.91779,"name":"Tasik Selangor Cyber Valley"},"geometry":{"type":"Polygon","coordinates":[[[101.62613,2.91869],[101.62555,2.91906],[101.62512,2.9191],[101.62498,2.91882],[101.62503,2.91825],[101.62564,2.91761],[101.62542,2.91711],[101.62561,2.91673],[101.62593,2.91653],[101.6263,2.91657],[101.62708,2.91694],[101.62747,2.91656],[101.6277,2.91659],[101.62802,2.9176],[101.62787,2.9178],[101.62749,2.91784],[101.62749,2.91825],[101.62716,2.91855],[101.62695,2.91838],[101.62654,2.9187],[101.62613,2.91869]]]}},{"type":"Feature","properties":{"id":125751864,"kind":"water","group":"other","area_m2":58873,"km":0.02,"lon":101.87268,"lat":2.84915},"geometry":{"type":"Polygon","coordinates":[[[101.87077,2.84968],[101.87087,2.84959],[101.87153,2.8498],[101.87219,2.84896],[101.87289,2.84879],[101.87343,2.84804],[101.87326,2.84753],[101.87372,2.84673],[101.87388,2.84699],[101.87374,2.84753],[101.87407,2.84766],[101.8743,2.84757],[101.8747,2.84782],[101.87481,2.84811],[101.87471,2.84828],[101.87408,2.84844],[101.8737,2.84913],[101.87323,2.84918],[101.87264,2.85018],[101.87183,2.85034],[101.8715,2.85113],[101.87109,2.85116],[101.87085,2.85094],[101.87076,2.84994],[101.87092,2.84986],[101.87077,2.84968]]]}},{"type":"Feature","properties":{"id":664539713,"kind":"pond","group":"pond","area_m2":58100,"km":0.07,"lon":101.90903,"lat":2.87846},"geometry":{"type":"Polygon","coordinates":[[[101.90789,2.87743],[101.90774,2.87766],[101.90801,2.87915],[101.91317,2.87935],[101.91317,2.87879],[101.91095,2.87875],[101.90934,2.87822],[101.90789,2.87743]]]}},{"type":"Feature","properties":{"id":659660971,"kind":"water","group":"other","area_m2":57836,"km":0.65,"lon":101.40772,"lat":2.84522},"geometry":{"type":"Polygon","coordinates":[[[101.40729,2.84406],[101.40744,2.84309],[101.40762,2.84292],[101.40792,2.84307],[101.40797,2.84335],[101.40818,2.84308],[101.40844,2.84307],[101.40826,2.84347],[101.40871,2.84382],[101.40936,2.84355],[101.40942,2.84326],[101.40913,2.84312],[101.40883,2.84347],[101.40875,2.84309],[101.40935,2.84307],[101.40946,2.84322],[101.40947,2.8448],[101.40913,2.84538],[101.40825,2.8454],[101.40806,2.84604],[101.40834,2.84697],[101.40831,2.84748],[101.40819,2.84778],[101.40777,2.84807],[101.40547,2.84635],[101.40522,2.84599],[101.40496,2.84502],[101.40503,2.84465],[101.40536,2.84613],[101.40572,2.84623],[101.40742,2.84775],[101.40766,2.8478],[101.4081,2.84754],[101.40817,2.84666],[101.40775,2.846],[101.4081,2.84559],[101.40773,2.84486],[101.40792,2.84439],[101.40777,2.84424],[101.40732,2.84428],[101.40729,2.84406]]]}},{"type":"Feature","properties":{"id":711587793,"kind":"pond","group":"pond","area_m2":57594,"km":3.05,"lon":101.63661,"lat":2.84307,"name":"ex-mining pond"},"geometry":{"type":"Polygon","coordinates":[[[101.6361,2.8414],[101.63584,2.84165],[101.63489,2.84365],[101.63658,2.84467],[101.63675,2.84449],[101.63664,2.84383],[101.63725,2.84315],[101.63726,2.84241],[101.63742,2.84223],[101.63656,2.84163],[101.63651,2.84146],[101.6361,2.8414]]]}},{"type":"Feature","properties":{"id":795426718,"kind":"lake","group":"storage","area_m2":56642,"km":4.72,"lon":101.61383,"lat":2.85046},"geometry":{"type":"Polygon","coordinates":[[[101.61251,2.85096],[101.61307,2.85158],[101.61531,2.8514],[101.6156,2.85053],[101.61547,2.85007],[101.61481,2.84979],[101.61346,2.84979],[101.61284,2.84996],[101.61256,2.85037],[101.61251,2.85096]]]}},{"type":"Feature","properties":{"id":160116177,"kind":"lake","group":"storage","area_m2":55521,"km":0.05,"lon":101.75899,"lat":2.95903,"name":"Tasik Cempaka"},"geometry":{"type":"Polygon","coordinates":[[[101.75986,2.96244],[101.75974,2.96244],[101.75963,2.96194],[101.75981,2.96097],[101.75962,2.9603],[101.75856,2.95847],[101.75884,2.95823],[101.75878,2.95774],[101.75813,2.95771],[101.75729,2.95744],[101.75605,2.95691],[101.75601,2.95668],[101.7574,2.95723],[101.75843,2.95744],[101.75882,2.95736],[101.75947,2.95794],[101.75974,2.95861],[101.76006,2.95882],[101.76053,2.96015],[101.75986,2.96244]]]}},{"type":"Feature","properties":{"id":793261767,"kind":"lake","group":"storage","area_m2":54441,"km":0.45,"lon":101.66475,"lat":2.86422},"geometry":{"type":"Polygon","coordinates":[[[101.66391,2.86436],[101.66406,2.86467],[101.66424,2.86463],[101.66454,2.86418],[101.66556,2.86484],[101.6656,2.86503],[101.66593,2.86509],[101.66605,2.86474],[101.66698,2.86421],[101.6672,2.86376],[101.667,2.86356],[101.66432,2.8633],[101.663,2.86351],[101.66268,2.86385],[101.66272,2.86401],[101.6633,2.86399],[101.66391,2.86436]]]}},{"type":"Feature","properties":{"id":410787314,"kind":"lake","group":"storage","area_m2":54208,"km":0.21,"lon":101.83526,"lat":2.8871},"geometry":{"type":"Polygon","coordinates":[[[101.83595,2.88542],[101.83704,2.88663],[101.83558,2.88763],[101.83536,2.88837],[101.83445,2.88867],[101.83459,2.88809],[101.83434,2.88767],[101.8348,2.88703],[101.83456,2.88602],[101.83595,2.88542]]]}},{"type":"Feature","properties":{"id":251132959,"kind":"river","group":"channel","area_m2":53372,"km":0.02,"lon":101.77786,"lat":2.96655},"geometry":{"type":"Polygon","coordinates":[[[101.78567,2.96615],[101.78619,2.96635],[101.78584,2.96647],[101.77738,2.96652],[101.77523,2.96623],[101.77499,2.96629],[101.77383,2.96744],[101.77337,2.96759],[101.77338,2.96727],[101.77401,2.96687],[101.77468,2.96611],[101.77518,2.96591],[101.77763,2.96618],[101.78567,2.96615]]]}},{"type":"Feature","properties":{"id":703814806,"kind":"lake","group":"storage","area_m2":52897,"km":0.27,"lon":101.80039,"lat":2.89101},"geometry":{"type":"Polygon","coordinates":[[[101.79968,2.89248],[101.80045,2.89248],[101.80095,2.89223],[101.80142,2.89221],[101.80156,2.89176],[101.80143,2.89162],[101.80116,2.89195],[101.80023,2.89194],[101.80028,2.89151],[101.8015,2.89101],[101.80149,2.89012],[101.80098,2.88996],[101.80092,2.89017],[101.80054,2.89037],[101.79998,2.89006],[101.8002,2.88896],[101.79991,2.88882],[101.79955,2.88888],[101.79957,2.88967],[101.7992,2.89094],[101.79961,2.89145],[101.79946,2.89179],[101.79978,2.89183],[101.79985,2.89216],[101.79968,2.89248]]]}},{"type":"Feature","properties":{"id":23079537,"kind":"water","group":"other","area_m2":52224,"km":0.93,"lon":101.80772,"lat":2.87715},"geometry":{"type":"Polygon","coordinates":[[[101.80768,2.87978],[101.80796,2.87981],[101.8084,2.87956],[101.80868,2.87835],[101.80847,2.87775],[101.80849,2.87724],[101.80814,2.87749],[101.80813,2.87731],[101.80753,2.87689],[101.80775,2.8762],[101.80768,2.87541],[101.8082,2.87512],[101.80798,2.87486],[101.80702,2.87501],[101.80697,2.87531],[101.80748,2.87571],[101.80728,2.87611],[101.80674,2.87647],[101.80672,2.87667],[101.80694,2.87736],[101.80785,2.87796],[101.80784,2.87838],[101.80729,2.87899],[101.80741,2.87947],[101.80768,2.87978]]]}},{"type":"Feature","properties":{"id":135980029,"kind":"lake","group":"storage","area_m2":47214,"km":1.28,"lon":101.76114,"lat":3.04446,"name":"Lake Valley"},"geometry":{"type":"Polygon","coordinates":[[[101.76222,3.04649],[101.7617,3.04628],[101.76148,3.04594],[101.76036,3.04516],[101.76041,3.04473],[101.76095,3.04413],[101.76099,3.04357],[101.75974,3.04261],[101.75968,3.04219],[101.76018,3.0422],[101.76098,3.04298],[101.76106,3.04354],[101.76134,3.04364],[101.76161,3.04406],[101.7618,3.04504],[101.76242,3.04598],[101.76246,3.04643],[101.76239,3.04656],[101.76222,3.04649]]]}},{"type":"Feature","properties":{"id":795426726,"kind":"lake","group":"storage","area_m2":46454,"km":0.71,"lon":101.71764,"lat":2.88821},"geometry":{"type":"Polygon","coordinates":[[[101.71729,2.88899],[101.71751,2.88914],[101.71785,2.88901],[101.71833,2.8892],[101.71877,2.88882],[101.7194,2.88752],[101.71885,2.88725],[101.71857,2.88762],[101.71798,2.88768],[101.71771,2.88745],[101.7176,2.88701],[101.71667,2.88727],[101.71688,2.88768],[101.71678,2.88806],[101.71702,2.88846],[101.71666,2.88879],[101.71682,2.88903],[101.71729,2.88899]]]}},{"type":"Feature","properties":{"id":793261759,"kind":"lake","group":"storage","area_m2":45544,"km":1.58,"lon":101.65476,"lat":2.86168},"geometry":{"type":"Polygon","coordinates":[[[101.65315,2.86213],[101.65554,2.86291],[101.65553,2.86254],[101.65608,2.86146],[101.65613,2.86092],[101.65559,2.8607],[101.65541,2.86077],[101.65498,2.86167],[101.65342,2.86109],[101.65299,2.86159],[101.65315,2.86213]]]}},{"type":"Feature","properties":{"id":823375908,"kind":"river","group":"channel","area_m2":45397,"km":0.04,"lon":101.76494,"lat":2.96601},"geometry":{"type":"Polygon","coordinates":[[[101.77306,2.96766],[101.77306,2.96732],[101.77239,2.96744],[101.76764,2.96746],[101.76704,2.96619],[101.76594,2.96553],[101.7601,2.96553],[101.75979,2.96541],[101.75945,2.96493],[101.75977,2.96293],[101.75961,2.96289],[101.75928,2.96494],[101.75972,2.96557],[101.76001,2.9657],[101.76593,2.96572],[101.76693,2.96632],[101.76722,2.9668],[101.76744,2.96775],[101.77306,2.96766]]]}},{"type":"Feature","properties":{"id":822872327,"kind":"lake","group":"storage","area_m2":45052,"km":1.4,"lon":101.76111,"lat":2.74437},"geometry":{"type":"Polygon","coordinates":[[[101.75972,2.74581],[101.76015,2.74563],[101.76151,2.74559],[101.76182,2.74454],[101.76179,2.74402],[101.76232,2.74356],[101.762,2.74342],[101.76178,2.7431],[101.76125,2.74337],[101.76093,2.74389],[101.76026,2.74448],[101.75966,2.74456],[101.75972,2.74581]]]}},{"type":"Feature","properties":{"id":563924700,"kind":"lake","group":"storage","area_m2":44988,"km":0.31,"lon":101.65302,"lat":2.8971},"geometry":{"type":"Polygon","coordinates":[[[101.65258,2.8956],[101.65279,2.89574],[101.65423,2.8958],[101.65402,2.89798],[101.65372,2.89786],[101.65356,2.89816],[101.6534,2.89819],[101.6527,2.89783],[101.65261,2.89791],[101.65194,2.89744],[101.65257,2.89707],[101.65258,2.8956]]]}},{"type":"Feature","properties":{"id":335975898,"kind":"lake","group":"storage","area_m2":44754,"km":0.12,"lon":101.87575,"lat":2.99731},"geometry":{"type":"Polygon","coordinates":[[[101.87523,2.99613],[101.87577,2.99613],[101.87664,2.99672],[101.87693,2.99675],[101.87688,2.99729],[101.87705,2.99798],[101.87678,2.99821],[101.8762,2.99819],[101.87594,2.99834],[101.8759,2.99864],[101.87555,2.99809],[101.8752,2.998],[101.87532,2.99761],[101.87492,2.99758],[101.87463,2.99668],[101.87498,2.99662],[101.87523,2.99613]]]}},{"type":"Feature","properties":{"id":604848682,"kind":"water","group":"other","area_m2":44721,"km":0.06,"lon":101.82966,"lat":2.7509},"geometry":{"type":"Polygon","coordinates":[[[101.8194,2.75493],[101.81963,2.75489],[101.82009,2.75519],[101.82086,2.75537],[101.82143,2.75442],[101.82165,2.7537],[101.82217,2.753],[101.82234,2.75234],[101.82413,2.75141],[101.8247,2.75079],[101.82582,2.75078],[101.82658,2.75119],[101.82737,2.75127],[101.82784,2.75078],[101.82829,2.75056],[101.8288,2.75072],[101.82937,2.75037],[101.82991,2.75031],[101.83092,2.75063],[101.83154,2.75106],[101.83224,2.7504],[101.83308,2.75074],[101.83431,2.75093],[101.83588,2.75009],[101.83595,2.74951],[101.8367,2.74869],[101.83679,2.7479],[101.83696,2.74768],[101.83793,2.74768],[101.83883,2.74719],[101.84071,2.74736],[101.84071,2.74753],[101.84032,2.74753],[101.83887,2.74736],[101.83792,2.74784],[101.83701,2.74788],[101.83685,2.74873],[101.83611,2.74957],[101.83601,2.75023],[101.83555,2.75035],[101.83437,2.75106],[101.83293,2.75082],[101.83232,2.75054],[101.83152,2.75123],[101.83084,2.75076],[101.82995,2.75043],[101.82934,2.7505],[101.82868,2.75091],[101.82838,2.75073],[101.82806,2.75083],[101.82752,2.75136],[101.82654,2.75132],[101.82581,2.75091],[101.82473,2.75092],[101.8242,2.75152],[101.82237,2.75245],[101.82223,2.75314],[101.82171,2.7538],[101.8215,2.75454],[101.82084,2.75551],[101.8194,2.75493]]]}},{"type":"Feature","properties":{"id":652099757,"kind":"lake","group":"storage","area_m2":44222,"km":0.19,"lon":101.68153,"lat":2.87947},"geometry":{"type":"Polygon","coordinates":[[[101.68099,2.87753],[101.68131,2.87812],[101.68115,2.8788],[101.68138,2.87899],[101.6818,2.87859],[101.68202,2.87866],[101.68202,2.87842],[101.68223,2.87856],[101.6822,2.87891],[101.68244,2.87903],[101.6823,2.8794],[101.68248,2.87958],[101.68242,2.87975],[101.68211,2.87989],[101.68196,2.8802],[101.68254,2.88009],[101.68282,2.88086],[101.68176,2.88081],[101.68185,2.88136],[101.68159,2.88098],[101.68132,2.88096],[101.68184,2.88044],[101.68157,2.88059],[101.68118,2.88047],[101.68146,2.8799],[101.68127,2.87927],[101.68081,2.8792],[101.68085,2.87889],[101.68101,2.87906],[101.68112,2.87896],[101.68101,2.87875],[101.68071,2.87862],[101.68039,2.87878],[101.68042,2.87865],[101.68023,2.87856],[101.68007,2.87783],[101.68099,2.87753]]]}},{"type":"Feature","properties":{"id":22675588,"kind":"water","group":"other","area_m2":44005,"km":6.27,"lon":101.69154,"lat":2.98335},"geometry":{"type":"Polygon","coordinates":[[[101.69088,2.98226],[101.691,2.98203],[101.69254,2.98202],[101.69264,2.98219],[101.69257,2.98396],[101.69165,2.98471],[101.69137,2.98473],[101.69127,2.9846],[101.69133,2.98412],[101.6911,2.98369],[101.69113,2.98307],[101.69088,2.98226]]]}},{"type":"Feature","properties":{"id":304754795,"kind":"lake","group":"storage","area_m2":40215,"km":0.53,"lon":101.81099,"lat":2.83931,"name":"Tasik Ujana"},"geometry":{"type":"Polygon","coordinates":[[[101.81139,2.84034],[101.81119,2.84069],[101.8108,2.84075],[101.81064,2.84065],[101.81071,2.84016],[101.81016,2.84],[101.81011,2.83976],[101.81066,2.8388],[101.81058,2.83819],[101.81071,2.83773],[101.81116,2.8375],[101.81162,2.83764],[101.81195,2.83822],[101.81137,2.83923],[101.81139,2.84034]]]}},{"type":"Feature","properties":{"id":888398280,"kind":"pond","group":"pond","area_m2":39671,"km":0.41,"lon":101.77629,"lat":2.99385},"geometry":{"type":"Polygon","coordinates":[[[101.77698,2.99399],[101.77732,2.99401],[101.77736,2.99433],[101.77564,2.99494],[101.77535,2.99472],[101.77511,2.99481],[101.77529,2.99463],[101.77505,2.99426],[101.77522,2.99359],[101.77561,2.99317],[101.77574,2.99335],[101.77599,2.99306],[101.77746,2.99292],[101.77755,2.9931],[101.77736,2.9937],[101.77697,2.9935],[101.7766,2.99362],[101.77698,2.99399]]]}},{"type":"Feature","properties":{"id":404265340,"kind":"lake","group":"storage","area_m2":38556,"km":4.36,"lon":101.62741,"lat":2.86078,"name":"Tasik Buaya"},"geometry":{"type":"Polygon","coordinates":[[[101.62733,2.86144],[101.62802,2.86148],[101.62836,2.86135],[101.62844,2.86105],[101.62864,2.86103],[101.62865,2.85979],[101.6275,2.85967],[101.62646,2.86028],[101.62687,2.86101],[101.62632,2.86121],[101.62634,2.86136],[101.62726,2.86127],[101.62733,2.86144]]]}},{"type":"Feature","properties":{"id":1079175910,"kind":"pond","group":"pond","area_m2":37435,"km":1.6,"lon":101.60642,"lat":2.88738},"geometry":{"type":"Polygon","coordinates":[[[101.60839,2.88803],[101.60881,2.88825],[101.60896,2.88801],[101.60928,2.88799],[101.60954,2.88749],[101.60903,2.88717],[101.60857,2.88744],[101.60851,2.88716],[101.6075,2.88669],[101.60701,2.88709],[101.60671,2.88689],[101.60598,2.88677],[101.60519,2.8872],[101.60485,2.88681],[101.6043,2.8868],[101.6037,2.88705],[101.60345,2.88734],[101.6031,2.88854],[101.60239,2.88996],[101.60399,2.88707],[101.60417,2.88699],[101.60525,2.88754],[101.60568,2.88701],[101.60604,2.88686],[101.60655,2.8869],[101.60724,2.88738],[101.60814,2.88773],[101.60839,2.88803]]]}},{"type":"Feature","properties":{"id":1251541211,"kind":"basin","group":"treatment","area_m2":36787,"km":0.16,"lon":101.79093,"lat":3.07536},"geometry":{"type":"Polygon","coordinates":[[[101.7895,3.07485],[101.79124,3.07637],[101.79169,3.07651],[101.79182,3.07607],[101.79128,3.07455],[101.79106,3.07431],[101.79075,3.0742],[101.78992,3.07428],[101.78953,3.07443],[101.7895,3.07485]]]}},{"type":"Feature","properties":{"id":954213820,"kind":"pond","group":"pond","area_m2":36319,"km":1.29,"lon":101.62767,"lat":2.80873},"geometry":{"type":"Polygon","coordinates":[[[101.62745,2.80858],[101.62729,2.80744],[101.62668,2.80709],[101.62676,2.80671],[101.62756,2.80678],[101.62793,2.80745],[101.62768,2.80787],[101.62805,2.80792],[101.62829,2.80869],[101.62847,2.80882],[101.62835,2.80952],[101.62791,2.8104],[101.62751,2.8109],[101.62712,2.81102],[101.62704,2.81054],[101.62743,2.8101],[101.62765,2.81013],[101.62773,2.80973],[101.62777,2.80937],[101.62745,2.80858]]]}},{"type":"Feature","properties":{"id":364840343,"kind":"water","group":"other","area_m2":36150,"km":0.18,"lon":101.85907,"lat":2.94762},"geometry":{"type":"Polygon","coordinates":[[[101.86003,2.94701],[101.86057,2.94788],[101.85946,2.94746],[101.8595,2.94799],[101.85919,2.94867],[101.8589,2.94874],[101.85855,2.94844],[101.85802,2.94855],[101.85788,2.9484],[101.85779,2.9481],[101.8581,2.94734],[101.8581,2.9467],[101.85874,2.94674],[101.85886,2.94689],[101.85862,2.9472],[101.85877,2.9473],[101.85929,2.94733],[101.85942,2.94692],[101.86003,2.94701]]]}},{"type":"Feature","properties":{"id":563924701,"kind":"lake","group":"storage","area_m2":35922,"km":0.57,"lon":101.65116,"lat":2.8992},"geometry":{"type":"Polygon","coordinates":[[[101.65096,2.89827],[101.65204,2.89865],[101.65214,2.89857],[101.65291,2.89911],[101.65167,2.89964],[101.65086,2.90051],[101.65033,2.9],[101.65022,2.89865],[101.65032,2.89851],[101.65075,2.89897],[101.65103,2.89878],[101.65096,2.89827]]]}},{"type":"Feature","properties":{"id":1080495265,"kind":"pond","group":"pond","area_m2":35855,"km":0.13,"lon":101.67907,"lat":2.84314},"geometry":{"type":"Polygon","coordinates":[[[101.6782,2.84363],[101.67896,2.84416],[101.67957,2.84425],[101.67975,2.84403],[101.67976,2.84331],[101.67945,2.84297],[101.67971,2.84263],[101.67969,2.84208],[101.67953,2.84191],[101.67901,2.84198],[101.67836,2.84248],[101.6782,2.84363]]]}},{"type":"Feature","properties":{"id":308051207,"kind":"lake","group":"storage","area_m2":35550,"km":0.34,"lon":101.76146,"lat":2.89553,"name":"Tasik Impian"},"geometry":{"type":"Polygon","coordinates":[[[101.76049,2.89604],[101.76062,2.89572],[101.76054,2.89455],[101.76091,2.89441],[101.76153,2.89464],[101.76154,2.89492],[101.76203,2.8953],[101.76294,2.89539],[101.76308,2.89608],[101.76069,2.89625],[101.76049,2.89604]]]}},{"type":"Feature","properties":{"id":1080109031,"kind":"pond","group":"pond","area_m2":35408,"km":1.29,"lon":101.73575,"lat":2.9926},"geometry":{"type":"Polygon","coordinates":[[[101.73479,2.99391],[101.73526,2.99412],[101.73573,2.99385],[101.73716,2.99121],[101.73641,2.99081],[101.7362,2.99085],[101.73598,2.99129],[101.73601,2.99185],[101.73557,2.99225],[101.73538,2.993],[101.73479,2.99391]]]}},{"type":"Feature","properties":{"id":335975900,"kind":"lake","group":"storage","area_m2":35310,"km":0.21,"lon":101.8694,"lat":3.01516},"geometry":{"type":"Polygon","coordinates":[[[101.86849,3.01479],[101.86821,3.01554],[101.86864,3.01574],[101.86883,3.01605],[101.87015,3.01612],[101.87059,3.01576],[101.87051,3.01511],[101.8699,3.01475],[101.86869,3.01445],[101.86849,3.01479]]]}},{"type":"Feature","properties":{"id":793261769,"kind":"lake","group":"storage","area_m2":35274,"km":0.12,"lon":101.66814,"lat":2.86443},"geometry":{"type":"Polygon","coordinates":[[[101.66718,2.86521],[101.66727,2.86545],[101.66811,2.86534],[101.66865,2.86508],[101.66889,2.86447],[101.66965,2.86372],[101.66941,2.8627],[101.66813,2.86345],[101.66808,2.86445],[101.66781,2.86471],[101.66739,2.86481],[101.66718,2.86521]]]}},{"type":"Feature","properties":{"id":988301554,"kind":"pond","group":"pond","area_m2":34918,"km":0.96,"lon":101.89722,"lat":2.9233},"geometry":{"type":"Polygon","coordinates":[[[101.89704,2.92429],[101.8973,2.92463],[101.89732,2.92505],[101.89704,2.92536],[101.89744,2.92533],[101.89748,2.92481],[101.89783,2.92464],[101.89782,2.92212],[101.89762,2.92202],[101.89747,2.92074],[101.89653,2.92079],[101.89653,2.92132],[101.8969,2.92136],[101.89716,2.92245],[101.89742,2.92246],[101.89733,2.92326],[101.89705,2.9234],[101.89704,2.92429]]]}},{"type":"Feature","properties":{"id":960809822,"kind":"pond","group":"pond","area_m2":34808,"km":0.52,"lon":101.78255,"lat":3.04679},"geometry":{"type":"Polygon","coordinates":[[[101.78312,3.04774],[101.78169,3.04713],[101.781,3.04635],[101.78313,3.04589],[101.78359,3.04597],[101.78325,3.04772],[101.78312,3.04774]]]}},{"type":"Feature","properties":{"id":709702614,"kind":"basin","group":"treatment","area_m2":34716,"km":5.34,"lon":101.52883,"lat":2.92392},"geometry":{"type":"Polygon","coordinates":[[[101.52938,2.92263],[101.53039,2.92329],[101.52988,2.9243],[101.52941,2.92445],[101.52812,2.9245],[101.5279,2.92409],[101.52938,2.92263]]]}},{"type":"Feature","properties":{"id":699908138,"kind":"water","group":"other","area_m2":33984,"km":0.17,"lon":101.76589,"lat":2.89356},"geometry":{"type":"Polygon","coordinates":[[[101.76502,2.8927],[101.76478,2.8932],[101.76633,2.89486],[101.76657,2.89489],[101.76664,2.89457],[101.76639,2.894],[101.76673,2.89378],[101.76674,2.89292],[101.76653,2.89247],[101.76628,2.89238],[101.76561,2.89272],[101.76502,2.8927]]]}},{"type":"Feature","properties":{"id":410789384,"kind":"lake","group":"storage","area_m2":32894,"km":0.23,"lon":101.81252,"lat":2.88281},"geometry":{"type":"Polygon","coordinates":[[[101.81321,2.88201],[101.8135,2.88218],[101.81362,2.88302],[101.81284,2.88318],[101.81292,2.88373],[101.81182,2.88425],[101.8112,2.88375],[101.81119,2.8832],[101.81165,2.88291],[101.81214,2.88295],[101.81236,2.88272],[101.81214,2.88253],[101.81232,2.8824],[101.81267,2.88258],[101.81306,2.88241],[101.81303,2.88202],[101.81321,2.88201]]]}},{"type":"Feature","properties":{"id":1373064301,"kind":"pond","group":"pond","area_m2":31544,"km":0.73,"lon":101.87606,"lat":2.73674},"geometry":{"type":"Polygon","coordinates":[[[101.87539,2.73775],[101.876,2.73767],[101.87605,2.73755],[101.8758,2.73659],[101.876,2.73662],[101.87669,2.73735],[101.87698,2.73719],[101.87706,2.73661],[101.8767,2.73632],[101.87644,2.73568],[101.87493,2.73609],[101.87539,2.73775]]]}},{"type":"Feature","properties":{"id":971898957,"kind":"pond","group":"pond","area_m2":30933,"km":2.53,"lon":101.61482,"lat":2.88782},"geometry":{"type":"Polygon","coordinates":[[[101.61375,2.88807],[101.61361,2.88748],[101.61376,2.88697],[101.61474,2.88692],[101.61587,2.8871],[101.61573,2.88742],[101.61541,2.88763],[101.61551,2.88803],[101.61523,2.88843],[101.61375,2.88807]]]}},{"type":"Feature","properties":{"id":492385678,"kind":"pond","group":"pond","area_m2":30530,"km":0.3,"lon":101.54427,"lat":2.82984,"name":"Flood Retention Pond"},"geometry":{"type":"Polygon","coordinates":[[[101.54371,2.83071],[101.54452,2.83077],[101.54481,2.83046],[101.5449,2.82911],[101.54479,2.82876],[101.5444,2.82863],[101.54393,2.82878],[101.54363,2.82911],[101.54357,2.83027],[101.54371,2.83071]]]}},{"type":"Feature","properties":{"id":306533772,"kind":"lake","group":"storage","area_m2":29389,"km":0.19,"lon":101.67964,"lat":2.87566},"geometry":{"type":"Polygon","coordinates":[[[101.6798,2.87627],[101.68058,2.87636],[101.68065,2.87615],[101.68031,2.87601],[101.68053,2.87588],[101.68045,2.87548],[101.67983,2.87496],[101.67959,2.87496],[101.67958,2.87519],[101.67938,2.87534],[101.67917,2.87497],[101.67928,2.87485],[101.67893,2.87492],[101.67871,2.87517],[101.6785,2.87592],[101.67904,2.87653],[101.67929,2.8764],[101.67972,2.87647],[101.6798,2.87627]]]}},{"type":"Feature","properties":{"id":865868569,"kind":"pond","group":"pond","area_m2":29149,"km":4.98,"lon":101.53459,"lat":2.92319},"geometry":{"type":"Polygon","coordinates":[[[101.5354,2.92171],[101.53593,2.92208],[101.53554,2.92272],[101.53536,2.92381],[101.53396,2.92396],[101.53262,2.92459],[101.53243,2.92431],[101.53416,2.92368],[101.53517,2.92179],[101.5354,2.92171]]]}},{"type":"Feature","properties":{"id":495834087,"kind":"lake","group":"storage","area_m2":29001,"km":1.49,"lon":101.76199,"lat":2.83326},"geometry":{"type":"Polygon","coordinates":[[[101.76293,2.83452],[101.76217,2.83412],[101.76227,2.83347],[101.76175,2.83317],[101.76135,2.83313],[101.76129,2.8326],[101.76044,2.83218],[101.7621,2.83255],[101.76314,2.83308],[101.76345,2.83366],[101.76293,2.83452]]]}},{"type":"Feature","properties":{"id":614886827,"kind":"pond","group":"pond","area_m2":28918,"km":2.24,"lon":101.76989,"lat":2.73472},"geometry":{"type":"Polygon","coordinates":[[[101.77036,2.73532],[101.77013,2.73596],[101.76979,2.73614],[101.76923,2.73436],[101.7692,2.73353],[101.77035,2.73301],[101.77017,2.73407],[101.77036,2.73532]]]}},{"type":"Feature","properties":{"id":189312843,"kind":"river","group":"channel","area_m2":28652,"km":0.84,"lon":101.74472,"lat":3.05854},"geometry":{"type":"Polygon","coordinates":[[[101.74481,3.05253],[101.74468,3.05358],[101.74478,3.06453],[101.74452,3.06565],[101.7438,3.0673],[101.74461,3.06566],[101.74493,3.06408],[101.74494,3.05268],[101.74463,3.05098],[101.74451,3.05165],[101.74481,3.05253]]]}},{"type":"Feature","properties":{"id":495831242,"kind":"lake","group":"storage","area_m2":28287,"km":1.07,"lon":101.78085,"lat":2.82202},"geometry":{"type":"Polygon","coordinates":[[[101.77999,2.82067],[101.77976,2.82064],[101.77976,2.82016],[101.7804,2.82011],[101.78102,2.82122],[101.78091,2.82192],[101.78177,2.8238],[101.78325,2.82445],[101.78185,2.82413],[101.78084,2.82278],[101.78042,2.8228],[101.7805,2.82241],[101.78029,2.82103],[101.77999,2.82067]]]}},{"type":"Feature","properties":{"id":445308562,"kind":"pond","group":"pond","area_m2":28203,"km":1.07,"lon":101.75929,"lat":2.80276},"geometry":{"type":"Polygon","coordinates":[[[101.75924,2.80432],[101.75899,2.80487],[101.75887,2.80398],[101.75906,2.80339],[101.75895,2.80262],[101.75916,2.80201],[101.75909,2.80139],[101.75945,2.80115],[101.75994,2.80116],[101.76005,2.80131],[101.75981,2.80182],[101.75967,2.80363],[101.75924,2.80432]]]}},{"type":"Feature","properties":{"id":1373753957,"kind":"pond","group":"pond","area_m2":28112,"km":0.04,"lon":101.79856,"lat":2.81113},"geometry":{"type":"Polygon","coordinates":[[[101.79726,2.81121],[101.79757,2.81103],[101.79817,2.81121],[101.79834,2.81147],[101.79902,2.81148],[101.79915,2.81288],[101.79924,2.81131],[101.7994,2.8112],[101.79924,2.80999],[101.79879,2.80991],[101.79855,2.8102],[101.79753,2.81061],[101.79726,2.81121]]]}},{"type":"Feature","properties":{"id":22675585,"kind":"water","group":"other","area_m2":28090,"km":6.12,"lon":101.69351,"lat":2.98018},"geometry":{"type":"Polygon","coordinates":[[[101.69287,2.97853],[101.69326,2.97831],[101.69357,2.97888],[101.69332,2.97981],[101.69383,2.98099],[101.69451,2.98155],[101.69576,2.98169],[101.69595,2.98179],[101.69581,2.98196],[101.6942,2.98176],[101.69358,2.98125],[101.69316,2.98028],[101.69278,2.97995],[101.69231,2.97998],[101.69227,2.98014],[101.69209,2.97998],[101.69251,2.97941],[101.69299,2.97912],[101.69287,2.97853]]]}},{"type":"Feature","properties":{"id":793261717,"kind":"lake","group":"storage","area_m2":28064,"km":1.07,"lon":101.65723,"lat":2.8698},"geometry":{"type":"Polygon","coordinates":[[[101.6569,2.87135],[101.65719,2.87122],[101.65741,2.87081],[101.65767,2.86971],[101.65814,2.86905],[101.65784,2.86907],[101.65695,2.86867],[101.65653,2.86872],[101.65646,2.869],[101.6569,2.87135]]]}},{"type":"Feature","properties":{"id":544590729,"kind":"lake","group":"storage","area_m2":27970,"km":2.88,"lon":101.70454,"lat":2.8327},"geometry":{"type":"Polygon","coordinates":[[[101.70413,2.8322],[101.70404,2.83247],[101.70455,2.83275],[101.7045,2.83293],[101.70424,2.83304],[101.70333,2.83293],[101.7032,2.83344],[101.70361,2.83337],[101.70418,2.83355],[101.70477,2.8331],[101.70548,2.83303],[101.70599,2.83196],[101.70587,2.83183],[101.70543,2.832],[101.705,2.83193],[101.70413,2.8322]]]}},{"type":"Feature","properties":{"id":492750171,"kind":"pond","group":"pond","area_m2":27774,"km":3.39,"lon":101.45461,"lat":2.81441},"geometry":{"type":"Polygon","coordinates":[[[101.45435,2.81218],[101.45415,2.81281],[101.45426,2.81507],[101.45362,2.81608],[101.455,2.81607],[101.4558,2.81668],[101.4559,2.81649],[101.45496,2.81594],[101.45466,2.81548],[101.45461,2.81229],[101.45435,2.81218]]]}},{"type":"Feature","properties":{"id":1495462188,"kind":"lake","group":"storage","area_m2":27664,"km":1.9,"lon":101.85385,"lat":3.00008},"geometry":{"type":"Polygon","coordinates":[[[101.85342,3.00128],[101.8537,3.00093],[101.85401,3.00089],[101.85487,2.99954],[101.85493,2.99926],[101.85475,2.99893],[101.85432,2.99892],[101.85412,2.9992],[101.85338,2.99932],[101.85325,3.00083],[101.85342,3.00128]]]}},{"type":"Feature","properties":{"id":335975899,"kind":"lake","group":"storage","area_m2":27156,"km":0.34,"lon":101.8765,"lat":2.99149},"geometry":{"type":"Polygon","coordinates":[[[101.87471,2.99053],[101.87527,2.99011],[101.87555,2.99013],[101.87555,2.99035],[101.87653,2.99072],[101.87696,2.99147],[101.87796,2.99252],[101.87777,2.99277],[101.87741,2.99266],[101.87734,2.99224],[101.87694,2.99179],[101.8752,2.99114],[101.87471,2.99053]]]}},{"type":"Feature","properties":{"id":137634165,"kind":"water","group":"other","area_m2":26718,"km":2.32,"lon":101.73149,"lat":2.97176},"geometry":{"type":"Polygon","coordinates":[[[101.72997,2.97207],[101.73136,2.97052],[101.73205,2.9703],[101.73213,2.97056],[101.73185,2.97135],[101.73178,2.9722],[101.73232,2.97266],[101.73236,2.97301],[101.73179,2.97275],[101.73172,2.97222],[101.73134,2.97193],[101.73067,2.97188],[101.72997,2.97207]]]}},{"type":"Feature","properties":{"id":978104186,"kind":"pond","group":"pond","area_m2":26171,"km":0.16,"lon":101.74505,"lat":2.89273},"geometry":{"type":"Polygon","coordinates":[[[101.74391,2.89346],[101.74369,2.89328],[101.7438,2.89296],[101.74491,2.89186],[101.74573,2.89218],[101.74578,2.89249],[101.74607,2.89261],[101.74544,2.89295],[101.74524,2.89336],[101.7447,2.89328],[101.74391,2.89346]]]}},{"type":"Feature","properties":{"id":822872320,"kind":"pond","group":"pond","area_m2":26092,"km":1.13,"lon":101.7797,"lat":2.77596},"geometry":{"type":"Polygon","coordinates":[[[101.77946,2.77683],[101.77967,2.77724],[101.78002,2.77735],[101.78011,2.77667],[101.78005,2.77647],[101.7798,2.77639],[101.77983,2.77623],[101.78045,2.77533],[101.78024,2.77484],[101.77946,2.77452],[101.77883,2.77504],[101.77883,2.77528],[101.77936,2.77561],[101.77962,2.77613],[101.77968,2.77642],[101.77946,2.77683]]]}},{"type":"Feature","properties":{"id":394568681,"kind":"lake","group":"storage","area_m2":26051,"km":3.8,"lon":101.62063,"lat":2.90557},"geometry":{"type":"Polygon","coordinates":[[[101.62137,2.90665],[101.62101,2.90412],[101.62035,2.90455],[101.6201,2.90565],[101.62055,2.90636],[101.62137,2.90665]]]}},{"type":"Feature","properties":{"id":877911472,"kind":"pond","group":"pond","area_m2":25828,"km":1.87,"lon":101.64086,"lat":2.90604},"geometry":{"type":"Polygon","coordinates":[[[101.63975,2.90698],[101.64163,2.90689],[101.64176,2.90531],[101.6413,2.9051],[101.63975,2.90698]]]}},{"type":"Feature","properties":{"id":492566732,"kind":"lake","group":"storage","area_m2":25107,"km":0.92,"lon":101.78575,"lat":2.78665,"name":"Kota Seriemas Lake"},"geometry":{"type":"Polygon","coordinates":[[[101.78488,2.7855],[101.78509,2.78639],[101.78589,2.78764],[101.78588,2.78789],[101.78611,2.78805],[101.78695,2.78805],[101.78624,2.7868],[101.78578,2.78657],[101.7859,2.78615],[101.78568,2.78575],[101.78533,2.78546],[101.78502,2.78537],[101.78488,2.7855]]]}},{"type":"Feature","properties":{"id":791971926,"kind":"pond","group":"pond","area_m2":24813,"km":2.29,"lon":101.71968,"lat":2.83615},"geometry":{"type":"Polygon","coordinates":[[[101.72044,2.83475],[101.7198,2.83477],[101.71949,2.83532],[101.71926,2.83663],[101.71877,2.83704],[101.7183,2.83701],[101.71853,2.83715],[101.71863,2.83751],[101.71888,2.83723],[101.71905,2.83723],[101.72021,2.83582],[101.72073,2.83574],[101.7209,2.83616],[101.72096,2.83595],[101.72112,2.83595],[101.72071,2.83499],[101.72044,2.83475]]]}},{"type":"Feature","properties":{"id":795426719,"kind":"lake","group":"storage","area_m2":24006,"km":4.49,"lon":101.61161,"lat":2.85158},"geometry":{"type":"Polygon","coordinates":[[[101.61087,2.85262],[101.61171,2.8528],[101.61213,2.85181],[101.61202,2.85109],[101.61219,2.85081],[101.61197,2.85034],[101.61172,2.8509],[101.61102,2.85122],[101.61087,2.85262]]]}},{"type":"Feature","properties":{"id":144286372,"kind":"water","group":"other","area_m2":23547,"km":2.1,"lon":101.73242,"lat":2.75664},"geometry":{"type":"Polygon","coordinates":[[[101.73137,2.75678],[101.73157,2.75709],[101.73158,2.75753],[101.73197,2.75756],[101.73368,2.75618],[101.73297,2.75591],[101.73181,2.75627],[101.73137,2.75678]]]}},{"type":"Feature","properties":{"id":22675578,"kind":"water","group":"other","area_m2":22972,"km":3.44,"lon":101.71713,"lat":2.98499},"geometry":{"type":"Polygon","coordinates":[[[101.7134,2.98553],[101.71403,2.98466],[101.71471,2.98446],[101.71639,2.98433],[101.7171,2.98469],[101.71904,2.98487],[101.7191,2.98506],[101.71939,2.98499],[101.71993,2.98525],[101.71988,2.9854],[101.71946,2.98515],[101.71948,2.98532],[101.71575,2.98453],[101.71469,2.98517],[101.7138,2.98519],[101.7134,2.98553]]]}},{"type":"Feature","properties":{"id":944725551,"kind":"pond","group":"pond","area_m2":22408,"km":0.17,"lon":101.7111,"lat":2.7753},"geometry":{"type":"Polygon","coordinates":[[[101.70993,2.77576],[101.71016,2.77588],[101.7121,2.77577],[101.71222,2.77546],[101.7118,2.77527],[101.71174,2.77504],[101.71079,2.77467],[101.71045,2.77487],[101.70993,2.77576]]]}},{"type":"Feature","properties":{"id":836684413,"kind":"water","group":"other","area_m2":21558,"km":0.89,"lon":101.72468,"lat":2.88837},"geometry":{"type":"Polygon","coordinates":[[[101.72377,2.88878],[101.72384,2.88822],[101.72419,2.88764],[101.72526,2.88784],[101.72531,2.88816],[101.72559,2.88821],[101.7255,2.88883],[101.7249,2.88891],[101.72377,2.88878]]]}},{"type":"Feature","properties":{"id":236721208,"kind":"reservoir","group":"storage","area_m2":21386,"km":0.23,"lon":101.55029,"lat":2.83264},"geometry":{"type":"Polygon","coordinates":[[[101.55079,2.83224],[101.54983,2.83174],[101.54966,2.83236],[101.54965,2.83356],[101.55061,2.83356],[101.55085,2.83281],[101.55079,2.83224]]]}},{"type":"Feature","properties":{"id":971898963,"kind":"pond","group":"pond","area_m2":21291,"km":2.19,"lon":101.61177,"lat":2.88741},"geometry":{"type":"Polygon","coordinates":[[[101.61267,2.88794],[101.61299,2.88735],[101.61298,2.8869],[101.61203,2.88717],[101.61082,2.88686],[101.61057,2.88693],[101.61064,2.88755],[101.61267,2.88794]]]}},{"type":"Feature","properties":{"id":1117854426,"kind":"lake","group":"storage","area_m2":20478,"km":1.25,"lon":101.80446,"lat":3.07453},"geometry":{"type":"Polygon","coordinates":[[[101.80431,3.07348],[101.80409,3.07344],[101.80327,3.07383],[101.80364,3.07409],[101.80387,3.07474],[101.80452,3.07486],[101.80475,3.07513],[101.80471,3.07542],[101.80531,3.07548],[101.80499,3.07477],[101.80512,3.0747],[101.80487,3.07456],[101.80431,3.07348]]]}},{"type":"Feature","properties":{"id":372965198,"kind":"reservoir","group":"storage","area_m2":19998,"km":4.04,"lon":101.71324,"lat":2.97922},"geometry":{"type":"Polygon","coordinates":[[[101.71256,2.97921],[101.71442,2.98006],[101.71474,2.97946],[101.71291,2.97858],[101.71269,2.97872],[101.71256,2.97921]]]}},{"type":"Feature","properties":{"id":259050401,"kind":"water","group":"other","area_m2":19940,"km":0.33,"lon":101.7824,"lat":2.9721},"geometry":{"type":"Polygon","coordinates":[[[101.78192,2.97192],[101.78173,2.97232],[101.78183,2.97285],[101.78261,2.97306],[101.78307,2.97286],[101.7828,2.97239],[101.78284,2.97138],[101.78221,2.97147],[101.78212,2.97133],[101.78192,2.97192]]]}},{"type":"Feature","properties":{"id":492623657,"kind":"water","group":"other","area_m2":19319,"km":0.84,"lon":101.77369,"lat":2.75061},"geometry":{"type":"Polygon","coordinates":[[[101.77375,2.7514],[101.77468,2.75179],[101.77449,2.75068],[101.77408,2.74983],[101.77337,2.74941],[101.77349,2.75011],[101.77311,2.75042],[101.77359,2.75045],[101.77383,2.75069],[101.77375,2.7514]]]}},{"type":"Feature","properties":{"id":404265341,"kind":"lake","group":"storage","area_m2":19274,"km":4.52,"lon":101.62688,"lat":2.85924},"geometry":{"type":"Polygon","coordinates":[[[101.62628,2.85943],[101.62654,2.85964],[101.62783,2.85944],[101.62778,2.85855],[101.62697,2.85859],[101.62603,2.85885],[101.62599,2.85914],[101.62628,2.85943]]]}},{"type":"Feature","properties":{"id":793403978,"kind":"pond","group":"pond","area_m2":19012,"km":2.01,"lon":101.69766,"lat":2.84525},"geometry":{"type":"Polygon","coordinates":[[[101.69681,2.84545],[101.69725,2.84579],[101.69818,2.84586],[101.69901,2.84528],[101.69908,2.84506],[101.69837,2.84476],[101.69856,2.84501],[101.69842,2.84516],[101.69804,2.84488],[101.69721,2.845],[101.69684,2.8448],[101.69667,2.84498],[101.69721,2.84504],[101.69733,2.84536],[101.69722,2.8455],[101.69681,2.84545]]]}},{"type":"Feature","properties":{"id":22675571,"kind":"water","group":"other","area_m2":18952,"km":4.3,"lon":101.70945,"lat":2.98423},"geometry":{"type":"Polygon","coordinates":[[[101.70882,2.98441],[101.70794,2.98481],[101.70883,2.9837],[101.70937,2.98386],[101.71005,2.98378],[101.71095,2.98443],[101.71079,2.98467],[101.71009,2.98441],[101.70882,2.98441]]]}},{"type":"Feature","properties":{"id":234069217,"kind":"lake","group":"storage","area_m2":18281,"km":0.57,"lon":101.87428,"lat":2.94434},"geometry":{"type":"Polygon","coordinates":[[[101.87434,2.94479],[101.87388,2.94504],[101.87342,2.94555],[101.87317,2.94546],[101.87333,2.94494],[101.87433,2.94412],[101.8748,2.94324],[101.87505,2.94321],[101.87522,2.944],[101.87434,2.94479]]]}},{"type":"Feature","properties":{"id":492819811,"kind":"lake","group":"storage","area_m2":18249,"km":0.97,"lon":101.88631,"lat":3.09166},"geometry":{"type":"Polygon","coordinates":[[[101.8856,3.09172],[101.88581,3.0922],[101.88606,3.09195],[101.88634,3.09199],[101.88621,3.09224],[101.88634,3.09242],[101.88657,3.0923],[101.88688,3.09136],[101.88717,3.09104],[101.88659,3.09047],[101.88635,3.0906],[101.88594,3.09145],[101.8856,3.09172]]]}},{"type":"Feature","properties":{"id":793403918,"kind":"lake","group":"storage","area_m2":18230,"km":3.06,"lon":101.70671,"lat":2.84016},"geometry":{"type":"Polygon","coordinates":[[[101.70573,2.84035],[101.70585,2.84051],[101.70634,2.84051],[101.70665,2.84084],[101.707,2.84086],[101.70712,2.84053],[101.70741,2.84033],[101.70734,2.83975],[101.70754,2.83943],[101.70668,2.83936],[101.70632,2.84],[101.70573,2.84035]]]}},{"type":"Feature","properties":{"id":1213784860,"kind":"water","group":"other","area_m2":17984,"km":0.09,"lon":101.80047,"lat":3.04845},"geometry":{"type":"Polygon","coordinates":[[[101.79843,3.0472],[101.79937,3.04766],[101.80092,3.04881],[101.8012,3.04924],[101.80183,3.04964],[101.802,3.05012],[101.80225,3.04977],[101.80227,3.04941],[101.80216,3.04964],[101.80194,3.0497],[101.80135,3.04889],[101.79947,3.04724],[101.79824,3.04695],[101.79843,3.0472]]]}},{"type":"Feature","properties":{"id":1080495266,"kind":"pond","group":"pond","area_m2":17625,"km":0.1,"lon":101.67866,"lat":2.84544},"geometry":{"type":"Polygon","coordinates":[[[101.67829,2.84661],[101.67816,2.84588],[101.67841,2.84513],[101.67838,2.84447],[101.67848,2.84432],[101.67923,2.84447],[101.67948,2.8447],[101.67948,2.845],[101.67849,2.84575],[101.67857,2.8465],[101.67829,2.84661]]]}},{"type":"Feature","properties":{"id":400258851,"kind":"pond","group":"pond","area_m2":17501,"km":0.1,"lon":101.76984,"lat":2.8961},"geometry":{"type":"Polygon","coordinates":[[[101.76965,2.89556],[101.76978,2.89555],[101.76979,2.89538],[101.7704,2.89539],[101.77044,2.89588],[101.77074,2.89595],[101.7702,2.89661],[101.76908,2.8968],[101.76892,2.89671],[101.76964,2.89593],[101.76965,2.89556]]]}},{"type":"Feature","properties":{"id":1080543026,"kind":"pond","group":"pond","area_m2":17498,"km":0.23,"lon":101.77538,"lat":2.9337},"geometry":{"type":"Polygon","coordinates":[[[101.77486,2.93455],[101.7748,2.93404],[101.77542,2.93386],[101.77561,2.93353],[101.77502,2.93328],[101.77494,2.93282],[101.77516,2.93255],[101.77556,2.93244],[101.77568,2.93251],[101.77547,2.93304],[101.77572,2.93333],[101.7759,2.93409],[101.77563,2.93425],[101.77564,2.93468],[101.77551,2.93481],[101.77486,2.93455]]]}},{"type":"Feature","properties":{"id":793261764,"kind":"lake","group":"storage","area_m2":17433,"km":0.42,"lon":101.65868,"lat":2.8798},"geometry":{"type":"Polygon","coordinates":[[[101.65789,2.8794],[101.65898,2.88052],[101.65886,2.88104],[101.65907,2.88105],[101.65926,2.88025],[101.65921,2.87963],[101.65833,2.87873],[101.65803,2.87875],[101.65789,2.8794]]]}},{"type":"Feature","properties":{"id":493948537,"kind":"pond","group":"pond","area_m2":17167,"km":2.43,"lon":101.72735,"lat":2.95141},"geometry":{"type":"Polygon","coordinates":[[[101.72661,2.95146],[101.72715,2.95233],[101.72748,2.95145],[101.72829,2.95118],[101.72832,2.95082],[101.72806,2.95077],[101.7278,2.95046],[101.72758,2.95053],[101.72663,2.95126],[101.72661,2.95146]]]}},{"type":"Feature","properties":{"id":492984458,"kind":"pond","group":"pond","area_m2":17130,"km":0.25,"lon":101.8689,"lat":3.02049},"geometry":{"type":"Polygon","coordinates":[[[101.86808,3.02079],[101.86872,3.02088],[101.86957,3.02134],[101.86959,3.02034],[101.86919,3.02037],[101.86959,3.02028],[101.86953,3.02005],[101.86918,3.01997],[101.86877,3.02024],[101.86808,3.02008],[101.86808,3.02079]]]}},{"type":"Feature","properties":{"id":681872871,"kind":"pond","group":"pond","area_m2":17128,"km":0.23,"lon":101.87428,"lat":2.94818},"geometry":{"type":"Polygon","coordinates":[[[101.87311,2.94849],[101.87258,2.94801],[101.87537,2.94789],[101.87559,2.94824],[101.87311,2.94849]]]}},{"type":"Feature","properties":{"id":372855500,"kind":"lake","group":"storage","area_m2":17031,"km":0.46,"lon":101.77136,"lat":2.9237,"name":"Tasik Kejuruteraan"},"geometry":{"type":"Polygon","coordinates":[[[101.77035,2.92439],[101.77106,2.92486],[101.77138,2.92475],[101.77134,2.92422],[101.77183,2.92401],[101.77167,2.92365],[101.77198,2.92314],[101.77179,2.92263],[101.77172,2.923],[101.77154,2.923],[101.77123,2.9235],[101.77061,2.92394],[101.77035,2.92439]]]}},{"type":"Feature","properties":{"id":1301061895,"kind":"lake","group":"storage","area_m2":17011,"km":1.53,"lon":101.88428,"lat":2.73754},"geometry":{"type":"Polygon","coordinates":[[[101.88371,2.73811],[101.88456,2.73819],[101.88501,2.73713],[101.88439,2.73679],[101.884,2.73684],[101.88366,2.73781],[101.88371,2.73811]]]}},{"type":"Feature","properties":{"id":335977740,"kind":"water","group":"other","area_m2":16974,"km":1.02,"lon":101.87053,"lat":2.96971},"geometry":{"type":"Polygon","coordinates":[[[101.87095,2.9693],[101.8713,2.96988],[101.8705,2.97058],[101.87027,2.97059],[101.8698,2.97025],[101.87028,2.96907],[101.87095,2.9693]]]}},{"type":"Feature","properties":{"id":836684414,"kind":"water","group":"other","area_m2":16507,"km":0.88,"lon":101.72304,"lat":2.88817},"geometry":{"type":"Polygon","coordinates":[[[101.72234,2.8886],[101.723,2.88704],[101.72366,2.88732],[101.72342,2.88846],[101.72316,2.88884],[101.72234,2.8886]]]}},{"type":"Feature","properties":{"id":1064117529,"kind":"pond","group":"pond","area_m2":16412,"km":0.67,"lon":101.68479,"lat":2.84348},"geometry":{"type":"Polygon","coordinates":[[[101.68444,2.84421],[101.68525,2.84377],[101.68544,2.84277],[101.68525,2.84266],[101.68394,2.84326],[101.68444,2.84421]]]}},{"type":"Feature","properties":{"id":544945696,"kind":"lake","group":"storage","area_m2":16229,"km":0.64,"lon":101.79017,"lat":2.87476},"geometry":{"type":"Polygon","coordinates":[[[101.78967,2.87529],[101.78947,2.87517],[101.78957,2.87475],[101.7901,2.87415],[101.79042,2.8741],[101.79104,2.87457],[101.79097,2.87496],[101.79076,2.87516],[101.79,2.87535],[101.78967,2.87529]]]}},{"type":"Feature","properties":{"id":404362980,"kind":"pond","group":"pond","area_m2":15740,"km":0.49,"lon":101.84001,"lat":2.91322,"name":"flood retention pond"},"geometry":{"type":"Polygon","coordinates":[[[101.83873,2.91234],[101.83919,2.91255],[101.83918,2.91301],[101.84063,2.9146],[101.84001,2.91361],[101.83998,2.91281],[101.84016,2.91261],[101.84107,2.91257],[101.84107,2.91242],[101.83873,2.91234]]]}},{"type":"Feature","properties":{"id":1488645248,"kind":"pond","group":"pond","area_m2":15405,"km":0.49,"lon":101.59426,"lat":2.88306},"geometry":{"type":"Polygon","coordinates":[[[101.59294,2.8831],[101.59289,2.88296],[101.59624,2.88271],[101.59625,2.88289],[101.59491,2.88294],[101.59447,2.88378],[101.59294,2.8831]]]}},{"type":"Feature","properties":{"id":793261761,"kind":"lake","group":"storage","area_m2":15392,"km":1.26,"lon":101.65709,"lat":2.86415},"geometry":{"type":"Polygon","coordinates":[[[101.65619,2.86415],[101.65746,2.86469],[101.65796,2.86476],[101.65737,2.86358],[101.65679,2.86346],[101.65619,2.86415]]]}},{"type":"Feature","properties":{"id":1288067083,"kind":"pond","group":"pond","area_m2":15113,"km":1.55,"lon":101.88248,"lat":3.11638},"geometry":{"type":"Polygon","coordinates":[[[101.88163,3.11725],[101.88232,3.11645],[101.88283,3.11628],[101.88303,3.11697],[101.88325,3.11605],[101.8836,3.11559],[101.88264,3.11557],[101.88264,3.11578],[101.88199,3.11601],[101.88188,3.11656],[101.88161,3.11697],[101.88163,3.11725]]]}},{"type":"Feature","properties":{"id":975140251,"kind":"reservoir","group":"storage","area_m2":15101,"km":0.18,"lon":101.59749,"lat":2.79914},"geometry":{"type":"Polygon","coordinates":[[[101.59735,2.79978],[101.59819,2.79944],[101.59769,2.79819],[101.59685,2.79852],[101.59735,2.79978]]]}},{"type":"Feature","properties":{"id":1125384213,"kind":"lake","group":"storage","area_m2":15029,"km":0.67,"lon":101.81955,"lat":3.05496},"geometry":{"type":"Polygon","coordinates":[[[101.81888,3.05387],[101.81869,3.05424],[101.8189,3.05476],[101.8187,3.05502],[101.81962,3.05539],[101.81997,3.05573],[101.82086,3.05577],[101.81958,3.05482],[101.8196,3.05458],[101.81899,3.05437],[101.81888,3.05387]]]}},{"type":"Feature","properties":{"id":619849750,"kind":"water","group":"other","area_m2":14957,"km":0.71,"lon":101.86916,"lat":2.97242},"geometry":{"type":"Polygon","coordinates":[[[101.86894,2.97194],[101.86868,2.97224],[101.86875,2.97283],[101.86856,2.97319],[101.86966,2.9731],[101.86969,2.97277],[101.86942,2.97258],[101.86972,2.97198],[101.86965,2.97161],[101.86922,2.97184],[101.86918,2.97235],[101.86913,2.97206],[101.86894,2.97194]]]}},{"type":"Feature","properties":{"id":793261732,"kind":"lake","group":"storage","area_m2":14936,"km":0.25,"lon":101.65846,"lat":2.88283},"geometry":{"type":"Polygon","coordinates":[[[101.65766,2.88337],[101.65845,2.88338],[101.65884,2.88293],[101.65971,2.88256],[101.65904,2.88199],[101.65778,2.88291],[101.65766,2.88337]]]}},{"type":"Feature","properties":{"id":944725571,"kind":"pond","group":"pond","area_m2":14717,"km":0.62,"lon":101.67737,"lat":2.82786},"geometry":{"type":"Polygon","coordinates":[[[101.67805,2.82823],[101.67804,2.82731],[101.67676,2.82736],[101.67674,2.82806],[101.67805,2.82823]]]}},{"type":"Feature","properties":{"id":944292853,"kind":"reservoir","group":"storage","area_m2":14620,"km":2.04,"lon":101.64549,"lat":2.9111},"geometry":{"type":"Polygon","coordinates":[[[101.64597,2.91062],[101.64553,2.91205],[101.64478,2.91183],[101.64521,2.91039],[101.64597,2.91062]]]}},{"type":"Feature","properties":{"id":492564246,"kind":"pond","group":"pond","area_m2":14560,"km":1.5,"lon":101.78223,"lat":2.78127,"name":"flood retention pond"},"geometry":{"type":"Polygon","coordinates":[[[101.78152,2.77978],[101.78148,2.78013],[101.78185,2.78075],[101.78198,2.78144],[101.7824,2.78179],[101.78242,2.78234],[101.78302,2.78286],[101.7831,2.78246],[101.78234,2.78125],[101.78216,2.7806],[101.78152,2.77978]]]}},{"type":"Feature","properties":{"id":1082273956,"kind":"basin","group":"treatment","area_m2":14512,"km":0.07,"lon":101.76634,"lat":3.01622},"geometry":{"type":"Polygon","coordinates":[[[101.76481,3.01645],[101.76526,3.01676],[101.76583,3.01661],[101.76623,3.01613],[101.76731,3.01628],[101.76748,3.01609],[101.76774,3.01615],[101.76797,3.01586],[101.76712,3.01576],[101.76637,3.01602],[101.76579,3.01599],[101.76474,3.01636],[101.76481,3.01645]]]}},{"type":"Feature","properties":{"id":36197050,"kind":"water","group":"other","area_m2":14425,"km":0.81,"lon":101.81259,"lat":3.0775},"geometry":{"type":"Polygon","coordinates":[[[101.81242,3.07657],[101.8125,3.07689],[101.81221,3.07724],[101.81248,3.07768],[101.81247,3.07794],[101.81225,3.078],[101.81224,3.07833],[101.81296,3.07893],[101.81332,3.07882],[101.8128,3.0777],[101.81278,3.07723],[101.8129,3.07711],[101.8126,3.07659],[101.81242,3.07657]]]}},{"type":"Feature","properties":{"id":364840342,"kind":"water","group":"other","area_m2":14374,"km":0.16,"lon":101.86284,"lat":2.94822},"geometry":{"type":"Polygon","coordinates":[[[101.86322,2.94738],[101.86411,2.94731],[101.86396,2.9475],[101.86417,2.94801],[101.86411,2.94884],[101.86356,2.94864],[101.86263,2.94861],[101.8624,2.9484],[101.86232,2.94861],[101.86104,2.94845],[101.86077,2.94826],[101.86229,2.94826],[101.86304,2.94851],[101.86367,2.94852],[101.86386,2.94839],[101.86383,2.94809],[101.86322,2.94738]]]}},{"type":"Feature","properties":{"id":1380086812,"kind":"pond","group":"pond","area_m2":14170,"km":0.54,"lon":101.9465,"lat":2.87495},"geometry":{"type":"Polygon","coordinates":[[[101.94578,2.87514],[101.94571,2.87491],[101.94652,2.8747],[101.94664,2.8748],[101.94655,2.87455],[101.94687,2.8742],[101.94729,2.87466],[101.9471,2.87515],[101.94684,2.87504],[101.94702,2.87532],[101.94685,2.87556],[101.94637,2.87554],[101.94601,2.87515],[101.94578,2.87514]]]}},{"type":"Feature","properties":{"id":552080953,"kind":"lake","group":"storage","area_m2":14142,"km":0.94,"lon":101.74178,"lat":2.96474},"geometry":{"type":"Polygon","coordinates":[[[101.7414,2.96506],[101.74124,2.96452],[101.74151,2.96402],[101.74245,2.96415],[101.74253,2.96439],[101.74233,2.96519],[101.7414,2.96506]]]}},{"type":"Feature","properties":{"id":224735183,"kind":"water","group":"other","area_m2":13913,"km":0.07,"lon":101.80468,"lat":2.88603},"geometry":{"type":"Polygon","coordinates":[[[101.804,2.88583],[101.80425,2.88562],[101.80527,2.88558],[101.80561,2.88592],[101.80559,2.88622],[101.80422,2.88636],[101.80392,2.88622],[101.804,2.88583]]]}},{"type":"Feature","properties":{"id":1313126515,"kind":"pond","group":"pond","area_m2":13818,"km":0.6,"lon":101.76288,"lat":2.95405},"geometry":{"type":"Polygon","coordinates":[[[101.76225,2.95492],[101.76212,2.95489],[101.76217,2.95458],[101.76194,2.95449],[101.76202,2.95419],[101.76273,2.954],[101.76299,2.95376],[101.76302,2.95348],[101.76334,2.95339],[101.76381,2.9528],[101.76395,2.95344],[101.76328,2.95412],[101.7624,2.95459],[101.76225,2.95492]]]}},{"type":"Feature","properties":{"id":1080236593,"kind":"pond","group":"pond","area_m2":13701,"km":1.68,"lon":101.78547,"lat":2.82717},"geometry":{"type":"Polygon","coordinates":[[[101.78532,2.82816],[101.78572,2.82828],[101.78588,2.82737],[101.78584,2.8261],[101.78565,2.8261],[101.78532,2.82698],[101.78486,2.82701],[101.78533,2.82781],[101.78532,2.82816]]]}},{"type":"Feature","properties":{"id":544542201,"kind":"pond","group":"pond","area_m2":13493,"km":0.13,"lon":101.68395,"lat":2.81508},"geometry":{"type":"Polygon","coordinates":[[[101.68332,2.81586],[101.68509,2.81465],[101.685,2.81455],[101.68364,2.81467],[101.68332,2.81491],[101.68332,2.81586]]]}},{"type":"Feature","properties":{"id":493031114,"kind":"pond","group":"pond","area_m2":13305,"km":0.1,"lon":101.881,"lat":2.99671},"geometry":{"type":"Polygon","coordinates":[[[101.88024,2.99627],[101.88067,2.9971],[101.88101,2.99718],[101.88157,2.99672],[101.88112,2.996],[101.8805,2.99592],[101.88024,2.99627]]]}},{"type":"Feature","properties":{"id":816866101,"kind":"water","group":"other","area_m2":13175,"km":0.16,"lon":101.75695,"lat":2.99288},"geometry":{"type":"Polygon","coordinates":[[[101.75546,2.99274],[101.75619,2.99296],[101.75632,2.99274],[101.75672,2.99261],[101.75859,2.9937],[101.75744,2.99259],[101.75708,2.99242],[101.75616,2.99236],[101.75546,2.99274]]]}},{"type":"Feature","properties":{"id":493031120,"kind":"pond","group":"pond","area_m2":13103,"km":0.07,"lon":101.88137,"lat":2.99742},"geometry":{"type":"Polygon","coordinates":[[[101.88057,2.99731],[101.8816,2.99808],[101.88212,2.99734],[101.88161,2.99673],[101.88112,2.9972],[101.88065,2.99717],[101.88057,2.99731]]]}},{"type":"Feature","properties":{"id":1082125927,"kind":"pond","group":"pond","area_m2":13063,"km":0.32,"lon":101.89671,"lat":2.87709},"geometry":{"type":"Polygon","coordinates":[[[101.89682,2.8788],[101.89627,2.877],[101.89637,2.87657],[101.89686,2.87668],[101.8969,2.87627],[101.89709,2.87632],[101.89682,2.8788]]]}},{"type":"Feature","properties":{"id":1082273957,"kind":"basin","group":"treatment","area_m2":13002,"km":0.13,"lon":101.76479,"lat":3.01717},"geometry":{"type":"Polygon","coordinates":[[[101.76491,3.01778],[101.76573,3.01707],[101.76518,3.01714],[101.76413,3.01658],[101.76383,3.01675],[101.76424,3.01744],[101.76491,3.01778]]]}},{"type":"Feature","properties":{"id":22675574,"kind":"water","group":"other","area_m2":12979,"km":3.98,"lon":101.71202,"lat":2.98589},"geometry":{"type":"Polygon","coordinates":[[[101.71113,2.98514],[101.71107,2.98497],[101.71144,2.98487],[101.71217,2.98584],[101.7127,2.98623],[101.71274,2.98669],[101.71257,2.9868],[101.71221,2.98663],[101.71113,2.98514]]]}},{"type":"Feature","properties":{"id":493028250,"kind":"pond","group":"pond","area_m2":12963,"km":0.11,"lon":101.87255,"lat":3.05419},"geometry":{"type":"Polygon","coordinates":[[[101.8723,3.05481],[101.87257,3.05505],[101.8727,3.05499],[101.87323,3.05341],[101.87279,3.0535],[101.87221,3.05336],[101.87221,3.0539],[101.87257,3.05419],[101.87259,3.05442],[101.87255,3.05455],[101.87249,3.05423],[101.87232,3.05415],[101.8723,3.05481]]]}},{"type":"Feature","properties":{"id":619849742,"kind":"water","group":"other","area_m2":12927,"km":0.84,"lon":101.86945,"lat":2.9709},"geometry":{"type":"Polygon","coordinates":[[[101.86856,2.97064],[101.86854,2.97079],[101.86957,2.97143],[101.87004,2.97121],[101.86991,2.97096],[101.87019,2.97067],[101.86961,2.97033],[101.86856,2.97064]]]}},{"type":"Feature","properties":{"id":398683099,"kind":"pond","group":"pond","area_m2":12847,"km":0.31,"lon":101.52145,"lat":2.84697},"geometry":{"type":"Polygon","coordinates":[[[101.52115,2.8483],[101.52092,2.8477],[101.52113,2.84702],[101.52092,2.84688],[101.52122,2.84671],[101.5214,2.84617],[101.52211,2.84569],[101.52223,2.84582],[101.52216,2.84625],[101.52156,2.8466],[101.52128,2.84821],[101.52115,2.8483]]]}},{"type":"Feature","properties":{"id":308051205,"kind":"lake","group":"storage","area_m2":12828,"km":0.25,"lon":101.75421,"lat":2.89394},"geometry":{"type":"Polygon","coordinates":[[[101.75346,2.89328],[101.7542,2.89455],[101.7547,2.89467],[101.75445,2.89434],[101.75456,2.89333],[101.75432,2.89317],[101.75346,2.89328]]]}},{"type":"Feature","properties":{"id":1288067081,"kind":"pond","group":"pond","area_m2":12828,"km":2.32,"lon":101.88747,"lat":3.11112},"geometry":{"type":"Polygon","coordinates":[[[101.88725,3.11186],[101.887,3.11149],[101.88722,3.11115],[101.88752,3.11113],[101.88726,3.11105],[101.88723,3.11083],[101.88762,3.11026],[101.8879,3.11043],[101.88811,3.11112],[101.88789,3.11146],[101.88774,3.11118],[101.88781,3.11144],[101.88765,3.11174],[101.88725,3.11186]]]}},{"type":"Feature","properties":{"id":398667401,"kind":"pond","group":"pond","area_m2":12819,"km":0.26,"lon":101.55592,"lat":2.81957},"geometry":{"type":"Polygon","coordinates":[[[101.55509,2.81988],[101.5549,2.81966],[101.55492,2.8194],[101.5555,2.8196],[101.55581,2.81924],[101.55662,2.81923],[101.55709,2.81947],[101.55731,2.81979],[101.55509,2.81988]]]}},{"type":"Feature","properties":{"id":197472136,"kind":"pond","group":"pond","area_m2":12771,"km":0.02,"lon":101.7642,"lat":3.10007},"geometry":{"type":"Polygon","coordinates":[[[101.76394,3.10106],[101.76415,3.10106],[101.76417,3.1008],[101.76456,3.1006],[101.76429,3.10032],[101.76454,3.09968],[101.76402,3.09898],[101.76385,3.09907],[101.76394,3.10025],[101.76378,3.10041],[101.76394,3.10106]]]}},{"type":"Feature","properties":{"id":372796814,"kind":"reservoir","group":"storage","area_m2":12698,"km":0.18,"lon":101.77417,"lat":2.92861},"geometry":{"type":"Polygon","coordinates":[[[101.77364,2.92781],[101.77329,2.92876],[101.77382,2.92898],[101.77458,2.92877],[101.77471,2.92861],[101.7746,2.92836],[101.77364,2.92781]]]}},{"type":"Feature","properties":{"id":404265339,"kind":"pond","group":"pond","area_m2":12470,"km":4.18,"lon":101.62985,"lat":2.86023,"name":"Kolam Badak Air"},"geometry":{"type":"Polygon","coordinates":[[[101.62935,2.86063],[101.62922,2.86032],[101.62933,2.85976],[101.63056,2.85958],[101.63052,2.85982],[101.63022,2.85993],[101.63023,2.86045],[101.62999,2.86044],[101.62991,2.86068],[101.62953,2.86089],[101.62935,2.86063]]]}},{"type":"Feature","properties":{"id":295654412,"kind":"water","group":"other","area_m2":12435,"km":2.42,"lon":101.66572,"lat":2.91186},"geometry":{"type":"Polygon","coordinates":[[[101.66662,2.9103],[101.66556,2.91234],[101.66506,2.91375],[101.6647,2.91408],[101.66608,2.91056],[101.66645,2.9106],[101.66662,2.9103]]]}},{"type":"Feature","properties":{"id":445308561,"kind":"pond","group":"pond","area_m2":12418,"km":0.69,"lon":101.80458,"lat":2.81894},"geometry":{"type":"Polygon","coordinates":[[[101.80386,2.81923],[101.80369,2.81886],[101.8038,2.8186],[101.80442,2.81875],[101.80456,2.81862],[101.80553,2.81865],[101.80514,2.81938],[101.80386,2.81923]]]}},{"type":"Feature","properties":{"id":1288067082,"kind":"pond","group":"pond","area_m2":12325,"km":1.94,"lon":101.88617,"lat":3.1162},"geometry":{"type":"Polygon","coordinates":[[[101.88644,3.11573],[101.88654,3.1155],[101.88635,3.11521],[101.88598,3.11525],[101.88561,3.11642],[101.88604,3.11693],[101.88644,3.1171],[101.88646,3.11676],[101.88612,3.11636],[101.88644,3.11573]]]}},{"type":"Feature","properties":{"id":420046400,"kind":"pond","group":"pond","area_m2":12323,"km":1.1,"lon":101.85512,"lat":2.86245},"geometry":{"type":"Polygon","coordinates":[[[101.85391,2.86393],[101.854,2.86332],[101.85477,2.86293],[101.8563,2.86086],[101.85466,2.86364],[101.85391,2.86393]]]}},{"type":"Feature","properties":{"id":1267614135,"kind":"pond","group":"pond","area_m2":12292,"km":3.17,"lon":101.8161,"lat":2.97042},"geometry":{"type":"Polygon","coordinates":[[[101.81501,2.97104],[101.81688,2.9704],[101.81727,2.97052],[101.81738,2.97022],[101.81624,2.9699],[101.81623,2.97026],[101.81495,2.97057],[101.81501,2.97104]]]}},{"type":"Feature","properties":{"id":125754484,"kind":"water","group":"other","area_m2":12270,"km":1.1,"lon":101.8543,"lat":2.9367},"geometry":{"type":"Polygon","coordinates":[[[101.85371,2.93576],[101.85338,2.93562],[101.85324,2.93592],[101.85404,2.93691],[101.85379,2.9373],[101.85396,2.93746],[101.85488,2.93744],[101.85548,2.93767],[101.85637,2.93767],[101.85427,2.93707],[101.85378,2.93646],[101.85377,2.93597],[101.85357,2.93586],[101.85371,2.93576]]]}},{"type":"Feature","properties":{"id":370532951,"kind":"water","group":"other","area_m2":12234,"km":1.54,"lon":101.77346,"lat":2.84685},"geometry":{"type":"Polygon","coordinates":[[[101.7728,2.84749],[101.77315,2.84761],[101.77429,2.84679],[101.77374,2.84657],[101.7736,2.8462],[101.77339,2.84618],[101.7728,2.84749]]]}},{"type":"Feature","properties":{"id":492822808,"kind":"pond","group":"pond","area_m2":12151,"km":0.07,"lon":101.87692,"lat":3.06556},"geometry":{"type":"Polygon","coordinates":[[[101.87619,3.06533],[101.87717,3.06577],[101.87752,3.06612],[101.87776,3.06612],[101.87772,3.06577],[101.87673,3.06482],[101.87633,3.0648],[101.87619,3.06533]]]}},{"type":"Feature","properties":{"id":816866103,"kind":"water","group":"other","area_m2":12123,"km":0.35,"lon":101.75363,"lat":2.99486},"geometry":{"type":"Polygon","coordinates":[[[101.75323,2.99582],[101.75291,2.99522],[101.75357,2.99426],[101.75413,2.99394],[101.75434,2.99486],[101.75351,2.99501],[101.75323,2.99582]]]}},{"type":"Feature","properties":{"id":493028246,"kind":"pond","group":"pond","area_m2":12018,"km":1.28,"lon":101.86006,"lat":3.04898},"geometry":{"type":"Polygon","coordinates":[[[101.8605,3.04848],[101.85955,3.04842],[101.8593,3.04856],[101.85928,3.04868],[101.85959,3.04887],[101.85956,3.04933],[101.85968,3.04948],[101.85997,3.04916],[101.86034,3.04924],[101.86048,3.0495],[101.86063,3.04946],[101.86062,3.04848],[101.8605,3.04848]]]}},{"type":"Feature","properties":{"id":1080236675,"kind":"pond","group":"pond","area_m2":11983,"km":1.91,"lon":101.79624,"lat":2.84913},"geometry":{"type":"Polygon","coordinates":[[[101.79636,2.84963],[101.79733,2.84962],[101.79636,2.84873],[101.79562,2.84869],[101.79561,2.84901],[101.79636,2.84963]]]}},{"type":"Feature","properties":{"id":372796813,"kind":"reservoir","group":"storage","area_m2":11982,"km":0.16,"lon":101.77292,"lat":2.92805},"geometry":{"type":"Polygon","coordinates":[[[101.77328,2.92867],[101.77228,2.92812],[101.77255,2.9276],[101.77319,2.9276],[101.77359,2.92779],[101.77328,2.92867]]]}},{"type":"Feature","properties":{"id":375397700,"kind":"stream","group":"channel","area_m2":11743,"km":0.89,"lon":101.51274,"lat":2.80476},"geometry":{"type":"Polygon","coordinates":[[[101.51288,2.7984],[101.51269,2.80225],[101.51279,2.80286],[101.51265,2.80833],[101.51263,2.80903],[101.51251,2.80907],[101.51263,2.80924],[101.5126,2.81159],[101.51272,2.81163],[101.51288,2.7984]]]}},{"type":"Feature","properties":{"id":406123585,"kind":"pond","group":"pond","area_m2":11570,"km":0.21,"lon":101.75284,"lat":3.07603},"geometry":{"type":"Polygon","coordinates":[[[101.75218,3.07587],[101.75276,3.07653],[101.75374,3.07634],[101.75377,3.07609],[101.75324,3.07559],[101.75218,3.07587]]]}},{"type":"Feature","properties":{"id":659674529,"kind":"water","group":"other","area_m2":11564,"km":0.23,"lon":101.4092,"lat":2.83758},"geometry":{"type":"Polygon","coordinates":[[[101.40952,2.83898],[101.40974,2.83876],[101.4097,2.83826],[101.40944,2.83815],[101.40961,2.83799],[101.40948,2.8373],[101.40913,2.83702],[101.40888,2.83612],[101.40824,2.83612],[101.40831,2.83641],[101.4086,2.83637],[101.40911,2.8372],[101.40952,2.83898]]]}},{"type":"Feature","properties":{"id":652099756,"kind":"lake","group":"storage","area_m2":11560,"km":0.17,"lon":101.68038,"lat":2.87706},"geometry":{"type":"Polygon","coordinates":[[[101.67998,2.87681],[101.68072,2.87654],[101.68116,2.87688],[101.68119,2.87716],[101.67994,2.87747],[101.67968,2.87725],[101.67998,2.87681]]]}},{"type":"Feature","properties":{"id":420061706,"kind":"pond","group":"pond","area_m2":11545,"km":0.41,"lon":101.86201,"lat":2.86573},"geometry":{"type":"Polygon","coordinates":[[[101.86114,2.86659],[101.86136,2.86646],[101.86189,2.8666],[101.86272,2.86619],[101.86268,2.86603],[101.86236,2.86595],[101.86204,2.8653],[101.86235,2.86423],[101.86212,2.86449],[101.86192,2.86522],[101.86189,2.86595],[101.86117,2.86638],[101.86114,2.86659]]]}},{"type":"Feature","properties":{"id":1032914095,"kind":"pond","group":"pond","area_m2":11310,"km":2.68,"lon":101.70548,"lat":2.84655},"geometry":{"type":"Polygon","coordinates":[[[101.70511,2.84635],[101.70552,2.84681],[101.70524,2.84722],[101.70526,2.84749],[101.70544,2.84757],[101.70562,2.84717],[101.70557,2.84684],[101.70599,2.84629],[101.70591,2.84585],[101.70543,2.84557],[101.70511,2.84635]]]}},{"type":"Feature","properties":{"id":401377975,"kind":"lake","group":"storage","area_m2":11234,"km":0.3,"lon":101.68311,"lat":2.88316},"geometry":{"type":"Polygon","coordinates":[[[101.68272,2.88332],[101.68334,2.88365],[101.68401,2.88342],[101.68348,2.88273],[101.68324,2.88265],[101.68271,2.88286],[101.68272,2.88332]]]}},{"type":"Feature","properties":{"id":537990319,"kind":"pond","group":"pond","area_m2":11157,"km":2.26,"lon":101.45906,"lat":2.95703},"geometry":{"type":"Polygon","coordinates":[[[101.45851,2.95743],[101.45851,2.95625],[101.45947,2.95667],[101.45928,2.95695],[101.45959,2.95722],[101.4594,2.95744],[101.45851,2.95743]]]}},{"type":"Feature","properties":{"id":372965868,"kind":"water","group":"other","area_m2":11131,"km":2.65,"lon":101.7254,"lat":2.98241},"geometry":{"type":"Polygon","coordinates":[[[101.72529,2.98302],[101.72487,2.98179],[101.72503,2.98163],[101.72581,2.98214],[101.72601,2.98293],[101.72578,2.98307],[101.72529,2.98302]]]}},{"type":"Feature","properties":{"id":795426720,"kind":"lake","group":"storage","area_m2":11120,"km":0.4,"lon":101.67988,"lat":2.88045},"geometry":{"type":"Polygon","coordinates":[[[101.6791,2.88051],[101.67922,2.88086],[101.67998,2.88071],[101.6803,2.88085],[101.68055,2.88076],[101.68072,2.88031],[101.67948,2.88008],[101.6791,2.88051]]]}},{"type":"Feature","properties":{"id":661616601,"kind":"pond","group":"pond","area_m2":11108,"km":0.25,"lon":101.68408,"lat":2.81639,"name":"Kolam Tadahan Saujana KLIA"},"geometry":{"type":"Polygon","coordinates":[[[101.68332,2.81659],[101.68454,2.8157],[101.68472,2.81577],[101.6846,2.81674],[101.68332,2.81676],[101.68332,2.81659]]]}},{"type":"Feature","properties":{"id":1213784859,"kind":"water","group":"other","area_m2":11103,"km":0.22,"lon":101.79982,"lat":3.04634},"geometry":{"type":"Polygon","coordinates":[[[101.79928,3.04651],[101.80001,3.04679],[101.80036,3.04726],[101.80048,3.04716],[101.80033,3.04672],[101.80034,3.04574],[101.80019,3.04616],[101.79981,3.04622],[101.79931,3.04585],[101.79908,3.04543],[101.79928,3.04651]]]}},{"type":"Feature","properties":{"id":295771726,"kind":"water","group":"other","area_m2":11058,"km":2.95,"lon":101.66813,"lat":2.91609},"geometry":{"type":"Polygon","coordinates":[[[101.6682,2.91678],[101.66784,2.917],[101.66791,2.91544],[101.6683,2.9152],[101.66851,2.91572],[101.6682,2.91678]]]}},{"type":"Feature","properties":{"id":793479967,"kind":"pond","group":"pond","area_m2":11020,"km":0.72,"lon":101.76525,"lat":2.7792},"geometry":{"type":"Polygon","coordinates":[[[101.76517,2.77955],[101.76514,2.77969],[101.76557,2.7798],[101.76558,2.77965],[101.76588,2.77968],[101.7656,2.77943],[101.76557,2.7789],[101.76509,2.77842],[101.76481,2.77864],[101.76469,2.77919],[101.76487,2.7795],[101.76517,2.77955]]]}},{"type":"Feature","properties":{"id":674092524,"kind":"pond","group":"pond","area_m2":10986,"km":1.4,"lon":101.85061,"lat":2.9825},"geometry":{"type":"Polygon","coordinates":[[[101.84992,2.98251],[101.85046,2.98313],[101.85126,2.98262],[101.8509,2.9819],[101.84992,2.98251]]]}},{"type":"Feature","properties":{"id":398667404,"kind":"pond","group":"pond","area_m2":10942,"km":0.37,"lon":101.55525,"lat":2.83217,"name":"flood retention pond"},"geometry":{"type":"Polygon","coordinates":[[[101.55463,2.83185],[101.55536,2.83272],[101.55564,2.83286],[101.5558,2.83277],[101.55543,2.83156],[101.55507,2.83138],[101.55463,2.83162],[101.55463,2.83185]]]}},{"type":"Feature","properties":{"id":144286351,"kind":"water","group":"other","area_m2":10877,"km":2.31,"lon":101.73006,"lat":2.76129},"geometry":{"type":"Polygon","coordinates":[[[101.7296,2.76095],[101.7293,2.76121],[101.72995,2.7618],[101.73037,2.76169],[101.73084,2.76117],[101.73029,2.76084],[101.7296,2.76095]]]}},{"type":"Feature","properties":{"id":492638264,"kind":"pond","group":"pond","area_m2":10762,"km":1.78,"lon":101.76709,"lat":2.74491,"name":"flood retention pond"},"geometry":{"type":"Polygon","coordinates":[[[101.76704,2.74405],[101.76673,2.74448],[101.76661,2.74521],[101.76732,2.74595],[101.76748,2.74591],[101.76717,2.745],[101.76727,2.74404],[101.76704,2.74405]]]}},{"type":"Feature","properties":{"id":1064117553,"kind":"pond","group":"pond","area_m2":10499,"km":1.17,"lon":101.69265,"lat":2.8513},"geometry":{"type":"Polygon","coordinates":[[[101.69192,2.851],[101.69267,2.851],[101.69392,2.85239],[101.69348,2.85116],[101.69252,2.85081],[101.69065,2.85054],[101.69192,2.851]]]}},{"type":"Feature","properties":{"id":1544510834,"kind":"pond","group":"pond","area_m2":10461,"km":0.36,"lon":101.81066,"lat":2.90854},"geometry":{"type":"Polygon","coordinates":[[[101.80989,2.90842],[101.81109,2.90891],[101.81149,2.9093],[101.81173,2.90911],[101.81152,2.90884],[101.81081,2.90852],[101.81023,2.9078],[101.80983,2.90788],[101.80973,2.90823],[101.80989,2.90842]]]}},{"type":"Feature","properties":{"id":372965219,"kind":"water","group":"other","area_m2":10449,"km":4.39,"lon":101.70976,"lat":2.97956},"geometry":{"type":"Polygon","coordinates":[[[101.70888,2.98025],[101.70924,2.97974],[101.71027,2.97887],[101.71102,2.97854],[101.71029,2.97941],[101.70888,2.98025]]]}},{"type":"Feature","properties":{"id":988301549,"kind":"pond","group":"pond","area_m2":10418,"km":0.67,"lon":101.89732,"lat":2.91619},"geometry":{"type":"Polygon","coordinates":[[[101.8969,2.91651],[101.897,2.91662],[101.89797,2.91658],[101.89797,2.91586],[101.89718,2.91567],[101.89696,2.9159],[101.8969,2.91651]]]}},{"type":"Feature","properties":{"id":883271778,"kind":"lake","group":"storage","area_m2":10364,"km":2.91,"lon":101.78956,"lat":2.71959},"geometry":{"type":"Polygon","coordinates":[[[101.78916,2.71975],[101.78915,2.71938],[101.78934,2.71913],[101.78973,2.71903],[101.79004,2.71951],[101.78977,2.72032],[101.78916,2.71975]]]}},{"type":"Feature","properties":{"id":1041479473,"kind":"pond","group":"pond","area_m2":10281,"km":0.59,"lon":101.54462,"lat":2.83284},"geometry":{"type":"Polygon","coordinates":[[[101.54323,2.83293],[101.54363,2.83299],[101.54388,2.83278],[101.54678,2.8328],[101.5468,2.83261],[101.54327,2.83261],[101.54323,2.83293]]]}},{"type":"Feature","properties":{"id":605790609,"kind":"water","group":"other","area_m2":10186,"km":1.89,"lon":101.76668,"lat":2.86575},"geometry":{"type":"Polygon","coordinates":[[[101.76603,2.86306],[101.76621,2.86311],[101.76671,2.86389],[101.76704,2.86547],[101.76699,2.86758],[101.76634,2.8687],[101.7663,2.86826],[101.76676,2.86785],[101.76668,2.86725],[101.76689,2.86685],[101.76693,2.86555],[101.76675,2.8652],[101.76681,2.8644],[101.76659,2.86406],[101.76639,2.8641],[101.76646,2.86382],[101.76603,2.86306]]]}},{"type":"Feature","properties":{"id":793261737,"kind":"lake","group":"storage","area_m2":10133,"km":1.24,"lon":101.65174,"lat":2.87587},"geometry":{"type":"Polygon","coordinates":[[[101.65091,2.87625],[101.65144,2.87661],[101.65163,2.8758],[101.65184,2.87565],[101.65259,2.87579],[101.65257,2.87549],[101.65237,2.87562],[101.65132,2.87526],[101.65091,2.87625]]]}},{"type":"Feature","properties":{"id":492926260,"kind":"pond","group":"pond","area_m2":10132,"km":0.42,"lon":101.86306,"lat":3.02284,"name":"Lake of Tranquility"},"geometry":{"type":"Polygon","coordinates":[[[101.86208,3.02214],[101.86267,3.0225],[101.86298,3.02289],[101.86304,3.02333],[101.86396,3.02356],[101.86285,3.02221],[101.86208,3.02214]]]}},{"type":"Feature","properties":{"id":506480966,"kind":"basin","group":"treatment","area_m2":10092,"km":1.17,"lon":101.80311,"lat":2.84073},"geometry":{"type":"Polygon","coordinates":[[[101.80268,2.84184],[101.80299,2.84185],[101.80312,2.84168],[101.80303,2.84126],[101.80354,2.83974],[101.80304,2.83979],[101.80303,2.84039],[101.80275,2.84077],[101.80276,2.84132],[101.80259,2.84157],[101.80268,2.84184]]]}},{"type":"Feature","properties":{"id":724379662,"kind":"pond","group":"pond","area_m2":10051,"km":0.23,"lon":101.80457,"lat":2.80463},"geometry":{"type":"Polygon","coordinates":[[[101.80387,2.80444],[101.80445,2.8039],[101.80499,2.80459],[101.80494,2.80486],[101.80458,2.80522],[101.80387,2.80444]]]}},{"type":"Feature","properties":{"id":620520401,"kind":"water","group":"other","area_m2":10015,"km":0.21,"lon":101.4159,"lat":2.82007},"geometry":{"type":"Polygon","coordinates":[[[101.41619,2.82317],[101.41628,2.82171],[101.41682,2.82161],[101.41626,2.8216],[101.41576,2.81921],[101.41536,2.81796],[101.41516,2.81786],[101.41619,2.82164],[101.41619,2.82317]]]}},{"type":"Feature","properties":{"id":401377976,"kind":"lake","group":"storage","area_m2":9966,"km":0.13,"lon":101.68566,"lat":2.88367},"geometry":{"type":"Polygon","coordinates":[[[101.68557,2.88419],[101.68546,2.88373],[101.68523,2.88364],[101.68514,2.88319],[101.68528,2.88308],[101.68564,2.88306],[101.68598,2.88325],[101.68621,2.8837],[101.68613,2.88406],[101.68585,2.88407],[101.68575,2.8843],[101.68557,2.88419]]]}},{"type":"Feature","properties":{"id":1284667911,"kind":"lake","group":"storage","area_m2":9940,"km":0.07,"lon":101.86803,"lat":3.01617},"geometry":{"type":"Polygon","coordinates":[[[101.8682,3.01671],[101.86753,3.0166],[101.86737,3.01633],[101.86801,3.01559],[101.86866,3.01614],[101.8682,3.01671]]]}},{"type":"Feature","properties":{"id":652099759,"kind":"lake","group":"storage","area_m2":9936,"km":0.15,"lon":101.68806,"lat":2.88249},"geometry":{"type":"Polygon","coordinates":[[[101.68788,2.8821],[101.68842,2.88211],[101.68873,2.88271],[101.68799,2.88295],[101.68765,2.88288],[101.68753,2.88233],[101.68788,2.8821]]]}},{"type":"Feature","properties":{"id":699947371,"kind":"pond","group":"pond","area_m2":9933,"km":0.54,"lon":101.79229,"lat":2.96696},"geometry":{"type":"Polygon","coordinates":[[[101.79181,2.96738],[101.79233,2.96749],[101.79281,2.96738],[101.79286,2.96675],[101.79217,2.96654],[101.79216,2.96672],[101.7918,2.96672],[101.79181,2.96738]]]}},{"type":"Feature","properties":{"id":1212249151,"kind":"basin","group":"treatment","area_m2":9914,"km":1.29,"lon":101.8002,"lat":3.06549},"geometry":{"type":"Polygon","coordinates":[[[101.79962,3.06512],[101.80103,3.06697],[101.80118,3.0669],[101.80026,3.06566],[101.80037,3.06511],[101.80027,3.0647],[101.79957,3.06491],[101.79962,3.06512]]]}},{"type":"Feature","properties":{"id":1027669509,"kind":"pond","group":"pond","area_m2":9901,"km":0.21,"lon":101.41377,"lat":2.84863},"geometry":{"type":"Polygon","coordinates":[[[101.41344,2.84846],[101.41345,2.8491],[101.41361,2.84921],[101.41465,2.84921],[101.41467,2.84881],[101.41365,2.84841],[101.41355,2.8481],[101.41344,2.84846]]]}},{"type":"Feature","properties":{"id":662427169,"kind":"lake","group":"storage","area_m2":9870,"km":1.5,"lon":101.9301,"lat":2.92932},"geometry":{"type":"Polygon","coordinates":[[[101.92978,2.92887],[101.93061,2.92883],[101.93068,2.92963],[101.92973,2.9297],[101.92978,2.92887]]]}},{"type":"Feature","properties":{"id":823526886,"kind":"lake","group":"storage","area_m2":9795,"km":4.11,"lon":101.81974,"lat":2.69971},"geometry":{"type":"Polygon","coordinates":[[[101.81959,2.69957],[101.81954,2.69908],[101.82009,2.69901],[101.82017,2.69918],[101.81993,2.70003],[101.82002,2.70042],[101.81928,2.70042],[101.81959,2.69957]]]}},{"type":"Feature","properties":{"id":137312340,"kind":"water","group":"other","area_m2":9765,"km":4.93,"lon":101.70308,"lat":2.99484},"geometry":{"type":"Polygon","coordinates":[[[101.70322,2.99642],[101.7034,2.99463],[101.70319,2.99412],[101.70283,2.99378],[101.70272,2.99404],[101.70316,2.99467],[101.70298,2.99643],[101.70322,2.99642]]]}},{"type":"Feature","properties":{"id":750330565,"kind":"basin","group":"treatment","area_m2":9752,"km":0.87,"lon":101.64741,"lat":2.80134},"geometry":{"type":"Polygon","coordinates":[[[101.64742,2.80185],[101.64803,2.80138],[101.6474,2.80058],[101.64679,2.80105],[101.64742,2.80185]]]}},{"type":"Feature","properties":{"id":649037456,"kind":"water","group":"other","area_m2":9748,"km":0.05,"lon":101.83106,"lat":3.10488},"geometry":{"type":"Polygon","coordinates":[[[101.83075,3.10421],[101.83081,3.10561],[101.83135,3.10563],[101.83123,3.10429],[101.83075,3.10421]]]}},{"type":"Feature","properties":{"id":750330566,"kind":"basin","group":"treatment","area_m2":9657,"km":0.9,"lon":101.6477,"lat":2.80303},"geometry":{"type":"Polygon","coordinates":[[[101.64791,2.80363],[101.64832,2.8033],[101.64739,2.80214],[101.64698,2.80247],[101.64791,2.80363]]]}},{"type":"Feature","properties":{"id":144286369,"kind":"water","group":"other","area_m2":9637,"km":2.67,"lon":101.72654,"lat":2.75592},"geometry":{"type":"Polygon","coordinates":[[[101.72622,2.7564],[101.72645,2.75644],[101.7268,2.75597],[101.72741,2.75577],[101.72741,2.75537],[101.72656,2.75525],[101.72622,2.7564]]]}},{"type":"Feature","properties":{"id":144286367,"kind":"water","group":"other","area_m2":9568,"km":2.01,"lon":101.73134,"lat":2.76525},"geometry":{"type":"Polygon","coordinates":[[[101.73059,2.76526],[101.73138,2.76575],[101.73253,2.76495],[101.73082,2.76496],[101.73059,2.76526]]]}},{"type":"Feature","properties":{"id":709708996,"kind":"pond","group":"pond","area_m2":9507,"km":7.63,"lon":101.53356,"lat":2.9486},"geometry":{"type":"Polygon","coordinates":[[[101.53261,2.94768],[101.53319,2.9479],[101.53354,2.94829],[101.53374,2.94874],[101.53369,2.94963],[101.53383,2.9498],[101.53409,2.94871],[101.53399,2.94786],[101.53391,2.94777],[101.5337,2.94791],[101.53318,2.94763],[101.53261,2.94768]]]}},{"type":"Feature","properties":{"id":674092522,"kind":"pond","group":"pond","area_m2":9464,"km":1.04,"lon":101.85302,"lat":2.98033},"geometry":{"type":"Polygon","coordinates":[[[101.85293,2.9808],[101.85373,2.9802],[101.85334,2.97988],[101.85306,2.97984],[101.85239,2.98027],[101.85248,2.98057],[101.85293,2.9808]]]}},{"type":"Feature","properties":{"id":896443591,"kind":"pond","group":"pond","area_m2":9443,"km":0.16,"lon":101.70084,"lat":2.8934},"geometry":{"type":"Polygon","coordinates":[[[101.69998,2.89301],[101.70017,2.8928],[101.70187,2.89372],[101.70191,2.89386],[101.70168,2.89409],[101.69998,2.89301]]]}},{"type":"Feature","properties":{"id":1363788088,"kind":"pond","group":"pond","area_m2":9407,"km":1.96,"lon":101.88478,"lat":3.11287},"geometry":{"type":"Polygon","coordinates":[[[101.88459,3.11352],[101.8846,3.1127],[101.88442,3.11241],[101.88461,3.11229],[101.88499,3.11252],[101.88505,3.11241],[101.88545,3.11291],[101.88477,3.11359],[101.88459,3.11352]]]}},{"type":"Feature","properties":{"id":1312931610,"kind":"pond","group":"pond","area_m2":9406,"km":1.11,"lon":101.77059,"lat":2.9568},"geometry":{"type":"Polygon","coordinates":[[[101.77089,2.95739],[101.77053,2.95717],[101.77076,2.95689],[101.77057,2.95667],[101.77024,2.95694],[101.77001,2.95687],[101.77007,2.95647],[101.7708,2.95649],[101.77164,2.95683],[101.77161,2.95706],[101.77119,2.95709],[101.77089,2.95739]]]}},{"type":"Feature","properties":{"id":793261734,"kind":"lake","group":"storage","area_m2":9355,"km":0.34,"lon":101.65799,"lat":2.882},"geometry":{"type":"Polygon","coordinates":[[[101.6574,2.88256],[101.65843,2.88199],[101.65902,2.88128],[101.65849,2.88135],[101.65773,2.88173],[101.65773,2.88205],[101.6574,2.88256]]]}},{"type":"Feature","properties":{"id":978104185,"kind":"pond","group":"pond","area_m2":9321,"km":0.55,"lon":101.74528,"lat":2.88622},"geometry":{"type":"Polygon","coordinates":[[[101.74472,2.88605],[101.74522,2.88683],[101.74547,2.88694],[101.7457,2.88668],[101.74591,2.8859],[101.74539,2.88588],[101.74514,2.88613],[101.74481,2.88587],[101.74472,2.88605]]]}},{"type":"Feature","properties":{"id":1284667912,"kind":"lake","group":"storage","area_m2":9202,"km":0.2,"lon":101.86793,"lat":3.01447},"geometry":{"type":"Polygon","coordinates":[[[101.86802,3.01511],[101.8675,3.01456],[101.86797,3.01374],[101.86849,3.01424],[101.86802,3.01511]]]}},{"type":"Feature","properties":{"id":420952876,"kind":"pond","group":"pond","area_m2":9118,"km":2.48,"lon":101.67521,"lat":2.78538},"geometry":{"type":"Polygon","coordinates":[[[101.67527,2.78584],[101.67466,2.78563],[101.67454,2.78501],[101.67575,2.78507],[101.67584,2.7854],[101.67532,2.78544],[101.67527,2.78584]]]}},{"type":"Feature","properties":{"id":537993210,"kind":"pond","group":"pond","area_m2":9034,"km":2.46,"lon":101.46102,"lat":2.96745},"geometry":{"type":"Polygon","coordinates":[[[101.46087,2.96821],[101.46091,2.96607],[101.46112,2.96618],[101.46126,2.96827],[101.46087,2.96821]]]}},{"type":"Feature","properties":{"id":1270783430,"kind":"pond","group":"pond","area_m2":8948,"km":0.22,"lon":101.42152,"lat":2.90837},"geometry":{"type":"Polygon","coordinates":[[[101.4214,2.90887],[101.42204,2.90869],[101.42158,2.90776],[101.42102,2.90788],[101.4214,2.90887]]]}},{"type":"Feature","properties":{"id":493028247,"kind":"pond","group":"pond","area_m2":8850,"km":0.05,"lon":101.87255,"lat":3.05175},"geometry":{"type":"Polygon","coordinates":[[[101.87196,3.05142],[101.87242,3.0524],[101.87299,3.05208],[101.87258,3.05124],[101.87196,3.05142]]]}},{"type":"Feature","properties":{"id":420061707,"kind":"pond","group":"pond","area_m2":8847,"km":0.48,"lon":101.85845,"lat":2.86687},"geometry":{"type":"Polygon","coordinates":[[[101.85704,2.86702],[101.86022,2.86688],[101.85999,2.86672],[101.8592,2.86683],[101.8581,2.86665],[101.85704,2.86702]]]}},{"type":"Feature","properties":{"id":659674242,"kind":"water","group":"other","area_m2":8840,"km":0.25,"lon":101.41132,"lat":2.84328},"geometry":{"type":"Polygon","coordinates":[[[101.41044,2.84463],[101.41081,2.84458],[101.41102,2.84327],[101.41134,2.84313],[101.41142,2.84276],[101.41176,2.84265],[101.41185,2.84335],[101.41209,2.84331],[101.41218,2.84298],[101.41207,2.84242],[101.41133,2.8427],[101.41125,2.8431],[101.41086,2.84319],[101.41089,2.84346],[101.41044,2.84463]]]}},{"type":"Feature","properties":{"id":877911473,"kind":"basin","group":"treatment","area_m2":8827,"km":1.71,"lon":101.63934,"lat":2.90167},"geometry":{"type":"Polygon","coordinates":[[[101.63948,2.90116],[101.63988,2.90141],[101.63956,2.90219],[101.6389,2.902],[101.63872,2.90178],[101.63876,2.90165],[101.63901,2.90171],[101.63896,2.90149],[101.63926,2.90112],[101.63948,2.90116]]]}},{"type":"Feature","properties":{"id":22675579,"kind":"water","group":"other","area_m2":8765,"km":3.84,"lon":101.71301,"lat":2.98778},"geometry":{"type":"Polygon","coordinates":[[[101.71253,2.98723],[101.71298,2.98703],[101.71342,2.98806],[101.71335,2.98854],[101.71309,2.9886],[101.71253,2.98723]]]}},{"type":"Feature","properties":{"id":793403922,"kind":"pond","group":"pond","area_m2":8717,"km":2.74,"lon":101.70378,"lat":2.83732},"geometry":{"type":"Polygon","coordinates":[[[101.70336,2.83736],[101.70409,2.83782],[101.70423,2.83689],[101.70333,2.83686],[101.70336,2.83736]]]}},{"type":"Feature","properties":{"id":420058626,"kind":"pond","group":"pond","area_m2":8712,"km":0.88,"lon":101.86022,"lat":2.85602},"geometry":{"type":"Polygon","coordinates":[[[101.85988,2.85622],[101.86041,2.85705],[101.86059,2.85705],[101.86068,2.85641],[101.86024,2.85608],[101.86008,2.85571],[101.86023,2.85508],[101.85986,2.85541],[101.85988,2.85622]]]}},{"type":"Feature","properties":{"id":1271146355,"kind":"pond","group":"pond","area_m2":8671,"km":0.14,"lon":101.43023,"lat":2.89559},"geometry":{"type":"Polygon","coordinates":[[[101.4296,2.89566],[101.43062,2.8961],[101.43064,2.8956],[101.43042,2.89534],[101.42971,2.89508],[101.4296,2.89566]]]}},{"type":"Feature","properties":{"id":620363025,"kind":"water","group":"other","area_m2":8661,"km":0.11,"lon":101.41862,"lat":2.82596},"geometry":{"type":"Polygon","coordinates":[[[101.41855,2.82639],[101.41847,2.82592],[101.41813,2.82545],[101.41863,2.82526],[101.41923,2.82655],[101.41855,2.82639]]]}},{"type":"Feature","properties":{"id":602755193,"kind":"lake","group":"storage","area_m2":8647,"km":0.07,"lon":101.90111,"lat":2.81573},"geometry":{"type":"Polygon","coordinates":[[[101.9004,2.81604],[101.90086,2.81525],[101.90112,2.81529],[101.90127,2.8156],[101.90142,2.81525],[101.90154,2.81531],[101.90155,2.81594],[101.90086,2.81613],[101.9004,2.81604]]]}},{"type":"Feature","properties":{"id":420031289,"kind":"pond","group":"pond","area_m2":8587,"km":0.61,"lon":101.87309,"lat":2.82131,"name":"flood retention pond"},"geometry":{"type":"Polygon","coordinates":[[[101.87262,2.82159],[101.87253,2.82129],[101.87299,2.82082],[101.87365,2.82077],[101.87343,2.82147],[101.87273,2.82169],[101.87262,2.82159]]]}},{"type":"Feature","properties":{"id":492985982,"kind":"pond","group":"pond","area_m2":8586,"km":0.07,"lon":101.86796,"lat":3.02853},"geometry":{"type":"Polygon","coordinates":[[[101.86712,3.02829],[101.8681,3.02797],[101.86848,3.02855],[101.86848,3.02897],[101.86838,3.02861],[101.86708,3.0287],[101.86712,3.02829]]]}},{"type":"Feature","properties":{"id":36195461,"kind":"water","group":"other","area_m2":8559,"km":0.48,"lon":101.80808,"lat":3.1252},"geometry":{"type":"Polygon","coordinates":[[[101.80887,3.12491],[101.80748,3.12489],[101.80721,3.1253],[101.80762,3.12596],[101.80793,3.12515],[101.80891,3.12516],[101.80903,3.1251],[101.80887,3.12491]]]}},{"type":"Feature","properties":{"id":1122903930,"kind":"pond","group":"pond","area_m2":8495,"km":2.08,"lon":101.72915,"lat":2.95935},"geometry":{"type":"Polygon","coordinates":[[[101.7286,2.95884],[101.72845,2.95843],[101.72891,2.95823],[101.72913,2.95927],[101.7299,2.96031],[101.7299,2.96058],[101.72942,2.96041],[101.72951,2.95999],[101.72888,2.95902],[101.7286,2.95884]]]}},{"type":"Feature","properties":{"id":171882331,"kind":"river","group":"channel","area_m2":8492,"km":0.03,"lon":101.76822,"lat":2.79298},"geometry":{"type":"Polygon","coordinates":[[[101.76636,2.79325],[101.76697,2.79266],[101.76768,2.79256],[101.76997,2.79299],[101.77085,2.79358],[101.77074,2.79368],[101.77014,2.7932],[101.76772,2.79271],[101.76704,2.79277],[101.76654,2.79329],[101.76636,2.79325]]]}},{"type":"Feature","properties":{"id":137634164,"kind":"water","group":"other","area_m2":8475,"km":2.57,"lon":101.72918,"lat":2.97247},"geometry":{"type":"Polygon","coordinates":[[[101.72952,2.97292],[101.7296,2.97208],[101.72977,2.97189],[101.72919,2.97188],[101.72914,2.97252],[101.72816,2.97283],[101.72952,2.97292]]]}},{"type":"Feature","properties":{"id":404359701,"kind":"pond","group":"pond","area_m2":8433,"km":0.57,"lon":101.8386,"lat":2.92663,"name":"flood retention pond"},"geometry":{"type":"Polygon","coordinates":[[[101.83822,2.92609],[101.83815,2.92569],[101.83869,2.92616],[101.83867,2.92668],[101.83921,2.92726],[101.83918,2.92752],[101.83879,2.92754],[101.83852,2.9272],[101.83829,2.92641],[101.83837,2.92623],[101.83822,2.92609]]]}},{"type":"Feature","properties":{"id":1270783414,"kind":"pond","group":"pond","area_m2":8223,"km":0.21,"lon":101.42059,"lat":2.90615},"geometry":{"type":"Polygon","coordinates":[[[101.42044,2.9065],[101.42113,2.90639],[101.42085,2.90568],[101.41999,2.90564],[101.42044,2.9065]]]}},{"type":"Feature","properties":{"id":620520391,"kind":"water","group":"other","area_m2":8207,"km":0.28,"lon":101.4172,"lat":2.82384},"geometry":{"type":"Polygon","coordinates":[[[101.41681,2.82415],[101.41672,2.82363],[101.41795,2.82337],[101.41799,2.82387],[101.41681,2.82415]]]}},{"type":"Feature","properties":{"id":978104184,"kind":"pond","group":"pond","area_m2":8152,"km":0.71,"lon":101.74631,"lat":2.88495},"geometry":{"type":"Polygon","coordinates":[[[101.74552,2.88564],[101.74588,2.8856],[101.74613,2.88524],[101.74672,2.88503],[101.74676,2.88469],[101.74705,2.88431],[101.74699,2.88411],[101.74666,2.88433],[101.74649,2.8848],[101.74582,2.88501],[101.74552,2.88564]]]}},{"type":"Feature","properties":{"id":1271146272,"kind":"pond","group":"pond","area_m2":8147,"km":0.11,"lon":101.42584,"lat":2.88243},"geometry":{"type":"Polygon","coordinates":[[[101.42551,2.883],[101.42591,2.88312],[101.42624,2.88171],[101.42579,2.88169],[101.42551,2.883]]]}},{"type":"Feature","properties":{"id":370532903,"kind":"water","group":"other","area_m2":8127,"km":1.96,"lon":101.7771,"lat":2.84387},"geometry":{"type":"Polygon","coordinates":[[[101.77669,2.84331],[101.77718,2.84302],[101.77735,2.84324],[101.77745,2.84425],[101.77719,2.84461],[101.7771,2.8443],[101.77683,2.84427],[101.777,2.84393],[101.77669,2.84331]]]}},{"type":"Feature","properties":{"id":1312931611,"kind":"pond","group":"pond","area_m2":8114,"km":1.3,"lon":101.77207,"lat":2.95391},"geometry":{"type":"Polygon","coordinates":[[[101.77212,2.95346],[101.77268,2.95345],[101.77276,2.95377],[101.77232,2.95423],[101.7721,2.95414],[101.77202,2.95429],[101.77153,2.95396],[101.77212,2.95346]]]}},{"type":"Feature","properties":{"id":787651637,"kind":"lake","group":"storage","area_m2":8093,"km":4.79,"lon":101.70696,"lat":2.97244},"geometry":{"type":"Polygon","coordinates":[[[101.70654,2.97312],[101.70677,2.97293],[101.70726,2.97293],[101.70708,2.97237],[101.70728,2.97187],[101.70688,2.97189],[101.70658,2.97226],[101.70654,2.97312]]]}},{"type":"Feature","properties":{"id":1080236594,"kind":"pond","group":"pond","area_m2":8071,"km":1.63,"lon":101.78821,"lat":2.82678},"geometry":{"type":"Polygon","coordinates":[[[101.7877,2.82731],[101.7878,2.82774],[101.78832,2.82717],[101.78838,2.82683],[101.78864,2.82659],[101.78863,2.82572],[101.7877,2.82731]]]}},{"type":"Feature","properties":{"id":1267639837,"kind":"pond","group":"pond","area_m2":8045,"km":3.34,"lon":101.81691,"lat":2.97545},"geometry":{"type":"Polygon","coordinates":[[[101.81663,2.97588],[101.81682,2.97591],[101.81706,2.9756],[101.81749,2.97543],[101.81755,2.97519],[101.81724,2.97503],[101.81646,2.97518],[101.81636,2.97541],[101.81663,2.97588]]]}},{"type":"Feature","properties":{"id":659674753,"kind":"water","group":"other","area_m2":8042,"km":0.32,"lon":101.40845,"lat":2.83787},"geometry":{"type":"Polygon","coordinates":[[[101.40813,2.8363],[101.40805,2.83677],[101.40821,2.83713],[101.40876,2.83761],[101.40865,2.83847],[101.40873,2.83901],[101.40897,2.83942],[101.40885,2.83974],[101.40867,2.83958],[101.40854,2.83854],[101.40868,2.83765],[101.40794,2.83726],[101.40784,2.83641],[101.40813,2.8363]]]}},{"type":"Feature","properties":{"id":1080236596,"kind":"pond","group":"pond","area_m2":8021,"km":1.0,"lon":101.80026,"lat":2.82552},"geometry":{"type":"Polygon","coordinates":[[[101.7998,2.82524],[101.79977,2.82501],[101.80054,2.82498],[101.80047,2.82625],[101.80018,2.82624],[101.80006,2.82558],[101.7998,2.82524]]]}},{"type":"Feature","properties":{"id":1313126512,"kind":"pond","group":"pond","area_m2":8020,"km":0.67,"lon":101.77476,"lat":2.96006},"geometry":{"type":"Polygon","coordinates":[[[101.77448,2.96085],[101.77398,2.96084],[101.77436,2.96009],[101.77487,2.95993],[101.77495,2.95946],[101.77513,2.95946],[101.77543,2.95907],[101.77532,2.95954],[101.77509,2.95965],[101.7752,2.95982],[101.77489,2.96003],[101.77448,2.96085]]]}},{"type":"Feature","properties":{"id":492630583,"kind":"pond","group":"pond","area_m2":7994,"km":0.95,"lon":101.77007,"lat":2.75814,"name":"Flood Retention Pond"},"geometry":{"type":"Polygon","coordinates":[[[101.76953,2.75776],[101.77011,2.75847],[101.77019,2.75893],[101.77035,2.75877],[101.7707,2.75878],[101.77082,2.75828],[101.77026,2.75812],[101.76997,2.75762],[101.76953,2.75776]]]}},{"type":"Feature","properties":{"id":1270783413,"kind":"pond","group":"pond","area_m2":7956,"km":0.13,"lon":101.41998,"lat":2.90647},"geometry":{"type":"Polygon","coordinates":[[[101.41979,2.90676],[101.42046,2.90673],[101.41993,2.90574],[101.41947,2.90596],[101.41979,2.90676]]]}},{"type":"Feature","properties":{"id":461274042,"kind":"pond","group":"pond","area_m2":7850,"km":1.22,"lon":101.84216,"lat":2.96775,"name":"Swarm"},"geometry":{"type":"Polygon","coordinates":[[[101.84291,2.96865],[101.84259,2.96863],[101.84185,2.96778],[101.84144,2.96638],[101.84291,2.96865]]]}},{"type":"Feature","properties":{"id":620521126,"kind":"water","group":"other","area_m2":7839,"km":0.33,"lon":101.41723,"lat":2.8212},"geometry":{"type":"Polygon","coordinates":[[[101.41772,2.82135],[101.41668,2.82154],[101.41656,2.82109],[101.41775,2.82083],[101.41787,2.82128],[101.41772,2.82135]]]}},{"type":"Feature","properties":{"id":1271146341,"kind":"pond","group":"pond","area_m2":7757,"km":0.13,"lon":101.41448,"lat":2.89837},"geometry":{"type":"Polygon","coordinates":[[[101.41444,2.89891],[101.41512,2.89822],[101.41446,2.89792],[101.41401,2.8983],[101.41444,2.89891]]]}},{"type":"Feature","properties":{"id":659674759,"kind":"water","group":"other","area_m2":7743,"km":0.46,"lon":101.40711,"lat":2.8377},"geometry":{"type":"Polygon","coordinates":[[[101.40672,2.83581],[101.40693,2.83624],[101.40682,2.83679],[101.40696,2.83749],[101.40762,2.83851],[101.40765,2.83969],[101.40735,2.83838],[101.40702,2.83804],[101.40689,2.83722],[101.4066,2.83699],[101.40659,2.83672],[101.40673,2.83691],[101.40672,2.83581]]]}},{"type":"Feature","properties":{"id":620363024,"kind":"water","group":"other","area_m2":7738,"km":0.27,"lon":101.41732,"lat":2.82535},"geometry":{"type":"Polygon","coordinates":[[[101.41664,2.82525],[101.41678,2.82467],[101.4182,2.82568],[101.41817,2.82584],[101.41664,2.82525]]]}},{"type":"Feature","properties":{"id":1544510828,"kind":"pond","group":"pond","area_m2":7656,"km":1.73,"lon":101.80084,"lat":2.91737},"geometry":{"type":"Polygon","coordinates":[[[101.8,2.91706],[101.80008,2.91725],[101.80075,2.91766],[101.80153,2.91795],[101.80177,2.91787],[101.80108,2.91755],[101.8007,2.91682],[101.8,2.91706]]]}},{"type":"Feature","properties":{"id":22675581,"kind":"water","group":"other","area_m2":7613,"km":3.82,"lon":101.71307,"lat":2.99007},"geometry":{"type":"Polygon","coordinates":[[[101.7129,2.9899],[101.71311,2.98879],[101.71326,2.98875],[101.71322,2.9907],[101.71296,2.99067],[101.7129,2.9899]]]}},{"type":"Feature","properties":{"id":659674526,"kind":"water","group":"other","area_m2":7605,"km":0.24,"lon":101.4108,"lat":2.84022},"geometry":{"type":"Polygon","coordinates":[[[101.41102,2.84131],[101.41114,2.84143],[101.41126,2.84134],[101.4112,2.84041],[101.41061,2.83939],[101.41018,2.83917],[101.41068,2.83963],[101.41064,2.84003],[101.41095,2.84048],[101.41102,2.84131]]]}},{"type":"Feature","properties":{"id":1270783415,"kind":"pond","group":"pond","area_m2":7601,"km":0.31,"lon":101.42149,"lat":2.90603},"geometry":{"type":"Polygon","coordinates":[[[101.42121,2.90635],[101.42207,2.90629],[101.42188,2.90568],[101.42096,2.90568],[101.42121,2.90635]]]}},{"type":"Feature","properties":{"id":1512533932,"kind":"pond","group":"pond","area_m2":7598,"km":0.27,"lon":101.41605,"lat":2.82864},"geometry":{"type":"Polygon","coordinates":[[[101.41544,2.82903],[101.41592,2.82826],[101.41658,2.82856],[101.4162,2.8292],[101.41544,2.82903]]]}},{"type":"Feature","properties":{"id":988301556,"kind":"pond","group":"pond","area_m2":7551,"km":1.14,"lon":101.89334,"lat":2.91896},"geometry":{"type":"Polygon","coordinates":[[[101.89294,2.91935],[101.89369,2.91943],[101.89382,2.91825],[101.89369,2.91814],[101.89294,2.91935]]]}},{"type":"Feature","properties":{"id":711424361,"kind":"basin","group":"treatment","area_m2":7487,"km":3.78,"lon":101.46785,"lat":2.82462},"geometry":{"type":"Polygon","coordinates":[[[101.4677,2.82477],[101.4672,2.82479],[101.46714,2.82498],[101.46783,2.82522],[101.46816,2.82513],[101.46827,2.82484],[101.46822,2.82384],[101.46802,2.82388],[101.46813,2.82422],[101.46799,2.82464],[101.4677,2.82477]]]}},{"type":"Feature","properties":{"id":1292583528,"kind":"pond","group":"pond","area_m2":7475,"km":1.35,"lon":101.41104,"lat":2.8661},"geometry":{"type":"Polygon","coordinates":[[[101.41004,2.86672],[101.41032,2.86684],[101.41109,2.86663],[101.41148,2.86555],[101.41205,2.86502],[101.41162,2.86528],[101.41088,2.86614],[101.41004,2.86672]]]}},{"type":"Feature","properties":{"id":1087793362,"kind":"pond","group":"pond","area_m2":7354,"km":2.36,"lon":101.8023,"lat":2.927},"geometry":{"type":"Polygon","coordinates":[[[101.80166,2.9271],[101.80167,2.9269],[101.8019,2.92674],[101.80267,2.92668],[101.80286,2.92684],[101.80286,2.92724],[101.80268,2.92732],[101.80166,2.9271]]]}},{"type":"Feature","properties":{"id":1271688285,"kind":"pond","group":"pond","area_m2":7352,"km":0.19,"lon":101.4477,"lat":2.89778},"geometry":{"type":"Polygon","coordinates":[[[101.4478,2.89819],[101.44823,2.8979],[101.44777,2.89717],[101.44721,2.89758],[101.4478,2.89819]]]}},{"type":"Feature","properties":{"id":944725533,"kind":"pond","group":"pond","area_m2":7343,"km":1.62,"lon":101.72569,"lat":2.83573},"geometry":{"type":"Polygon","coordinates":[[[101.72554,2.83643],[101.72595,2.8363],[101.72583,2.83497],[101.72549,2.83517],[101.72554,2.83643]]]}},{"type":"Feature","properties":{"id":506429836,"kind":"pond","group":"pond","area_m2":7314,"km":1.32,"lon":101.79905,"lat":2.96509,"name":"flood retention pond"},"geometry":{"type":"Polygon","coordinates":[[[101.79854,2.96499],[101.79863,2.96533],[101.79882,2.96537],[101.80006,2.96532],[101.80004,2.96514],[101.79929,2.96489],[101.79854,2.96499]]]}},{"type":"Feature","properties":{"id":1213784862,"kind":"water","group":"other","area_m2":7311,"km":0.09,"lon":101.79569,"lat":3.04447},"geometry":{"type":"Polygon","coordinates":[[[101.7952,3.04446],[101.79592,3.04481],[101.79632,3.0449],[101.79642,3.0448],[101.79586,3.04422],[101.7952,3.04401],[101.7952,3.04446]]]}},{"type":"Feature","properties":{"id":1270783431,"kind":"pond","group":"pond","area_m2":7298,"km":0.14,"lon":101.42071,"lat":2.90835},"geometry":{"type":"Polygon","coordinates":[[[101.42036,2.90831],[101.42074,2.90865],[101.42132,2.90882],[101.42094,2.90787],[101.42028,2.90793],[101.42036,2.90831]]]}},{"type":"Feature","properties":{"id":823526938,"kind":"lake","group":"storage","area_m2":7271,"km":5.06,"lon":101.82387,"lat":2.69187},"geometry":{"type":"Polygon","coordinates":[[[101.82361,2.69239],[101.82403,2.69241],[101.82403,2.69116],[101.82374,2.69114],[101.82356,2.69131],[101.82361,2.69239]]]}},{"type":"Feature","properties":{"id":1271688281,"kind":"pond","group":"pond","area_m2":7262,"km":0.2,"lon":101.44891,"lat":2.89814},"geometry":{"type":"Polygon","coordinates":[[[101.4487,2.89856],[101.44935,2.89821],[101.44899,2.89757],[101.44835,2.8979],[101.4487,2.89856]]]}},{"type":"Feature","properties":{"id":662427170,"kind":"lake","group":"storage","area_m2":7235,"km":1.48,"lon":101.9302,"lat":2.9301},"geometry":{"type":"Polygon","coordinates":[[[101.92959,2.92993],[101.93075,2.9298],[101.93091,2.93019],[101.92966,2.93037],[101.92959,2.92993]]]}},{"type":"Feature","properties":{"id":793261740,"kind":"pond","group":"pond","area_m2":7205,"km":0.73,"lon":101.65713,"lat":2.87501},"geometry":{"type":"Polygon","coordinates":[[[101.65689,2.87587],[101.65706,2.87578],[101.65761,2.87453],[101.65703,2.87425],[101.65689,2.87587]]]}},{"type":"Feature","properties":{"id":492980765,"kind":"pond","group":"pond","area_m2":7167,"km":0.21,"lon":101.86889,"lat":3.02364},"geometry":{"type":"Polygon","coordinates":[[[101.86867,3.02352],[101.86887,3.02321],[101.86923,3.02319],[101.86918,3.02428],[101.86899,3.02449],[101.86882,3.02448],[101.86867,3.02352]]]}},{"type":"Feature","properties":{"id":1222271535,"kind":"pond","group":"pond","area_m2":7166,"km":1.41,"lon":101.67052,"lat":2.89162},"geometry":{"type":"Polygon","coordinates":[[[101.67109,2.89228],[101.67068,2.89194],[101.67027,2.89045],[101.67008,2.89095],[101.67012,2.89174],[101.67039,2.89204],[101.67109,2.89228]]]}},{"type":"Feature","properties":{"id":22675583,"kind":"water","group":"other","area_m2":7124,"km":3.91,"lon":101.71221,"lat":2.99002},"geometry":{"type":"Polygon","coordinates":[[[101.71254,2.99009],[101.71271,2.98993],[101.71273,2.99066],[101.71147,2.98991],[101.71148,2.98946],[101.71254,2.99009]]]}},{"type":"Feature","properties":{"id":1313126509,"kind":"pond","group":"pond","area_m2":7062,"km":0.38,"lon":101.77264,"lat":2.96358},"geometry":{"type":"Polygon","coordinates":[[[101.77273,2.96418],[101.77242,2.96418],[101.77234,2.964],[101.77258,2.96349],[101.77221,2.96285],[101.77254,2.96279],[101.77272,2.96318],[101.77297,2.96329],[101.77273,2.96418]]]}},{"type":"Feature","properties":{"id":1508744651,"kind":"pond","group":"pond","area_m2":7054,"km":0.53,"lon":101.8664,"lat":3.00429},"geometry":{"type":"Polygon","coordinates":[[[101.86581,3.00486],[101.86685,3.00447],[101.86678,3.00351],[101.86642,3.0038],[101.86611,3.00455],[101.86581,3.00486]]]}},{"type":"Feature","properties":{"id":1080255456,"kind":"pond","group":"pond","area_m2":7029,"km":0.87,"lon":101.79509,"lat":2.85948},"geometry":{"type":"Polygon","coordinates":[[[101.79452,2.85982],[101.79564,2.8598],[101.79545,2.85956],[101.79565,2.85919],[101.7955,2.85907],[101.7948,2.85912],[101.79474,2.85963],[101.79452,2.85982]]]}},{"type":"Feature","properties":{"id":390948274,"kind":"water","group":"other","area_m2":6996,"km":0.74,"lon":101.74387,"lat":2.94016},"geometry":{"type":"Polygon","coordinates":[[[101.74371,2.94052],[101.74354,2.94034],[101.74348,2.93981],[101.7438,2.9396],[101.74438,2.94013],[101.74371,2.94052]]]}},{"type":"Feature","properties":{"id":486263996,"kind":"pond","group":"pond","area_m2":6971,"km":2.39,"lon":101.56831,"lat":2.90621},"geometry":{"type":"Polygon","coordinates":[[[101.56787,2.9058],[101.56878,2.90591],[101.56872,2.90651],[101.56806,2.90664],[101.56787,2.9058]]]}},{"type":"Feature","properties":{"id":561979980,"kind":"drain","group":"other","area_m2":6967,"km":1.25,"lon":101.85787,"lat":2.92897},"geometry":{"type":"Polygon","coordinates":[[[101.85783,2.92897],[101.85743,2.9286],[101.85752,2.92846],[101.8577,2.92844],[101.85853,2.9291],[101.85807,2.92959],[101.85764,2.92927],[101.85783,2.92897]]]}},{"type":"Feature","properties":{"id":1270783450,"kind":"pond","group":"pond","area_m2":6939,"km":0.3,"lon":101.4239,"lat":2.909},"geometry":{"type":"Polygon","coordinates":[[[101.42367,2.90937],[101.42432,2.90931],[101.42418,2.9086],[101.42342,2.90872],[101.42367,2.90937]]]}},{"type":"Feature","properties":{"id":1111259679,"kind":"stream","group":"channel","area_m2":6881,"km":0.56,"lon":101.70172,"lat":2.77484},"geometry":{"type":"Polygon","coordinates":[[[101.6992,2.78028],[101.69827,2.77958],[101.70977,2.76239],[101.69821,2.77957],[101.6992,2.78028]]]}},{"type":"Feature","properties":{"id":1271688284,"kind":"pond","group":"pond","area_m2":6880,"km":0.14,"lon":101.44688,"lat":2.89728},"geometry":{"type":"Polygon","coordinates":[[[101.44706,2.8976],[101.44741,2.89732],[101.44728,2.89701],[101.44658,2.89688],[101.44622,2.89716],[101.44706,2.8976]]]}},{"type":"Feature","properties":{"id":1272957951,"kind":"pond","group":"pond","area_m2":6875,"km":0.28,"lon":101.42584,"lat":2.84931},"geometry":{"type":"Polygon","coordinates":[[[101.42536,2.84956],[101.42632,2.8496],[101.42646,2.84909],[101.42542,2.84907],[101.42536,2.84956]]]}},{"type":"Feature","properties":{"id":1270783445,"kind":"pond","group":"pond","area_m2":6840,"km":0.13,"lon":101.42197,"lat":2.91086},"geometry":{"type":"Polygon","coordinates":[[[101.42137,2.91067],[101.42199,2.91122],[101.42269,2.91129],[101.42281,2.91104],[101.42156,2.91051],[101.42137,2.91067]]]}},{"type":"Feature","properties":{"id":1270783428,"kind":"pond","group":"pond","area_m2":6822,"km":0.15,"lon":101.42045,"lat":2.90734},"geometry":{"type":"Polygon","coordinates":[[[101.42009,2.90759],[101.42102,2.90755],[101.4208,2.9069],[101.42012,2.90707],[101.41997,2.90728],[101.42009,2.90759]]]}},{"type":"Feature","properties":{"id":1270783427,"kind":"pond","group":"pond","area_m2":6811,"km":0.23,"lon":101.42118,"lat":2.90708},"geometry":{"type":"Polygon","coordinates":[[[101.42107,2.90752],[101.42154,2.90745],[101.42143,2.90656],[101.42077,2.90667],[101.42107,2.90752]]]}},{"type":"Feature","properties":{"id":493031112,"kind":"pond","group":"pond","area_m2":6690,"km":0.04,"lon":101.88007,"lat":2.9966},"geometry":{"type":"Polygon","coordinates":[[[101.87958,2.99654],[101.87975,2.99619],[101.88014,2.99628],[101.88041,2.99656],[101.88057,2.99713],[101.88047,2.99722],[101.87958,2.99654]]]}},{"type":"Feature","properties":{"id":370536210,"kind":"water","group":"other","area_m2":6681,"km":0.7,"lon":101.76591,"lat":2.84695},"geometry":{"type":"Polygon","coordinates":[[[101.76593,2.84808],[101.76576,2.84769],[101.76564,2.84616],[101.76586,2.84585],[101.76618,2.84691],[101.76593,2.84757],[101.76593,2.84808]]]}},{"type":"Feature","properties":{"id":1271688286,"kind":"pond","group":"pond","area_m2":6676,"km":0.26,"lon":101.44814,"lat":2.89849},"geometry":{"type":"Polygon","coordinates":[[[101.44805,2.89896],[101.44865,2.89858],[101.44828,2.89795],[101.44776,2.89827],[101.44805,2.89896]]]}},{"type":"Feature","properties":{"id":1312933612,"kind":"pond","group":"pond","area_m2":6635,"km":2.04,"lon":101.73122,"lat":3.00034},"geometry":{"type":"Polygon","coordinates":[[[101.73147,3.00048],[101.7307,3.00063],[101.73059,3.0003],[101.7309,2.99986],[101.73144,2.99998],[101.7316,3.00037],[101.73156,3.00058],[101.73147,3.00048]]]}},{"type":"Feature","properties":{"id":1222763703,"kind":"pond","group":"pond","area_m2":6607,"km":0.55,"lon":101.83168,"lat":2.90836},"geometry":{"type":"Polygon","coordinates":[[[101.83137,2.90867],[101.83147,2.90903],[101.83179,2.90887],[101.83203,2.90788],[101.83191,2.90759],[101.83167,2.90762],[101.83137,2.90867]]]}},{"type":"Feature","properties":{"id":1271146356,"kind":"pond","group":"pond","area_m2":6604,"km":0.17,"lon":101.43,"lat":2.89652},"geometry":{"type":"Polygon","coordinates":[[[101.4295,2.89655],[101.42991,2.897],[101.43056,2.89638],[101.43,2.89608],[101.4295,2.89655]]]}},{"type":"Feature","properties":{"id":171882329,"kind":"river","group":"channel","area_m2":6593,"km":0.01,"lon":101.76479,"lat":2.79349},"geometry":{"type":"Polygon","coordinates":[[[101.76356,2.79349],[101.76378,2.79339],[101.76462,2.79353],[101.76506,2.79332],[101.76654,2.79329],[101.76533,2.79345],[101.76428,2.7938],[101.76356,2.79349]]]}},{"type":"Feature","properties":{"id":594155836,"kind":"pond","group":"pond","area_m2":6593,"km":0.29,"lon":101.68125,"lat":2.83584},"geometry":{"type":"Polygon","coordinates":[[[101.68006,2.83603],[101.68046,2.8358],[101.68108,2.8358],[101.68113,2.8356],[101.68169,2.83556],[101.68182,2.83572],[101.6823,2.83558],[101.68256,2.83593],[101.68006,2.83603]]]}},{"type":"Feature","properties":{"id":1270783420,"kind":"pond","group":"pond","area_m2":6562,"km":0.14,"lon":101.42354,"lat":2.90669},"geometry":{"type":"Polygon","coordinates":[[[101.42323,2.90695],[101.42373,2.90708],[101.42406,2.9066],[101.42393,2.90631],[101.42312,2.90648],[101.42323,2.90695]]]}},{"type":"Feature","properties":{"id":1082646744,"kind":"pond","group":"pond","area_m2":6544,"km":0.6,"lon":101.7654,"lat":3.01023},"geometry":{"type":"Polygon","coordinates":[[[101.7656,3.0109],[101.76575,3.01075],[101.76564,3.00992],[101.76545,3.00969],[101.76509,3.00969],[101.76493,3.01002],[101.76537,3.01036],[101.7656,3.0109]]]}},{"type":"Feature","properties":{"id":548927933,"kind":"pond","group":"pond","area_m2":6503,"km":0.99,"lon":101.74044,"lat":2.91346},"geometry":{"type":"Polygon","coordinates":[[[101.74054,2.9129],[101.74031,2.91293],[101.74012,2.91367],[101.74014,2.91391],[101.74044,2.91409],[101.74074,2.91398],[101.74097,2.91363],[101.74053,2.91354],[101.74054,2.9129]]]}},{"type":"Feature","properties":{"id":1270783419,"kind":"pond","group":"pond","area_m2":6489,"km":0.13,"lon":101.42338,"lat":2.90602},"geometry":{"type":"Polygon","coordinates":[[[101.42308,2.90641],[101.42387,2.90626],[101.42364,2.90567],[101.42312,2.90554],[101.42308,2.90641]]]}},{"type":"Feature","properties":{"id":988287874,"kind":"pond","group":"pond","area_m2":6472,"km":0.72,"lon":101.86651,"lat":2.94069},"geometry":{"type":"Polygon","coordinates":[[[101.86595,2.94048],[101.86619,2.94093],[101.8666,2.94116],[101.86691,2.94088],[101.86677,2.94037],[101.86595,2.94048]]]}},{"type":"Feature","properties":{"id":209212417,"kind":"water","group":"other","area_m2":6443,"km":0.81,"lon":101.80267,"lat":3.13006},"geometry":{"type":"Polygon","coordinates":[[[101.80272,3.13039],[101.80313,3.13023],[101.80336,3.12975],[101.80305,3.12977],[101.80282,3.12997],[101.80209,3.12988],[101.80207,3.13025],[101.80242,3.1305],[101.80272,3.13039]]]}},{"type":"Feature","properties":{"id":291268901,"kind":"reservoir","group":"storage","area_m2":6415,"km":0.57,"lon":101.76504,"lat":3.05742},"geometry":{"type":"Polygon","coordinates":[[[101.76476,3.0578],[101.76482,3.05668],[101.76527,3.05672],[101.76515,3.05783],[101.76476,3.0578]]]}},{"type":"Feature","properties":{"id":1270783452,"kind":"pond","group":"pond","area_m2":6395,"km":0.31,"lon":101.42401,"lat":2.90974},"geometry":{"type":"Polygon","coordinates":[[[101.42337,2.90972],[101.42368,2.90998],[101.42457,2.90995],[101.42473,2.90987],[101.42476,2.90955],[101.42349,2.90959],[101.42337,2.90972]]]}},{"type":"Feature","properties":{"id":1271688277,"kind":"pond","group":"pond","area_m2":6387,"km":0.14,"lon":101.44959,"lat":2.89765},"geometry":{"type":"Polygon","coordinates":[[[101.44953,2.89811],[101.45007,2.8978],[101.44968,2.89719],[101.44911,2.89739],[101.44953,2.89811]]]}},{"type":"Feature","properties":{"id":1270783426,"kind":"pond","group":"pond","area_m2":6365,"km":0.29,"lon":101.42197,"lat":2.90769},"geometry":{"type":"Polygon","coordinates":[[[101.42192,2.90809],[101.42236,2.90802],[101.42224,2.90726],[101.42162,2.90733],[101.42166,2.90777],[101.42192,2.90809]]]}},{"type":"Feature","properties":{"id":620527936,"kind":"water","group":"other","area_m2":6361,"km":0.31,"lon":101.41652,"lat":2.81801},"geometry":{"type":"Polygon","coordinates":[[[101.41689,2.81806],[101.41597,2.8183],[101.41585,2.81785],[101.41679,2.81751],[101.41689,2.81806]]]}},{"type":"Feature","properties":{"id":144286362,"kind":"water","group":"other","area_m2":6350,"km":1.97,"lon":101.72476,"lat":2.76201},"geometry":{"type":"Polygon","coordinates":[[[101.7242,2.762],[101.72497,2.76243],[101.7253,2.7621],[101.72513,2.76186],[101.72449,2.76166],[101.72428,2.76172],[101.7242,2.762]]]}},{"type":"Feature","properties":{"id":1435239624,"kind":"lake","group":"storage","area_m2":6317,"km":2.26,"lon":101.72904,"lat":2.96642},"geometry":{"type":"Polygon","coordinates":[[[101.72893,2.9662],[101.72986,2.96751],[101.72975,2.96776],[101.72963,2.96782],[101.72883,2.96633],[101.72834,2.96518],[101.72841,2.96504],[101.72893,2.9662]]]}},{"type":"Feature","properties":{"id":1271146328,"kind":"pond","group":"pond","area_m2":6299,"km":0.14,"lon":101.41284,"lat":2.89218},"geometry":{"type":"Polygon","coordinates":[[[101.41242,2.89223],[101.41283,2.89268],[101.41334,2.89209],[101.4129,2.89166],[101.41242,2.89223]]]}},{"type":"Feature","properties":{"id":493031109,"kind":"pond","group":"pond","area_m2":6294,"km":0.13,"lon":101.88003,"lat":2.99573},"geometry":{"type":"Polygon","coordinates":[[[101.87967,2.99614],[101.87977,2.99543],[101.88003,2.99525],[101.88052,2.99544],[101.87992,2.99615],[101.87967,2.99614]]]}},{"type":"Feature","properties":{"id":1272659771,"kind":"pond","group":"pond","area_m2":6285,"km":0.31,"lon":101.42516,"lat":2.86104},"geometry":{"type":"Polygon","coordinates":[[[101.42476,2.86133],[101.42577,2.86111],[101.42571,2.8607],[101.42465,2.86088],[101.42476,2.86133]]]}},{"type":"Feature","properties":{"id":1387176842,"kind":"basin","group":"treatment","area_m2":6265,"km":1.57,"lon":101.7961,"lat":2.91031},"geometry":{"type":"Polygon","coordinates":[[[101.79616,2.91109],[101.79629,2.91109],[101.7963,2.91067],[101.79603,2.90944],[101.79573,2.90963],[101.79616,2.91109]]]}},{"type":"Feature","properties":{"id":1270783424,"kind":"pond","group":"pond","area_m2":6232,"km":0.21,"lon":101.42331,"lat":2.90758},"geometry":{"type":"Polygon","coordinates":[[[101.42302,2.90802],[101.42363,2.90801],[101.42359,2.90761],[101.42329,2.90714],[101.42292,2.90719],[101.42302,2.90802]]]}},{"type":"Feature","properties":{"id":295783811,"kind":"water","group":"other","area_m2":6230,"km":3.87,"lon":101.67258,"lat":2.92306},"geometry":{"type":"Polygon","coordinates":[[[101.67314,2.92263],[101.67301,2.92316],[101.67194,2.92371],[101.67254,2.92297],[101.67266,2.92252],[101.67314,2.92263]]]}},{"type":"Feature","properties":{"id":1269076788,"kind":"pond","group":"pond","area_m2":6213,"km":0.67,"lon":101.42122,"lat":2.91837},"geometry":{"type":"Polygon","coordinates":[[[101.42105,2.91891],[101.42149,2.9189],[101.42143,2.9178],[101.42107,2.91787],[101.42105,2.91891]]]}},{"type":"Feature","properties":{"id":290624679,"kind":"reservoir","group":"storage","area_m2":6212,"km":1.43,"lon":101.81365,"lat":2.82084},"geometry":{"type":"Polygon","coordinates":[[[101.81361,2.82009],[101.81421,2.82078],[101.81367,2.82136],[101.81349,2.82138],[101.81361,2.82009]]]}},{"type":"Feature","properties":{"id":404359700,"kind":"pond","group":"pond","area_m2":6201,"km":0.73,"lon":101.83878,"lat":2.92498,"name":"flood retention pond"},"geometry":{"type":"Polygon","coordinates":[[[101.83834,2.92515],[101.83849,2.92543],[101.83869,2.92546],[101.8392,2.92492],[101.83922,2.92467],[101.83885,2.92453],[101.83834,2.92515]]]}},{"type":"Feature","properties":{"id":1180364145,"kind":"pond","group":"pond","area_m2":6187,"km":0.05,"lon":101.83208,"lat":3.11715},"geometry":{"type":"Polygon","coordinates":[[[101.83169,3.11731],[101.83243,3.11753],[101.83242,3.11694],[101.8321,3.11668],[101.83181,3.11678],[101.83169,3.11731]]]}},{"type":"Feature","properties":{"id":792613476,"kind":"pond","group":"pond","area_m2":6118,"km":0.74,"lon":101.89468,"lat":2.93027},"geometry":{"type":"Polygon","coordinates":[[[101.89443,2.9299],[101.89492,2.92987],[101.89499,2.93087],[101.89447,2.93074],[101.89443,2.9299]]]}},{"type":"Feature","properties":{"id":1272957952,"kind":"pond","group":"pond","area_m2":6118,"km":0.26,"lon":101.42576,"lat":2.84988},"geometry":{"type":"Polygon","coordinates":[[[101.42526,2.85002],[101.42633,2.85013],[101.42644,2.84974],[101.42531,2.8496],[101.42526,2.85002]]]}},{"type":"Feature","properties":{"id":1313126514,"kind":"pond","group":"pond","area_m2":6110,"km":0.9,"lon":101.76471,"lat":2.95206},"geometry":{"type":"Polygon","coordinates":[[[101.76461,2.9523],[101.76421,2.95205],[101.76455,2.95162],[101.76485,2.95171],[101.76521,2.95209],[101.76491,2.95237],[101.76461,2.9523]]]}},{"type":"Feature","properties":{"id":1032914097,"kind":"pond","group":"pond","area_m2":6104,"km":2.22,"lon":101.70317,"lat":2.85299},"geometry":{"type":"Polygon","coordinates":[[[101.70287,2.85276],[101.70407,2.85282],[101.7038,2.85305],[101.70283,2.85333],[101.70287,2.85276]]]}},{"type":"Feature","properties":{"id":1271688335,"kind":"pond","group":"pond","area_m2":6097,"km":0.12,"lon":101.43341,"lat":2.90389},"geometry":{"type":"Polygon","coordinates":[[[101.43303,2.90388],[101.43355,2.90447],[101.43361,2.90339],[101.43337,2.90329],[101.43303,2.90388]]]}},{"type":"Feature","properties":{"id":605790608,"kind":"water","group":"other","area_m2":6087,"km":1.86,"lon":101.76313,"lat":2.86273},"geometry":{"type":"Polygon","coordinates":[[[101.76299,2.86291],[101.76242,2.86291],[101.7624,2.86259],[101.76314,2.86268],[101.76348,2.86242],[101.76365,2.86267],[101.76397,2.86278],[101.76383,2.86296],[101.76318,2.86302],[101.76299,2.86291]]]}},{"type":"Feature","properties":{"id":1270783451,"kind":"pond","group":"pond","area_m2":6065,"km":0.36,"lon":101.42314,"lat":2.90906},"geometry":{"type":"Polygon","coordinates":[[[101.42336,2.90943],[101.42361,2.90935],[101.42329,2.90863],[101.42249,2.90868],[101.42336,2.90943]]]}},{"type":"Feature","properties":{"id":1015760154,"kind":"pond","group":"pond","area_m2":6061,"km":1.25,"lon":101.73843,"lat":2.93834},"geometry":{"type":"Polygon","coordinates":[[[101.73745,2.93853],[101.73863,2.93824],[101.73975,2.93857],[101.73983,2.93845],[101.73976,2.93822],[101.73924,2.93827],[101.73906,2.93805],[101.73869,2.93802],[101.73745,2.93853]]]}},{"type":"Feature","properties":{"id":998305283,"kind":"pond","group":"pond","area_m2":5961,"km":4.25,"lon":101.69331,"lat":2.9311},"geometry":{"type":"Polygon","coordinates":[[[101.69164,2.93254],[101.69361,2.93175],[101.69399,2.93135],[101.6942,2.93047],[101.69417,2.92968],[101.69456,2.92868],[101.69411,2.92936],[101.69413,2.93061],[101.6938,2.93147],[101.69159,2.93245],[101.69164,2.93254]]]}},{"type":"Feature","properties":{"id":304754799,"kind":"pond","group":"pond","area_m2":5953,"km":0.12,"lon":101.84534,"lat":2.84775},"geometry":{"type":"Polygon","coordinates":[[[101.84484,2.84769],[101.84535,2.84831],[101.84577,2.84787],[101.84574,2.84757],[101.84545,2.84745],[101.84511,2.84746],[101.84484,2.84769]]]}},{"type":"Feature","properties":{"id":1272957955,"kind":"pond","group":"pond","area_m2":5949,"km":0.18,"lon":101.42501,"lat":2.85142},"geometry":{"type":"Polygon","coordinates":[[[101.42474,2.85161],[101.42556,2.85171],[101.4257,2.85125],[101.42468,2.85115],[101.42474,2.85161]]]}},{"type":"Feature","properties":{"id":620526390,"kind":"water","group":"other","area_m2":5909,"km":0.33,"lon":101.41702,"lat":2.82018},"geometry":{"type":"Polygon","coordinates":[[[101.41744,2.82031],[101.41663,2.82051],[101.41647,2.82006],[101.41737,2.81981],[101.41744,2.82031]]]}},{"type":"Feature","properties":{"id":1272659829,"kind":"pond","group":"pond","area_m2":5894,"km":0.16,"lon":101.43271,"lat":2.8636},"geometry":{"type":"Polygon","coordinates":[[[101.43245,2.86395],[101.43306,2.86383],[101.43303,2.8632],[101.43239,2.86322],[101.43245,2.86395]]]}},{"type":"Feature","properties":{"id":1272957954,"kind":"pond","group":"pond","area_m2":5894,"km":0.19,"lon":101.42521,"lat":2.85088},"geometry":{"type":"Polygon","coordinates":[[[101.42485,2.85107],[101.42566,2.85117],[101.42582,2.8507],[101.42488,2.85057],[101.42485,2.85107]]]}},{"type":"Feature","properties":{"id":1270783425,"kind":"pond","group":"pond","area_m2":5850,"km":0.28,"lon":101.42264,"lat":2.9077},"geometry":{"type":"Polygon","coordinates":[[[101.42239,2.90803],[101.42295,2.90799],[101.42283,2.90719],[101.42233,2.90725],[101.42239,2.90803]]]}},{"type":"Feature","properties":{"id":1272659831,"kind":"pond","group":"pond","area_m2":5826,"km":0.18,"lon":101.43423,"lat":2.86354},"geometry":{"type":"Polygon","coordinates":[[[101.43395,2.86376],[101.43456,2.86384],[101.43454,2.86314],[101.43388,2.86316],[101.43395,2.86376]]]}},{"type":"Feature","properties":{"id":1292583527,"kind":"pond","group":"pond","area_m2":5773,"km":1.05,"lon":101.41344,"lat":2.86494},"geometry":{"type":"Polygon","coordinates":[[[101.4122,2.8649],[101.41318,2.86495],[101.41363,2.86462],[101.41396,2.86459],[101.4142,2.86489],[101.41448,2.86583],[101.41463,2.86586],[101.41432,2.86471],[101.41406,2.86441],[101.41362,2.86446],[101.4131,2.86489],[101.4122,2.8649]]]}},{"type":"Feature","properties":{"id":1443410680,"kind":"lake","group":"storage","area_m2":5766,"km":1.47,"lon":101.85058,"lat":3.05155},"geometry":{"type":"Polygon","coordinates":[[[101.85042,3.05186],[101.85022,3.05107],[101.85078,3.05095],[101.85096,3.05176],[101.85042,3.05186]]]}},{"type":"Feature","properties":{"id":1271688275,"kind":"pond","group":"pond","area_m2":5751,"km":0.12,"lon":101.45027,"lat":2.89731},"geometry":{"type":"Polygon","coordinates":[[[101.45017,2.89774],[101.45076,2.89731],[101.45047,2.89693],[101.44979,2.89718],[101.45017,2.89774]]]}},{"type":"Feature","properties":{"id":1271688336,"kind":"pond","group":"pond","area_m2":5740,"km":0.11,"lon":101.43295,"lat":2.90456},"geometry":{"type":"Polygon","coordinates":[[[101.43275,2.90498],[101.43341,2.90452],[101.43304,2.90401],[101.43257,2.90467],[101.43275,2.90498]]]}},{"type":"Feature","properties":{"id":1272659818,"kind":"pond","group":"pond","area_m2":5704,"km":0.17,"lon":101.4295,"lat":2.86385},"geometry":{"type":"Polygon","coordinates":[[[101.42939,2.86449],[101.42973,2.8644],[101.42964,2.8633],[101.42929,2.86339],[101.42939,2.86449]]]}},{"type":"Feature","properties":{"id":723547905,"kind":"pond","group":"pond","area_m2":5697,"km":1.4,"lon":101.73488,"lat":3.05888},"geometry":{"type":"Polygon","coordinates":[[[101.73427,3.05912],[101.7353,3.05906],[101.7354,3.05886],[101.73516,3.05861],[101.73456,3.05859],[101.7343,3.0587],[101.73427,3.05912]]]}},{"type":"Feature","properties":{"id":420052444,"kind":"pond","group":"pond","area_m2":5681,"km":1.02,"lon":101.85369,"lat":2.84907},"geometry":{"type":"Polygon","coordinates":[[[101.85394,2.85014],[101.8537,2.84894],[101.85265,2.84775],[101.85317,2.84833],[101.85361,2.84838],[101.85378,2.84895],[101.85414,2.84924],[101.8542,2.8495],[101.85445,2.84944],[101.8542,2.84953],[101.85394,2.85014]]]}},{"type":"Feature","properties":{"id":620521129,"kind":"water","group":"other","area_m2":5616,"km":0.33,"lon":101.41737,"lat":2.82224},"geometry":{"type":"Polygon","coordinates":[[[101.41789,2.82226],[101.41665,2.82246],[101.41668,2.82219],[101.41786,2.82194],[101.41789,2.82226]]]}},{"type":"Feature","properties":{"id":1272659761,"kind":"pond","group":"pond","area_m2":5604,"km":0.19,"lon":101.42388,"lat":2.86037},"geometry":{"type":"Polygon","coordinates":[[[101.42352,2.86064],[101.42443,2.86047],[101.42438,2.86007],[101.42336,2.86023],[101.42352,2.86064]]]}},{"type":"Feature","properties":{"id":492980750,"kind":"pond","group":"pond","area_m2":5589,"km":0.1,"lon":101.86629,"lat":3.02548},"geometry":{"type":"Polygon","coordinates":[[[101.86598,3.02532],[101.86606,3.02586],[101.86679,3.02582],[101.86655,3.0251],[101.86598,3.02532]]]}},{"type":"Feature","properties":{"id":1271146273,"kind":"pond","group":"pond","area_m2":5518,"km":0.13,"lon":101.42615,"lat":2.88116},"geometry":{"type":"Polygon","coordinates":[[[101.42583,2.88155],[101.42629,2.88162],[101.42647,2.88074],[101.42603,2.8807],[101.42583,2.88155]]]}},{"type":"Feature","properties":{"id":659673596,"kind":"water","group":"other","area_m2":5515,"km":0.96,"lon":101.40448,"lat":2.84241},"geometry":{"type":"Polygon","coordinates":[[[101.40476,2.84367],[101.4049,2.84356],[101.40474,2.84331],[101.40474,2.84288],[101.40431,2.84236],[101.40429,2.84184],[101.40449,2.84128],[101.40438,2.84094],[101.40416,2.84244],[101.40432,2.84279],[101.40456,2.8429],[101.40476,2.84367]]]}},{"type":"Feature","properties":{"id":390948272,"kind":"reservoir","group":"storage","area_m2":5513,"km":1.37,"lon":101.73896,"lat":2.94282},"geometry":{"type":"Polygon","coordinates":[[[101.73836,2.94278],[101.73862,2.943],[101.73967,2.94299],[101.7395,2.94266],[101.73853,2.94262],[101.73836,2.94278]]]}},{"type":"Feature","properties":{"id":1272957956,"kind":"pond","group":"pond","area_m2":5476,"km":0.19,"lon":101.42499,"lat":2.85196},"geometry":{"type":"Polygon","coordinates":[[[101.42461,2.85214],[101.42546,2.85223],[101.42558,2.85184],[101.42464,2.8517],[101.42461,2.85214]]]}},{"type":"Feature","properties":{"id":792025310,"kind":"pond","group":"pond","area_m2":5465,"km":2.12,"lon":101.72847,"lat":2.81158},"geometry":{"type":"Polygon","coordinates":[[[101.72852,2.81106],[101.72886,2.81157],[101.72846,2.81202],[101.72824,2.81205],[101.72817,2.81174],[101.72852,2.81106]]]}},{"type":"Feature","properties":{"id":1270783453,"kind":"pond","group":"pond","area_m2":5413,"km":0.22,"lon":101.42454,"lat":2.91049},"geometry":{"type":"Polygon","coordinates":[[[101.42455,2.91078],[101.42517,2.91066],[101.4247,2.91015],[101.42416,2.91017],[101.42429,2.9106],[101.42455,2.91078]]]}},{"type":"Feature","properties":{"id":1270783435,"kind":"pond","group":"pond","area_m2":5381,"km":0.33,"lon":101.42272,"lat":2.90845},"geometry":{"type":"Polygon","coordinates":[[[101.42222,2.90862],[101.4235,2.90852],[101.42356,2.90827],[101.42227,2.90829],[101.42222,2.90862]]]}},{"type":"Feature","properties":{"id":420060585,"kind":"pond","group":"pond","area_m2":5358,"km":1.04,"lon":101.86105,"lat":2.84568},"geometry":{"type":"Polygon","coordinates":[[[101.86019,2.84665],[101.86039,2.84612],[101.86107,2.8457],[101.86142,2.84497],[101.86193,2.84451],[101.86148,2.84508],[101.86125,2.84584],[101.86019,2.84665]]]}},{"type":"Feature","properties":{"id":1271146354,"kind":"pond","group":"pond","area_m2":5356,"km":0.15,"lon":101.43008,"lat":2.89489},"geometry":{"type":"Polygon","coordinates":[[[101.42965,2.89497],[101.43047,2.89523],[101.43026,2.89455],[101.4297,2.89453],[101.42965,2.89497]]]}},{"type":"Feature","properties":{"id":492984449,"kind":"pond","group":"pond","area_m2":5353,"km":0.14,"lon":101.86816,"lat":3.02183},"geometry":{"type":"Polygon","coordinates":[[[101.86798,3.02244],[101.86845,3.02192],[101.86833,3.02169],[101.86849,3.02133],[101.86833,3.02122],[101.86785,3.02192],[101.86798,3.02244]]]}},{"type":"Feature","properties":{"id":1272659825,"kind":"pond","group":"pond","area_m2":5341,"km":0.15,"lon":101.43201,"lat":2.86369},"geometry":{"type":"Polygon","coordinates":[[[101.43182,2.86406],[101.43235,2.8639],[101.43232,2.86328],[101.43173,2.86331],[101.43182,2.86406]]]}},{"type":"Feature","properties":{"id":404362987,"kind":"pond","group":"pond","area_m2":5339,"km":0.43,"lon":101.83752,"lat":2.91282,"name":"flood retention pond"},"geometry":{"type":"Polygon","coordinates":[[[101.83692,2.913],[101.837,2.91322],[101.83719,2.91321],[101.83809,2.91272],[101.83819,2.91251],[101.83807,2.91237],[101.83692,2.913]]]}},{"type":"Feature","properties":{"id":1271146293,"kind":"pond","group":"pond","area_m2":5335,"km":0.13,"lon":101.42053,"lat":2.87784},"geometry":{"type":"Polygon","coordinates":[[[101.42014,2.87779],[101.42099,2.8783],[101.42108,2.87796],[101.42036,2.8774],[101.42014,2.87779]]]}},{"type":"Feature","properties":{"id":649037449,"kind":"water","group":"other","area_m2":5332,"km":0.24,"lon":101.83072,"lat":3.10138},"geometry":{"type":"Polygon","coordinates":[[[101.83058,3.10104],[101.83033,3.1016],[101.83097,3.10182],[101.83107,3.10163],[101.83098,3.10113],[101.83058,3.10104]]]}},{"type":"Feature","properties":{"id":816866104,"kind":"water","group":"other","area_m2":5321,"km":0.61,"lon":101.75355,"lat":2.99722},"geometry":{"type":"Polygon","coordinates":[[[101.75352,2.99793],[101.75395,2.99783],[101.75344,2.99641],[101.75312,2.99682],[101.75355,2.9974],[101.75352,2.99793]]]}},{"type":"Feature","properties":{"id":954213823,"kind":"pond","group":"pond","area_m2":5309,"km":1.54,"lon":101.6254,"lat":2.8106},"geometry":{"type":"Polygon","coordinates":[[[101.62502,2.8106],[101.62556,2.81109],[101.62579,2.81062],[101.62523,2.81011],[101.62502,2.8106]]]}},{"type":"Feature","properties":{"id":1380264680,"kind":"basin","group":"treatment","area_m2":5295,"km":0.86,"lon":101.85413,"lat":2.88384},"geometry":{"type":"Polygon","coordinates":[[[101.85325,2.88393],[101.85534,2.88362],[101.85522,2.8839],[101.85325,2.88393]]]}},{"type":"Feature","properties":{"id":492980754,"kind":"pond","group":"pond","area_m2":5288,"km":0.1,"lon":101.86801,"lat":3.02499},"geometry":{"type":"Polygon","coordinates":[[[101.86768,3.02499],[101.86787,3.02538],[101.8681,3.0254],[101.86828,3.02505],[101.8683,3.02444],[101.86816,3.02437],[101.86793,3.02458],[101.86768,3.02499]]]}},{"type":"Feature","properties":{"id":1272659830,"kind":"pond","group":"pond","area_m2":5279,"km":0.18,"lon":101.43344,"lat":2.86351},"geometry":{"type":"Polygon","coordinates":[[[101.43314,2.86374],[101.4338,2.86375],[101.43379,2.86317],[101.43312,2.86319],[101.43314,2.86374]]]}},{"type":"Feature","properties":{"id":1271146274,"kind":"pond","group":"pond","area_m2":5273,"km":0.14,"lon":101.42617,"lat":2.88025},"geometry":{"type":"Polygon","coordinates":[[[101.42602,2.88063],[101.42641,2.88065],[101.42646,2.87986],[101.42589,2.87988],[101.42602,2.88063]]]}},{"type":"Feature","properties":{"id":1315467050,"kind":"pond","group":"pond","area_m2":5239,"km":0.43,"lon":101.76337,"lat":2.95841},"geometry":{"type":"Polygon","coordinates":[[[101.76315,2.95783],[101.76379,2.95853],[101.76355,2.95923],[101.7634,2.9591],[101.76342,2.95856],[101.76295,2.95796],[101.76315,2.95783]]]}},{"type":"Feature","properties":{"id":1271688315,"kind":"pond","group":"pond","area_m2":5226,"km":0.2,"lon":101.43632,"lat":2.90128},"geometry":{"type":"Polygon","coordinates":[[[101.43593,2.90163],[101.43676,2.90135],[101.43676,2.90089],[101.43593,2.90117],[101.43593,2.90163]]]}},{"type":"Feature","properties":{"id":793261768,"kind":"pond","group":"pond","area_m2":5200,"km":0.3,"lon":101.66559,"lat":2.8658},"geometry":{"type":"Polygon","coordinates":[[[101.66519,2.86582],[101.66543,2.86602],[101.66561,2.86591],[101.66604,2.8661],[101.6657,2.86531],[101.66542,2.86522],[101.66519,2.86582]]]}},{"type":"Feature","properties":{"id":1079833936,"kind":"pond","group":"pond","area_m2":5182,"km":2.98,"lon":101.72276,"lat":2.93731},"geometry":{"type":"Polygon","coordinates":[[[101.7227,2.93643],[101.7229,2.93701],[101.72229,2.93821],[101.72235,2.93834],[101.72264,2.93811],[101.72317,2.93686],[101.72311,2.93666],[101.7227,2.93643]]]}},{"type":"Feature","properties":{"id":659674527,"kind":"water","group":"other","area_m2":5178,"km":0.27,"lon":101.41009,"lat":2.83965},"geometry":{"type":"Polygon","coordinates":[[[101.41008,2.84011],[101.41023,2.84044],[101.41042,2.84049],[101.41053,2.84017],[101.4101,2.83951],[101.41011,2.83896],[101.4098,2.83888],[101.4097,2.83911],[101.40997,2.83936],[101.40991,2.83961],[101.4102,2.83982],[101.41008,2.84011]]]}},{"type":"Feature","properties":{"id":1271146358,"kind":"pond","group":"pond","area_m2":5170,"km":0.2,"lon":101.42926,"lat":2.89676},"geometry":{"type":"Polygon","coordinates":[[[101.42883,2.89652],[101.42952,2.89728],[101.42978,2.89711],[101.42911,2.89626],[101.42883,2.89652]]]}},{"type":"Feature","properties":{"id":493028249,"kind":"pond","group":"pond","area_m2":5162,"km":0.14,"lon":101.87268,"lat":3.053},"geometry":{"type":"Polygon","coordinates":[[[101.87238,3.05313],[101.87284,3.05334],[101.87313,3.0532],[101.87282,3.05253],[101.87259,3.0526],[101.87238,3.05313]]]}},{"type":"Feature","properties":{"id":1272659819,"kind":"pond","group":"pond","area_m2":5145,"km":0.17,"lon":101.42992,"lat":2.86385},"geometry":{"type":"Polygon","coordinates":[[[101.4298,2.86442],[101.43014,2.86435],[101.43009,2.86326],[101.42976,2.86335],[101.4298,2.86442]]]}},{"type":"Feature","properties":{"id":1079519089,"kind":"pond","group":"pond","area_m2":5100,"km":1.16,"lon":101.70121,"lat":2.80872},"geometry":{"type":"Polygon","coordinates":[[[101.70103,2.80936],[101.70143,2.80938],[101.70143,2.80847],[101.70128,2.80823],[101.70105,2.80828],[101.70103,2.80936]]]}},{"type":"Feature","properties":{"id":370526631,"kind":"lake","group":"storage","area_m2":5088,"km":2.1,"lon":101.78188,"lat":2.84762},"geometry":{"type":"Polygon","coordinates":[[[101.78151,2.84791],[101.7819,2.84794],[101.78249,2.84732],[101.78235,2.8472],[101.78142,2.84758],[101.78132,2.84778],[101.78151,2.84791]]]}},{"type":"Feature","properties":{"id":1271146319,"kind":"pond","group":"pond","area_m2":5079,"km":0.13,"lon":101.41617,"lat":2.88955},"geometry":{"type":"Polygon","coordinates":[[[101.41579,2.88952],[101.41594,2.8898],[101.41619,2.88981],[101.41674,2.88942],[101.41647,2.88908],[101.41579,2.88952]]]}},{"type":"Feature","properties":{"id":1064117552,"kind":"pond","group":"pond","area_m2":5060,"km":0.57,"lon":101.68415,"lat":2.83683},"geometry":{"type":"Polygon","coordinates":[[[101.68373,2.837],[101.68478,2.83697],[101.68478,2.83652],[101.68373,2.83667],[101.68373,2.837]]]}},{"type":"Feature","properties":{"id":703616452,"kind":"pond","group":"pond","area_m2":5043,"km":2.18,"lon":101.77636,"lat":2.73151},"geometry":{"type":"Polygon","coordinates":[[[101.77607,2.73137],[101.77593,2.73127],[101.77599,2.7311],[101.77645,2.73116],[101.77671,2.73101],[101.77647,2.73173],[101.77653,2.73213],[101.77624,2.73188],[101.77607,2.73137]]]}},{"type":"Feature","properties":{"id":988301571,"kind":"pond","group":"pond","area_m2":5030,"km":0.93,"lon":101.90114,"lat":2.92656},"geometry":{"type":"Polygon","coordinates":[[[101.90084,2.92636],[101.90105,2.92661],[101.90104,2.92698],[101.90119,2.92703],[101.90156,2.9265],[101.90115,2.926],[101.90083,2.92608],[101.90084,2.92636]]]}},{"type":"Feature","properties":{"id":1271146317,"kind":"pond","group":"pond","area_m2":5029,"km":0.3,"lon":101.41744,"lat":2.89062},"geometry":{"type":"Polygon","coordinates":[[[101.41707,2.89059],[101.41762,2.89105],[101.41791,2.89082],[101.4174,2.89022],[101.41711,2.89039],[101.41707,2.89059]]]}},{"type":"Feature","properties":{"id":497797471,"kind":"water","group":"other","area_m2":5027,"km":1.1,"lon":101.87064,"lat":2.96876},"geometry":{"type":"Polygon","coordinates":[[[101.87031,2.96901],[101.87088,2.96916],[101.87075,2.96827],[101.87034,2.96831],[101.87031,2.96901]]]}},{"type":"Feature","properties":{"id":1272659792,"kind":"pond","group":"pond","area_m2":5027,"km":0.25,"lon":101.42609,"lat":2.86283},"geometry":{"type":"Polygon","coordinates":[[[101.42558,2.86331],[101.42578,2.86346],[101.42673,2.8622],[101.42653,2.86207],[101.42558,2.86331]]]}},{"type":"Feature","properties":{"id":1272659772,"kind":"pond","group":"pond","area_m2":5006,"km":0.19,"lon":101.42408,"lat":2.86126},"geometry":{"type":"Polygon","coordinates":[[[101.42378,2.86152],[101.42463,2.86135],[101.42456,2.86093],[101.42368,2.8611],[101.42378,2.86152]]]}},{"type":"Feature","properties":{"id":404391472,"kind":"pond","group":"pond","area_m2":4942,"km":0.38,"lon":101.77712,"lat":2.93642},"geometry":{"type":"Polygon","coordinates":[[[101.77705,2.93678],[101.77747,2.93668],[101.77741,2.93625],[101.77705,2.93592],[101.77684,2.93625],[101.77705,2.93678]]]}},{"type":"Feature","properties":{"id":1313126513,"kind":"pond","group":"pond","area_m2":4928,"km":0.85,"lon":101.76496,"lat":2.9529},"geometry":{"type":"Polygon","coordinates":[[[101.76478,2.95315],[101.76458,2.95251],[101.76518,2.95257],[101.76543,2.95281],[101.76513,2.95316],[101.76478,2.95315]]]}},{"type":"Feature","properties":{"id":1271146292,"kind":"pond","group":"pond","area_m2":4920,"km":0.14,"lon":101.42077,"lat":2.87742},"geometry":{"type":"Polygon","coordinates":[[[101.42036,2.87731],[101.42098,2.87786],[101.42123,2.87749],[101.4207,2.877],[101.42036,2.87731]]]}},{"type":"Feature","properties":{"id":122496418,"kind":"reservoir","group":"storage","area_m2":4918,"km":0.62,"lon":101.74653,"lat":3.07517},"geometry":{"type":"Polygon","coordinates":[[[101.74623,3.07538],[101.74699,3.07538],[101.74699,3.07485],[101.74623,3.07485],[101.74623,3.07538]]]}},{"type":"Feature","properties":{"id":620521118,"kind":"water","group":"other","area_m2":4906,"km":0.32,"lon":101.41724,"lat":2.82186},"geometry":{"type":"Polygon","coordinates":[[[101.41789,2.82187],[101.41667,2.8221],[101.41673,2.82176],[101.41784,2.82159],[101.41789,2.82187]]]}},{"type":"Feature","properties":{"id":659674525,"kind":"water","group":"other","area_m2":4897,"km":0.41,"lon":101.40979,"lat":2.84153},"geometry":{"type":"Polygon","coordinates":[[[101.40959,2.84115],[101.40958,2.84176],[101.40996,2.84202],[101.40986,2.8422],[101.41002,2.84221],[101.40991,2.84093],[101.40964,2.8409],[101.40959,2.84115]]]}},{"type":"Feature","properties":{"id":1272659806,"kind":"pond","group":"pond","area_m2":4879,"km":0.2,"lon":101.42803,"lat":2.86376},"geometry":{"type":"Polygon","coordinates":[[[101.42783,2.86414],[101.42853,2.86343],[101.4283,2.86319],[101.42761,2.86389],[101.42783,2.86414]]]}},{"type":"Feature","properties":{"id":1271146337,"kind":"pond","group":"pond","area_m2":4845,"km":0.3,"lon":101.41483,"lat":2.89619},"geometry":{"type":"Polygon","coordinates":[[[101.41462,2.89649],[101.41528,2.89626],[101.4151,2.89578],[101.41443,2.89607],[101.41462,2.89649]]]}},{"type":"Feature","properties":{"id":1272659832,"kind":"pond","group":"pond","area_m2":4842,"km":0.19,"lon":101.43486,"lat":2.86352},"geometry":{"type":"Polygon","coordinates":[[[101.43464,2.86386],[101.43508,2.86396],[101.43508,2.86311],[101.43461,2.86317],[101.43464,2.86386]]]}},{"type":"Feature","properties":{"id":1271146294,"kind":"pond","group":"pond","area_m2":4815,"km":0.14,"lon":101.4204,"lat":2.87829},"geometry":{"type":"Polygon","coordinates":[[[101.42001,2.87828],[101.42083,2.87869],[101.42096,2.87843],[101.42016,2.87787],[101.42001,2.87828]]]}},{"type":"Feature","properties":{"id":1416075707,"kind":"wastewater","group":"treatment","area_m2":4785,"km":0.17,"lon":101.78615,"lat":3.07331},"geometry":{"type":"Polygon","coordinates":[[[101.78587,3.07355],[101.78578,3.07308],[101.78659,3.07294],[101.78667,3.07341],[101.78587,3.07355]]]}},{"type":"Feature","properties":{"id":1272659817,"kind":"pond","group":"pond","area_m2":4756,"km":0.17,"lon":101.4291,"lat":2.86394},"geometry":{"type":"Polygon","coordinates":[[[101.42902,2.86459],[101.42929,2.86452],[101.4292,2.86337],[101.42895,2.86343],[101.42902,2.86459]]]}},{"type":"Feature","properties":{"id":544937171,"kind":"lake","group":"storage","area_m2":4755,"km":0.78,"lon":101.79591,"lat":2.90283},"geometry":{"type":"Polygon","coordinates":[[[101.79566,2.90324],[101.79542,2.90295],[101.79623,2.90231],[101.79646,2.9026],[101.79566,2.90324]]]}},{"type":"Feature","properties":{"id":972060042,"kind":"pond","group":"pond","area_m2":4746,"km":5.87,"lon":101.82479,"lat":2.68463},"geometry":{"type":"Polygon","coordinates":[[[101.82455,2.68437],[101.82465,2.68505],[101.82527,2.68505],[101.82485,2.68432],[101.82455,2.68437]]]}},{"type":"Feature","properties":{"id":1416075706,"kind":"wastewater","group":"treatment","area_m2":4741,"km":0.13,"lon":101.78625,"lat":3.07388},"geometry":{"type":"Polygon","coordinates":[[[101.78597,3.07413],[101.78588,3.07366],[101.78668,3.07352],[101.78677,3.07398],[101.78597,3.07413]]]}},{"type":"Feature","properties":{"id":372965197,"kind":"reservoir","group":"storage","area_m2":4718,"km":4.17,"lon":101.71217,"lat":2.97872},"geometry":{"type":"Polygon","coordinates":[[[101.71171,2.97881],[101.71234,2.97904],[101.71254,2.97859],[101.71197,2.9783],[101.71171,2.97881]]]}},{"type":"Feature","properties":{"id":620375312,"kind":"water","group":"other","area_m2":4712,"km":0.15,"lon":101.42104,"lat":2.82844},"geometry":{"type":"Polygon","coordinates":[[[101.42126,2.82827],[101.42114,2.8285],[101.4215,2.82878],[101.42054,2.82857],[101.42061,2.82818],[101.42082,2.82803],[101.42126,2.82827]]]}},{"type":"Feature","properties":{"id":256019003,"kind":"water","group":"other","area_m2":4706,"km":0.18,"lon":101.57424,"lat":2.81998},"geometry":{"type":"Polygon","coordinates":[[[101.57382,2.82034],[101.57376,2.8198],[101.57454,2.81968],[101.57462,2.81997],[101.57441,2.82019],[101.57382,2.82034]]]}},{"type":"Feature","properties":{"id":1222763693,"kind":"pond","group":"pond","area_m2":4656,"km":0.89,"lon":101.82834,"lat":2.90354},"geometry":{"type":"Polygon","coordinates":[[[101.8284,2.90431],[101.82816,2.90332],[101.82836,2.90301],[101.82865,2.90308],[101.8284,2.90431]]]}},{"type":"Feature","properties":{"id":1118024884,"kind":"pond","group":"pond","area_m2":4644,"km":2.3,"lon":101.76435,"lat":2.82298},"geometry":{"type":"Polygon","coordinates":[[[101.76378,2.82317],[101.7647,2.82238],[101.76488,2.8225],[101.76457,2.82271],[101.76443,2.82313],[101.76418,2.82324],[101.76418,2.82364],[101.76378,2.82317]]]}},{"type":"Feature","properties":{"id":662427166,"kind":"lake","group":"storage","area_m2":4624,"km":1.27,"lon":101.9279,"lat":2.92953},"geometry":{"type":"Polygon","coordinates":[[[101.92743,2.92941],[101.92777,2.92967],[101.92854,2.92975],[101.92844,2.92933],[101.92743,2.92941]]]}},{"type":"Feature","properties":{"id":1270783421,"kind":"pond","group":"pond","area_m2":4605,"km":0.23,"lon":101.42272,"lat":2.90677},"geometry":{"type":"Polygon","coordinates":[[[101.42249,2.90703],[101.42319,2.90697],[101.42307,2.90652],[101.4224,2.90653],[101.42249,2.90703]]]}},{"type":"Feature","properties":{"id":1222763704,"kind":"pond","group":"pond","area_m2":4600,"km":0.74,"lon":101.84798,"lat":2.91173},"geometry":{"type":"Polygon","coordinates":[[[101.84785,2.91199],[101.84809,2.91223],[101.84836,2.91204],[101.84807,2.91133],[101.84786,2.91121],[101.84768,2.9114],[101.84785,2.91199]]]}},{"type":"Feature","properties":{"id":1222763702,"kind":"pond","group":"pond","area_m2":4580,"km":0.52,"lon":101.83037,"lat":2.90867},"geometry":{"type":"Polygon","coordinates":[[[101.82983,2.90872],[101.82975,2.90853],[101.82987,2.90843],[101.83118,2.90867],[101.83111,2.9089],[101.82983,2.90872]]]}},{"type":"Feature","properties":{"id":295783814,"kind":"water","group":"other","area_m2":4578,"km":3.99,"lon":101.67064,"lat":2.9255},"geometry":{"type":"Polygon","coordinates":[[[101.67193,2.92378],[101.67134,2.92474],[101.67106,2.92582],[101.67016,2.9262],[101.66984,2.92589],[101.66968,2.92518],[101.67022,2.92616],[101.67096,2.92584],[101.67125,2.92471],[101.67193,2.92378]]]}},{"type":"Feature","properties":{"id":1271146362,"kind":"pond","group":"pond","area_m2":4575,"km":0.15,"lon":101.4277,"lat":2.89804},"geometry":{"type":"Polygon","coordinates":[[[101.42726,2.8981],[101.42763,2.89834],[101.42814,2.89792],[101.42778,2.89758],[101.42726,2.8981]]]}},{"type":"Feature","properties":{"id":122496417,"kind":"reservoir","group":"storage","area_m2":4560,"km":0.67,"lon":101.74649,"lat":3.07458},"geometry":{"type":"Polygon","coordinates":[[[101.7462,3.07479],[101.74692,3.0748],[101.74692,3.07428],[101.74621,3.07427],[101.7462,3.07479]]]}},{"type":"Feature","properties":{"id":1540955619,"kind":"water","group":"other","area_m2":4548,"km":0.61,"lon":101.77194,"lat":2.7737},"geometry":{"type":"Polygon","coordinates":[[[101.77184,2.77444],[101.77225,2.7743],[101.77231,2.77411],[101.77205,2.77396],[101.77208,2.77369],[101.77178,2.77341],[101.77207,2.77319],[101.77201,2.77297],[101.77172,2.77307],[101.77162,2.77329],[101.77207,2.77413],[101.77184,2.77444]]]}},{"type":"Feature","properties":{"id":1315467046,"kind":"pond","group":"pond","area_m2":4543,"km":0.58,"lon":101.76488,"lat":2.95882},"geometry":{"type":"Polygon","coordinates":[[[101.76485,2.95928],[101.76463,2.95918],[101.76472,2.95871],[101.76461,2.95837],[101.76479,2.95818],[101.76493,2.95821],[101.76498,2.95858],[101.7652,2.9588],[101.76505,2.95885],[101.76498,2.9587],[101.76507,2.95895],[101.76485,2.95928]]]}},{"type":"Feature","properties":{"id":745731919,"kind":"lake","group":"storage","area_m2":4542,"km":0.34,"lon":101.76276,"lat":2.76895},"geometry":{"type":"Polygon","coordinates":[[[101.76197,2.76893],[101.76274,2.76894],[101.76347,2.76942],[101.76344,2.76917],[101.7631,2.76902],[101.76292,2.76868],[101.76225,2.7687],[101.76197,2.76893]]]}},{"type":"Feature","properties":{"id":1271146318,"kind":"pond","group":"pond","area_m2":4539,"km":0.2,"lon":101.41679,"lat":2.89},"geometry":{"type":"Polygon","coordinates":[[[101.4164,2.88981],[101.41652,2.89012],[101.41688,2.89041],[101.41709,2.89025],[101.4166,2.88969],[101.4171,2.8902],[101.41722,2.89013],[101.41674,2.88958],[101.4164,2.88981]]]}},{"type":"Feature","properties":{"id":1271146291,"kind":"pond","group":"pond","area_m2":4533,"km":0.14,"lon":101.42108,"lat":2.87698},"geometry":{"type":"Polygon","coordinates":[[[101.42073,2.87693],[101.42125,2.87741],[101.42159,2.8771],[101.42104,2.87662],[101.42073,2.87693]]]}},{"type":"Feature","properties":{"id":1271146369,"kind":"pond","group":"pond","area_m2":4531,"km":0.12,"lon":101.42678,"lat":2.89875},"geometry":{"type":"Polygon","coordinates":[[[101.42624,2.89912],[101.42641,2.89925],[101.42729,2.89845],[101.42702,2.8983],[101.42624,2.89912]]]}},{"type":"Feature","properties":{"id":1272957950,"kind":"pond","group":"pond","area_m2":4514,"km":0.31,"lon":101.42597,"lat":2.84882},"geometry":{"type":"Polygon","coordinates":[[[101.42542,2.84901],[101.42653,2.84901],[101.42654,2.84874],[101.42541,2.84869],[101.42542,2.84901]]]}},{"type":"Feature","properties":{"id":1363788087,"kind":"pond","group":"pond","area_m2":4501,"km":1.89,"lon":101.88311,"lat":3.1115},"geometry":{"type":"Polygon","coordinates":[[[101.88259,3.11135],[101.88264,3.11115],[101.88379,3.11158],[101.88385,3.11176],[101.8836,3.11185],[101.88286,3.11166],[101.88259,3.11135]]]}},{"type":"Feature","properties":{"id":1271146338,"kind":"pond","group":"pond","area_m2":4498,"km":0.2,"lon":101.41407,"lat":2.89656},"geometry":{"type":"Polygon","coordinates":[[[101.41396,2.89687],[101.41456,2.89655],[101.41439,2.89615],[101.41374,2.89643],[101.41396,2.89687]]]}},{"type":"Feature","properties":{"id":659674243,"kind":"water","group":"other","area_m2":4487,"km":0.54,"lon":101.40861,"lat":2.84186},"geometry":{"type":"Polygon","coordinates":[[[101.40802,2.84195],[101.40813,2.84203],[101.40833,2.84183],[101.40901,2.84192],[101.40904,2.84208],[101.40884,2.84217],[101.40917,2.84219],[101.40942,2.8418],[101.40881,2.84187],[101.40869,2.84155],[101.40814,2.8416],[101.40802,2.84195]]]}},{"type":"Feature","properties":{"id":1270783454,"kind":"pond","group":"pond","area_m2":4480,"km":0.15,"lon":101.42511,"lat":2.91104},"geometry":{"type":"Polygon","coordinates":[[[101.42496,2.9112],[101.4257,2.91124],[101.42525,2.91076],[101.42458,2.91084],[101.42496,2.9112]]]}},{"type":"Feature","properties":{"id":302748934,"kind":"reservoir","group":"storage","area_m2":4471,"km":0.72,"lon":101.74352,"lat":3.02236},"geometry":{"type":"Polygon","coordinates":[[[101.74346,3.02272],[101.74317,3.02199],[101.74342,3.0219],[101.74407,3.02247],[101.74346,3.02272]]]}},{"type":"Feature","properties":{"id":1288767951,"kind":"pond","group":"pond","area_m2":4467,"km":0.14,"lon":101.76419,"lat":3.10165},"geometry":{"type":"Polygon","coordinates":[[[101.7642,3.10116],[101.76394,3.10119],[101.76389,3.10135],[101.76402,3.10176],[101.76393,3.10204],[101.76421,3.10202],[101.76411,3.10176],[101.76428,3.1016],[101.76482,3.10152],[101.76423,3.10136],[101.7642,3.10116]]]}},{"type":"Feature","properties":{"id":553884997,"kind":"water","group":"other","area_m2":4462,"km":0.54,"lon":101.83324,"lat":2.90826},"geometry":{"type":"Polygon","coordinates":[[[101.83259,2.90822],[101.83256,2.90805],[101.83276,2.90803],[101.83458,2.90846],[101.83259,2.90822]]]}},{"type":"Feature","properties":{"id":304754911,"kind":"reservoir","group":"storage","area_m2":4458,"km":0.15,"lon":101.83982,"lat":2.86418},"geometry":{"type":"Polygon","coordinates":[[[101.83962,2.86453],[101.83979,2.86464],[101.83993,2.86449],[101.84018,2.86349],[101.83993,2.86337],[101.83962,2.86453]]]}},{"type":"Feature","properties":{"id":1270783416,"kind":"pond","group":"pond","area_m2":4450,"km":0.24,"lon":101.42226,"lat":2.90597},"geometry":{"type":"Polygon","coordinates":[[[101.42216,2.90628],[101.42256,2.90628],[101.42245,2.90554],[101.42197,2.90557],[101.42216,2.90628]]]}},{"type":"Feature","properties":{"id":1270783441,"kind":"pond","group":"pond","area_m2":4437,"km":0.26,"lon":101.42339,"lat":2.91023},"geometry":{"type":"Polygon","coordinates":[[[101.42295,2.91],[101.42358,2.91067],[101.42388,2.91047],[101.42328,2.90988],[101.42295,2.91]]]}},{"type":"Feature","properties":{"id":1270783417,"kind":"pond","group":"pond","area_m2":4421,"km":0.18,"lon":101.42281,"lat":2.90596},"geometry":{"type":"Polygon","coordinates":[[[101.42259,2.90628],[101.42302,2.90626],[101.42296,2.90555],[101.42252,2.90557],[101.42259,2.90628]]]}},{"type":"Feature","properties":{"id":197634498,"kind":"water","group":"other","area_m2":4417,"km":0.61,"lon":101.77176,"lat":3.0872},"geometry":{"type":"Polygon","coordinates":[[[101.77152,3.08666],[101.77157,3.08647],[101.77187,3.08654],[101.77187,3.08799],[101.77152,3.08666]]]}},{"type":"Feature","properties":{"id":486263429,"kind":"pond","group":"pond","area_m2":4404,"km":2.28,"lon":101.58978,"lat":2.90718},"geometry":{"type":"Polygon","coordinates":[[[101.58922,2.90687],[101.5903,2.90763],[101.59027,2.90725],[101.58985,2.90698],[101.58922,2.90687]]]}},{"type":"Feature","properties":{"id":620526389,"kind":"water","group":"other","area_m2":4402,"km":0.31,"lon":101.41673,"lat":2.81933},"geometry":{"type":"Polygon","coordinates":[[[101.41722,2.81936],[101.41636,2.81961],[101.41624,2.81928],[101.41718,2.81902],[101.41722,2.81936]]]}},{"type":"Feature","properties":{"id":1423258727,"kind":"pond","group":"pond","area_m2":4395,"km":1.95,"lon":101.80897,"lat":2.99705},"geometry":{"type":"Polygon","coordinates":[[[101.80862,2.99678],[101.80935,2.99774],[101.80959,2.99769],[101.80857,2.99643],[101.80845,2.99658],[101.80862,2.99678]]]}},{"type":"Feature","properties":{"id":1271146364,"kind":"pond","group":"pond","area_m2":4376,"km":0.28,"lon":101.42641,"lat":2.89737},"geometry":{"type":"Polygon","coordinates":[[[101.42599,2.89733],[101.42658,2.8978],[101.42681,2.89742],[101.42617,2.89704],[101.42599,2.89733]]]}},{"type":"Feature","properties":{"id":302748935,"kind":"reservoir","group":"storage","area_m2":4368,"km":0.66,"lon":101.74389,"lat":3.02285},"geometry":{"type":"Polygon","coordinates":[[[101.7435,3.02282],[101.74368,3.02326],[101.74431,3.02304],[101.74415,3.02255],[101.7435,3.02282]]]}},{"type":"Feature","properties":{"id":1272659775,"kind":"pond","group":"pond","area_m2":4368,"km":0.3,"lon":101.4253,"lat":2.86153},"geometry":{"type":"Polygon","coordinates":[[[101.42484,2.86148],[101.42522,2.86187],[101.42572,2.86148],[101.42559,2.86126],[101.42484,2.86148]]]}},{"type":"Feature","properties":{"id":620526388,"kind":"water","group":"other","area_m2":4361,"km":0.32,"lon":101.4169,"lat":2.8197},"geometry":{"type":"Polygon","coordinates":[[[101.4173,2.81976],[101.41651,2.82],[101.41637,2.81967],[101.41726,2.81942],[101.4173,2.81976]]]}},{"type":"Feature","properties":{"id":372972626,"kind":"water","group":"other","area_m2":4357,"km":3.54,"lon":101.71554,"lat":2.99352},"geometry":{"type":"Polygon","coordinates":[[[101.71548,2.99395],[101.71528,2.99379],[101.7154,2.99362],[101.7154,2.99278],[101.71557,2.99282],[101.71564,2.9935],[101.71581,2.99367],[101.71565,2.99397],[101.71548,2.99395]]]}},{"type":"Feature","properties":{"id":1271146365,"kind":"pond","group":"pond","area_m2":4350,"km":0.24,"lon":101.42616,"lat":2.89788},"geometry":{"type":"Polygon","coordinates":[[[101.42581,2.89775],[101.42626,2.89821],[101.42658,2.89792],[101.42598,2.89741],[101.42581,2.89775]]]}},{"type":"Feature","properties":{"id":1271146359,"kind":"pond","group":"pond","area_m2":4338,"km":0.19,"lon":101.42901,"lat":2.89708},"geometry":{"type":"Polygon","coordinates":[[[101.42857,2.89685],[101.42916,2.8975],[101.42945,2.89737],[101.42882,2.89663],[101.42857,2.89685]]]}},{"type":"Feature","properties":{"id":649037471,"kind":"water","group":"other","area_m2":4329,"km":0.35,"lon":101.82794,"lat":3.10656},"geometry":{"type":"Polygon","coordinates":[[[101.82757,3.10607],[101.8281,3.10716],[101.82829,3.10723],[101.82839,3.10695],[101.82757,3.10607]]]}},{"type":"Feature","properties":{"id":1080255464,"kind":"basin","group":"treatment","area_m2":4314,"km":0.04,"lon":101.82443,"lat":2.84274},"geometry":{"type":"Polygon","coordinates":[[[101.82389,2.84327],[101.82404,2.84344],[101.82425,2.84332],[101.82468,2.84214],[101.82492,2.84221],[101.82506,2.84207],[101.82494,2.84191],[101.82474,2.84196],[101.8242,2.84299],[101.82389,2.84327]]]}},{"type":"Feature","properties":{"id":888321576,"kind":"wastewater","group":"treatment","area_m2":4309,"km":0.11,"lon":101.77112,"lat":2.96664},"geometry":{"type":"Polygon","coordinates":[[[101.77076,2.9668],[101.77076,2.96641],[101.77166,2.9664],[101.77166,2.96678],[101.77076,2.9668]]]}},{"type":"Feature","properties":{"id":28234621,"kind":"water","group":"other","area_m2":4305,"km":0.59,"lon":101.87348,"lat":2.90898},"geometry":{"type":"Polygon","coordinates":[[[101.8733,2.90961],[101.87326,2.90939],[101.87352,2.90902],[101.87333,2.90827],[101.8736,2.90817],[101.87353,2.90866],[101.87371,2.90939],[101.87354,2.9096],[101.8733,2.90961]]]}},{"type":"Feature","properties":{"id":1271146283,"kind":"pond","group":"pond","area_m2":4305,"km":0.14,"lon":101.42499,"lat":2.87611},"geometry":{"type":"Polygon","coordinates":[[[101.42463,2.87629],[101.42485,2.87644],[101.4255,2.87606],[101.42501,2.87573],[101.42463,2.87629]]]}},{"type":"Feature","properties":{"id":1261427237,"kind":"pond","group":"pond","area_m2":4304,"km":1.73,"lon":101.80284,"lat":2.97173},"geometry":{"type":"Polygon","coordinates":[[[101.80273,2.97176],[101.80335,2.97205],[101.80347,2.97165],[101.80329,2.97137],[101.80267,2.97171],[101.80233,2.97158],[101.80225,2.9721],[101.80243,2.97178],[101.80273,2.97176]]]}},{"type":"Feature","properties":{"id":1272957969,"kind":"pond","group":"pond","area_m2":4303,"km":0.19,"lon":101.42454,"lat":2.85516},"geometry":{"type":"Polygon","coordinates":[[[101.42415,2.85533],[101.42482,2.85544],[101.42495,2.85499],[101.42428,2.85489],[101.42415,2.85533]]]}},{"type":"Feature","properties":{"id":1272957962,"kind":"pond","group":"pond","area_m2":4301,"km":0.19,"lon":101.42471,"lat":2.85412},"geometry":{"type":"Polygon","coordinates":[[[101.42439,2.8543],[101.42501,2.85438],[101.42516,2.85391],[101.42448,2.85382],[101.42439,2.8543]]]}},{"type":"Feature","properties":{"id":492822802,"kind":"water","group":"other","area_m2":4291,"km":0.01,"lon":101.88234,"lat":3.07419},"geometry":{"type":"Polygon","coordinates":[[[101.88195,3.07364],[101.88228,3.07458],[101.8831,3.07529],[101.88224,3.07417],[101.88189,3.07334],[101.88195,3.07364]]]}},{"type":"Feature","properties":{"id":620527933,"kind":"water","group":"other","area_m2":4288,"km":0.31,"lon":101.41657,"lat":2.81856},"geometry":{"type":"Polygon","coordinates":[[[101.41704,2.8186],[101.41611,2.81884],[101.416,2.81854],[101.41693,2.81827],[101.41704,2.8186]]]}},{"type":"Feature","properties":{"id":1271146282,"kind":"pond","group":"pond","area_m2":4262,"km":0.14,"lon":101.42532,"lat":2.8765},"geometry":{"type":"Polygon","coordinates":[[[101.42484,2.87654],[101.42499,2.87682],[101.42584,2.87641],[101.42561,2.87617],[101.42484,2.87654]]]}},{"type":"Feature","properties":{"id":506438309,"kind":"pond","group":"pond","area_m2":4237,"km":1.0,"lon":101.83871,"lat":2.95598,"name":"flood retention pond"},"geometry":{"type":"Polygon","coordinates":[[[101.83853,2.95548],[101.8385,2.95643],[101.83888,2.95648],[101.8388,2.95543],[101.83853,2.95548]]]}},{"type":"Feature","properties":{"id":1032914089,"kind":"pond","group":"pond","area_m2":4236,"km":1.75,"lon":101.69499,"lat":2.84051},"geometry":{"type":"Polygon","coordinates":[[[101.69468,2.83998],[101.69472,2.84085],[101.69536,2.84073],[101.69542,2.84064],[101.69468,2.83998]]]}},{"type":"Feature","properties":{"id":297134323,"kind":"river","group":"channel","area_m2":4222,"km":0.17,"lon":101.48854,"lat":2.8871},"geometry":{"type":"Polygon","coordinates":[[[101.48898,2.88774],[101.48903,2.88764],[101.48861,2.88739],[101.4884,2.88683],[101.4884,2.88611],[101.48815,2.88623],[101.48819,2.88685],[101.48852,2.88752],[101.48898,2.88774]]]}},{"type":"Feature","properties":{"id":1272957961,"kind":"pond","group":"pond","area_m2":4219,"km":0.2,"lon":101.42482,"lat":2.85359},"geometry":{"type":"Polygon","coordinates":[[[101.42448,2.85378],[101.42515,2.85382],[101.42525,2.85336],[101.42459,2.8533],[101.42448,2.85378]]]}},{"type":"Feature","properties":{"id":662311685,"kind":"pond","group":"pond","area_m2":4216,"km":1.78,"lon":101.69618,"lat":2.82445,"name":"Kolam Tadahan"},"geometry":{"type":"Polygon","coordinates":[[[101.69594,2.82467],[101.69597,2.82407],[101.69655,2.82413],[101.69649,2.82472],[101.69594,2.82467]]]}},{"type":"Feature","properties":{"id":1270783448,"kind":"pond","group":"pond","area_m2":4215,"km":0.15,"lon":101.42417,"lat":2.9112},"geometry":{"type":"Polygon","coordinates":[[[101.42375,2.91131],[101.42481,2.91135],[101.42425,2.91082],[101.42377,2.91115],[101.42375,2.91131]]]}},{"type":"Feature","properties":{"id":1271146321,"kind":"pond","group":"pond","area_m2":4214,"km":0.14,"lon":101.41484,"lat":2.89035},"geometry":{"type":"Polygon","coordinates":[[[101.41448,2.89033],[101.41477,2.89074],[101.41529,2.8903],[101.41499,2.88999],[101.41448,2.89033]]]}},{"type":"Feature","properties":{"id":1272659773,"kind":"pond","group":"pond","area_m2":4205,"km":0.21,"lon":101.42437,"lat":2.8617},"geometry":{"type":"Polygon","coordinates":[[[101.42421,2.86207],[101.42484,2.86169],[101.42478,2.86149],[101.4239,2.86159],[101.42421,2.86207]]]}},{"type":"Feature","properties":{"id":1271688334,"kind":"pond","group":"pond","area_m2":4200,"km":0.16,"lon":101.43387,"lat":2.90382},"geometry":{"type":"Polygon","coordinates":[[[101.43368,2.90429],[101.43404,2.90404],[101.43409,2.90342],[101.43393,2.90331],[101.43369,2.90341],[101.43368,2.90429]]]}},{"type":"Feature","properties":{"id":1272957946,"kind":"pond","group":"pond","area_m2":4191,"km":0.16,"lon":101.42461,"lat":2.84907},"geometry":{"type":"Polygon","coordinates":[[[101.42451,2.8494],[101.42483,2.8494],[101.42484,2.84862],[101.4244,2.84863],[101.42451,2.8494]]]}},{"type":"Feature","properties":{"id":1120013524,"kind":"lake","group":"storage","area_m2":4190,"km":0.0,"lon":101.87628,"lat":3.06423},"geometry":{"type":"Polygon","coordinates":[[[101.8758,3.06354],[101.87572,3.06368],[101.876,3.0642],[101.87644,3.06463],[101.87692,3.06483],[101.8758,3.06354]]]}},{"type":"Feature","properties":{"id":1271688293,"kind":"pond","group":"pond","area_m2":4167,"km":0.18,"lon":101.44007,"lat":2.90053},"geometry":{"type":"Polygon","coordinates":[[[101.43976,2.90078],[101.44041,2.90063],[101.44042,2.90023],[101.43966,2.90036],[101.43976,2.90078]]]}},{"type":"Feature","properties":{"id":370532787,"kind":"water","group":"other","area_m2":4158,"km":2.34,"lon":101.77976,"lat":2.84023},"geometry":{"type":"Polygon","coordinates":[[[101.77933,2.83991],[101.78021,2.84101],[101.77965,2.83968],[101.77933,2.83991]]]}},{"type":"Feature","properties":{"id":620527934,"kind":"water","group":"other","area_m2":4158,"km":0.31,"lon":101.41665,"lat":2.81894},"geometry":{"type":"Polygon","coordinates":[[[101.41715,2.81897],[101.41623,2.81923],[101.41614,2.81893],[101.41706,2.81865],[101.41715,2.81897]]]}},{"type":"Feature","properties":{"id":1271146361,"kind":"pond","group":"pond","area_m2":4153,"km":0.17,"lon":101.42827,"lat":2.89764},"geometry":{"type":"Polygon","coordinates":[[[101.42787,2.89749],[101.4283,2.89797],[101.42866,2.89779],[101.4282,2.89721],[101.42787,2.89749]]]}},{"type":"Feature","properties":{"id":1271146360,"kind":"pond","group":"pond","area_m2":4151,"km":0.19,"lon":101.42858,"lat":2.8973},"geometry":{"type":"Polygon","coordinates":[[[101.42822,2.89712],[101.42872,2.89772],[101.42907,2.89755],[101.42849,2.8969],[101.42822,2.89712]]]}},{"type":"Feature","properties":{"id":497797472,"kind":"water","group":"other","area_m2":4128,"km":1.15,"lon":101.87054,"lat":2.96792},"geometry":{"type":"Polygon","coordinates":[[[101.87032,2.96822],[101.87078,2.9682],[101.87071,2.96747],[101.87029,2.96752],[101.87032,2.96822]]]}},{"type":"Feature","properties":{"id":1005482523,"kind":"pond","group":"pond","area_m2":4105,"km":0.64,"lon":101.80688,"lat":2.8086,"name":"Kolam Takungan JPS"},"geometry":{"type":"Polygon","coordinates":[[[101.80688,2.80891],[101.80671,2.80896],[101.80645,2.80863],[101.80685,2.80826],[101.80715,2.8085],[101.80688,2.80891]]]}},{"type":"Feature","properties":{"id":1271146322,"kind":"pond","group":"pond","area_m2":4097,"km":0.14,"lon":101.41425,"lat":2.89076},"geometry":{"type":"Polygon","coordinates":[[[101.4139,2.89073],[101.41427,2.89112],[101.41468,2.89077],[101.41434,2.89037],[101.4139,2.89073]]]}},{"type":"Feature","properties":{"id":661084394,"kind":"pond","group":"pond","area_m2":4084,"km":2.56,"lon":101.70582,"lat":2.82418,"name":"Kolam Tadahan"},"geometry":{"type":"Polygon","coordinates":[[[101.70468,2.82442],[101.70607,2.8242],[101.70624,2.82397],[101.70653,2.82394],[101.70643,2.82433],[101.70468,2.82442]]]}},{"type":"Feature","properties":{"id":620521121,"kind":"water","group":"other","area_m2":4059,"km":0.33,"lon":101.41714,"lat":2.82077},"geometry":{"type":"Polygon","coordinates":[[[101.41718,2.82087],[101.41654,2.82101],[101.41647,2.8208],[101.41775,2.82053],[101.41776,2.82075],[101.41718,2.82087]]]}},{"type":"Feature","properties":{"id":1270783437,"kind":"pond","group":"pond","area_m2":4046,"km":0.24,"lon":101.42216,"lat":2.90959},"geometry":{"type":"Polygon","coordinates":[[[101.42183,2.9093],[101.42224,2.91005],[101.42259,2.90993],[101.42215,2.90921],[101.42183,2.9093]]]}},{"type":"Feature","properties":{"id":1270783436,"kind":"pond","group":"pond","area_m2":4043,"km":0.29,"lon":101.42265,"lat":2.90947},"geometry":{"type":"Polygon","coordinates":[[[101.42221,2.90917],[101.42266,2.90986],[101.42295,2.90976],[101.42301,2.90953],[101.42246,2.90906],[101.42221,2.90917]]]}},{"type":"Feature","properties":{"id":1508744663,"kind":"pond","group":"pond","area_m2":4043,"km":0.6,"lon":101.86877,"lat":2.99885},"geometry":{"type":"Polygon","coordinates":[[[101.86866,2.99931],[101.86898,2.9989],[101.86907,2.99824],[101.8687,2.99856],[101.86845,2.99908],[101.86856,2.99939],[101.86866,2.99931]]]}},{"type":"Feature","properties":{"id":1213784861,"kind":"water","group":"other","area_m2":4041,"km":0.07,"lon":101.79421,"lat":3.04342},"geometry":{"type":"Polygon","coordinates":[[[101.79374,3.04339],[101.79409,3.04362],[101.79491,3.04361],[101.79435,3.04325],[101.7936,3.04311],[101.79374,3.04339]]]}},{"type":"Feature","properties":{"id":404363017,"kind":"pond","group":"pond","area_m2":4026,"km":0.37,"lon":101.84481,"lat":2.92152,"name":"flood retention pond"},"geometry":{"type":"Polygon","coordinates":[[[101.84488,2.92186],[101.8451,2.92123],[101.84497,2.92097],[101.84478,2.92103],[101.84459,2.92159],[101.84465,2.92203],[101.84479,2.92206],[101.84488,2.92186]]]}},{"type":"Feature","properties":{"id":1272957963,"kind":"pond","group":"pond","area_m2":4019,"km":0.19,"lon":101.42462,"lat":2.85466},"geometry":{"type":"Polygon","coordinates":[[[101.42428,2.85481],[101.42494,2.8549],[101.42505,2.85448],[101.42438,2.85437],[101.42428,2.85481]]]}},{"type":"Feature","properties":{"id":700246083,"kind":"pond","group":"pond","area_m2":4018,"km":1.68,"lon":101.74626,"lat":2.81079,"name":"Tasik Teratai"},"geometry":{"type":"Polygon","coordinates":[[[101.74621,2.81016],[101.7463,2.81003],[101.74646,2.81016],[101.74656,2.81058],[101.74617,2.8117],[101.74607,2.81149],[101.74639,2.81043],[101.74621,2.81016]]]}},{"type":"Feature","properties":{"id":1270783455,"kind":"pond","group":"pond","area_m2":4016,"km":0.22,"lon":101.42534,"lat":2.91043},"geometry":{"type":"Polygon","coordinates":[[[101.42528,2.91067],[101.42587,2.91057],[101.42545,2.91017],[101.42483,2.91017],[101.42528,2.91067]]]}},{"type":"Feature","properties":{"id":492980758,"kind":"pond","group":"pond","area_m2":4005,"km":0.07,"lon":101.86757,"lat":3.02398},"geometry":{"type":"Polygon","coordinates":[[[101.86744,3.02425],[101.86805,3.024],[101.86787,3.02373],[101.86748,3.02361],[101.86731,3.0239],[101.86744,3.02425]]]}},{"type":"Feature","properties":{"id":1272659824,"kind":"pond","group":"pond","area_m2":4004,"km":0.15,"lon":101.43152,"lat":2.8637},"geometry":{"type":"Polygon","coordinates":[[[101.43142,2.86415],[101.43171,2.86408],[101.43163,2.86324],[101.43131,2.86328],[101.43142,2.86415]]]}},{"type":"Feature","properties":{"id":404363015,"kind":"pond","group":"pond","area_m2":3992,"km":0.23,"lon":101.84523,"lat":2.92027,"name":"flood retention pond"},"geometry":{"type":"Polygon","coordinates":[[[101.8453,2.91972],[101.84489,2.92087],[101.84518,2.92083],[101.84547,2.92017],[101.84549,2.9198],[101.8453,2.91972]]]}},{"type":"Feature","properties":{"id":1271688326,"kind":"pond","group":"pond","area_m2":3970,"km":0.33,"lon":101.4363,"lat":2.90264},"geometry":{"type":"Polygon","coordinates":[[[101.43586,2.90293],[101.4367,2.90265],[101.43673,2.90232],[101.4359,2.90262],[101.43586,2.90293]]]}},{"type":"Feature","properties":{"id":1271146352,"kind":"pond","group":"pond","area_m2":3965,"km":0.12,"lon":101.42943,"lat":2.89349},"geometry":{"type":"Polygon","coordinates":[[[101.42946,2.89386],[101.42979,2.89367],[101.42936,2.893],[101.42907,2.8932],[101.42946,2.89386]]]}},{"type":"Feature","properties":{"id":1271146333,"kind":"pond","group":"pond","area_m2":3964,"km":0.13,"lon":101.41232,"lat":2.89447},"geometry":{"type":"Polygon","coordinates":[[[101.4121,2.89472],[101.41261,2.89464],[101.41267,2.89426],[101.41199,2.89414],[101.4121,2.89472]]]}},{"type":"Feature","properties":{"id":1519008992,"kind":"water","group":"other","area_m2":3936,"km":0.49,"lon":101.75843,"lat":2.78059},"geometry":{"type":"Polygon","coordinates":[[[101.758,2.78057],[101.75853,2.78088],[101.75896,2.78064],[101.7583,2.78039],[101.75798,2.78044],[101.758,2.78057]]]}},{"type":"Feature","properties":{"id":1270783442,"kind":"pond","group":"pond","area_m2":3912,"km":0.23,"lon":101.42303,"lat":2.91044},"geometry":{"type":"Polygon","coordinates":[[[101.42258,2.91017],[101.42327,2.91087],[101.42351,2.91078],[101.42291,2.91009],[101.42258,2.91017]]]}},{"type":"Feature","properties":{"id":1272957947,"kind":"pond","group":"pond","area_m2":3912,"km":0.21,"lon":101.42511,"lat":2.84905},"geometry":{"type":"Polygon","coordinates":[[[101.42493,2.84943],[101.42527,2.84943],[101.42531,2.84863],[101.42496,2.84861],[101.42493,2.84943]]]}},{"type":"Feature","properties":{"id":1271146312,"kind":"pond","group":"pond","area_m2":3889,"km":0.3,"lon":101.41807,"lat":2.89031},"geometry":{"type":"Polygon","coordinates":[[[101.41801,2.89063],[101.41846,2.8903],[101.41816,2.88992],[101.4178,2.89017],[101.41801,2.89063]]]}},{"type":"Feature","properties":{"id":1271146357,"kind":"pond","group":"pond","area_m2":3882,"km":0.22,"lon":101.42954,"lat":2.89611},"geometry":{"type":"Polygon","coordinates":[[[101.42916,2.89618],[101.42946,2.89651],[101.42995,2.89604],[101.42954,2.89582],[101.42916,2.89618]]]}},{"type":"Feature","properties":{"id":1271146332,"kind":"pond","group":"pond","area_m2":3876,"km":0.13,"lon":101.41226,"lat":2.89394},"geometry":{"type":"Polygon","coordinates":[[[101.41193,2.89406],[101.41262,2.89418],[101.41268,2.8938],[101.41195,2.89367],[101.41193,2.89406]]]}},{"type":"Feature","properties":{"id":1271688333,"kind":"pond","group":"pond","area_m2":3858,"km":0.19,"lon":101.43433,"lat":2.90355},"geometry":{"type":"Polygon","coordinates":[[[101.43408,2.90404],[101.43452,2.90375],[101.43448,2.90315],[101.43418,2.90319],[101.43408,2.90404]]]}},{"type":"Feature","properties":{"id":1271146281,"kind":"pond","group":"pond","area_m2":3857,"km":0.15,"lon":101.42556,"lat":2.87685},"geometry":{"type":"Polygon","coordinates":[[[101.42527,2.87714],[101.42602,2.87684],[101.42596,2.87656],[101.42511,2.87686],[101.42527,2.87714]]]}},{"type":"Feature","properties":{"id":420032832,"kind":"pond","group":"pond","area_m2":3854,"km":0.06,"lon":101.87089,"lat":2.82743},"geometry":{"type":"Polygon","coordinates":[[[101.87033,2.82756],[101.87031,2.82769],[101.87068,2.82769],[101.8713,2.82749],[101.87148,2.82728],[101.87135,2.82711],[101.87033,2.82756]]]}},{"type":"Feature","properties":{"id":1272659783,"kind":"pond","group":"pond","area_m2":3844,"km":0.31,"lon":101.42591,"lat":2.8621},"geometry":{"type":"Polygon","coordinates":[[[101.42547,2.86235],[101.42572,2.86256],[101.42631,2.86173],[101.42608,2.86162],[101.42547,2.86235]]]}},{"type":"Feature","properties":{"id":1271146296,"kind":"pond","group":"pond","area_m2":3813,"km":0.13,"lon":101.42032,"lat":2.87921},"geometry":{"type":"Polygon","coordinates":[[[101.42001,2.87933],[101.42062,2.87943],[101.42074,2.87913],[101.42006,2.87887],[101.42001,2.87933]]]}},{"type":"Feature","properties":{"id":1118025263,"kind":"lake","group":"storage","area_m2":3796,"km":1.24,"lon":101.77135,"lat":2.81526},"geometry":{"type":"Polygon","coordinates":[[[101.77144,2.81471],[101.77127,2.81467],[101.77116,2.8149],[101.77127,2.81582],[101.77148,2.81534],[101.77144,2.81471]]]}},{"type":"Feature","properties":{"id":375397699,"kind":"stream","group":"channel","area_m2":3786,"km":2.15,"lon":101.51292,"lat":2.7934},"geometry":{"type":"Polygon","coordinates":[[[101.51294,2.78957],[101.51297,2.78943],[101.51291,2.79841],[101.51294,2.78957]]]}},{"type":"Feature","properties":{"id":1180364146,"kind":"pond","group":"pond","area_m2":3783,"km":0.04,"lon":101.83287,"lat":3.11715},"geometry":{"type":"Polygon","coordinates":[[[101.83267,3.1175],[101.83316,3.11742],[101.83316,3.11695],[101.83265,3.11691],[101.83267,3.1175]]]}},{"type":"Feature","properties":{"id":1271688287,"kind":"pond","group":"pond","area_m2":3746,"km":0.31,"lon":101.44842,"lat":2.89907},"geometry":{"type":"Polygon","coordinates":[[[101.44811,2.89937],[101.44879,2.89907],[101.44869,2.89869],[101.44805,2.89903],[101.44811,2.89937]]]}},{"type":"Feature","properties":{"id":1270783449,"kind":"pond","group":"pond","area_m2":3744,"km":0.25,"lon":101.42453,"lat":2.90894},"geometry":{"type":"Polygon","coordinates":[[[101.42439,2.90927],[101.42475,2.90928],[101.42469,2.90854],[101.4243,2.90863],[101.42439,2.90927]]]}},{"type":"Feature","properties":{"id":1271688276,"kind":"pond","group":"pond","area_m2":3732,"km":0.18,"lon":101.45058,"lat":2.89777},"geometry":{"type":"Polygon","coordinates":[[[101.45045,2.89813],[101.45075,2.89787],[101.45091,2.89733],[101.45019,2.89781],[101.45045,2.89813]]]}},{"type":"Feature","properties":{"id":776156373,"kind":"reservoir","group":"storage","area_m2":3731,"km":2.03,"lon":101.8051,"lat":2.98486},"geometry":{"type":"Polygon","coordinates":[[[101.80493,2.98517],[101.80485,2.98466],[101.80513,2.98442],[101.80543,2.98511],[101.80493,2.98517]]]}},{"type":"Feature","properties":{"id":492984450,"kind":"pond","group":"pond","area_m2":3712,"km":0.18,"lon":101.86847,"lat":3.02131},"geometry":{"type":"Polygon","coordinates":[[[101.86822,3.02106],[101.86847,3.02092],[101.8688,3.02114],[101.86874,3.02162],[101.86852,3.02184],[101.86838,3.02168],[101.86854,3.02128],[101.86822,3.02106]]]}},{"type":"Feature","properties":{"id":1271146323,"kind":"pond","group":"pond","area_m2":3711,"km":0.14,"lon":101.41379,"lat":2.89119},"geometry":{"type":"Polygon","coordinates":[[[101.41342,2.89114],[101.41388,2.89156],[101.41412,2.89115],[101.41384,2.89082],[101.41342,2.89114]]]}},{"type":"Feature","properties":{"id":1271146331,"kind":"pond","group":"pond","area_m2":3710,"km":0.12,"lon":101.41224,"lat":2.89349},"geometry":{"type":"Polygon","coordinates":[[[101.41191,2.89359],[101.41264,2.89372],[101.41271,2.89336],[101.41201,2.89325],[101.41191,2.89359]]]}},{"type":"Feature","properties":{"id":1210102978,"kind":"pond","group":"pond","area_m2":3694,"km":2.16,"lon":101.76451,"lat":2.82048},"geometry":{"type":"Polygon","coordinates":[[[101.76443,2.82089],[101.76401,2.82031],[101.76501,2.82025],[101.76443,2.82089]]]}},{"type":"Feature","properties":{"id":1273991936,"kind":"pond","group":"pond","area_m2":3692,"km":0.12,"lon":101.44387,"lat":2.87002},"geometry":{"type":"Polygon","coordinates":[[[101.44365,2.87032],[101.44426,2.86999],[101.44417,2.86966],[101.44358,2.86991],[101.44365,2.87032]]]}},{"type":"Feature","properties":{"id":479502991,"kind":"water","group":"other","area_m2":3688,"km":4.17,"lon":101.68311,"lat":2.92965},"geometry":{"type":"Polygon","coordinates":[[[101.68284,2.92952],[101.68299,2.92937],[101.68329,2.9294],[101.68337,2.92984],[101.68292,2.9299],[101.68284,2.92952]]]}},{"type":"Feature","properties":{"id":1272659805,"kind":"pond","group":"pond","area_m2":3687,"km":0.15,"lon":101.42735,"lat":2.86418},"geometry":{"type":"Polygon","coordinates":[[[101.42701,2.8642],[101.42744,2.86448],[101.42777,2.86414],[101.42733,2.86379],[101.42701,2.8642]]]}},{"type":"Feature","properties":{"id":1271146351,"kind":"pond","group":"pond","area_m2":3683,"km":0.09,"lon":101.42897,"lat":2.89273},"geometry":{"type":"Polygon","coordinates":[[[101.42899,2.89309],[101.42935,2.89292],[101.42881,2.8923],[101.42861,2.89244],[101.42899,2.89309]]]}},{"type":"Feature","properties":{"id":1270783440,"kind":"pond","group":"pond","area_m2":3673,"km":0.11,"lon":101.42113,"lat":2.90999},"geometry":{"type":"Polygon","coordinates":[[[101.42116,2.91037],[101.42145,2.9102],[101.42104,2.90947],[101.4208,2.9095],[101.42116,2.91037]]]}},{"type":"Feature","properties":{"id":1271688317,"kind":"pond","group":"pond","area_m2":3669,"km":0.3,"lon":101.43628,"lat":2.90223},"geometry":{"type":"Polygon","coordinates":[[[101.43589,2.90252],[101.43673,2.90222],[101.43675,2.90188],[101.43591,2.90219],[101.43589,2.90252]]]}},{"type":"Feature","properties":{"id":1363791709,"kind":"pond","group":"pond","area_m2":3667,"km":0.1,"lon":101.85021,"lat":3.16826},"geometry":{"type":"Polygon","coordinates":[[[101.84961,3.16843],[101.85004,3.16866],[101.85056,3.16842],[101.8506,3.16807],[101.85037,3.16787],[101.85045,3.16837],[101.85025,3.16839],[101.84985,3.16807],[101.84961,3.16843]]]}},{"type":"Feature","properties":{"id":1270783443,"kind":"pond","group":"pond","area_m2":3650,"km":0.2,"lon":101.42261,"lat":2.91056},"geometry":{"type":"Polygon","coordinates":[[[101.42222,2.91033],[101.42263,2.91084],[101.4232,2.91093],[101.42253,2.91026],[101.42222,2.91033]]]}},{"type":"Feature","properties":{"id":1271688278,"kind":"pond","group":"pond","area_m2":3649,"km":0.21,"lon":101.44986,"lat":2.89827},"geometry":{"type":"Polygon","coordinates":[[[101.44984,2.89847],[101.45034,2.89819],[101.45015,2.89787],[101.44953,2.8982],[101.44964,2.89846],[101.44984,2.89847]]]}},{"type":"Feature","properties":{"id":1272659710,"kind":"pond","group":"pond","area_m2":3645,"km":0.23,"lon":101.42446,"lat":2.85693},"geometry":{"type":"Polygon","coordinates":[[[101.42411,2.85711],[101.42496,2.85701],[101.425,2.85679],[101.42417,2.85669],[101.42411,2.85711]]]}},{"type":"Feature","properties":{"id":1299114744,"kind":"pond","group":"pond","area_m2":3639,"km":2.14,"lon":101.80429,"lat":2.95624},"geometry":{"type":"Polygon","coordinates":[[[101.80393,2.95614],[101.80451,2.95655],[101.80487,2.95641],[101.80421,2.95599],[101.8039,2.95598],[101.80393,2.95614]]]}},{"type":"Feature","properties":{"id":1271688316,"kind":"pond","group":"pond","area_m2":3614,"km":0.26,"lon":101.43634,"lat":2.9018},"geometry":{"type":"Polygon","coordinates":[[[101.43591,2.90208],[101.43672,2.9018],[101.43675,2.90148],[101.43594,2.90174],[101.43591,2.90208]]]}},{"type":"Feature","properties":{"id":291474763,"kind":"reservoir","group":"storage","area_m2":3609,"km":0.11,"lon":101.7378,"lat":2.88932},"geometry":{"type":"Polygon","coordinates":[[[101.73737,2.88931],[101.73726,2.88909],[101.7378,2.88903],[101.73815,2.88921],[101.73823,2.88947],[101.73806,2.88968],[101.73787,2.88938],[101.73737,2.88931]]]}},{"type":"Feature","properties":{"id":1064117530,"kind":"pond","group":"pond","area_m2":3596,"km":0.52,"lon":101.68368,"lat":2.84255},"geometry":{"type":"Polygon","coordinates":[[[101.68298,2.84282],[101.68346,2.84277],[101.68455,2.84221],[101.68419,2.84223],[101.68298,2.84282]]]}},{"type":"Feature","properties":{"id":1330121289,"kind":"lake","group":"storage","area_m2":3590,"km":1.06,"lon":101.74069,"lat":2.77046},"geometry":{"type":"Polygon","coordinates":[[[101.74023,2.77053],[101.74074,2.77048],[101.74124,2.77075],[101.74138,2.77052],[101.74053,2.77021],[101.74005,2.77041],[101.74023,2.77053]]]}},{"type":"Feature","properties":{"id":1270783422,"kind":"pond","group":"pond","area_m2":3589,"km":0.29,"lon":101.42217,"lat":2.90687},"geometry":{"type":"Polygon","coordinates":[[[101.42207,2.90719],[101.42247,2.90714],[101.42232,2.9065],[101.42195,2.90652],[101.42207,2.90719]]]}},{"type":"Feature","properties":{"id":1270783447,"kind":"pond","group":"pond","area_m2":3580,"km":0.19,"lon":101.42372,"lat":2.91086},"geometry":{"type":"Polygon","coordinates":[[[101.42332,2.91104],[101.42375,2.91112],[101.42419,2.91077],[101.4239,2.91051],[101.42332,2.91104]]]}},{"type":"Feature","properties":{"id":1271688282,"kind":"pond","group":"pond","area_m2":3573,"km":0.25,"lon":101.44916,"lat":2.89864},"geometry":{"type":"Polygon","coordinates":[[[101.44889,2.89891],[101.44959,2.8986],[101.44946,2.89829],[101.44877,2.89864],[101.44889,2.89891]]]}},{"type":"Feature","properties":{"id":125754482,"kind":"water","group":"other","area_m2":3569,"km":0.69,"lon":101.85349,"lat":2.94051},"geometry":{"type":"Polygon","coordinates":[[[101.8535,2.94017],[101.85313,2.94069],[101.85319,2.94088],[101.85379,2.94071],[101.85363,2.94018],[101.8535,2.94017]]]}},{"type":"Feature","properties":{"id":1018280625,"kind":"pond","group":"pond","area_m2":3569,"km":1.14,"lon":101.73431,"lat":2.91049},"geometry":{"type":"Polygon","coordinates":[[[101.73402,2.91068],[101.7346,2.91067],[101.73479,2.91026],[101.73415,2.91017],[101.73402,2.91068]]]}},{"type":"Feature","properties":{"id":1270783423,"kind":"pond","group":"pond","area_m2":3559,"km":0.3,"lon":101.42173,"lat":2.90691},"geometry":{"type":"Polygon","coordinates":[[[101.42158,2.90719],[101.42202,2.90718],[101.42185,2.90651],[101.42151,2.90658],[101.42158,2.90719]]]}},{"type":"Feature","properties":{"id":370527222,"kind":"wastewater","group":"treatment","area_m2":3550,"km":2.56,"lon":101.78441,"lat":2.84248},"geometry":{"type":"Polygon","coordinates":[[[101.78422,2.84274],[101.78416,2.8423],[101.78452,2.84209],[101.78476,2.84248],[101.78422,2.84274]]]}},{"type":"Feature","properties":{"id":613739564,"kind":"pond","group":"pond","area_m2":3546,"km":0.1,"lon":101.68927,"lat":2.80639},"geometry":{"type":"Polygon","coordinates":[[[101.68895,2.80659],[101.68935,2.80625],[101.68934,2.80598],[101.68963,2.80628],[101.68921,2.80692],[101.68895,2.80659]]]}},{"type":"Feature","properties":{"id":420061708,"kind":"pond","group":"pond","area_m2":3539,"km":0.69,"lon":101.85623,"lat":2.86632},"geometry":{"type":"Polygon","coordinates":[[[101.85566,2.86624],[101.85616,2.86656],[101.85681,2.86634],[101.85588,2.86613],[101.85566,2.86624]]]}},{"type":"Feature","properties":{"id":1363788089,"kind":"pond","group":"pond","area_m2":3537,"km":1.78,"lon":101.88356,"lat":3.11394},"geometry":{"type":"Polygon","coordinates":[[[101.88324,3.11437],[101.88316,3.11374],[101.88366,3.11397],[101.88399,3.11382],[101.88412,3.11397],[101.88324,3.11437]]]}},{"type":"Feature","properties":{"id":1272659754,"kind":"pond","group":"pond","area_m2":3536,"km":0.3,"lon":101.42472,"lat":2.85913},"geometry":{"type":"Polygon","coordinates":[[[101.42419,2.85931],[101.42541,2.85911],[101.4253,2.85895],[101.42464,2.85903],[101.42417,2.85913],[101.42419,2.85931]]]}},{"type":"Feature","properties":{"id":649037468,"kind":"water","group":"other","area_m2":3534,"km":0.04,"lon":101.83051,"lat":3.10787},"geometry":{"type":"Polygon","coordinates":[[[101.8306,3.10747],[101.83018,3.10802],[101.83045,3.1083],[101.83078,3.1079],[101.8306,3.10747]]]}},{"type":"Feature","properties":{"id":659673595,"kind":"water","group":"other","area_m2":3534,"km":0.91,"lon":101.40536,"lat":2.84394},"geometry":{"type":"Polygon","coordinates":[[[101.40527,2.84473],[101.40548,2.84473],[101.40557,2.84452],[101.40532,2.84336],[101.40543,2.84312],[101.40519,2.84335],[101.40537,2.84407],[101.40527,2.84473]]]}},{"type":"Feature","properties":{"id":1271146353,"kind":"pond","group":"pond","area_m2":3522,"km":0.14,"lon":101.42988,"lat":2.89421},"geometry":{"type":"Polygon","coordinates":[[[101.42973,2.89437],[101.43023,2.89446],[101.42982,2.89378],[101.42952,2.8939],[101.42973,2.89437]]]}},{"type":"Feature","properties":{"id":1272659774,"kind":"pond","group":"pond","area_m2":3522,"km":0.21,"lon":101.42471,"lat":2.86214},"geometry":{"type":"Polygon","coordinates":[[[101.42434,2.86221],[101.42464,2.86252],[101.42509,2.86193],[101.42487,2.86179],[101.42434,2.86221]]]}},{"type":"Feature","properties":{"id":1080236585,"kind":"pond","group":"pond","area_m2":3519,"km":1.17,"lon":101.80009,"lat":2.82709},"geometry":{"type":"Polygon","coordinates":[[[101.79982,2.82726],[101.79987,2.8274],[101.80023,2.8274],[101.80044,2.82712],[101.8004,2.82688],[101.80012,2.8268],[101.79982,2.82726]]]}},{"type":"Feature","properties":{"id":649037435,"kind":"water","group":"other","area_m2":3513,"km":0.37,"lon":101.82684,"lat":3.11125},"geometry":{"type":"Polygon","coordinates":[[[101.82669,3.11077],[101.82692,3.11188],[101.82719,3.11179],[101.82669,3.11077]]]}},{"type":"Feature","properties":{"id":1211536327,"kind":"basin","group":"treatment","area_m2":3508,"km":0.83,"lon":101.79986,"lat":3.061},"geometry":{"type":"Polygon","coordinates":[[[101.8001,3.0613],[101.80022,3.06127],[101.80012,3.06101],[101.79959,3.06056],[101.79939,3.06087],[101.8001,3.0613]]]}},{"type":"Feature","properties":{"id":1080097740,"kind":"pond","group":"pond","area_m2":3496,"km":2.05,"lon":101.73191,"lat":2.96812},"geometry":{"type":"Polygon","coordinates":[[[101.73132,2.96804],[101.73207,2.96795],[101.73241,2.96805],[101.73255,2.96827],[101.73242,2.96839],[101.73132,2.96804]]]}},{"type":"Feature","properties":{"id":1272659793,"kind":"pond","group":"pond","area_m2":3496,"km":0.29,"lon":101.42659,"lat":2.86275},"geometry":{"type":"Polygon","coordinates":[[[101.42626,2.86298],[101.42648,2.86314],[101.42704,2.86249],[101.42674,2.86232],[101.42626,2.86298]]]}},{"type":"Feature","properties":{"id":620527938,"kind":"water","group":"other","area_m2":3492,"km":0.28,"lon":101.41619,"lat":2.81758},"geometry":{"type":"Polygon","coordinates":[[[101.41674,2.81745],[101.41583,2.81778],[101.41565,2.81756],[101.41672,2.8172],[101.41674,2.81745]]]}},{"type":"Feature","properties":{"id":1272659799,"kind":"pond","group":"pond","area_m2":3490,"km":0.31,"lon":101.42726,"lat":2.86277},"geometry":{"type":"Polygon","coordinates":[[[101.42695,2.86288],[101.42727,2.86312],[101.42763,2.86268],[101.4273,2.86241],[101.42695,2.86288]]]}},{"type":"Feature","properties":{"id":1272957945,"kind":"pond","group":"pond","area_m2":3487,"km":0.19,"lon":101.42479,"lat":2.84842},"geometry":{"type":"Polygon","coordinates":[[[101.42424,2.84851],[101.4253,2.84856],[101.42536,2.84837],[101.42432,2.84827],[101.42424,2.84851]]]}},{"type":"Feature","properties":{"id":1271688292,"kind":"pond","group":"pond","area_m2":3484,"km":0.12,"lon":101.43968,"lat":2.89999},"geometry":{"type":"Polygon","coordinates":[[[101.43958,2.9003],[101.43997,2.90021],[101.43978,2.89964],[101.43942,2.89976],[101.43958,2.9003]]]}},{"type":"Feature","properties":{"id":1271146295,"kind":"pond","group":"pond","area_m2":3471,"km":0.14,"lon":101.42033,"lat":2.87873},"geometry":{"type":"Polygon","coordinates":[[[101.42001,2.87877],[101.42072,2.87902],[101.42082,2.87883],[101.42008,2.87841],[101.42001,2.87877]]]}},{"type":"Feature","properties":{"id":1540955618,"kind":"water","group":"other","area_m2":3463,"km":0.52,"lon":101.76397,"lat":2.77794},"geometry":{"type":"Polygon","coordinates":[[[101.76353,2.77786],[101.7638,2.77755],[101.76421,2.77766],[101.76414,2.77806],[101.76438,2.7784],[101.76353,2.77786]]]}},{"type":"Feature","properties":{"id":1271146284,"kind":"pond","group":"pond","area_m2":3453,"km":0.14,"lon":101.42453,"lat":2.87595},"geometry":{"type":"Polygon","coordinates":[[[101.42417,2.87626],[101.4245,2.87631],[101.42488,2.87563],[101.4245,2.87567],[101.42417,2.87626]]]}},{"type":"Feature","properties":{"id":1271688309,"kind":"pond","group":"pond","area_m2":3441,"km":0.19,"lon":101.43729,"lat":2.90091},"geometry":{"type":"Polygon","coordinates":[[[101.43707,2.90121],[101.4376,2.90099],[101.43759,2.90061],[101.43703,2.90075],[101.43707,2.90121]]]}},{"type":"Feature","properties":{"id":1271146363,"kind":"pond","group":"pond","area_m2":3436,"km":0.21,"lon":101.42704,"lat":2.89775},"geometry":{"type":"Polygon","coordinates":[[[101.42671,2.89778],[101.4272,2.89807],[101.4275,2.89777],[101.42695,2.89748],[101.42671,2.89778]]]}},{"type":"Feature","properties":{"id":1271146290,"kind":"pond","group":"pond","area_m2":3434,"km":0.15,"lon":101.42147,"lat":2.87668},"geometry":{"type":"Polygon","coordinates":[[[101.42114,2.87655],[101.42163,2.87701],[101.42189,2.87687],[101.4215,2.87634],[101.42114,2.87655]]]}},{"type":"Feature","properties":{"id":1271146339,"kind":"pond","group":"pond","area_m2":3423,"km":0.11,"lon":101.41342,"lat":2.89713},"geometry":{"type":"Polygon","coordinates":[[[101.4135,2.89752],[101.41376,2.89736],[101.41334,2.89667],[101.4131,2.89685],[101.4135,2.89752]]]}},{"type":"Feature","properties":{"id":1185477946,"kind":"pond","group":"pond","area_m2":3417,"km":2.03,"lon":101.69718,"lat":2.83494},"geometry":{"type":"Polygon","coordinates":[[[101.69648,2.835],[101.69705,2.83478],[101.69787,2.83491],[101.69774,2.83508],[101.69648,2.835]]]}},{"type":"Feature","properties":{"id":1271688303,"kind":"pond","group":"pond","area_m2":3413,"km":0.12,"lon":101.4381,"lat":2.9002},"geometry":{"type":"Polygon","coordinates":[[[101.43779,2.90045],[101.43844,2.90026],[101.43848,2.9],[101.43773,2.90008],[101.43779,2.90045]]]}},{"type":"Feature","properties":{"id":492984451,"kind":"pond","group":"pond","area_m2":3410,"km":0.18,"lon":101.86866,"lat":3.02243},"geometry":{"type":"Polygon","coordinates":[[[101.86839,3.0222],[101.86847,3.02259],[101.869,3.02269],[101.86901,3.02232],[101.86839,3.0222]]]}},{"type":"Feature","properties":{"id":1271688308,"kind":"pond","group":"pond","area_m2":3408,"km":0.13,"lon":101.43729,"lat":2.90037},"geometry":{"type":"Polygon","coordinates":[[[101.43703,2.90064],[101.43761,2.90049],[101.4376,2.90011],[101.43703,2.9002],[101.43703,2.90064]]]}},{"type":"Feature","properties":{"id":1272659804,"kind":"pond","group":"pond","area_m2":3408,"km":0.23,"lon":101.42771,"lat":2.86349},"geometry":{"type":"Polygon","coordinates":[[[101.42754,2.86385],[101.42819,2.86317],[101.42801,2.86297],[101.42748,2.86351],[101.42741,2.86375],[101.42754,2.86385]]]}},{"type":"Feature","properties":{"id":888321577,"kind":"wastewater","group":"treatment","area_m2":3397,"km":0.06,"lon":101.77112,"lat":2.96707},"geometry":{"type":"Polygon","coordinates":[[[101.77077,2.9672],[101.77077,2.96688],[101.77164,2.96687],[101.77165,2.96719],[101.77077,2.9672]]]}},{"type":"Feature","properties":{"id":1272659801,"kind":"pond","group":"pond","area_m2":3394,"km":0.19,"lon":101.42647,"lat":2.86372},"geometry":{"type":"Polygon","coordinates":[[[101.42615,2.86381],[101.42652,2.86399],[101.42686,2.86354],[101.42654,2.86332],[101.42615,2.86381]]]}},{"type":"Feature","properties":{"id":1270783438,"kind":"pond","group":"pond","area_m2":3376,"km":0.19,"lon":101.42178,"lat":2.90969},"geometry":{"type":"Polygon","coordinates":[[[101.42148,2.90937],[101.42186,2.91014],[101.42216,2.91008],[101.42176,2.90935],[101.42148,2.90937]]]}},{"type":"Feature","properties":{"id":1271146275,"kind":"pond","group":"pond","area_m2":3363,"km":0.14,"lon":101.4262,"lat":2.87961},"geometry":{"type":"Polygon","coordinates":[[[101.4259,2.87982],[101.42647,2.87979],[101.42649,2.8794],[101.42605,2.87933],[101.4259,2.87982]]]}},{"type":"Feature","properties":{"id":1271146340,"kind":"pond","group":"pond","area_m2":3336,"km":0.11,"lon":101.41391,"lat":2.89784},"geometry":{"type":"Polygon","coordinates":[[[101.41396,2.8982],[101.4143,2.89794],[101.41376,2.89745],[101.41356,2.8976],[101.41396,2.8982]]]}},{"type":"Feature","properties":{"id":1271146288,"kind":"pond","group":"pond","area_m2":3318,"km":0.13,"lon":101.42238,"lat":2.87612},"geometry":{"type":"Polygon","coordinates":[[[101.42204,2.87602],[101.42231,2.87647],[101.42277,2.876],[101.42269,2.87581],[101.42204,2.87602]]]}},{"type":"Feature","properties":{"id":1270783439,"kind":"pond","group":"pond","area_m2":3310,"km":0.15,"lon":101.42149,"lat":2.90987},"geometry":{"type":"Polygon","coordinates":[[[101.42153,2.91025],[101.42178,2.91019],[101.42171,2.90997],[101.42139,2.90939],[101.42112,2.90943],[101.42153,2.91025]]]}},{"type":"Feature","properties":{"id":1272659820,"kind":"pond","group":"pond","area_m2":3291,"km":0.15,"lon":101.4303,"lat":2.8639},"geometry":{"type":"Polygon","coordinates":[[[101.43023,2.86438],[101.43044,2.86435],[101.43039,2.86329],[101.43017,2.86332],[101.43023,2.86438]]]}},{"type":"Feature","properties":{"id":1537231537,"kind":"water","group":"other","area_m2":3285,"km":0.94,"lon":101.7956,"lat":3.03499},"geometry":{"type":"Polygon","coordinates":[[[101.79579,3.03524],[101.7959,3.03476],[101.79525,3.03493],[101.79526,3.03516],[101.79579,3.03524]]]}},{"type":"Feature","properties":{"id":649037418,"kind":"water","group":"other","area_m2":3273,"km":0.25,"lon":101.83365,"lat":3.10703},"geometry":{"type":"Polygon","coordinates":[[[101.83352,3.1067],[101.83349,3.10738],[101.83376,3.10743],[101.83384,3.10672],[101.83352,3.1067]]]}},{"type":"Feature","properties":{"id":1271146280,"kind":"pond","group":"pond","area_m2":3271,"km":0.15,"lon":101.42581,"lat":2.8772},"geometry":{"type":"Polygon","coordinates":[[[101.42555,2.87745],[101.42614,2.87724],[101.42613,2.87695],[101.4254,2.87717],[101.42555,2.87745]]]}},{"type":"Feature","properties":{"id":1272659763,"kind":"pond","group":"pond","area_m2":3270,"km":0.34,"lon":101.42525,"lat":2.86014},"geometry":{"type":"Polygon","coordinates":[[[101.42507,2.86039],[101.42555,2.86031],[101.42548,2.85982],[101.42499,2.8599],[101.42507,2.86039]]]}},{"type":"Feature","properties":{"id":420044384,"kind":"pond","group":"pond","area_m2":3267,"km":0.91,"lon":101.85124,"lat":2.85555},"geometry":{"type":"Polygon","coordinates":[[[101.85073,2.85549],[101.85098,2.85523],[101.85169,2.85575],[101.85073,2.85549]]]}},{"type":"Feature","properties":{"id":1272659762,"kind":"pond","group":"pond","area_m2":3266,"km":0.28,"lon":101.4247,"lat":2.86026},"geometry":{"type":"Polygon","coordinates":[[[101.42459,2.86049],[101.42503,2.86039],[101.42495,2.85991],[101.42444,2.86002],[101.42459,2.86049]]]}},{"type":"Feature","properties":{"id":492984465,"kind":"pond","group":"pond","area_m2":3263,"km":0.24,"lon":101.86947,"lat":3.02469},"geometry":{"type":"Polygon","coordinates":[[[101.86925,3.02485],[101.86957,3.02503],[101.86974,3.02444],[101.86928,3.0244],[101.86925,3.02485]]]}},{"type":"Feature","properties":{"id":1272659768,"kind":"pond","group":"pond","area_m2":3245,"km":0.31,"lon":101.42506,"lat":2.86061},"geometry":{"type":"Polygon","coordinates":[[[101.4246,2.86078],[101.42565,2.8606],[101.42564,2.86038],[101.42458,2.86058],[101.4246,2.86078]]]}},{"type":"Feature","properties":{"id":232118781,"kind":"reservoir","group":"storage","area_m2":3244,"km":3.2,"lon":101.81579,"lat":2.98438},"geometry":{"type":"Polygon","coordinates":[[[101.81553,2.98465],[101.81525,2.98433],[101.81577,2.98406],[101.81617,2.98417],[101.81553,2.98465]]]}},{"type":"Feature","properties":{"id":1271688331,"kind":"pond","group":"pond","area_m2":3242,"km":0.12,"lon":101.43386,"lat":2.90302},"geometry":{"type":"Polygon","coordinates":[[[101.43362,2.90315],[101.43412,2.90326],[101.43414,2.90279],[101.43388,2.90268],[101.43357,2.90298],[101.43362,2.90315]]]}},{"type":"Feature","properties":{"id":662427167,"kind":"lake","group":"storage","area_m2":3232,"km":1.37,"lon":101.9289,"lat":2.92953},"geometry":{"type":"Polygon","coordinates":[[[101.92862,2.92936],[101.92861,2.92974],[101.92925,2.92981],[101.92934,2.92947],[101.92862,2.92936]]]}},{"type":"Feature","properties":{"id":1271146320,"kind":"pond","group":"pond","area_m2":3229,"km":0.13,"lon":101.41547,"lat":2.88993},"geometry":{"type":"Polygon","coordinates":[[[101.41515,2.88996],[101.41538,2.89026],[101.41588,2.88983],[101.41564,2.8896],[101.41515,2.88996]]]}},{"type":"Feature","properties":{"id":1271146315,"kind":"pond","group":"pond","area_m2":3224,"km":0.13,"lon":101.41711,"lat":2.88907},"geometry":{"type":"Polygon","coordinates":[[[101.41681,2.8891],[101.41708,2.8894],[101.4175,2.889],[101.41722,2.88872],[101.41681,2.8891]]]}},{"type":"Feature","properties":{"id":1272659759,"kind":"pond","group":"pond","area_m2":3224,"km":0.3,"lon":101.42481,"lat":2.85974},"geometry":{"type":"Polygon","coordinates":[[[101.42442,2.85993],[101.42543,2.85972],[101.4254,2.85951],[101.4244,2.85969],[101.42442,2.85993]]]}},{"type":"Feature","properties":{"id":1302261470,"kind":"lake","group":"storage","area_m2":3221,"km":0.4,"lon":101.7838,"lat":3.05245},"geometry":{"type":"Polygon","coordinates":[[[101.78343,3.05249],[101.78335,3.05229],[101.78347,3.05221],[101.78468,3.05252],[101.78465,3.05266],[101.78343,3.05249]]]}},{"type":"Feature","properties":{"id":988251317,"kind":"pond","group":"pond","area_m2":3209,"km":0.09,"lon":101.9094,"lat":2.93428},"geometry":{"type":"Polygon","coordinates":[[[101.90959,2.93393],[101.90977,2.93439],[101.90938,2.93465],[101.90927,2.93409],[101.90959,2.93393]]]}},{"type":"Feature","properties":{"id":620517964,"kind":"water","group":"other","area_m2":3200,"km":0.3,"lon":101.41751,"lat":2.82462},"geometry":{"type":"Polygon","coordinates":[[[101.41703,2.82462],[101.41805,2.82437],[101.41812,2.82457],[101.41719,2.82481],[101.41703,2.82462]]]}},{"type":"Feature","properties":{"id":1271146285,"kind":"pond","group":"pond","area_m2":3200,"km":0.14,"lon":101.42407,"lat":2.87592},"geometry":{"type":"Polygon","coordinates":[[[101.42377,2.87615],[101.42407,2.87626],[101.42444,2.87559],[101.42413,2.87557],[101.42377,2.87615]]]}},{"type":"Feature","properties":{"id":1272659742,"kind":"pond","group":"pond","area_m2":3196,"km":0.27,"lon":101.42452,"lat":2.85834},"geometry":{"type":"Polygon","coordinates":[[[101.42417,2.85847],[101.42519,2.85837],[101.4252,2.85816],[101.42418,2.85824],[101.42417,2.85847]]]}},{"type":"Feature","properties":{"id":1271146336,"kind":"pond","group":"pond","area_m2":3191,"km":0.12,"lon":101.41299,"lat":2.89631},"geometry":{"type":"Polygon","coordinates":[[[101.41297,2.89665],[101.41328,2.89648],[101.41298,2.89589],[101.41267,2.89605],[101.41297,2.89665]]]}},{"type":"Feature","properties":{"id":1272659821,"kind":"pond","group":"pond","area_m2":3184,"km":0.15,"lon":101.43057,"lat":2.86389},"geometry":{"type":"Polygon","coordinates":[[[101.43052,2.86438],[101.43071,2.86433],[101.43066,2.86328],[101.43045,2.86331],[101.43052,2.86438]]]}},{"type":"Feature","properties":{"id":1271688280,"kind":"pond","group":"pond","area_m2":3183,"km":0.14,"lon":101.4483,"lat":2.89748},"geometry":{"type":"Polygon","coordinates":[[[101.44834,2.89786],[101.44861,2.89769],[101.44839,2.89722],[101.44796,2.89719],[101.44834,2.89786]]]}},{"type":"Feature","properties":{"id":492980763,"kind":"pond","group":"pond","area_m2":3171,"km":0.14,"lon":101.86828,"lat":3.02268},"geometry":{"type":"Polygon","coordinates":[[[101.86823,3.023],[101.86854,3.02299],[101.86827,3.02228],[101.86799,3.02256],[101.86823,3.023]]]}},{"type":"Feature","properties":{"id":1111262332,"kind":"stream","group":"channel","area_m2":3169,"km":0.59,"lon":101.70433,"lat":2.77275},"geometry":{"type":"Polygon","coordinates":[[[101.70291,2.77483],[101.70294,2.77485],[101.70645,2.76964],[101.70641,2.76961],[101.70291,2.77483]]]}},{"type":"Feature","properties":{"id":1272659802,"kind":"pond","group":"pond","area_m2":3157,"km":0.26,"lon":101.42752,"lat":2.86315},"geometry":{"type":"Polygon","coordinates":[[[101.42719,2.86333],[101.42744,2.8635],[101.42794,2.86292],[101.42768,2.86275],[101.42719,2.86333]]]}},{"type":"Feature","properties":{"id":1272659743,"kind":"pond","group":"pond","area_m2":3146,"km":0.28,"lon":101.42461,"lat":2.85861},"geometry":{"type":"Polygon","coordinates":[[[101.42419,2.85878],[101.42522,2.85863],[101.42522,2.85846],[101.42417,2.85854],[101.42419,2.85878]]]}},{"type":"Feature","properties":{"id":1416075704,"kind":"wastewater","group":"treatment","area_m2":3136,"km":0.22,"lon":101.78531,"lat":3.07404},"geometry":{"type":"Polygon","coordinates":[[[101.78512,3.07426],[101.78504,3.07382],[101.78559,3.07371],[101.78567,3.07416],[101.78512,3.07426]]]}},{"type":"Feature","properties":{"id":1416075705,"kind":"wastewater","group":"treatment","area_m2":3129,"km":0.25,"lon":101.78521,"lat":3.07348},"geometry":{"type":"Polygon","coordinates":[[[101.78504,3.0737],[101.78495,3.07324],[101.78548,3.07314],[101.78557,3.07361],[101.78504,3.0737]]]}},{"type":"Feature","properties":{"id":1272659744,"kind":"pond","group":"pond","area_m2":3127,"km":0.28,"lon":101.4246,"lat":2.8589},"geometry":{"type":"Polygon","coordinates":[[[101.42415,2.85903],[101.4253,2.85887],[101.4252,2.8587],[101.42419,2.85883],[101.42415,2.85903]]]}},{"type":"Feature","properties":{"id":1271688291,"kind":"pond","group":"pond","area_m2":3122,"km":0.12,"lon":101.44021,"lat":2.89993},"geometry":{"type":"Polygon","coordinates":[[[101.44004,2.90021],[101.44044,2.90012],[101.44038,2.8996],[101.43994,2.89971],[101.44004,2.90021]]]}},{"type":"Feature","properties":{"id":1271688304,"kind":"pond","group":"pond","area_m2":3106,"km":0.17,"lon":101.43805,"lat":2.90063},"geometry":{"type":"Polygon","coordinates":[[[101.43778,2.90093],[101.43842,2.90061],[101.43843,2.90038],[101.43771,2.90056],[101.43778,2.90093]]]}},{"type":"Feature","properties":{"id":1082274113,"kind":"wastewater","group":"treatment","area_m2":3089,"km":0.57,"lon":101.7628,"lat":3.02149},"geometry":{"type":"Polygon","coordinates":[[[101.76286,3.02179],[101.76309,3.0213],[101.76272,3.02113],[101.7625,3.02163],[101.76286,3.02179]]]}},{"type":"Feature","properties":{"id":1271688313,"kind":"pond","group":"pond","area_m2":3086,"km":0.13,"lon":101.43652,"lat":2.9006},"geometry":{"type":"Polygon","coordinates":[[[101.43641,2.90088],[101.43676,2.9008],[101.43662,2.90025],[101.43625,2.90039],[101.43641,2.90088]]]}},{"type":"Feature","properties":{"id":1272659756,"kind":"pond","group":"pond","area_m2":3083,"km":0.29,"lon":101.42471,"lat":2.85946},"geometry":{"type":"Polygon","coordinates":[[[101.42434,2.85963],[101.42527,2.85947],[101.42526,2.85925],[101.42435,2.85937],[101.42434,2.85963]]]}},{"type":"Feature","properties":{"id":492980757,"kind":"pond","group":"pond","area_m2":3082,"km":0.08,"lon":101.86763,"lat":3.02453},"geometry":{"type":"Polygon","coordinates":[[[101.86738,3.02428],[101.86765,3.02489],[101.86802,3.0244],[101.86789,3.02421],[101.86738,3.02428]]]}},{"type":"Feature","properties":{"id":1271688327,"kind":"pond","group":"pond","area_m2":3082,"km":0.13,"lon":101.43537,"lat":2.901},"geometry":{"type":"Polygon","coordinates":[[[101.43497,2.90114],[101.4352,2.90141],[101.43556,2.90105],[101.43558,2.90067],[101.43497,2.90114]]]}},{"type":"Feature","properties":{"id":605483513,"kind":"water","group":"other","area_m2":3080,"km":4.44,"lon":101.8308,"lat":2.70058,"name":"Kolam Takungan JPS Taman Gadong Jaya"},"geometry":{"type":"Polygon","coordinates":[[[101.83056,2.70079],[101.83022,2.7007],[101.831,2.70043],[101.83111,2.70014],[101.83133,2.70062],[101.83056,2.70079]]]}},{"type":"Feature","properties":{"id":1271688312,"kind":"pond","group":"pond","area_m2":3077,"km":0.33,"lon":101.43726,"lat":2.90225},"geometry":{"type":"Polygon","coordinates":[[[101.43699,2.90253],[101.43756,2.90231],[101.4376,2.90193],[101.43696,2.90219],[101.43699,2.90253]]]}},{"type":"Feature","properties":{"id":492985413,"kind":"pond","group":"pond","area_m2":3070,"km":0.06,"lon":101.86801,"lat":3.02696},"geometry":{"type":"Polygon","coordinates":[[[101.8677,3.02705],[101.86802,3.02725],[101.86818,3.02716],[101.86844,3.02688],[101.86827,3.02654],[101.8677,3.02705]]]}},{"type":"Feature","properties":{"id":1273991937,"kind":"pond","group":"pond","area_m2":3069,"km":0.12,"lon":101.44377,"lat":2.86955},"geometry":{"type":"Polygon","coordinates":[[[101.44357,2.86985],[101.44412,2.86956],[101.44399,2.86923],[101.44352,2.86946],[101.44357,2.86985]]]}},{"type":"Feature","properties":{"id":1272659822,"kind":"pond","group":"pond","area_m2":3065,"km":0.15,"lon":101.43088,"lat":2.86383},"geometry":{"type":"Polygon","coordinates":[[[101.43081,2.8643],[101.43103,2.86421],[101.43097,2.86327],[101.43075,2.86331],[101.43081,2.8643]]]}},{"type":"Feature","properties":{"id":1271688302,"kind":"pond","group":"pond","area_m2":3060,"km":0.29,"lon":101.43869,"lat":2.90166},"geometry":{"type":"Polygon","coordinates":[[[101.43839,2.90195],[101.43904,2.90168],[101.43897,2.9014],[101.4384,2.90159],[101.43839,2.90195]]]}},{"type":"Feature","properties":{"id":1271146297,"kind":"pond","group":"pond","area_m2":3058,"km":0.11,"lon":101.42026,"lat":2.8797},"geometry":{"type":"Polygon","coordinates":[[[101.42007,2.87991],[101.4205,2.87989],[101.42061,2.87948],[101.42005,2.87946],[101.42007,2.87991]]]}},{"type":"Feature","properties":{"id":1270783429,"kind":"pond","group":"pond","area_m2":3053,"km":0.17,"lon":101.42078,"lat":2.90769},"geometry":{"type":"Polygon","coordinates":[[[101.42018,2.90783],[101.42158,2.90766],[101.42152,2.90753],[101.42016,2.90763],[101.42018,2.90783]]]}},{"type":"Feature","properties":{"id":209299601,"kind":"water","group":"other","area_m2":3051,"km":0.09,"lon":101.81421,"lat":3.14556},"geometry":{"type":"Polygon","coordinates":[[[101.81444,3.1454],[101.81444,3.14581],[101.81385,3.14581],[101.81385,3.14539],[101.81444,3.1454]]]}},{"type":"Feature","properties":{"id":306971812,"kind":"reservoir","group":"storage","area_m2":3023,"km":1.2,"lon":101.80963,"lat":2.81443},"geometry":{"type":"Polygon","coordinates":[[[101.80927,2.81445],[101.80934,2.81418],[101.81017,2.81441],[101.81009,2.81468],[101.80927,2.81445]]]}},{"type":"Feature","properties":{"id":1271146286,"kind":"pond","group":"pond","area_m2":3023,"km":0.14,"lon":101.42367,"lat":2.87586},"geometry":{"type":"Polygon","coordinates":[[[101.42338,2.87606],[101.42367,2.87616],[101.42404,2.87556],[101.4236,2.87561],[101.42338,2.87606]]]}},{"type":"Feature","properties":{"id":370560955,"kind":"water","group":"other","area_m2":3019,"km":0.71,"lon":101.7632,"lat":2.85167},"geometry":{"type":"Polygon","coordinates":[[[101.7636,2.85188],[101.76329,2.8517],[101.76298,2.85124],[101.7627,2.85193],[101.7636,2.85188]]]}},{"type":"Feature","properties":{"id":1189126435,"kind":"pond","group":"pond","area_m2":3019,"km":0.5,"lon":101.78041,"lat":3.03756},"geometry":{"type":"Polygon","coordinates":[[[101.78026,3.03793],[101.78063,3.03758],[101.78064,3.03719],[101.78032,3.03733],[101.78014,3.03783],[101.78026,3.03793]]]}},{"type":"Feature","properties":{"id":1271688296,"kind":"pond","group":"pond","area_m2":3018,"km":0.19,"lon":101.43915,"lat":2.90071},"geometry":{"type":"Polygon","coordinates":[[[101.43895,2.90094],[101.43959,2.90072],[101.43952,2.90045],[101.43878,2.90066],[101.43895,2.90094]]]}},{"type":"Feature","properties":{"id":787651593,"kind":"pond","group":"pond","area_m2":3017,"km":6.12,"lon":101.69238,"lat":2.99423},"geometry":{"type":"Polygon","coordinates":[[[101.6925,2.99454],[101.69262,2.99358],[101.69236,2.99356],[101.6922,2.99448],[101.6925,2.99454]]]}},{"type":"Feature","properties":{"id":620369813,"kind":"water","group":"other","area_m2":3008,"km":0.21,"lon":101.41811,"lat":2.82517},"geometry":{"type":"Polygon","coordinates":[[[101.4176,2.82511],[101.41833,2.82497],[101.41857,2.8252],[101.41794,2.82539],[101.4176,2.82511]]]}},{"type":"Feature","properties":{"id":304754790,"kind":"pond","group":"pond","area_m2":3005,"km":0.07,"lon":101.8477,"lat":2.84152},"geometry":{"type":"Polygon","coordinates":[[[101.84737,2.84148],[101.84736,2.84124],[101.84752,2.84112],[101.84815,2.84157],[101.84784,2.84187],[101.84796,2.84165],[101.84737,2.84148]]]}},{"type":"Feature","properties":{"id":1115300074,"kind":"lake","group":"storage","area_m2":2998,"km":0.22,"lon":101.86212,"lat":3.22174},"geometry":{"type":"Polygon","coordinates":[[[101.86252,3.22141],[101.86265,3.22171],[101.86218,3.22173],[101.86208,3.22206],[101.86189,3.22213],[101.86199,3.22189],[101.86182,3.22167],[101.86208,3.22173],[101.86217,3.22147],[101.86252,3.22141]]]}},{"type":"Feature","properties":{"id":1271688310,"kind":"pond","group":"pond","area_m2":2998,"km":0.24,"lon":101.43726,"lat":2.90141},"geometry":{"type":"Polygon","coordinates":[[[101.43705,2.90167],[101.4376,2.90143],[101.4376,2.90109],[101.43701,2.9013],[101.43705,2.90167]]]}},{"type":"Feature","properties":{"id":1271688294,"kind":"pond","group":"pond","area_m2":2994,"km":0.11,"lon":101.43897,"lat":2.90002},"geometry":{"type":"Polygon","coordinates":[[[101.4387,2.90026],[101.43935,2.90006],[101.43929,2.89979],[101.43876,2.89985],[101.4387,2.90026]]]}},{"type":"Feature","properties":{"id":1079519047,"kind":"pond","group":"pond","area_m2":2992,"km":2.39,"lon":101.71145,"lat":2.81294},"geometry":{"type":"Polygon","coordinates":[[[101.71091,2.81284],[101.71091,2.81304],[101.71216,2.81309],[101.71166,2.81284],[101.71091,2.81284]]]}},{"type":"Feature","properties":{"id":492985410,"kind":"pond","group":"pond","area_m2":2991,"km":0.05,"lon":101.86789,"lat":3.02649},"geometry":{"type":"Polygon","coordinates":[[[101.86769,3.02635],[101.86768,3.02671],[101.86783,3.02681],[101.86823,3.02639],[101.86779,3.02619],[101.86769,3.02635]]]}},{"type":"Feature","properties":{"id":1273991911,"kind":"pond","group":"pond","area_m2":2980,"km":0.12,"lon":101.44961,"lat":2.88197},"geometry":{"type":"Polygon","coordinates":[[[101.44955,2.88223],[101.44995,2.88205],[101.44973,2.88164],[101.44928,2.88191],[101.44955,2.88223]]]}},{"type":"Feature","properties":{"id":1271688295,"kind":"pond","group":"pond","area_m2":2977,"km":0.15,"lon":101.43902,"lat":2.90038},"geometry":{"type":"Polygon","coordinates":[[[101.43879,2.9006],[101.43945,2.9004],[101.43941,2.90014],[101.4387,2.9003],[101.43879,2.9006]]]}},{"type":"Feature","properties":{"id":1270783446,"kind":"pond","group":"pond","area_m2":2976,"km":0.14,"lon":101.42315,"lat":2.91125},"geometry":{"type":"Polygon","coordinates":[[[101.4228,2.91132],[101.42365,2.91141],[101.42361,2.91118],[101.42298,2.91102],[101.4228,2.91132]]]}},{"type":"Feature","properties":{"id":492984464,"kind":"pond","group":"pond","area_m2":2975,"km":0.18,"lon":101.86912,"lat":3.02518},"geometry":{"type":"Polygon","coordinates":[[[101.86879,3.02513],[101.86889,3.02546],[101.86923,3.02543],[101.86951,3.02515],[101.86902,3.02501],[101.86879,3.02513]]]}},{"type":"Feature","properties":{"id":1271146330,"kind":"pond","group":"pond","area_m2":2964,"km":0.13,"lon":101.41236,"lat":2.89309},"geometry":{"type":"Polygon","coordinates":[[[101.41203,2.89318],[101.41268,2.89329],[101.41273,2.89299],[101.41216,2.89283],[101.41203,2.89318]]]}},{"type":"Feature","properties":{"id":1273991908,"kind":"pond","group":"pond","area_m2":2952,"km":0.17,"lon":101.45013,"lat":2.88168},"geometry":{"type":"Polygon","coordinates":[[[101.45008,2.88197],[101.45046,2.88167],[101.45024,2.88133],[101.44983,2.88158],[101.45008,2.88197]]]}},{"type":"Feature","properties":{"id":1211536135,"kind":"pond","group":"pond","area_m2":2942,"km":0.77,"lon":101.79616,"lat":3.05556},"geometry":{"type":"Polygon","coordinates":[[[101.79599,3.05612],[101.79645,3.05582],[101.79646,3.05531],[101.79586,3.05508],[101.79588,3.05528],[101.79625,3.05551],[101.79599,3.05612]]]}},{"type":"Feature","properties":{"id":1190170651,"kind":"pond","group":"pond","area_m2":2928,"km":0.57,"lon":101.86646,"lat":3.04831},"geometry":{"type":"Polygon","coordinates":[[[101.86522,3.04815],[101.8682,3.04851],[101.8682,3.04841],[101.86522,3.04815]]]}},{"type":"Feature","properties":{"id":398667400,"kind":"pond","group":"pond","area_m2":2921,"km":0.36,"lon":101.56047,"lat":2.82755},"geometry":{"type":"Polygon","coordinates":[[[101.56008,2.82754],[101.56016,2.82778],[101.56039,2.82774],[101.5609,2.8274],[101.56079,2.82728],[101.56008,2.82754]]]}},{"type":"Feature","properties":{"id":787651592,"kind":"pond","group":"pond","area_m2":2902,"km":6.08,"lon":101.69275,"lat":2.9941},"geometry":{"type":"Polygon","coordinates":[[[101.69274,2.99457],[101.69288,2.99366],[101.69264,2.99358],[101.69253,2.99454],[101.69274,2.99457]]]}},{"type":"Feature","properties":{"id":1272659755,"kind":"pond","group":"pond","area_m2":2902,"km":0.19,"lon":101.42375,"lat":2.85959},"geometry":{"type":"Polygon","coordinates":[[[101.42338,2.85975],[101.42428,2.8596],[101.42428,2.85944],[101.42335,2.8595],[101.42338,2.85975]]]}},{"type":"Feature","properties":{"id":506416950,"kind":"pond","group":"pond","area_m2":2901,"km":3.29,"lon":101.81613,"lat":2.95482,"name":"flood retention pond"},"geometry":{"type":"Polygon","coordinates":[[[101.81577,2.95499],[101.81599,2.95448],[101.81657,2.95485],[101.81577,2.95499]]]}},{"type":"Feature","properties":{"id":1271688297,"kind":"pond","group":"pond","area_m2":2885,"km":0.23,"lon":101.43933,"lat":2.90103},"geometry":{"type":"Polygon","coordinates":[[[101.4391,2.90128],[101.43969,2.90104],[101.43965,2.90079],[101.43894,2.90099],[101.4391,2.90128]]]}},{"type":"Feature","properties":{"id":1271146334,"kind":"pond","group":"pond","area_m2":2880,"km":0.13,"lon":101.41247,"lat":2.89502},"geometry":{"type":"Polygon","coordinates":[[[101.41234,2.89534],[101.41264,2.89525],[101.41259,2.89468],[101.41217,2.89482],[101.41234,2.89534]]]}},{"type":"Feature","properties":{"id":1271146314,"kind":"pond","group":"pond","area_m2":2879,"km":0.18,"lon":101.41741,"lat":2.88945},"geometry":{"type":"Polygon","coordinates":[[[101.41712,2.88946],[101.4174,2.88977],[101.41777,2.8894],[101.41749,2.88913],[101.41712,2.88946]]]}},{"type":"Feature","properties":{"id":1271688314,"kind":"pond","group":"pond","area_m2":2878,"km":0.14,"lon":101.43604,"lat":2.90073},"geometry":{"type":"Polygon","coordinates":[[[101.43591,2.90106],[101.43638,2.90091],[101.43615,2.90043],[101.43585,2.90058],[101.43591,2.90106]]]}},{"type":"Feature","properties":{"id":1271688299,"kind":"pond","group":"pond","area_m2":2874,"km":0.27,"lon":101.43937,"lat":2.9014},"geometry":{"type":"Polygon","coordinates":[[[101.43916,2.90165],[101.43976,2.9014],[101.43974,2.90111],[101.43907,2.90133],[101.43916,2.90165]]]}},{"type":"Feature","properties":{"id":1165400118,"kind":"pond","group":"pond","area_m2":2870,"km":5.94,"lon":101.69399,"lat":2.9941},"geometry":{"type":"Polygon","coordinates":[[[101.69366,2.99431],[101.69436,2.99413],[101.6944,2.99388],[101.69366,2.99407],[101.69366,2.99431]]]}},{"type":"Feature","properties":{"id":1272659760,"kind":"pond","group":"pond","area_m2":2852,"km":0.19,"lon":101.42381,"lat":2.85997},"geometry":{"type":"Polygon","coordinates":[[[101.42339,2.86014],[101.42435,2.85987],[101.42426,2.85976],[101.42338,2.85992],[101.42339,2.86014]]]}},{"type":"Feature","properties":{"id":661084393,"kind":"pond","group":"pond","area_m2":2851,"km":2.45,"lon":101.70492,"lat":2.82367,"name":"Kolam Tadahan"},"geometry":{"type":"Polygon","coordinates":[[[101.70468,2.82371],[101.70483,2.8239],[101.7061,2.82361],[101.70439,2.82361],[101.70468,2.82371]]]}},{"type":"Feature","properties":{"id":620369812,"kind":"water","group":"other","area_m2":2850,"km":0.26,"lon":101.41775,"lat":2.82484},"geometry":{"type":"Polygon","coordinates":[[[101.41728,2.82485],[101.4181,2.82467],[101.41828,2.82489],[101.41751,2.82507],[101.41728,2.82485]]]}},{"type":"Feature","properties":{"id":372965205,"kind":"water","group":"other","area_m2":2831,"km":3.73,"lon":101.71642,"lat":2.97883},"geometry":{"type":"Polygon","coordinates":[[[101.71621,2.97903],[101.71614,2.97873],[101.71667,2.97853],[101.71675,2.97879],[101.7166,2.97895],[101.71621,2.97903]]]}},{"type":"Feature","properties":{"id":1271146289,"kind":"pond","group":"pond","area_m2":2826,"km":0.14,"lon":101.42187,"lat":2.8764},"geometry":{"type":"Polygon","coordinates":[[[101.42157,2.87627],[101.42194,2.87675],[101.42216,2.87659],[101.42195,2.87608],[101.42157,2.87627]]]}},{"type":"Feature","properties":{"id":1271146279,"kind":"pond","group":"pond","area_m2":2822,"km":0.15,"lon":101.426,"lat":2.87757},"geometry":{"type":"Polygon","coordinates":[[[101.42571,2.87747],[101.42587,2.87777],[101.42633,2.87777],[101.42621,2.87731],[101.42571,2.87747]]]}},{"type":"Feature","properties":{"id":420055349,"kind":"pond","group":"pond","area_m2":2798,"km":0.53,"lon":101.84821,"lat":2.8576},"geometry":{"type":"Polygon","coordinates":[[[101.84803,2.85745],[101.84822,2.85804],[101.84851,2.85758],[101.84814,2.85726],[101.84803,2.85745]]]}},{"type":"Feature","properties":{"id":304754908,"kind":"reservoir","group":"storage","area_m2":2794,"km":0.09,"lon":101.8407,"lat":2.86425},"geometry":{"type":"Polygon","coordinates":[[[101.84025,2.864],[101.84036,2.86386],[101.84109,2.86446],[101.84087,2.86454],[101.84025,2.864]]]}},{"type":"Feature","properties":{"id":1272659721,"kind":"pond","group":"pond","area_m2":2794,"km":0.28,"lon":101.42459,"lat":2.85805},"geometry":{"type":"Polygon","coordinates":[[[101.42415,2.85817],[101.42514,2.8581],[101.42515,2.85791],[101.42417,2.85797],[101.42415,2.85817]]]}},{"type":"Feature","properties":{"id":259050376,"kind":"reservoir","group":"storage","area_m2":2786,"km":0.7,"lon":101.71935,"lat":2.90305},"geometry":{"type":"Polygon","coordinates":[[[101.71896,2.90296],[101.71911,2.90269],[101.71981,2.90316],[101.7195,2.9033],[101.71896,2.90296]]]}},{"type":"Feature","properties":{"id":1272659720,"kind":"pond","group":"pond","area_m2":2785,"km":0.27,"lon":101.42456,"lat":2.85777},"geometry":{"type":"Polygon","coordinates":[[[101.42413,2.8579],[101.42511,2.85781],[101.4251,2.85761],[101.42412,2.8577],[101.42413,2.8579]]]}},{"type":"Feature","properties":{"id":249895004,"kind":"reservoir","group":"storage","area_m2":2784,"km":0.05,"lon":101.90565,"lat":2.81511},"geometry":{"type":"Polygon","coordinates":[[[101.9055,2.81538],[101.90536,2.81504],[101.90584,2.81473],[101.90605,2.81503],[101.9055,2.81538]]]}},{"type":"Feature","properties":{"id":1271146277,"kind":"pond","group":"pond","area_m2":2768,"km":0.13,"lon":101.42623,"lat":2.87853},"geometry":{"type":"Polygon","coordinates":[[[101.42598,2.87868],[101.4265,2.87874],[101.42647,2.87841],[101.42593,2.87832],[101.42598,2.87868]]]}},{"type":"Feature","properties":{"id":1272659777,"kind":"pond","group":"pond","area_m2":2768,"km":0.2,"lon":101.42499,"lat":2.86263},"geometry":{"type":"Polygon","coordinates":[[[101.42473,2.86284],[101.42489,2.86295],[101.4255,2.86221],[101.42532,2.86209],[101.42473,2.86284]]]}},{"type":"Feature","properties":{"id":1271146287,"kind":"pond","group":"pond","area_m2":2764,"km":0.12,"lon":101.42311,"lat":2.87586},"geometry":{"type":"Polygon","coordinates":[[[101.42285,2.87599],[101.42325,2.87608],[101.42349,2.87558],[101.42283,2.87577],[101.42285,2.87599]]]}},{"type":"Feature","properties":{"id":1271146329,"kind":"pond","group":"pond","area_m2":2764,"km":0.12,"lon":101.41243,"lat":2.89269},"geometry":{"type":"Polygon","coordinates":[[[101.41213,2.89275],[101.41268,2.89291],[101.41279,2.89273],[101.41236,2.89233],[101.41213,2.89275]]]}},{"type":"Feature","properties":{"id":1272659803,"kind":"pond","group":"pond","area_m2":2757,"km":0.19,"lon":101.42692,"lat":2.86378},"geometry":{"type":"Polygon","coordinates":[[[101.4266,2.86401],[101.4268,2.86413],[101.42732,2.8635],[101.42712,2.86337],[101.4266,2.86401]]]}},{"type":"Feature","properties":{"id":1271688311,"kind":"pond","group":"pond","area_m2":2752,"km":0.29,"lon":101.43728,"lat":2.90182},"geometry":{"type":"Polygon","coordinates":[[[101.43757,2.90186],[101.43755,2.90152],[101.437,2.90174],[101.43696,2.90207],[101.43757,2.90186]]]}},{"type":"Feature","properties":{"id":1272659823,"kind":"pond","group":"pond","area_m2":2738,"km":0.15,"lon":101.43116,"lat":2.86378},"geometry":{"type":"Polygon","coordinates":[[[101.4311,2.86422],[101.4313,2.86414],[101.43124,2.86325],[101.43104,2.86329],[101.4311,2.86422]]]}},{"type":"Feature","properties":{"id":620517963,"kind":"water","group":"other","area_m2":2737,"km":0.31,"lon":101.41745,"lat":2.82416},"geometry":{"type":"Polygon","coordinates":[[[101.41802,2.8241],[101.41683,2.82438],[101.41668,2.82429],[101.41801,2.82395],[101.41802,2.8241]]]}},{"type":"Feature","properties":{"id":871927152,"kind":"pond","group":"pond","area_m2":2731,"km":0.37,"lon":101.7849,"lat":3.03017},"geometry":{"type":"Polygon","coordinates":[[[101.78473,3.03039],[101.78464,3.03031],[101.78485,3.0298],[101.78515,3.02987],[101.78497,3.03042],[101.78473,3.03039]]]}},{"type":"Feature","properties":{"id":605533618,"kind":"water","group":"other","area_m2":2712,"km":1.84,"lon":101.75963,"lat":2.86472},"geometry":{"type":"Polygon","coordinates":[[[101.75974,2.8651],[101.75964,2.86516],[101.75948,2.86494],[101.75936,2.86449],[101.75972,2.86442],[101.75956,2.86453],[101.75983,2.86462],[101.75974,2.8651]]]}},{"type":"Feature","properties":{"id":232118757,"kind":"reservoir","group":"storage","area_m2":2701,"km":3.13,"lon":101.81518,"lat":2.98472},"geometry":{"type":"Polygon","coordinates":[[[101.81522,2.98497],[101.81477,2.98459],[101.81521,2.98435],[101.81548,2.9847],[101.81522,2.98497]]]}},{"type":"Feature","properties":{"id":370561064,"kind":"water","group":"other","area_m2":2699,"km":0.91,"lon":101.76295,"lat":2.85392},"geometry":{"type":"Polygon","coordinates":[[[101.76319,2.85457],[101.76334,2.8544],[101.76312,2.8543],[101.76283,2.85375],[101.76302,2.85346],[101.76257,2.85345],[101.76253,2.85371],[101.76319,2.85457]]]}},{"type":"Feature","properties":{"id":1111259169,"kind":"stream","group":"channel","area_m2":2699,"km":0.54,"lon":101.6978,"lat":2.78336},"geometry":{"type":"Polygon","coordinates":[[[101.69724,2.78474],[101.69746,2.78483],[101.69729,2.78472],[101.69786,2.78241],[101.69891,2.78077],[101.69782,2.78239],[101.69724,2.78474]]]}},{"type":"Feature","properties":{"id":1272659784,"kind":"pond","group":"pond","area_m2":2695,"km":0.21,"lon":101.42526,"lat":2.86279},"geometry":{"type":"Polygon","coordinates":[[[101.42495,2.86293],[101.42521,2.86313],[101.42562,2.86257],[101.42541,2.86242],[101.42495,2.86293]]]}},{"type":"Feature","properties":{"id":492980751,"kind":"pond","group":"pond","area_m2":2687,"km":0.04,"lon":101.86723,"lat":3.02607},"geometry":{"type":"Polygon","coordinates":[[[101.8669,3.02599],[101.86687,3.02631],[101.86724,3.02634],[101.86751,3.02592],[101.8669,3.02599]]]}},{"type":"Feature","properties":{"id":1317534513,"kind":"pond","group":"pond","area_m2":2684,"km":0.9,"lon":101.74495,"lat":2.98361},"geometry":{"type":"Polygon","coordinates":[[[101.74464,2.98344],[101.74547,2.98361],[101.74542,2.98386],[101.74459,2.98369],[101.74464,2.98344]]]}},{"type":"Feature","properties":{"id":620520393,"kind":"water","group":"other","area_m2":2678,"km":0.3,"lon":101.41728,"lat":2.82338},"geometry":{"type":"Polygon","coordinates":[[[101.41773,2.82334],[101.41676,2.82351],[101.41679,2.82337],[101.41796,2.82312],[101.41796,2.82328],[101.41773,2.82334]]]}},{"type":"Feature","properties":{"id":620363027,"kind":"water","group":"other","area_m2":2677,"km":0.09,"lon":101.41875,"lat":2.82673},"geometry":{"type":"Polygon","coordinates":[[[101.41857,2.82652],[101.41932,2.82669],[101.41941,2.82696],[101.41859,2.8268],[101.41857,2.82652]]]}},{"type":"Feature","properties":{"id":1271146335,"kind":"pond","group":"pond","area_m2":2674,"km":0.14,"lon":101.41269,"lat":2.89567},"geometry":{"type":"Polygon","coordinates":[[[101.41264,2.89595],[101.41293,2.8958],[101.41266,2.89528],[101.41239,2.89543],[101.41264,2.89595]]]}},{"type":"Feature","properties":{"id":1005825683,"kind":"water","group":"other","area_m2":2662,"km":0.92,"lon":101.86881,"lat":2.83646},"geometry":{"type":"Polygon","coordinates":[[[101.86867,2.83665],[101.86891,2.83654],[101.86909,2.83689],[101.86903,2.83643],[101.86861,2.83601],[101.86847,2.83623],[101.86867,2.83665]]]}},{"type":"Feature","properties":{"id":1271146276,"kind":"pond","group":"pond","area_m2":2660,"km":0.13,"lon":101.42628,"lat":2.87905},"geometry":{"type":"Polygon","coordinates":[[[101.42607,2.87917],[101.42651,2.87924],[101.42652,2.87887],[101.42605,2.87879],[101.42607,2.87917]]]}},{"type":"Feature","properties":{"id":1271146278,"kind":"pond","group":"pond","area_m2":2637,"km":0.14,"lon":101.4261,"lat":2.87806},"geometry":{"type":"Polygon","coordinates":[[[101.42589,2.87821],[101.42637,2.87828],[101.42638,2.87797],[101.42583,2.87784],[101.42589,2.87821]]]}},{"type":"Feature","properties":{"id":1271146368,"kind":"pond","group":"pond","area_m2":2625,"km":0.17,"lon":101.42667,"lat":2.89833},"geometry":{"type":"Polygon","coordinates":[[[101.42667,2.89859],[101.42698,2.89824],[101.42662,2.89798],[101.42642,2.89837],[101.42667,2.89859]]]}},{"type":"Feature","properties":{"id":1271688307,"kind":"pond","group":"pond","area_m2":2617,"km":0.32,"lon":101.43799,"lat":2.90195},"geometry":{"type":"Polygon","coordinates":[[[101.43766,2.90218],[101.43823,2.90205],[101.43819,2.90171],[101.4377,2.90187],[101.43766,2.90218]]]}},{"type":"Feature","properties":{"id":304754909,"kind":"reservoir","group":"storage","area_m2":2615,"km":0.08,"lon":101.84038,"lat":2.86457},"geometry":{"type":"Polygon","coordinates":[[[101.84007,2.86448],[101.84021,2.86427],[101.84076,2.86474],[101.84054,2.86484],[101.84007,2.86448]]]}},{"type":"Feature","properties":{"id":1271688328,"kind":"pond","group":"pond","area_m2":2611,"km":0.12,"lon":101.43483,"lat":2.90151},"geometry":{"type":"Polygon","coordinates":[[[101.43456,2.90156],[101.4348,2.90182],[101.43515,2.90149],[101.43489,2.90119],[101.43456,2.90156]]]}},{"type":"Feature","properties":{"id":1222763697,"kind":"pond","group":"pond","area_m2":2601,"km":0.76,"lon":101.82938,"lat":2.89536},"geometry":{"type":"Polygon","coordinates":[[[101.8291,2.89542],[101.82973,2.89558],[101.82981,2.89526],[101.82918,2.89511],[101.8291,2.89542]]]}},{"type":"Feature","properties":{"id":1272659800,"kind":"pond","group":"pond","area_m2":2601,"km":0.25,"lon":101.42687,"lat":2.86322},"geometry":{"type":"Polygon","coordinates":[[[101.4266,2.86327],[101.42693,2.86352],[101.42721,2.86315],[101.42689,2.86291],[101.4266,2.86327]]]}},{"type":"Feature","properties":{"id":1180364147,"kind":"pond","group":"pond","area_m2":2597,"km":0.03,"lon":101.83341,"lat":3.11717},"geometry":{"type":"Polygon","coordinates":[[[101.83323,3.11742],[101.83361,3.11741],[101.8336,3.11697],[101.83322,3.1169],[101.83323,3.11742]]]}},{"type":"Feature","properties":{"id":1270783412,"kind":"pond","group":"pond","area_m2":2594,"km":0.12,"lon":101.41951,"lat":2.9056},"geometry":{"type":"Polygon","coordinates":[[[101.4195,2.90585],[101.41985,2.90564],[101.41945,2.90534],[101.41918,2.90548],[101.4195,2.90585]]]}},{"type":"Feature","properties":{"id":601101368,"kind":"lake","group":"storage","area_m2":2591,"km":0.9,"lon":101.78836,"lat":3.0524},"geometry":{"type":"Polygon","coordinates":[[[101.78817,3.05191],[101.78813,3.05235],[101.78853,3.05266],[101.78854,3.05215],[101.78833,3.05188],[101.78817,3.05191]]]}},{"type":"Feature","properties":{"id":1271146313,"kind":"pond","group":"pond","area_m2":2578,"km":0.23,"lon":101.41775,"lat":2.88983},"geometry":{"type":"Polygon","coordinates":[[[101.41746,2.88983],[101.41771,2.89013],[101.41804,2.88975],[101.41782,2.88953],[101.41746,2.88983]]]}},{"type":"Feature","properties":{"id":816866102,"kind":"water","group":"other","area_m2":2547,"km":0.16,"lon":101.75453,"lat":2.99332},"geometry":{"type":"Polygon","coordinates":[[[101.7543,2.99374],[101.75456,2.99366],[101.75483,2.99289],[101.75446,2.99295],[101.75452,2.99328],[101.7543,2.99374]]]}},{"type":"Feature","properties":{"id":1271688332,"kind":"pond","group":"pond","area_m2":2529,"km":0.23,"lon":101.43482,"lat":2.90339},"geometry":{"type":"Polygon","coordinates":[[[101.43457,2.90368],[101.43524,2.90324],[101.43461,2.90319],[101.43457,2.90368]]]}},{"type":"Feature","properties":{"id":492985985,"kind":"pond","group":"pond","area_m2":2519,"km":0.19,"lon":101.87061,"lat":3.02817},"geometry":{"type":"Polygon","coordinates":[[[101.87029,3.0285],[101.87069,3.0283],[101.87114,3.02779],[101.87021,3.02831],[101.87029,3.0285]]]}},{"type":"Feature","properties":{"id":711412750,"kind":"basin","group":"treatment","area_m2":2493,"km":2.4,"lon":101.44904,"lat":2.82374},"geometry":{"type":"Polygon","coordinates":[[[101.44889,2.82398],[101.44914,2.82404],[101.44933,2.82351],[101.44888,2.8235],[101.44889,2.82398]]]}},{"type":"Feature","properties":{"id":1361599194,"kind":"pond","group":"pond","area_m2":2486,"km":0.24,"lon":101.92559,"lat":2.82643},"geometry":{"type":"Polygon","coordinates":[[[101.92549,2.82677],[101.92531,2.82656],[101.92568,2.82608],[101.92587,2.82631],[101.92549,2.82677]]]}},{"type":"Feature","properties":{"id":398667398,"kind":"pond","group":"pond","area_m2":2485,"km":0.13,"lon":101.56582,"lat":2.82466},"geometry":{"type":"Polygon","coordinates":[[[101.56553,2.82487],[101.56553,2.8245],[101.56613,2.82457],[101.56609,2.8248],[101.56553,2.82487]]]}},{"type":"Feature","properties":{"id":620520407,"kind":"water","group":"other","area_m2":2484,"km":0.3,"lon":101.41726,"lat":2.82295},"geometry":{"type":"Polygon","coordinates":[[[101.41794,2.82289],[101.41668,2.82304],[101.41793,2.82273],[101.41794,2.82289]]]}},{"type":"Feature","properties":{"id":1111265957,"kind":"stream","group":"channel","area_m2":2476,"km":1.49,"lon":101.7106,"lat":2.7634},"geometry":{"type":"Polygon","coordinates":[[[101.70934,2.76525],[101.70937,2.76527],[101.71249,2.76062],[101.71247,2.7606],[101.70934,2.76525]]]}},{"type":"Feature","properties":{"id":649037465,"kind":"water","group":"other","area_m2":2475,"km":0.02,"lon":101.83105,"lat":3.10701},"geometry":{"type":"Polygon","coordinates":[[[101.83106,3.10659],[101.83083,3.10731],[101.83102,3.10742],[101.83131,3.10667],[101.83106,3.10659]]]}},{"type":"Feature","properties":{"id":548926720,"kind":"pond","group":"pond","area_m2":2472,"km":2.19,"lon":101.73324,"lat":2.92448},"geometry":{"type":"Polygon","coordinates":[[[101.7331,2.92475],[101.73332,2.92476],[101.73351,2.92408],[101.73317,2.92403],[101.7331,2.92475]]]}},{"type":"Feature","properties":{"id":620361912,"kind":"water","group":"other","area_m2":2465,"km":0.19,"lon":101.41634,"lat":2.82388},"geometry":{"type":"Polygon","coordinates":[[[101.41618,2.82437],[101.41677,2.82457],[101.41631,2.82423],[101.41618,2.82319],[101.41618,2.82437]]]}},{"type":"Feature","properties":{"id":1211536134,"kind":"pond","group":"pond","area_m2":2464,"km":0.6,"lon":101.79751,"lat":3.05472},"geometry":{"type":"Polygon","coordinates":[[[101.79732,3.05496],[101.79784,3.05469],[101.79769,3.05432],[101.7972,3.05481],[101.79732,3.05496]]]}},{"type":"Feature","properties":{"id":404335203,"kind":"pond","group":"pond","area_m2":2463,"km":0.81,"lon":101.83483,"lat":2.85834,"name":"flood retention pond"},"geometry":{"type":"Polygon","coordinates":[[[101.83457,2.85839],[101.83507,2.85864],[101.83517,2.85838],[101.83476,2.85813],[101.83457,2.85839]]]}},{"type":"Feature","properties":{"id":620517962,"kind":"water","group":"other","area_m2":2463,"km":0.32,"lon":101.41752,"lat":2.82436},"geometry":{"type":"Polygon","coordinates":[[[101.41805,2.8243],[101.41698,2.82457],[101.41685,2.82445],[101.41801,2.82415],[101.41805,2.8243]]]}},{"type":"Feature","properties":{"id":1361599191,"kind":"pond","group":"pond","area_m2":2463,"km":0.25,"lon":101.92616,"lat":2.82592},"geometry":{"type":"Polygon","coordinates":[[[101.92614,2.82624],[101.92585,2.82587],[101.92632,2.82563],[101.92644,2.82578],[101.92614,2.82624]]]}},{"type":"Feature","properties":{"id":1271688306,"kind":"pond","group":"pond","area_m2":2461,"km":0.27,"lon":101.43795,"lat":2.90152},"geometry":{"type":"Polygon","coordinates":[[[101.43768,2.90177],[101.43819,2.90161],[101.43822,2.90127],[101.43774,2.90142],[101.43768,2.90177]]]}},{"type":"Feature","properties":{"id":620521132,"kind":"water","group":"other","area_m2":2453,"km":0.32,"lon":101.41737,"lat":2.82252},"geometry":{"type":"Polygon","coordinates":[[[101.41793,2.82249],[101.41663,2.8227],[101.41784,2.82235],[101.41793,2.82249]]]}},{"type":"Feature","properties":{"id":492980760,"kind":"pond","group":"pond","area_m2":2452,"km":0.13,"lon":101.86815,"lat":3.02346},"geometry":{"type":"Polygon","coordinates":[[[101.86802,3.02315],[101.86797,3.02366],[101.86812,3.02392],[101.86831,3.02343],[101.86822,3.02317],[101.86802,3.02315]]]}},{"type":"Feature","properties":{"id":649037452,"kind":"water","group":"other","area_m2":2451,"km":0.07,"lon":101.83035,"lat":3.1034},"geometry":{"type":"Polygon","coordinates":[[[101.83013,3.10324],[101.83008,3.10357],[101.83061,3.1036],[101.83068,3.10329],[101.83013,3.10324]]]}},{"type":"Feature","properties":{"id":1272659790,"kind":"pond","group":"pond","area_m2":2448,"km":0.2,"lon":101.42556,"lat":2.86306},"geometry":{"type":"Polygon","coordinates":[[[101.42538,2.86345],[101.42603,2.86263],[101.4259,2.86251],[101.42524,2.86333],[101.42538,2.86345]]]}},{"type":"Feature","properties":{"id":1272659709,"kind":"pond","group":"pond","area_m2":2445,"km":0.15,"lon":101.42369,"lat":2.85694},"geometry":{"type":"Polygon","coordinates":[[[101.42347,2.85712],[101.42398,2.85705],[101.42401,2.85674],[101.42353,2.85672],[101.42347,2.85712]]]}},{"type":"Feature","properties":{"id":492984461,"kind":"pond","group":"pond","area_m2":2419,"km":0.17,"lon":101.86846,"lat":3.02434},"geometry":{"type":"Polygon","coordinates":[[[101.86837,3.02477],[101.86856,3.02472],[101.86864,3.02398],[101.86832,3.0241],[101.86845,3.02433],[101.86837,3.02477]]]}},{"type":"Feature","properties":{"id":794373666,"kind":"reservoir","group":"storage","area_m2":2419,"km":0.08,"lon":101.77765,"lat":3.02027},"geometry":{"type":"Polygon","coordinates":[[[101.77776,3.0205],[101.77738,3.02036],[101.77747,3.02],[101.77791,3.02012],[101.77776,3.0205]]]}},{"type":"Feature","properties":{"id":620520396,"kind":"water","group":"other","area_m2":2414,"km":0.31,"lon":101.4173,"lat":2.82275},"geometry":{"type":"Polygon","coordinates":[[[101.41775,2.82272],[101.41664,2.82288],[101.41795,2.82255],[101.41775,2.82272]]]}},{"type":"Feature","properties":{"id":1435815557,"kind":"pond","group":"pond","area_m2":2409,"km":3.67,"lon":101.71438,"lat":2.99021},"geometry":{"type":"Polygon","coordinates":[[[101.71427,2.99046],[101.71456,2.99043],[101.71457,2.98983],[101.71422,2.98986],[101.71427,2.99046]]]}},{"type":"Feature","properties":{"id":1419137231,"kind":"pond","group":"pond","area_m2":2396,"km":0.24,"lon":101.7809,"lat":3.0666},"geometry":{"type":"Polygon","coordinates":[[[101.7809,3.06674],[101.78067,3.06671],[101.78098,3.06618],[101.78133,3.06636],[101.7809,3.06674]]]}},{"type":"Feature","properties":{"id":1272659789,"kind":"pond","group":"pond","area_m2":2368,"km":0.32,"lon":101.42621,"lat":2.86217},"geometry":{"type":"Polygon","coordinates":[[[101.42589,2.86243],[101.42609,2.86255],[101.42654,2.86191],[101.42636,2.86181],[101.42589,2.86243]]]}},{"type":"Feature","properties":{"id":888199100,"kind":"pond","group":"pond","area_m2":2355,"km":2.77,"lon":101.72485,"lat":2.93945},"geometry":{"type":"Polygon","coordinates":[[[101.72458,2.94019],[101.72471,2.94022],[101.72501,2.9389],[101.72486,2.93898],[101.72458,2.94019]]]}},{"type":"Feature","properties":{"id":699908162,"kind":"water","group":"other","area_m2":2346,"km":0.71,"lon":101.761,"lat":2.91185},"geometry":{"type":"Polygon","coordinates":[[[101.76077,2.91196],[101.76114,2.91205],[101.76137,2.91165],[101.76123,2.9115],[101.76077,2.91196]]]}},{"type":"Feature","properties":{"id":497797473,"kind":"water","group":"other","area_m2":2341,"km":1.19,"lon":101.87037,"lat":2.96722},"geometry":{"type":"Polygon","coordinates":[[[101.87026,2.96746],[101.87066,2.96743],[101.87065,2.96714],[101.87016,2.96703],[101.87026,2.96746]]]}},{"type":"Feature","properties":{"id":295857692,"kind":"water","group":"other","area_m2":2337,"km":3.6,"lon":101.6672,"lat":2.92333},"geometry":{"type":"Polygon","coordinates":[[[101.66727,2.92307],[101.66741,2.92353],[101.66724,2.92361],[101.6669,2.92318],[101.66719,2.92296],[101.66727,2.92307]]]}},{"type":"Feature","properties":{"id":1267639839,"kind":"pond","group":"pond","area_m2":2322,"km":3.41,"lon":101.81824,"lat":2.97029},"geometry":{"type":"Polygon","coordinates":[[[101.81793,2.97033],[101.81847,2.9706],[101.8185,2.97],[101.81817,2.97022],[101.81787,2.97014],[101.81793,2.97033]]]}},{"type":"Feature","properties":{"id":620527935,"kind":"water","group":"other","area_m2":2316,"km":0.31,"lon":101.41653,"lat":2.81827},"geometry":{"type":"Polygon","coordinates":[[[101.41688,2.81823],[101.41552,2.81864],[101.41547,2.81849],[101.41683,2.81813],[101.41688,2.81823]]]}},{"type":"Feature","properties":{"id":1270783444,"kind":"pond","group":"pond","area_m2":2310,"km":0.16,"lon":101.422,"lat":2.91055},"geometry":{"type":"Polygon","coordinates":[[[101.42169,2.91047],[101.42244,2.91079],[101.42212,2.91035],[101.42169,2.91047]]]}},{"type":"Feature","properties":{"id":1251541219,"kind":"pond","group":"pond","area_m2":2305,"km":0.38,"lon":101.79126,"lat":3.07081},"geometry":{"type":"Polygon","coordinates":[[[101.79096,3.07055],[101.79156,3.07127],[101.79126,3.07047],[101.79096,3.07055]]]}},{"type":"Feature","properties":{"id":1273991938,"kind":"pond","group":"pond","area_m2":2302,"km":0.11,"lon":101.44361,"lat":2.86909},"geometry":{"type":"Polygon","coordinates":[[[101.44351,2.86933],[101.44392,2.86913],[101.44374,2.86879],[101.44343,2.86901],[101.44351,2.86933]]]}},{"type":"Feature","properties":{"id":1272659794,"kind":"pond","group":"pond","area_m2":2287,"km":0.19,"lon":101.42603,"lat":2.86347},"geometry":{"type":"Polygon","coordinates":[[[101.42586,2.86375],[101.4264,2.86319],[101.42625,2.86302],[101.42575,2.86362],[101.42586,2.86375]]]}},{"type":"Feature","properties":{"id":492984455,"kind":"pond","group":"pond","area_m2":2284,"km":0.27,"lon":101.86933,"lat":3.02197},"geometry":{"type":"Polygon","coordinates":[[[101.8691,3.02216],[101.86942,3.0222],[101.8695,3.02179],[101.86937,3.02159],[101.86924,3.02155],[101.8691,3.02216]]]}},{"type":"Feature","properties":{"id":1380086813,"kind":"pond","group":"pond","area_m2":2275,"km":0.49,"lon":101.94611,"lat":2.87449},"geometry":{"type":"Polygon","coordinates":[[[101.94589,2.87455],[101.94584,2.87431],[101.94598,2.87423],[101.94639,2.8745],[101.94597,2.87474],[101.94589,2.87455]]]}},{"type":"Feature","properties":{"id":826204231,"kind":"pond","group":"pond","area_m2":2267,"km":0.24,"lon":101.75776,"lat":3.0738},"geometry":{"type":"Polygon","coordinates":[[[101.7577,3.07405],[101.75803,3.07375],[101.75786,3.07345],[101.75753,3.07359],[101.7577,3.07405]]]}},{"type":"Feature","properties":{"id":372972625,"kind":"water","group":"other","area_m2":2266,"km":3.48,"lon":101.71612,"lat":2.99426},"geometry":{"type":"Polygon","coordinates":[[[101.71607,2.99446],[101.71585,2.99413],[101.71598,2.99397],[101.71635,2.99416],[101.71629,2.99448],[101.71607,2.99446]]]}},{"type":"Feature","properties":{"id":662427165,"kind":"lake","group":"storage","area_m2":2256,"km":1.19,"lon":101.92702,"lat":2.92943},"geometry":{"type":"Polygon","coordinates":[[[101.92706,2.92927],[101.9273,2.92964],[101.92695,2.92977],[101.92677,2.92946],[101.92706,2.92927]]]}},{"type":"Feature","properties":{"id":1272659718,"kind":"pond","group":"pond","area_m2":2256,"km":0.25,"lon":101.4245,"lat":2.85723},"geometry":{"type":"Polygon","coordinates":[[[101.42415,2.85737],[101.42494,2.85729],[101.42496,2.85713],[101.42415,2.85716],[101.42415,2.85737]]]}},{"type":"Feature","properties":{"id":787651591,"kind":"pond","group":"pond","area_m2":2255,"km":6.07,"lon":101.69279,"lat":2.99103},"geometry":{"type":"Polygon","coordinates":[[[101.69284,2.99138],[101.69293,2.99053],[101.69272,2.99051],[101.69263,2.99136],[101.69284,2.99138]]]}},{"type":"Feature","properties":{"id":787651588,"kind":"pond","group":"pond","area_m2":2254,"km":6.26,"lon":101.69137,"lat":2.98534},"geometry":{"type":"Polygon","coordinates":[[[101.69103,2.98546],[101.69189,2.98537],[101.69187,2.98516],[101.69101,2.98525],[101.69103,2.98546]]]}},{"type":"Feature","properties":{"id":787651589,"kind":"pond","group":"pond","area_m2":2254,"km":6.27,"lon":101.69135,"lat":2.98509},"geometry":{"type":"Polygon","coordinates":[[[101.69101,2.98521],[101.69187,2.98513],[101.69185,2.98492],[101.69099,2.985],[101.69101,2.98521]]]}},{"type":"Feature","properties":{"id":787651590,"kind":"pond","group":"pond","area_m2":2254,"km":6.04,"lon":101.69304,"lat":2.99105},"geometry":{"type":"Polygon","coordinates":[[[101.69309,2.9914],[101.69317,2.99054],[101.69296,2.99052],[101.69288,2.99138],[101.69309,2.9914]]]}},{"type":"Feature","properties":{"id":1079519072,"kind":"pond","group":"pond","area_m2":2254,"km":2.21,"lon":101.70728,"lat":2.81693},"geometry":{"type":"Polygon","coordinates":[[[101.70706,2.81698],[101.70746,2.81648],[101.70745,2.81726],[101.70706,2.81698]]]}},{"type":"Feature","properties":{"id":137684685,"kind":"water","group":"other","area_m2":2251,"km":4.26,"lon":101.71008,"lat":2.96538},"geometry":{"type":"Polygon","coordinates":[[[101.71018,2.96583],[101.71007,2.96496],[101.70989,2.96536],[101.71018,2.96583]]]}},{"type":"Feature","properties":{"id":1185477945,"kind":"pond","group":"pond","area_m2":2247,"km":1.81,"lon":101.69523,"lat":2.835},"geometry":{"type":"Polygon","coordinates":[[[101.69451,2.83513],[101.69583,2.83496],[101.69519,2.83485],[101.695,2.83505],[101.69451,2.83513]]]}},{"type":"Feature","properties":{"id":209212405,"kind":"water","group":"other","area_m2":2239,"km":0.69,"lon":101.80519,"lat":3.12915},"geometry":{"type":"Polygon","coordinates":[[[101.80544,3.12876],[101.80527,3.12906],[101.80532,3.12941],[101.80512,3.12959],[101.80491,3.12922],[101.80544,3.12876]]]}},{"type":"Feature","properties":{"id":620520398,"kind":"water","group":"other","area_m2":2239,"km":0.3,"lon":101.41726,"lat":2.82317},"geometry":{"type":"Polygon","coordinates":[[[101.41796,2.82307],[101.41672,2.82328],[101.41797,2.82293],[101.41796,2.82307]]]}},{"type":"Feature","properties":{"id":1292808447,"kind":"water","group":"other","area_m2":2236,"km":0.35,"lon":101.91133,"lat":2.80489},"geometry":{"type":"Polygon","coordinates":[[[101.91128,2.80522],[101.91103,2.80473],[101.91121,2.80465],[101.91131,2.80478],[101.91146,2.80471],[101.91159,2.80504],[101.91128,2.80522]]]}},{"type":"Feature","properties":{"id":1273991909,"kind":"pond","group":"pond","area_m2":2221,"km":0.16,"lon":101.4505,"lat":2.8819},"geometry":{"type":"Polygon","coordinates":[[[101.45016,2.88204],[101.45059,2.88205],[101.45081,2.88181],[101.45053,2.88167],[101.45016,2.88204]]]}},{"type":"Feature","properties":{"id":1272659815,"kind":"pond","group":"pond","area_m2":2166,"km":0.19,"lon":101.4287,"lat":2.86379},"geometry":{"type":"Polygon","coordinates":[[[101.42857,2.86404],[101.42888,2.86399],[101.42884,2.86349],[101.42857,2.86348],[101.42857,2.86404]]]}},{"type":"Feature","properties":{"id":404265337,"kind":"pond","group":"pond","area_m2":2165,"km":3.88,"lon":101.63318,"lat":2.85984},"geometry":{"type":"Polygon","coordinates":[[[101.6327,2.85998],[101.63271,2.85974],[101.6329,2.85967],[101.63371,2.85985],[101.6327,2.85998]]]}},{"type":"Feature","properties":{"id":1271688305,"kind":"pond","group":"pond","area_m2":2143,"km":0.22,"lon":101.43797,"lat":2.9011},"geometry":{"type":"Polygon","coordinates":[[[101.43775,2.90135],[101.43819,2.90116],[101.43822,2.90085],[101.43774,2.90103],[101.43775,2.90135]]]}},{"type":"Feature","properties":{"id":871919970,"kind":"pond","group":"pond","area_m2":2129,"km":0.07,"lon":101.78034,"lat":3.02775},"geometry":{"type":"Polygon","coordinates":[[[101.78037,3.02815],[101.78061,3.02771],[101.7805,3.02749],[101.78014,3.02764],[101.78037,3.02815]]]}},{"type":"Feature","properties":{"id":492985407,"kind":"pond","group":"pond","area_m2":2120,"km":0.03,"lon":101.86792,"lat":3.02598},"geometry":{"type":"Polygon","coordinates":[[[101.86777,3.02611],[101.8682,3.02621],[101.86813,3.02573],[101.86782,3.02577],[101.86777,3.02611]]]}},{"type":"Feature","properties":{"id":1476099855,"kind":"pond","group":"pond","area_m2":2116,"km":0.6,"lon":101.92203,"lat":2.93166},"geometry":{"type":"Polygon","coordinates":[[[101.92213,2.93197],[101.9223,2.93179],[101.92194,2.93129],[101.92182,2.93133],[101.92213,2.93197]]]}},{"type":"Feature","properties":{"id":420058625,"kind":"pond","group":"pond","area_m2":2114,"km":0.96,"lon":101.85955,"lat":2.85603},"geometry":{"type":"Polygon","coordinates":[[[101.85929,2.85621],[101.85975,2.85616],[101.85977,2.8557],[101.85952,2.85577],[101.85929,2.85621]]]}},{"type":"Feature","properties":{"id":1087793361,"kind":"pond","group":"pond","area_m2":2109,"km":2.19,"lon":101.80086,"lat":2.92768},"geometry":{"type":"Polygon","coordinates":[[[101.80056,2.92787],[101.80085,2.92797],[101.80118,2.92731],[101.80083,2.92743],[101.80056,2.92787]]]}},{"type":"Feature","properties":{"id":202787958,"kind":"river","group":"channel","area_m2":2104,"km":0.11,"lon":101.53549,"lat":2.80972},"geometry":{"type":"Polygon","coordinates":[[[101.53545,2.80939],[101.5354,2.81043],[101.53558,2.81055],[101.53558,2.80952],[101.53551,2.8093],[101.53545,2.80939]]]}},{"type":"Feature","properties":{"id":619849747,"kind":"water","group":"other","area_m2":2103,"km":0.77,"lon":101.86888,"lat":2.97123},"geometry":{"type":"Polygon","coordinates":[[[101.86857,2.97089],[101.86845,2.97124],[101.86875,2.97118],[101.86927,2.97138],[101.86857,2.97089]]]}},{"type":"Feature","properties":{"id":1272659719,"kind":"pond","group":"pond","area_m2":2103,"km":0.26,"lon":101.42452,"lat":2.8575},"geometry":{"type":"Polygon","coordinates":[[[101.4241,2.85761],[101.42505,2.8575],[101.425,2.85736],[101.42413,2.85744],[101.4241,2.85761]]]}},{"type":"Feature","properties":{"id":1222763695,"kind":"pond","group":"pond","area_m2":2090,"km":0.9,"lon":101.82726,"lat":2.8963},"geometry":{"type":"Polygon","coordinates":[[[101.82708,2.89647],[101.82737,2.89656],[101.82754,2.89603],[101.82725,2.89594],[101.82708,2.89647]]]}},{"type":"Feature","properties":{"id":306971819,"kind":"reservoir","group":"storage","area_m2":2072,"km":1.11,"lon":101.80892,"lat":2.81423},"geometry":{"type":"Polygon","coordinates":[[[101.80866,2.81428],[101.8088,2.81401],[101.8093,2.81415],[101.80921,2.81444],[101.80866,2.81428]]]}},{"type":"Feature","properties":{"id":1518646733,"kind":"water","group":"other","area_m2":2070,"km":0.51,"lon":101.76516,"lat":2.77662},"geometry":{"type":"Polygon","coordinates":[[[101.76523,2.77682],[101.76537,2.77679],[101.76532,2.77646],[101.76483,2.77647],[101.76523,2.77682]]]}},{"type":"Feature","properties":{"id":1271688329,"kind":"pond","group":"pond","area_m2":2068,"km":0.1,"lon":101.43439,"lat":2.90189},"geometry":{"type":"Polygon","coordinates":[[[101.43413,2.90204],[101.43429,2.90216],[101.4347,2.90182],[101.43451,2.9016],[101.43413,2.90204]]]}},{"type":"Feature","properties":{"id":492980762,"kind":"pond","group":"pond","area_m2":2065,"km":0.2,"lon":101.8689,"lat":3.02288},"geometry":{"type":"Polygon","coordinates":[[[101.86857,3.02299],[101.86911,3.02297],[101.86929,3.02279],[101.8686,3.02275],[101.86857,3.02299]]]}},{"type":"Feature","properties":{"id":797187581,"kind":"reservoir","group":"storage","area_m2":2062,"km":2.56,"lon":101.71596,"lat":2.80668},"geometry":{"type":"Polygon","coordinates":[[[101.71575,2.80684],[101.71612,2.8069],[101.71622,2.80669],[101.71586,2.80642],[101.71575,2.80684]]]}},{"type":"Feature","properties":{"id":776156372,"kind":"reservoir","group":"storage","area_m2":2057,"km":1.96,"lon":101.80459,"lat":2.98508},"geometry":{"type":"Polygon","coordinates":[[[101.80427,2.98521],[101.80484,2.98482],[101.80486,2.98522],[101.80427,2.98521]]]}},{"type":"Feature","properties":{"id":649037442,"kind":"water","group":"other","area_m2":2050,"km":0.32,"lon":101.81738,"lat":3.10674},"geometry":{"type":"Polygon","coordinates":[[[101.81714,3.10671],[101.81734,3.10706],[101.81761,3.10672],[101.81746,3.10653],[101.81714,3.10671]]]}},{"type":"Feature","properties":{"id":649037458,"kind":"water","group":"other","area_m2":2035,"km":0.2,"lon":101.82977,"lat":3.10542},"geometry":{"type":"Polygon","coordinates":[[[101.82956,3.10514],[101.82968,3.10563],[101.83003,3.10572],[101.82956,3.10514]]]}},{"type":"Feature","properties":{"id":1379311740,"kind":"pond","group":"pond","area_m2":2029,"km":0.46,"lon":101.90552,"lat":2.94017},"geometry":{"type":"Polygon","coordinates":[[[101.90515,2.94012],[101.90579,2.93995],[101.90587,2.94016],[101.90525,2.9403],[101.90515,2.94012]]]}},{"type":"Feature","properties":{"id":1476099856,"kind":"pond","group":"pond","area_m2":2026,"km":0.61,"lon":101.92254,"lat":2.93219},"geometry":{"type":"Polygon","coordinates":[[[101.92232,2.9324],[101.9222,2.93218],[101.92237,2.93203],[101.92291,2.93203],[101.92291,2.93215],[101.92232,2.9324]]]}},{"type":"Feature","properties":{"id":619849755,"kind":"water","group":"other","area_m2":2025,"km":0.63,"lon":101.86838,"lat":2.97252},"geometry":{"type":"Polygon","coordinates":[[[101.86822,2.97229],[101.86822,2.9727],[101.86851,2.97273],[101.86859,2.9724],[101.86822,2.97229]]]}},{"type":"Feature","properties":{"id":1271146324,"kind":"pond","group":"pond","area_m2":2004,"km":0.16,"lon":101.41348,"lat":2.89173},"geometry":{"type":"Polygon","coordinates":[[[101.41327,2.89179],[101.41344,2.89203],[101.41379,2.89158],[101.41355,2.89145],[101.41327,2.89179]]]}},{"type":"Feature","properties":{"id":871930569,"kind":"pond","group":"pond","area_m2":2003,"km":0.58,"lon":101.77637,"lat":3.03624},"geometry":{"type":"Polygon","coordinates":[[[101.77596,3.03637],[101.77615,3.03599],[101.77644,3.03622],[101.77685,3.03626],[101.77596,3.03637]]]}},{"type":"Feature","properties":{"id":1271146298,"kind":"pond","group":"pond","area_m2":1990,"km":0.09,"lon":101.4203,"lat":2.88028},"geometry":{"type":"Polygon","coordinates":[[[101.42021,2.88057],[101.42039,2.88055],[101.42042,2.87996],[101.42012,2.88],[101.42021,2.88057]]]}},{"type":"Feature","properties":{"id":1272659814,"kind":"pond","group":"pond","area_m2":1980,"km":0.13,"lon":101.42869,"lat":2.86437},"geometry":{"type":"Polygon","coordinates":[[[101.42858,2.8646],[101.4289,2.86458],[101.42888,2.86414],[101.42856,2.86414],[101.42858,2.8646]]]}},{"type":"Feature","properties":{"id":1272659705,"kind":"pond","group":"pond","area_m2":1976,"km":0.22,"lon":101.42454,"lat":2.85629},"geometry":{"type":"Polygon","coordinates":[[[101.42421,2.85632],[101.42491,2.85644],[101.42497,2.85625],[101.42425,2.85614],[101.42421,2.85632]]]}},{"type":"Feature","properties":{"id":1111410794,"kind":"stream","group":"channel","area_m2":1969,"km":2.64,"lon":101.71738,"lat":2.75329},"geometry":{"type":"Polygon","coordinates":[[[101.71614,2.75513],[101.71616,2.75514],[101.71925,2.75053],[101.71923,2.75052],[101.71614,2.75513]]]}},{"type":"Feature","properties":{"id":1015760155,"kind":"pond","group":"pond","area_m2":1961,"km":1.72,"lon":101.73803,"lat":2.91954},"geometry":{"type":"Polygon","coordinates":[[[101.73776,2.91921],[101.73832,2.91959],[101.73873,2.91962],[101.73836,2.9197],[101.73795,2.91944],[101.73798,2.91992],[101.73782,2.91979],[101.73776,2.91921]]]}},{"type":"Feature","properties":{"id":390948271,"kind":"pond","group":"pond","area_m2":1939,"km":2.07,"lon":101.73213,"lat":2.94319},"geometry":{"type":"Polygon","coordinates":[[[101.73182,2.94357],[101.73172,2.94347],[101.73214,2.94289],[101.73229,2.94287],[101.73223,2.94316],[101.73269,2.94291],[101.73182,2.94357]]]}},{"type":"Feature","properties":{"id":1288067080,"kind":"pond","group":"pond","area_m2":1930,"km":2.02,"lon":101.88862,"lat":3.10826},"geometry":{"type":"Polygon","coordinates":[[[101.88867,3.10841],[101.88829,3.10829],[101.88828,3.10814],[101.88871,3.10805],[101.88887,3.10825],[101.88867,3.10841]]]}},{"type":"Feature","properties":{"id":1067198579,"kind":"pond","group":"pond","area_m2":1921,"km":0.11,"lon":101.84713,"lat":2.84209},"geometry":{"type":"Polygon","coordinates":[[[101.84707,2.84237],[101.84706,2.84187],[101.84738,2.84182],[101.84725,2.84234],[101.84707,2.84237]]]}},{"type":"Feature","properties":{"id":1379311737,"kind":"pond","group":"pond","area_m2":1915,"km":0.27,"lon":101.90718,"lat":2.93988},"geometry":{"type":"Polygon","coordinates":[[[101.90695,2.94005],[101.90693,2.93985],[101.90751,2.93969],[101.90754,2.9399],[101.90695,2.94005]]]}},{"type":"Feature","properties":{"id":304754907,"kind":"reservoir","group":"storage","area_m2":1908,"km":0.06,"lon":101.84007,"lat":2.86496},"geometry":{"type":"Polygon","coordinates":[[[101.83984,2.86504],[101.83998,2.86472],[101.84034,2.86497],[101.8401,2.86517],[101.83984,2.86504]]]}},{"type":"Feature","properties":{"id":1222763696,"kind":"pond","group":"pond","area_m2":1908,"km":0.77,"lon":101.82822,"lat":2.89535},"geometry":{"type":"Polygon","coordinates":[[[101.82803,2.89551],[101.82856,2.89539],[101.8285,2.89511],[101.82797,2.89523],[101.82803,2.89551]]]}},{"type":"Feature","properties":{"id":1270783434,"kind":"pond","group":"pond","area_m2":1897,"km":0.19,"lon":101.42394,"lat":2.90782},"geometry":{"type":"Polygon","coordinates":[[[101.42382,2.90824],[101.424,2.90817],[101.42404,2.90726],[101.42382,2.90824]]]}},{"type":"Feature","properties":{"id":1271146271,"kind":"pond","group":"pond","area_m2":1891,"km":0.11,"lon":101.42561,"lat":2.88334},"geometry":{"type":"Polygon","coordinates":[[[101.42541,2.88346],[101.42572,2.88355],[101.42585,2.88317],[101.42551,2.88308],[101.42541,2.88346]]]}},{"type":"Feature","properties":{"id":492980755,"kind":"pond","group":"pond","area_m2":1875,"km":0.03,"lon":101.86725,"lat":3.02481},"geometry":{"type":"Polygon","coordinates":[[[101.86708,3.02472],[101.86728,3.02509],[101.8675,3.02497],[101.8673,3.02446],[101.86708,3.02472]]]}},{"type":"Feature","properties":{"id":304754906,"kind":"reservoir","group":"storage","area_m2":1873,"km":0.04,"lon":101.8395,"lat":2.8654},"geometry":{"type":"Polygon","coordinates":[[[101.83927,2.86541],[101.83933,2.86559],[101.84,2.86527],[101.83971,2.86518],[101.83927,2.86541]]]}},{"type":"Feature","properties":{"id":1271688330,"kind":"pond","group":"pond","area_m2":1873,"km":0.1,"lon":101.43403,"lat":2.90239},"geometry":{"type":"Polygon","coordinates":[[[101.43381,2.90249],[101.43418,2.90269],[101.43413,2.90211],[101.43381,2.90249]]]}},{"type":"Feature","properties":{"id":1272659708,"kind":"pond","group":"pond","area_m2":1871,"km":0.23,"lon":101.42453,"lat":2.85657},"geometry":{"type":"Polygon","coordinates":[[[101.42414,2.85657],[101.42492,2.85669],[101.42502,2.85657],[101.42421,2.85642],[101.42414,2.85657]]]}},{"type":"Feature","properties":{"id":236188485,"kind":"pond","group":"pond","area_m2":1869,"km":0.47,"lon":101.77315,"lat":3.07934},"geometry":{"type":"Polygon","coordinates":[[[101.77285,3.07936],[101.77328,3.07949],[101.77346,3.07929],[101.77325,3.07914],[101.77285,3.07936]]]}},{"type":"Feature","properties":{"id":513786030,"kind":"lake","group":"storage","area_m2":1863,"km":0.29,"lon":101.87221,"lat":2.94595},"geometry":{"type":"Polygon","coordinates":[[[101.87199,2.94613],[101.87194,2.94587],[101.87246,2.94566],[101.87234,2.94602],[101.87204,2.94622],[101.87199,2.94613]]]}},{"type":"Feature","properties":{"id":492985404,"kind":"pond","group":"pond","area_m2":1862,"km":0.05,"lon":101.86695,"lat":3.02656},"geometry":{"type":"Polygon","coordinates":[[[101.86677,3.02677],[101.86716,3.02678],[101.86715,3.02638],[101.86684,3.02636],[101.86677,3.02677]]]}},{"type":"Feature","properties":{"id":1015760153,"kind":"pond","group":"pond","area_m2":1861,"km":1.34,"lon":101.7413,"lat":2.94547},"geometry":{"type":"Polygon","coordinates":[[[101.7414,2.94522],[101.74108,2.94526],[101.74112,2.94578],[101.74133,2.94578],[101.7414,2.94522]]]}},{"type":"Feature","properties":{"id":493034569,"kind":"pond","group":"pond","area_m2":1857,"km":0.27,"lon":101.87941,"lat":2.99357},"geometry":{"type":"Polygon","coordinates":[[[101.87933,2.99328],[101.87939,2.99354],[101.8791,2.99411],[101.87963,2.9936],[101.87933,2.99328]]]}},{"type":"Feature","properties":{"id":1087659876,"kind":"pond","group":"pond","area_m2":1855,"km":0.89,"lon":101.7652,"lat":2.99841},"geometry":{"type":"Polygon","coordinates":[[[101.76505,2.9986],[101.76546,2.99833],[101.76526,2.99804],[101.76509,2.99813],[101.76505,2.9986]]]}},{"type":"Feature","properties":{"id":594155834,"kind":"pond","group":"pond","area_m2":1853,"km":0.57,"lon":101.68387,"lat":2.83585},"geometry":{"type":"Polygon","coordinates":[[[101.68341,2.83604],[101.68409,2.8356],[101.68433,2.83565],[101.68376,2.83602],[101.68341,2.83604]]]}},{"type":"Feature","properties":{"id":1270783432,"kind":"pond","group":"pond","area_m2":1851,"km":0.14,"lon":101.4246,"lat":2.90777},"geometry":{"type":"Polygon","coordinates":[[[101.42441,2.90801],[101.42496,2.90768],[101.42452,2.90749],[101.42441,2.90801]]]}},{"type":"Feature","properties":{"id":1066653320,"kind":"reservoir","group":"storage","area_m2":1829,"km":0.66,"lon":101.74441,"lat":3.02216},"geometry":{"type":"Polygon","coordinates":[[[101.7442,3.0222],[101.74446,3.02243],[101.74463,3.02201],[101.74431,3.02192],[101.7442,3.0222]]]}},{"type":"Feature","properties":{"id":954213821,"kind":"pond","group":"pond","area_m2":1828,"km":1.41,"lon":101.62666,"lat":2.81116},"geometry":{"type":"Polygon","coordinates":[[[101.62641,2.81129],[101.62635,2.81117],[101.62694,2.81079],[101.62695,2.811],[101.62659,2.81136],[101.62641,2.81129]]]}},{"type":"Feature","properties":{"id":1379311738,"kind":"pond","group":"pond","area_m2":1827,"km":0.35,"lon":101.90644,"lat":2.9401},"geometry":{"type":"Polygon","coordinates":[[[101.90611,2.94026],[101.90674,2.93988],[101.9068,2.94013],[101.90611,2.94026]]]}},{"type":"Feature","properties":{"id":1271146269,"kind":"pond","group":"pond","area_m2":1818,"km":0.1,"lon":101.42549,"lat":2.88379},"geometry":{"type":"Polygon","coordinates":[[[101.4253,2.88394],[101.42561,2.884],[101.42573,2.8836],[101.42539,2.88354],[101.4253,2.88394]]]}},{"type":"Feature","properties":{"id":1222763694,"kind":"pond","group":"pond","area_m2":1799,"km":1.03,"lon":101.82768,"lat":2.89754},"geometry":{"type":"Polygon","coordinates":[[[101.82745,2.89749],[101.82787,2.89784],[101.82804,2.89763],[101.82762,2.89728],[101.82745,2.89749]]]}},{"type":"Feature","properties":{"id":1271146325,"kind":"pond","group":"pond","area_m2":1786,"km":0.12,"lon":101.41326,"lat":2.89147},"geometry":{"type":"Polygon","coordinates":[[[101.41306,2.89156],[101.41323,2.89175],[101.41354,2.89135],[101.41331,2.89123],[101.41306,2.89156]]]}},{"type":"Feature","properties":{"id":1272659722,"kind":"pond","group":"pond","area_m2":1760,"km":0.18,"lon":101.42369,"lat":2.85845},"geometry":{"type":"Polygon","coordinates":[[[101.42344,2.85858],[101.42409,2.8585],[101.42411,2.85832],[101.42343,2.85838],[101.42344,2.85858]]]}},{"type":"Feature","properties":{"id":492984460,"kind":"pond","group":"pond","area_m2":1752,"km":0.17,"lon":101.8685,"lat":3.02379},"geometry":{"type":"Polygon","coordinates":[[[101.8683,3.02374],[101.86841,3.02396],[101.86872,3.02389],[101.86857,3.02356],[101.86837,3.02353],[101.8683,3.02374]]]}},{"type":"Feature","properties":{"id":492980756,"kind":"pond","group":"pond","area_m2":1749,"km":0.02,"lon":101.86715,"lat":3.02393},"geometry":{"type":"Polygon","coordinates":[[[101.86705,3.02415],[101.86724,3.02424],[101.86733,3.02358],[101.86697,3.02361],[101.86705,3.02415]]]}},{"type":"Feature","properties":{"id":649037459,"kind":"water","group":"other","area_m2":1748,"km":0.03,"lon":101.83126,"lat":3.10611},"geometry":{"type":"Polygon","coordinates":[[[101.83109,3.10596],[101.83111,3.10629],[101.83146,3.10628],[101.83146,3.10591],[101.83109,3.10596]]]}},{"type":"Feature","properties":{"id":1082274112,"kind":"wastewater","group":"treatment","area_m2":1725,"km":0.59,"lon":101.76312,"lat":3.02166},"geometry":{"type":"Polygon","coordinates":[[[101.76294,3.02183],[101.76312,3.02133],[101.7633,3.02141],[101.76319,3.02189],[101.76294,3.02183]]]}},{"type":"Feature","properties":{"id":544952475,"kind":"lake","group":"storage","area_m2":1724,"km":0.96,"lon":101.79196,"lat":2.88371},"geometry":{"type":"Polygon","coordinates":[[[101.79212,2.88398],[101.79172,2.88367],[101.79181,2.88349],[101.79226,2.88377],[101.79212,2.88398]]]}},{"type":"Feature","properties":{"id":1180364141,"kind":"pond","group":"pond","area_m2":1724,"km":0.06,"lon":101.83109,"lat":3.11629},"geometry":{"type":"Polygon","coordinates":[[[101.83089,3.11645],[101.8311,3.11657],[101.83127,3.11602],[101.83114,3.11599],[101.83089,3.11645]]]}},{"type":"Feature","properties":{"id":649037445,"kind":"water","group":"other","area_m2":1722,"km":0.78,"lon":101.82569,"lat":3.099},"geometry":{"type":"Polygon","coordinates":[[[101.82551,3.09894],[101.82556,3.09924],[101.82591,3.09911],[101.82588,3.09877],[101.82551,3.09894]]]}},{"type":"Feature","properties":{"id":1531115158,"kind":"lake","group":"storage","area_m2":1717,"km":0.06,"lon":101.66844,"lat":2.86777},"geometry":{"type":"Polygon","coordinates":[[[101.66856,2.86769],[101.66821,2.86744],[101.66823,2.86793],[101.66862,2.86783],[101.66856,2.86769]]]}},{"type":"Feature","properties":{"id":1183883016,"kind":"pond","group":"pond","area_m2":1716,"km":0.28,"lon":101.80113,"lat":3.05574},"geometry":{"type":"Polygon","coordinates":[[[101.80114,3.0561],[101.80126,3.05609],[101.80148,3.05544],[101.80106,3.05568],[101.80073,3.05559],[101.80108,3.05584],[101.80114,3.0561]]]}},{"type":"Feature","properties":{"id":871930571,"kind":"pond","group":"pond","area_m2":1715,"km":0.28,"lon":101.77358,"lat":3.03771},"geometry":{"type":"Polygon","coordinates":[[[101.77332,3.03778],[101.77344,3.03791],[101.7739,3.03764],[101.77378,3.03749],[101.77332,3.03778]]]}},{"type":"Feature","properties":{"id":1272659746,"kind":"pond","group":"pond","area_m2":1715,"km":0.18,"lon":101.4237,"lat":2.85932},"geometry":{"type":"Polygon","coordinates":[[[101.42335,2.85943],[101.42412,2.85935],[101.42412,2.85919],[101.42338,2.85927],[101.42335,2.85943]]]}},{"type":"Feature","properties":{"id":1417522109,"kind":"water","group":"other","area_m2":1709,"km":0.12,"lon":101.79306,"lat":3.08013},"geometry":{"type":"Polygon","coordinates":[[[101.79314,3.08033],[101.79277,3.0801],[101.79293,3.07983],[101.7933,3.08006],[101.79314,3.08033]]]}},{"type":"Feature","properties":{"id":1190170618,"kind":"pond","group":"pond","area_m2":1695,"km":0.77,"lon":101.8646,"lat":3.04773},"geometry":{"type":"Polygon","coordinates":[[[101.8646,3.04812],[101.86472,3.04736],[101.86446,3.04763],[101.8646,3.04812]]]}},{"type":"Feature","properties":{"id":649037441,"kind":"water","group":"other","area_m2":1689,"km":0.38,"lon":101.81789,"lat":3.10645},"geometry":{"type":"Polygon","coordinates":[[[101.81763,3.10644],[101.81772,3.10663],[101.81809,3.10649],[101.81815,3.10629],[101.81803,3.10619],[101.81763,3.10644]]]}},{"type":"Feature","properties":{"id":1363788090,"kind":"pond","group":"pond","area_m2":1673,"km":1.73,"lon":101.88298,"lat":3.11389},"geometry":{"type":"Polygon","coordinates":[[[101.88283,3.114],[101.88317,3.11409],[101.88289,3.1135],[101.88283,3.114]]]}},{"type":"Feature","properties":{"id":1272957953,"kind":"pond","group":"pond","area_m2":1666,"km":0.29,"lon":101.4261,"lat":2.8504},"geometry":{"type":"Polygon","coordinates":[[[101.42595,2.8505],[101.42629,2.85058],[101.42633,2.8502],[101.42603,2.85017],[101.42595,2.8505]]]}},{"type":"Feature","properties":{"id":1267639838,"kind":"pond","group":"pond","area_m2":1663,"km":3.66,"lon":101.82005,"lat":2.97435},"geometry":{"type":"Polygon","coordinates":[[[101.82,2.97476],[101.82039,2.97413],[101.81985,2.97413],[101.82,2.97476]]]}},{"type":"Feature","properties":{"id":608807155,"kind":"pond","group":"pond","area_m2":1662,"km":3.34,"lon":101.68932,"lat":2.92283},"geometry":{"type":"Polygon","coordinates":[[[101.68931,2.9231],[101.68916,2.92308],[101.68919,2.92271],[101.68946,2.92264],[101.68957,2.92274],[101.68931,2.9231]]]}},{"type":"Feature","properties":{"id":304754801,"kind":"pond","group":"pond","area_m2":1661,"km":0.13,"lon":101.84768,"lat":2.84217},"geometry":{"type":"Polygon","coordinates":[[[101.84766,2.84191],[101.84752,2.84258],[101.84786,2.84213],[101.84766,2.84191]]]}},{"type":"Feature","properties":{"id":492984462,"kind":"pond","group":"pond","area_m2":1658,"km":0.09,"lon":101.86834,"lat":3.02539},"geometry":{"type":"Polygon","coordinates":[[[101.86818,3.02547],[101.86843,3.02556],[101.86856,3.02515],[101.86832,3.02511],[101.86818,3.02547]]]}},{"type":"Feature","properties":{"id":1435241430,"kind":"water","group":"other","area_m2":1649,"km":1.93,"lon":101.73509,"lat":2.9706},"geometry":{"type":"Polygon","coordinates":[[[101.73508,2.97033],[101.73525,2.97096],[101.73505,2.97091],[101.73508,2.97033]]]}},{"type":"Feature","properties":{"id":1272957948,"kind":"pond","group":"pond","area_m2":1646,"km":0.29,"lon":101.42572,"lat":2.84852},"geometry":{"type":"Polygon","coordinates":[[[101.42553,2.84865],[101.42596,2.84862],[101.42598,2.84839],[101.42556,2.84834],[101.42553,2.84865]]]}},{"type":"Feature","properties":{"id":1272957949,"kind":"pond","group":"pond","area_m2":1646,"km":0.35,"lon":101.42622,"lat":2.84853},"geometry":{"type":"Polygon","coordinates":[[[101.42607,2.84866],[101.42652,2.84866],[101.42652,2.84842],[101.42607,2.84837],[101.42607,2.84866]]]}},{"type":"Feature","properties":{"id":1476099854,"kind":"pond","group":"pond","area_m2":1624,"km":0.64,"lon":101.9224,"lat":2.93144},"geometry":{"type":"Polygon","coordinates":[[[101.92236,2.93173],[101.92217,2.93147],[101.9225,2.93114],[101.92263,2.93125],[101.92236,2.93173]]]}},{"type":"Feature","properties":{"id":609382033,"kind":"pond","group":"pond","area_m2":1622,"km":4.2,"lon":101.71195,"lat":2.93974},"geometry":{"type":"Polygon","coordinates":[[[101.71189,2.94002],[101.7121,2.93968],[101.71201,2.93944],[101.71171,2.93966],[101.71189,2.94002]]]}},{"type":"Feature","properties":{"id":1111265789,"kind":"stream","group":"channel","area_m2":1621,"km":1.1,"lon":101.70806,"lat":2.7672},"geometry":{"type":"Polygon","coordinates":[[[101.70875,2.76621],[101.70871,2.76618],[101.70703,2.76869],[101.70706,2.76872],[101.70875,2.76621]]]}},{"type":"Feature","properties":{"id":1435241431,"kind":"water","group":"other","area_m2":1617,"km":1.98,"lon":101.73513,"lat":2.97131},"geometry":{"type":"Polygon","coordinates":[[[101.73504,2.97099],[101.73524,2.97116],[101.73523,2.97173],[101.73503,2.97138],[101.73504,2.97099]]]}},{"type":"Feature","properties":{"id":796669708,"kind":"reservoir","group":"storage","area_m2":1616,"km":2.59,"lon":101.72287,"lat":2.81168},"geometry":{"type":"Polygon","coordinates":[[[101.72271,2.81139],[101.72285,2.81173],[101.72327,2.81181],[101.72327,2.81197],[101.7228,2.81196],[101.72271,2.81139]]]}},{"type":"Feature","properties":{"id":620521124,"kind":"water","group":"other","area_m2":1611,"km":0.35,"lon":101.41745,"lat":2.82153},"geometry":{"type":"Polygon","coordinates":[[[101.41789,2.82152],[101.41689,2.82165],[101.41786,2.82138],[101.41789,2.82152]]]}},{"type":"Feature","properties":{"id":1125001400,"kind":"pond","group":"pond","area_m2":1602,"km":1.4,"lon":101.7519,"lat":3.09196},"geometry":{"type":"Polygon","coordinates":[[[101.75166,3.09213],[101.75209,3.09214],[101.75207,3.09165],[101.75188,3.09195],[101.75161,3.09202],[101.75166,3.09213]]]}},{"type":"Feature","properties":{"id":1271688301,"kind":"pond","group":"pond","area_m2":1588,"km":0.25,"lon":101.43858,"lat":2.90132},"geometry":{"type":"Polygon","coordinates":[[[101.43842,2.90151],[101.43884,2.90135],[101.43877,2.9011],[101.43842,2.9012],[101.43842,2.90151]]]}},{"type":"Feature","properties":{"id":954213824,"kind":"pond","group":"pond","area_m2":1583,"km":1.48,"lon":101.62598,"lat":2.81021},"geometry":{"type":"Polygon","coordinates":[[[101.62584,2.81024],[101.62581,2.81044],[101.62598,2.81045],[101.6262,2.81005],[101.62602,2.80996],[101.62584,2.81024]]]}},{"type":"Feature","properties":{"id":372965860,"kind":"water","group":"other","area_m2":1577,"km":3.58,"lon":101.71615,"lat":2.98391},"geometry":{"type":"Polygon","coordinates":[[[101.71541,2.98392],[101.71647,2.98406],[101.71666,2.98378],[101.71541,2.98392]]]}},{"type":"Feature","properties":{"id":492984454,"kind":"pond","group":"pond","area_m2":1574,"km":0.23,"lon":101.86892,"lat":3.02164},"geometry":{"type":"Polygon","coordinates":[[[101.86875,3.02168],[101.86908,3.02188],[101.86917,3.02154],[101.86887,3.0214],[101.86875,3.02168]]]}},{"type":"Feature","properties":{"id":1080236606,"kind":"pond","group":"pond","area_m2":1572,"km":0.88,"lon":101.80374,"lat":2.83497},"geometry":{"type":"Polygon","coordinates":[[[101.80356,2.83517],[101.8039,2.83514],[101.8039,2.83479],[101.80359,2.8348],[101.80356,2.83517]]]}},{"type":"Feature","properties":{"id":659673594,"kind":"water","group":"other","area_m2":1569,"km":0.85,"lon":101.40594,"lat":2.84554},"geometry":{"type":"Polygon","coordinates":[[[101.40575,2.84524],[101.40602,2.84591],[101.40617,2.84591],[101.40585,2.84516],[101.40575,2.84524]]]}},{"type":"Feature","properties":{"id":463885288,"kind":"pond","group":"pond","area_m2":1553,"km":0.92,"lon":101.79261,"lat":2.93762,"name":"ELC Rimbun Tropika Pond"},"geometry":{"type":"Polygon","coordinates":[[[101.79255,2.93781],[101.79227,2.93765],[101.79276,2.93731],[101.79285,2.93745],[101.79263,2.93758],[101.79284,2.93777],[101.79255,2.93781]]]}},{"type":"Feature","properties":{"id":492980759,"kind":"pond","group":"pond","area_m2":1537,"km":0.09,"lon":101.8678,"lat":3.02338},"geometry":{"type":"Polygon","coordinates":[[[101.86764,3.02351],[101.86792,3.02367],[101.86793,3.02314],[101.8677,3.02324],[101.86764,3.02351]]]}},{"type":"Feature","properties":{"id":1271146268,"kind":"pond","group":"pond","area_m2":1536,"km":0.1,"lon":101.42537,"lat":2.88426},"geometry":{"type":"Polygon","coordinates":[[[101.42519,2.88437],[101.42546,2.8844],[101.42558,2.88404],[101.42528,2.88401],[101.42519,2.88437]]]}},{"type":"Feature","properties":{"id":144533524,"kind":"water","group":"other","area_m2":1529,"km":0.81,"lon":101.7441,"lat":2.76212},"geometry":{"type":"Polygon","coordinates":[[[101.74389,2.76202],[101.7442,2.76238],[101.74435,2.76227],[101.74409,2.76195],[101.74389,2.76202]]]}},{"type":"Feature","properties":{"id":1508744652,"kind":"pond","group":"pond","area_m2":1525,"km":0.47,"lon":101.86563,"lat":3.00623},"geometry":{"type":"Polygon","coordinates":[[[101.86551,3.00651],[101.86583,3.00594],[101.8654,3.00637],[101.86551,3.00651]]]}},{"type":"Feature","properties":{"id":649037464,"kind":"water","group":"other","area_m2":1523,"km":0.08,"lon":101.83062,"lat":3.1067},"geometry":{"type":"Polygon","coordinates":[[[101.83052,3.10647],[101.83041,3.10675],[101.83078,3.1069],[101.83079,3.10666],[101.83052,3.10647]]]}},{"type":"Feature","properties":{"id":662427171,"kind":"lake","group":"storage","area_m2":1520,"km":1.34,"lon":101.92892,"lat":2.93019},"geometry":{"type":"Polygon","coordinates":[[[101.92878,2.93014],[101.9292,2.93007],[101.92909,2.93036],[101.92875,2.93039],[101.92878,2.93014]]]}},{"type":"Feature","properties":{"id":1379311739,"kind":"pond","group":"pond","area_m2":1514,"km":0.39,"lon":101.90613,"lat":2.94},"geometry":{"type":"Polygon","coordinates":[[[101.90592,2.94013],[101.90589,2.93994],[101.90642,2.93981],[101.90642,2.93999],[101.90592,2.94013]]]}},{"type":"Feature","properties":{"id":605791831,"kind":"water","group":"other","area_m2":1502,"km":1.75,"lon":101.76568,"lat":2.86779},"geometry":{"type":"Polygon","coordinates":[[[101.76592,2.86786],[101.76537,2.86788],[101.76551,2.8677],[101.76595,2.86763],[101.76592,2.86786]]]}},{"type":"Feature","properties":{"id":1272659713,"kind":"pond","group":"pond","area_m2":1496,"km":0.17,"lon":101.42366,"lat":2.85789},"geometry":{"type":"Polygon","coordinates":[[[101.42338,2.85799],[101.42405,2.85793],[101.42406,2.85778],[101.42345,2.85783],[101.42338,2.85799]]]}},{"type":"Feature","properties":{"id":1379122976,"kind":"pond","group":"pond","area_m2":1491,"km":0.04,"lon":101.91203,"lat":2.94734},"geometry":{"type":"Polygon","coordinates":[[[101.91185,2.94741],[101.91191,2.94722],[101.91225,2.94718],[101.91224,2.94753],[101.91185,2.94741]]]}},{"type":"Feature","properties":{"id":1272957968,"kind":"pond","group":"pond","area_m2":1489,"km":0.26,"lon":101.42511,"lat":2.85541},"geometry":{"type":"Polygon","coordinates":[[[101.42498,2.85559],[101.42525,2.85559],[101.42529,2.85519],[101.42506,2.85516],[101.42498,2.85559]]]}},{"type":"Feature","properties":{"id":662427168,"kind":"lake","group":"storage","area_m2":1487,"km":1.12,"lon":101.92656,"lat":2.92995},"geometry":{"type":"Polygon","coordinates":[[[101.92679,2.92974],[101.92629,2.92997],[101.92628,2.93018],[101.92685,2.92994],[101.92679,2.92974]]]}},{"type":"Feature","properties":{"id":1079519046,"kind":"pond","group":"pond","area_m2":1474,"km":2.75,"lon":101.71472,"lat":2.81364},"geometry":{"type":"Polygon","coordinates":[[[101.71441,2.81363],[101.7149,2.81384],[101.71495,2.8137],[101.71449,2.81343],[101.71441,2.81363]]]}},{"type":"Feature","properties":{"id":1292583526,"kind":"pond","group":"pond","area_m2":1459,"km":0.94,"lon":101.41509,"lat":2.86622},"geometry":{"type":"Polygon","coordinates":[[[101.41457,2.86597],[101.41528,2.86644],[101.41571,2.86648],[101.41457,2.86597]]]}},{"type":"Feature","properties":{"id":793261733,"kind":"pond","group":"pond","area_m2":1454,"km":0.34,"lon":101.65716,"lat":2.88325},"geometry":{"type":"Polygon","coordinates":[[[101.65686,2.88337],[101.65748,2.8833],[101.65732,2.88303],[101.65686,2.88337]]]}},{"type":"Feature","properties":{"id":302748936,"kind":"reservoir","group":"storage","area_m2":1427,"km":0.71,"lon":101.74395,"lat":3.02196},"geometry":{"type":"Polygon","coordinates":[[[101.74368,3.02185],[101.74416,3.02217],[101.74424,3.02191],[101.74368,3.02185]]]}},{"type":"Feature","properties":{"id":1272659724,"kind":"pond","group":"pond","area_m2":1425,"km":0.18,"lon":101.42369,"lat":2.85899},"geometry":{"type":"Polygon","coordinates":[[[101.42341,2.85909],[101.4241,2.859],[101.4241,2.85886],[101.42343,2.85894],[101.42341,2.85909]]]}},{"type":"Feature","properties":{"id":649037451,"kind":"water","group":"other","area_m2":1419,"km":0.05,"lon":101.83104,"lat":3.10314},"geometry":{"type":"Polygon","coordinates":[[[101.83104,3.10288],[101.83089,3.10341],[101.83123,3.10321],[101.83104,3.10288]]]}},{"type":"Feature","properties":{"id":1419137232,"kind":"pond","group":"pond","area_m2":1411,"km":0.25,"lon":101.78127,"lat":3.06674},"geometry":{"type":"Polygon","coordinates":[[[101.78119,3.06696],[101.78101,3.06685],[101.78142,3.0664],[101.78155,3.06651],[101.78119,3.06696]]]}},{"type":"Feature","properties":{"id":649037455,"kind":"water","group":"other","area_m2":1408,"km":0.18,"lon":101.82948,"lat":3.10465},"geometry":{"type":"Polygon","coordinates":[[[101.8293,3.10433],[101.82953,3.10501],[101.8297,3.10497],[101.8293,3.10433]]]}},{"type":"Feature","properties":{"id":1272659813,"kind":"pond","group":"pond","area_m2":1407,"km":0.13,"lon":101.42836,"lat":2.8644},"geometry":{"type":"Polygon","coordinates":[[[101.42823,2.86458],[101.4285,2.86459],[101.42846,2.86415],[101.42825,2.86417],[101.42823,2.86458]]]}},{"type":"Feature","properties":{"id":661084395,"kind":"pond","group":"pond","area_m2":1399,"km":2.5,"lon":101.70351,"lat":2.82601,"name":"Kolam Tadahan"},"geometry":{"type":"Polygon","coordinates":[[[101.70362,2.8262],[101.70371,2.82589],[101.70329,2.82594],[101.70362,2.8262]]]}},{"type":"Feature","properties":{"id":1271688279,"kind":"pond","group":"pond","area_m2":1398,"km":0.13,"lon":101.44869,"lat":2.89744},"geometry":{"type":"Polygon","coordinates":[[[101.4487,2.89764],[101.44893,2.89749],[101.44879,2.89726],[101.44849,2.89723],[101.4487,2.89764]]]}},{"type":"Feature","properties":{"id":1272957959,"kind":"pond","group":"pond","area_m2":1397,"km":0.28,"lon":101.42593,"lat":2.85145},"geometry":{"type":"Polygon","coordinates":[[[101.42577,2.85159],[101.42608,2.85161],[101.42614,2.8513],[101.42583,2.85125],[101.42577,2.85159]]]}},{"type":"Feature","properties":{"id":1419137204,"kind":"water","group":"other","area_m2":1394,"km":0.34,"lon":101.788,"lat":3.06585},"geometry":{"type":"Polygon","coordinates":[[[101.78784,3.06599],[101.78778,3.06576],[101.78824,3.06563],[101.7883,3.06586],[101.78784,3.06599]]]}},{"type":"Feature","properties":{"id":400187799,"kind":"basin","group":"treatment","area_m2":1389,"km":1.52,"lon":101.69643,"lat":2.87338},"geometry":{"type":"Polygon","coordinates":[[[101.69626,2.87349],[101.69673,2.87349],[101.69674,2.87336],[101.69645,2.87322],[101.69626,2.87349]]]}},{"type":"Feature","properties":{"id":1272659812,"kind":"pond","group":"pond","area_m2":1382,"km":0.13,"lon":101.428,"lat":2.8644},"geometry":{"type":"Polygon","coordinates":[[[101.42784,2.86455],[101.42816,2.86456],[101.42817,2.86418],[101.42801,2.86417],[101.42784,2.86455]]]}},{"type":"Feature","properties":{"id":1272659711,"kind":"pond","group":"pond","area_m2":1377,"km":0.16,"lon":101.42366,"lat":2.85734},"geometry":{"type":"Polygon","coordinates":[[[101.42341,2.85745],[101.42402,2.8574],[101.42405,2.85725],[101.4234,2.85729],[101.42341,2.85745]]]}},{"type":"Feature","properties":{"id":1272659714,"kind":"pond","group":"pond","area_m2":1376,"km":0.17,"lon":101.42367,"lat":2.85812},"geometry":{"type":"Polygon","coordinates":[[[101.42341,2.85822],[101.42406,2.85815],[101.42407,2.85802],[101.42344,2.85806],[101.42341,2.85822]]]}},{"type":"Feature","properties":{"id":1271688298,"kind":"pond","group":"pond","area_m2":1371,"km":0.24,"lon":101.4399,"lat":2.90109},"geometry":{"type":"Polygon","coordinates":[[[101.43985,2.90136],[101.44003,2.90115],[101.44003,2.90084],[101.43978,2.9009],[101.43985,2.90136]]]}},{"type":"Feature","properties":{"id":1379122974,"kind":"pond","group":"pond","area_m2":1371,"km":0.02,"lon":101.91147,"lat":2.94659},"geometry":{"type":"Polygon","coordinates":[[[101.91133,2.94668],[101.91126,2.94642],[101.91166,2.94649],[101.91173,2.94671],[101.91133,2.94668]]]}},{"type":"Feature","properties":{"id":404716086,"kind":"water","group":"other","area_m2":1370,"km":4.8,"lon":101.52403,"lat":2.91472},"geometry":{"type":"Polygon","coordinates":[[[101.52442,2.91464],[101.52427,2.91494],[101.52412,2.91492],[101.52346,2.91449],[101.52413,2.91483],[101.52442,2.91464]]]}},{"type":"Feature","properties":{"id":1212249152,"kind":"basin","group":"treatment","area_m2":1365,"km":0.86,"lon":101.80389,"lat":3.06366},"geometry":{"type":"Polygon","coordinates":[[[101.8037,3.06346],[101.80402,3.06405],[101.80416,3.06399],[101.80385,3.06337],[101.8037,3.06346]]]}},{"type":"Feature","properties":{"id":1272659712,"kind":"pond","group":"pond","area_m2":1365,"km":0.17,"lon":101.42365,"lat":2.85758},"geometry":{"type":"Polygon","coordinates":[[[101.42342,2.85769],[101.42401,2.85761],[101.42404,2.85748],[101.42342,2.85751],[101.42342,2.85769]]]}},{"type":"Feature","properties":{"id":372965864,"kind":"water","group":"other","area_m2":1363,"km":2.83,"lon":101.72429,"lat":2.98092},"geometry":{"type":"Polygon","coordinates":[[[101.72439,2.98117],[101.72407,2.98089],[101.72408,2.98071],[101.72459,2.981],[101.72439,2.98117]]]}},{"type":"Feature","properties":{"id":1272659723,"kind":"pond","group":"pond","area_m2":1352,"km":0.18,"lon":101.42367,"lat":2.85868},"geometry":{"type":"Polygon","coordinates":[[[101.42346,2.8588],[101.42406,2.8586],[101.42342,2.85863],[101.42346,2.8588]]]}},{"type":"Feature","properties":{"id":492980752,"kind":"pond","group":"pond","area_m2":1344,"km":0.03,"lon":101.8675,"lat":3.02532},"geometry":{"type":"Polygon","coordinates":[[[101.86765,3.02533],[101.8674,3.02552],[101.86729,3.02516],[101.86752,3.02502],[101.86765,3.02533]]]}},{"type":"Feature","properties":{"id":954213825,"kind":"pond","group":"pond","area_m2":1343,"km":1.51,"lon":101.62569,"lat":2.81008},"geometry":{"type":"Polygon","coordinates":[[[101.62544,2.81005],[101.6256,2.80984],[101.62591,2.81006],[101.62568,2.81023],[101.62544,2.81005]]]}},{"type":"Feature","properties":{"id":1180364142,"kind":"pond","group":"pond","area_m2":1339,"km":0.04,"lon":101.83141,"lat":3.11655},"geometry":{"type":"Polygon","coordinates":[[[101.83125,3.11669],[101.83152,3.11678],[101.83151,3.1162],[101.83125,3.11669]]]}},{"type":"Feature","properties":{"id":1417522113,"kind":"water","group":"other","area_m2":1339,"km":0.16,"lon":101.79234,"lat":3.07887},"geometry":{"type":"Polygon","coordinates":[[[101.79233,3.07907],[101.79213,3.07895],[101.79235,3.07856],[101.79256,3.07869],[101.79233,3.07907]]]}},{"type":"Feature","properties":{"id":1306734917,"kind":"pond","group":"pond","area_m2":1322,"km":0.06,"lon":101.84104,"lat":3.20109},"geometry":{"type":"Polygon","coordinates":[[[101.84082,3.20102],[101.84093,3.20084],[101.84132,3.20108],[101.84118,3.20129],[101.84082,3.20102]]]}},{"type":"Feature","properties":{"id":493031116,"kind":"pond","group":"pond","area_m2":1320,"km":0.17,"lon":101.88066,"lat":2.99569},"geometry":{"type":"Polygon","coordinates":[[[101.88059,2.99549],[101.88048,2.99576],[101.88092,2.9959],[101.88059,2.99549]]]}},{"type":"Feature","properties":{"id":372793920,"kind":"water","group":"other","area_m2":1311,"km":1.44,"lon":101.78687,"lat":2.92325},"geometry":{"type":"Polygon","coordinates":[[[101.78683,2.92314],[101.7869,2.92285],[101.78705,2.9232],[101.78674,2.92362],[101.78683,2.92314]]]}},{"type":"Feature","properties":{"id":492985408,"kind":"pond","group":"pond","area_m2":1301,"km":0.1,"lon":101.86858,"lat":3.02606},"geometry":{"type":"Polygon","coordinates":[[[101.86838,3.026],[101.86846,3.02629],[101.86879,3.02617],[101.86875,3.02592],[101.86838,3.026]]]}},{"type":"Feature","properties":{"id":1027669511,"kind":"pond","group":"pond","area_m2":1284,"km":1.13,"lon":101.41062,"lat":2.85628},"geometry":{"type":"Polygon","coordinates":[[[101.41041,2.85638],[101.41043,2.85648],[101.41069,2.85634],[101.41093,2.85605],[101.41041,2.85638]]]}},{"type":"Feature","properties":{"id":492984453,"kind":"pond","group":"pond","area_m2":1269,"km":0.21,"lon":101.86885,"lat":3.02192},"geometry":{"type":"Polygon","coordinates":[[[101.8686,3.02191],[101.86906,3.0221],[101.86908,3.02192],[101.86874,3.02172],[101.8686,3.02191]]]}},{"type":"Feature","properties":{"id":492985409,"kind":"pond","group":"pond","area_m2":1268,"km":0.13,"lon":101.86865,"lat":3.02655},"geometry":{"type":"Polygon","coordinates":[[[101.8686,3.02679],[101.86877,3.02675],[101.86872,3.02628],[101.86848,3.02637],[101.8686,3.02679]]]}},{"type":"Feature","properties":{"id":372961451,"kind":"water","group":"other","area_m2":1263,"km":4.21,"lon":101.70956,"lat":2.98928},"geometry":{"type":"Polygon","coordinates":[[[101.70946,2.98954],[101.70973,2.98952],[101.70955,2.98898],[101.70946,2.98954]]]}},{"type":"Feature","properties":{"id":649037440,"kind":"water","group":"other","area_m2":1256,"km":0.46,"lon":101.81845,"lat":3.106},"geometry":{"type":"Polygon","coordinates":[[[101.8182,3.10608],[101.81836,3.10619],[101.81872,3.10582],[101.81863,3.10575],[101.8182,3.10608]]]}},{"type":"Feature","properties":{"id":1292808446,"kind":"water","group":"other","area_m2":1253,"km":0.41,"lon":101.91107,"lat":2.80442},"geometry":{"type":"Polygon","coordinates":[[[101.91106,2.80464],[101.91125,2.80453],[101.91109,2.80413],[101.91098,2.80425],[101.91106,2.80464]]]}},{"type":"Feature","properties":{"id":794373665,"kind":"reservoir","group":"storage","area_m2":1251,"km":0.04,"lon":101.7775,"lat":3.02058},"geometry":{"type":"Polygon","coordinates":[[[101.77742,3.02045],[101.77776,3.02053],[101.77776,3.02071],[101.77733,3.02071],[101.77742,3.02045]]]}},{"type":"Feature","properties":{"id":1272659766,"kind":"pond","group":"pond","area_m2":1249,"km":0.16,"lon":101.42374,"lat":2.8609},"geometry":{"type":"Polygon","coordinates":[[[101.42355,2.86102],[101.42399,2.86094],[101.42398,2.86076],[101.42352,2.86081],[101.42355,2.86102]]]}},{"type":"Feature","properties":{"id":649037469,"kind":"water","group":"other","area_m2":1246,"km":0.03,"lon":101.83022,"lat":3.10831},"geometry":{"type":"Polygon","coordinates":[[[101.83019,3.10813],[101.83018,3.10861],[101.83046,3.10837],[101.83019,3.10813]]]}},{"type":"Feature","properties":{"id":1272659767,"kind":"pond","group":"pond","area_m2":1246,"km":0.22,"lon":101.42424,"lat":2.86078},"geometry":{"type":"Polygon","coordinates":[[[101.42411,2.86092],[101.42451,2.86084],[101.42449,2.86064],[101.42405,2.86071],[101.42411,2.86092]]]}},{"type":"Feature","properties":{"id":492985406,"kind":"pond","group":"pond","area_m2":1245,"km":0.03,"lon":101.86717,"lat":3.02714},"geometry":{"type":"Polygon","coordinates":[[[101.86704,3.02729],[101.86732,3.02737],[101.86718,3.02682],[101.86704,3.02687],[101.86704,3.02729]]]}},{"type":"Feature","properties":{"id":1111259451,"kind":"stream","group":"channel","area_m2":1242,"km":0.51,"lon":101.69951,"lat":2.77993},"geometry":{"type":"Polygon","coordinates":[[[101.69902,2.78061],[101.69906,2.78064],[101.69945,2.78007],[101.6995,2.78005],[101.69949,2.78003],[101.69948,2.78003],[101.69947,2.78002],[101.7008,2.77803],[101.70079,2.77802],[101.69942,2.78004],[101.69926,2.78027],[101.6992,2.78028],[101.69921,2.78032],[101.69902,2.78061]]]}},{"type":"Feature","properties":{"id":1361599192,"kind":"pond","group":"pond","area_m2":1233,"km":0.19,"lon":101.92605,"lat":2.82661},"geometry":{"type":"Polygon","coordinates":[[[101.92601,2.82679],[101.92582,2.82663],[101.92593,2.82644],[101.92626,2.82666],[101.92601,2.82679]]]}},{"type":"Feature","properties":{"id":649037470,"kind":"water","group":"other","area_m2":1232,"km":0.09,"lon":101.82938,"lat":3.10851},"geometry":{"type":"Polygon","coordinates":[[[101.82927,3.10823],[101.82923,3.10863],[101.82955,3.10874],[101.82927,3.10823]]]}},{"type":"Feature","properties":{"id":125754478,"kind":"water","group":"other","area_m2":1215,"km":0.79,"lon":101.85362,"lat":2.93961},"geometry":{"type":"Polygon","coordinates":[[[101.85363,2.93928],[101.85357,2.93992],[101.85371,2.93978],[101.85363,2.93928]]]}},{"type":"Feature","properties":{"id":776156365,"kind":"reservoir","group":"storage","area_m2":1213,"km":1.92,"lon":101.80549,"lat":2.99541},"geometry":{"type":"Polygon","coordinates":[[[101.80533,2.99543],[101.80551,2.99521],[101.80571,2.99545],[101.80567,2.99562],[101.80533,2.99543]]]}},{"type":"Feature","properties":{"id":1271688283,"kind":"pond","group":"pond","area_m2":1212,"km":0.11,"lon":101.44754,"lat":2.89708},"geometry":{"type":"Polygon","coordinates":[[[101.44747,2.89729],[101.44768,2.89715],[101.44768,2.89694],[101.44737,2.89699],[101.44747,2.89729]]]}},{"type":"Feature","properties":{"id":1379122983,"kind":"pond","group":"pond","area_m2":1211,"km":0.06,"lon":101.91155,"lat":2.94522},"geometry":{"type":"Polygon","coordinates":[[[101.9114,2.94543],[101.91187,2.94519],[101.91164,2.94501],[101.91133,2.94532],[101.9114,2.94543]]]}},{"type":"Feature","properties":{"id":649037450,"kind":"water","group":"other","area_m2":1205,"km":0.37,"lon":101.82866,"lat":3.10114},"geometry":{"type":"Polygon","coordinates":[[[101.82843,3.101],[101.8285,3.10117],[101.82882,3.10128],[101.82881,3.10099],[101.82843,3.101]]]}},{"type":"Feature","properties":{"id":1115300064,"kind":"pond","group":"pond","area_m2":1199,"km":0.22,"lon":101.86019,"lat":3.22224},"geometry":{"type":"Polygon","coordinates":[[[101.85996,3.22223],[101.86022,3.22246],[101.86058,3.22225],[101.85996,3.22223]]]}},{"type":"Feature","properties":{"id":776156366,"kind":"reservoir","group":"storage","area_m2":1189,"km":1.92,"lon":101.80514,"lat":2.9952},"geometry":{"type":"Polygon","coordinates":[[[101.80494,2.99524],[101.80528,2.99542],[101.8054,2.99523],[101.80504,2.99505],[101.80494,2.99524]]]}},{"type":"Feature","properties":{"id":1254826736,"kind":"pond","group":"pond","area_m2":1189,"km":0.91,"lon":101.7749,"lat":3.08606},"geometry":{"type":"Polygon","coordinates":[[[101.77477,3.08613],[101.7751,3.08631],[101.77491,3.08582],[101.77473,3.08585],[101.77477,3.08613]]]}},{"type":"Feature","properties":{"id":1115396653,"kind":"stream pool","group":"other","area_m2":1188,"km":0.01,"lon":101.86601,"lat":3.25018},"geometry":{"type":"Polygon","coordinates":[[[101.86587,3.2501],[101.86623,3.25007],[101.86628,3.25021],[101.86591,3.25031],[101.86576,3.25019],[101.86587,3.2501]]]}},{"type":"Feature","properties":{"id":1272957960,"kind":"pond","group":"pond","area_m2":1187,"km":0.27,"lon":101.42551,"lat":2.85357},"geometry":{"type":"Polygon","coordinates":[[[101.42539,2.85373],[101.42561,2.85375],[101.42566,2.85337],[101.42543,2.85337],[101.42539,2.85373]]]}},{"type":"Feature","properties":{"id":1111275292,"kind":"stream","group":"channel","area_m2":1184,"km":2.1,"lon":101.71428,"lat":2.75793},"geometry":{"type":"Polygon","coordinates":[[[101.71362,2.75888],[101.71365,2.7589],[101.71526,2.7565],[101.71523,2.75648],[101.71362,2.75888]]]}},{"type":"Feature","properties":{"id":1272659707,"kind":"pond","group":"pond","area_m2":1183,"km":0.14,"lon":101.42379,"lat":2.85646},"geometry":{"type":"Polygon","coordinates":[[[101.42353,2.8565],[101.42405,2.85655],[101.42411,2.85641],[101.4236,2.85634],[101.42353,2.8565]]]}},{"type":"Feature","properties":{"id":492984466,"kind":"pond","group":"pond","area_m2":1175,"km":0.27,"lon":101.86937,"lat":3.02407},"geometry":{"type":"Polygon","coordinates":[[[101.86926,3.02427],[101.86944,3.0243],[101.86954,3.02411],[101.86943,3.02381],[101.86926,3.02427]]]}},{"type":"Feature","properties":{"id":1270783433,"kind":"pond","group":"pond","area_m2":1173,"km":0.18,"lon":101.42422,"lat":2.90786},"geometry":{"type":"Polygon","coordinates":[[[101.42415,2.90813],[101.42437,2.90771],[101.4243,2.90752],[101.42415,2.90813]]]}},{"type":"Feature","properties":{"id":931945664,"kind":"pond","group":"pond","area_m2":1159,"km":0.05,"lon":101.87694,"lat":3.16715},"geometry":{"type":"Polygon","coordinates":[[[101.87699,3.16712],[101.87693,3.1668],[101.87682,3.16719],[101.87694,3.16749],[101.87699,3.16712]]]}},{"type":"Feature","properties":{"id":1272957958,"kind":"pond","group":"pond","area_m2":1156,"km":0.29,"lon":101.42602,"lat":2.85106},"geometry":{"type":"Polygon","coordinates":[[[101.42589,2.85119],[101.42614,2.85121],[101.42619,2.85088],[101.42595,2.85086],[101.42589,2.85119]]]}},{"type":"Feature","properties":{"id":1087793368,"kind":"pond","group":"pond","area_m2":1144,"km":2.27,"lon":101.80443,"lat":2.93462},"geometry":{"type":"Polygon","coordinates":[[[101.80435,2.93471],[101.80441,2.93486],[101.80459,2.93485],[101.8045,2.9344],[101.80436,2.93441],[101.80435,2.93471]]]}},{"type":"Feature","properties":{"id":492984452,"kind":"pond","group":"pond","area_m2":1141,"km":0.18,"lon":101.86861,"lat":3.02208},"geometry":{"type":"Polygon","coordinates":[[[101.86841,3.02213],[101.86892,3.02215],[101.86851,3.02194],[101.86841,3.02213]]]}},{"type":"Feature","properties":{"id":1372599314,"kind":"reservoir","group":"storage","area_m2":1138,"km":0.58,"lon":101.76843,"lat":2.90273},"geometry":{"type":"Polygon","coordinates":[[[101.76811,2.90277],[101.76802,2.90264],[101.76836,2.90261],[101.76881,2.90283],[101.76811,2.90277]]]}},{"type":"Feature","properties":{"id":662372938,"kind":"pond","group":"pond","area_m2":1136,"km":2.28,"lon":101.70593,"lat":2.81981,"name":"Kolam Tadahan"},"geometry":{"type":"Polygon","coordinates":[[[101.70572,2.81979],[101.70614,2.82003],[101.70609,2.81966],[101.70572,2.81979]]]}},{"type":"Feature","properties":{"id":1122903926,"kind":"pond","group":"pond","area_m2":1135,"km":4.01,"lon":101.71327,"lat":2.96918},"geometry":{"type":"Polygon","coordinates":[[[101.71297,2.96913],[101.71334,2.96935],[101.7136,2.9693],[101.71352,2.96914],[101.71297,2.96913]]]}},{"type":"Feature","properties":{"id":1496592952,"kind":"pond","group":"pond","area_m2":1133,"km":0.42,"lon":101.85215,"lat":2.95635},"geometry":{"type":"Polygon","coordinates":[[[101.85164,2.95641],[101.85171,2.9564],[101.85176,2.95639],[101.85182,2.95639],[101.85191,2.95638],[101.85202,2.95639],[101.8521,2.95639],[101.8522,2.95638],[101.85227,2.95637],[101.8524,2.95637],[101.85256,2.95637],[101.85267,2.95637],[101.85276,2.95637],[101.85281,2.95636],[101.85284,2.95634],[101.85285,2.95632],[101.85285,2.95631],[101.85283,2.95629],[101.85282,2.95629],[101.85252,2.95629],[101.85222,2.9563],[101.85216,2.95631],[101.85209,2.95631],[101.85198,2.95631],[101.85194,2.95632],[101.85183,2.95632],[101.85175,2.95633],[101.85163,2.95632],[101.85161,2.95633],[101.8516,2.95635],[101.8516,2.95639],[101.85161,2.9564],[101.85164,2.95641]]]}},{"type":"Feature","properties":{"id":661084397,"kind":"pond","group":"pond","area_m2":1132,"km":2.48,"lon":101.70286,"lat":2.82646,"name":"Kolam Tadahan"},"geometry":{"type":"Polygon","coordinates":[[[101.70295,2.82623],[101.70311,2.82642],[101.70263,2.82665],[101.70295,2.82623]]]}},{"type":"Feature","properties":{"id":1292808448,"kind":"water","group":"other","area_m2":1122,"km":0.29,"lon":101.91154,"lat":2.80537},"geometry":{"type":"Polygon","coordinates":[[[101.9115,2.80551],[101.91132,2.80528],[101.91162,2.80511],[101.91172,2.80532],[101.9115,2.80551]]]}},{"type":"Feature","properties":{"id":1165400119,"kind":"pond","group":"pond","area_m2":1116,"km":5.87,"lon":101.69466,"lat":2.99434},"geometry":{"type":"Polygon","coordinates":[[[101.69446,2.9944],[101.69491,2.99442],[101.69492,2.9942],[101.69446,2.9944]]]}},{"type":"Feature","properties":{"id":605533547,"kind":"water","group":"other","area_m2":1110,"km":2.01,"lon":101.75962,"lat":2.86686},"geometry":{"type":"Polygon","coordinates":[[[101.7597,2.86685],[101.75943,2.86714],[101.75973,2.86655],[101.7597,2.86685]]]}},{"type":"Feature","properties":{"id":487019181,"kind":"pond","group":"pond","area_m2":1107,"km":0.17,"lon":101.82376,"lat":3.14054},"geometry":{"type":"Polygon","coordinates":[[[101.82355,3.14063],[101.82407,3.14049],[101.82395,3.14032],[101.82355,3.14063]]]}},{"type":"Feature","properties":{"id":594155832,"kind":"pond","group":"pond","area_m2":1105,"km":0.47,"lon":101.68297,"lat":2.83589},"geometry":{"type":"Polygon","coordinates":[[[101.68275,2.83592],[101.68297,2.83562],[101.68319,2.83601],[101.68275,2.83592]]]}},{"type":"Feature","properties":{"id":1133101337,"kind":"pond","group":"pond","area_m2":1092,"km":0.92,"lon":101.76994,"lat":2.99451},"geometry":{"type":"Polygon","coordinates":[[[101.76972,2.99457],[101.77012,2.9947],[101.77015,2.99446],[101.76974,2.99437],[101.76972,2.99457]]]}},{"type":"Feature","properties":{"id":1272659706,"kind":"pond","group":"pond","area_m2":1089,"km":0.14,"lon":101.42384,"lat":2.85623},"geometry":{"type":"Polygon","coordinates":[[[101.42359,2.85625],[101.4241,2.85633],[101.42415,2.85621],[101.42363,2.85612],[101.42359,2.85625]]]}},{"type":"Feature","properties":{"id":492985405,"kind":"pond","group":"pond","area_m2":1088,"km":0.05,"lon":101.86686,"lat":3.027},"geometry":{"type":"Polygon","coordinates":[[[101.86676,3.02719],[101.86698,3.02717],[101.867,3.02683],[101.86674,3.02682],[101.86676,3.02719]]]}},{"type":"Feature","properties":{"id":1417522112,"kind":"water","group":"other","area_m2":1083,"km":0.23,"lon":101.79396,"lat":3.07974},"geometry":{"type":"Polygon","coordinates":[[[101.79392,3.07996],[101.79377,3.07989],[101.79403,3.07941],[101.79417,3.07949],[101.79392,3.07996]]]}},{"type":"Feature","properties":{"id":1271688300,"kind":"pond","group":"pond","area_m2":1082,"km":0.21,"lon":101.43854,"lat":2.90096},"geometry":{"type":"Polygon","coordinates":[[[101.43843,2.90116],[101.43871,2.90102],[101.43858,2.90078],[101.43841,2.90085],[101.43843,2.90116]]]}},{"type":"Feature","properties":{"id":1272659778,"kind":"pond","group":"pond","area_m2":1081,"km":0.3,"lon":101.42557,"lat":2.86197},"geometry":{"type":"Polygon","coordinates":[[[101.42539,2.86204],[101.42554,2.86216],[101.42578,2.86187],[101.42558,2.86177],[101.42539,2.86204]]]}},{"type":"Feature","properties":{"id":189188885,"kind":"water","group":"other","area_m2":1077,"km":1.16,"lon":101.7527,"lat":3.06687},"geometry":{"type":"Polygon","coordinates":[[[101.75252,3.06696],[101.75242,3.06675],[101.75292,3.06676],[101.75287,3.06694],[101.75252,3.06696]]]}},{"type":"Feature","properties":{"id":125754476,"kind":"water","group":"other","area_m2":1076,"km":0.87,"lon":101.85372,"lat":2.93887},"geometry":{"type":"Polygon","coordinates":[[[101.85378,2.93869],[101.85362,2.93874],[101.85359,2.93909],[101.85377,2.93903],[101.85378,2.93869]]]}},{"type":"Feature","properties":{"id":649037460,"kind":"water","group":"other","area_m2":1071,"km":0.17,"lon":101.82992,"lat":3.10603},"geometry":{"type":"Polygon","coordinates":[[[101.82975,3.10585],[101.82982,3.10613],[101.83007,3.10622],[101.83003,3.10594],[101.82975,3.10585]]]}},{"type":"Feature","properties":{"id":1508744662,"kind":"pond","group":"pond","area_m2":1066,"km":0.61,"lon":101.86732,"lat":3.00168},"geometry":{"type":"Polygon","coordinates":[[[101.8672,3.00202],[101.86757,3.00139],[101.86714,3.00141],[101.86733,3.00171],[101.8672,3.00202]]]}},{"type":"Feature","properties":{"id":1180364149,"kind":"pond","group":"pond","area_m2":1064,"km":0.11,"lon":101.83402,"lat":3.116},"geometry":{"type":"Polygon","coordinates":[[[101.83379,3.11618],[101.83396,3.11619],[101.83426,3.11578],[101.83379,3.11618]]]}},{"type":"Feature","properties":{"id":1519008991,"kind":"water","group":"other","area_m2":1053,"km":0.53,"lon":101.75831,"lat":2.78107},"geometry":{"type":"Polygon","coordinates":[[[101.75825,2.7813],[101.7585,2.78101],[101.75819,2.78086],[101.75825,2.7813]]]}},{"type":"Feature","properties":{"id":661667363,"kind":"pond","group":"pond","area_m2":1049,"km":1.11,"lon":101.734,"lat":2.81894,"name":"Kolam Tadahan"},"geometry":{"type":"Polygon","coordinates":[[[101.73386,2.81885],[101.73399,2.81917],[101.73422,2.81908],[101.73409,2.81876],[101.73386,2.81885]]]}},{"type":"Feature","properties":{"id":1416075710,"kind":"pond","group":"pond","area_m2":1048,"km":0.05,"lon":101.76809,"lat":3.07983},"geometry":{"type":"Polygon","coordinates":[[[101.76813,3.08008],[101.76827,3.0796],[101.76803,3.07963],[101.76813,3.08008]]]}},{"type":"Feature","properties":{"id":1379122982,"kind":"pond","group":"pond","area_m2":1035,"km":0.1,"lon":101.91185,"lat":2.94497},"geometry":{"type":"Polygon","coordinates":[[[101.9117,2.94497],[101.91189,2.94514],[101.9121,2.94505],[101.91187,2.9448],[101.9117,2.94497]]]}},{"type":"Feature","properties":{"id":315387246,"kind":"water","group":"other","area_m2":1027,"km":0.5,"lon":101.84525,"lat":3.10604},"geometry":{"type":"Polygon","coordinates":[[[101.84542,3.10599],[101.84508,3.1062],[101.84534,3.10582],[101.84542,3.10599]]]}},{"type":"Feature","properties":{"id":1115300049,"kind":"pond","group":"pond","area_m2":1027,"km":0.04,"lon":101.86523,"lat":3.21575},"geometry":{"type":"Polygon","coordinates":[[[101.86543,3.21593],[101.86552,3.21573],[101.86511,3.21561],[101.86514,3.21578],[101.86543,3.21593]]]}},{"type":"Feature","properties":{"id":649037446,"kind":"water","group":"other","area_m2":1011,"km":0.46,"lon":101.82595,"lat":3.10962},"geometry":{"type":"Polygon","coordinates":[[[101.82581,3.10942],[101.82587,3.10972],[101.8261,3.10984],[101.82581,3.10942]]]}},{"type":"Feature","properties":{"id":1417522110,"kind":"water","group":"other","area_m2":1011,"km":0.2,"lon":101.79361,"lat":3.0796},"geometry":{"type":"Polygon","coordinates":[[[101.79359,3.07979],[101.79342,3.0797],[101.79363,3.07932],[101.7938,3.07941],[101.79359,3.07979]]]}},{"type":"Feature","properties":{"id":1330637025,"kind":"pond","group":"pond","area_m2":1002,"km":0.18,"lon":101.74033,"lat":2.78726},"geometry":{"type":"Polygon","coordinates":[[[101.74029,2.78703],[101.74042,2.78704],[101.74042,2.78756],[101.74024,2.78754],[101.74029,2.78703]]]}},{"type":"Feature","properties":{"id":649037462,"kind":"water","group":"other","area_m2":999,"km":0.02,"lon":101.83126,"lat":3.10642},"geometry":{"type":"Polygon","coordinates":[[[101.83108,3.10634],[101.83111,3.10657],[101.83139,3.10654],[101.83143,3.10635],[101.83108,3.10634]]]}},{"type":"Feature","properties":{"id":209299614,"kind":"water","group":"other","area_m2":990,"km":0.05,"lon":101.81505,"lat":3.14387},"geometry":{"type":"Polygon","coordinates":[[[101.81521,3.14387],[101.81508,3.14405],[101.81486,3.14378],[101.81521,3.14387]]]}},{"type":"Feature","properties":{"id":662427178,"kind":"lake","group":"storage","area_m2":977,"km":1.09,"lon":101.92678,"lat":2.93084},"geometry":{"type":"Polygon","coordinates":[[[101.9268,2.93077],[101.92697,2.93068],[101.92705,2.93083],[101.92652,2.93098],[101.9268,2.93077]]]}},{"type":"Feature","properties":{"id":1146016302,"kind":"pond","group":"pond","area_m2":966,"km":0.8,"lon":101.9241,"lat":2.93137},"geometry":{"type":"Polygon","coordinates":[[[101.92393,2.93142],[101.92412,2.93122],[101.92431,2.93127],[101.92411,2.93152],[101.92393,2.93142]]]}},{"type":"Feature","properties":{"id":372860587,"kind":"reservoir","group":"storage","area_m2":964,"km":1.64,"lon":101.7932,"lat":2.92665},"geometry":{"type":"Polygon","coordinates":[[[101.79309,2.92675],[101.79308,2.92645],[101.79332,2.92639],[101.79331,2.92675],[101.79309,2.92675]]]}},{"type":"Feature","properties":{"id":1379122975,"kind":"pond","group":"pond","area_m2":961,"km":0.02,"lon":101.9127,"lat":2.94727},"geometry":{"type":"Polygon","coordinates":[[[101.91254,2.94725],[101.91275,2.94714],[101.91291,2.94738],[101.91254,2.94725]]]}},{"type":"Feature","properties":{"id":662427173,"kind":"lake","group":"storage","area_m2":954,"km":1.29,"lon":101.9285,"lat":2.93033},"geometry":{"type":"Polygon","coordinates":[[[101.92832,2.93031],[101.9287,2.93019],[101.92861,2.93042],[101.92831,2.93045],[101.92832,2.93031]]]}},{"type":"Feature","properties":{"id":372960075,"kind":"reservoir","group":"storage","area_m2":942,"km":4.52,"lon":101.70681,"lat":2.98852},"geometry":{"type":"Polygon","coordinates":[[[101.70668,2.98865],[101.70697,2.98864],[101.70696,2.9884],[101.7067,2.98839],[101.70668,2.98865]]]}},{"type":"Feature","properties":{"id":1180364150,"kind":"pond","group":"pond","area_m2":942,"km":0.04,"lon":101.83357,"lat":3.11654},"geometry":{"type":"Polygon","coordinates":[[[101.8334,3.11658],[101.83367,3.11674],[101.83369,3.11635],[101.8334,3.11658]]]}},{"type":"Feature","properties":{"id":1306973672,"kind":"pond","group":"pond","area_m2":938,"km":0.03,"lon":101.77678,"lat":3.02414},"geometry":{"type":"Polygon","coordinates":[[[101.77662,3.0242],[101.77692,3.02429],[101.777,3.02412],[101.77671,3.024],[101.77662,3.0242]]]}},{"type":"Feature","properties":{"id":619849758,"kind":"water","group":"other","area_m2":937,"km":0.6,"lon":101.86834,"lat":2.97298},"geometry":{"type":"Polygon","coordinates":[[[101.86844,2.97281],[101.86827,2.97285],[101.86821,2.97314],[101.86841,2.97306],[101.86844,2.97281]]]}},{"type":"Feature","properties":{"id":661084398,"kind":"pond","group":"pond","area_m2":931,"km":1.99,"lon":101.69847,"lat":2.82467,"name":"Kolam Tadahan"},"geometry":{"type":"Polygon","coordinates":[[[101.69834,2.82442],[101.6986,2.82453],[101.69846,2.82466],[101.69855,2.82491],[101.69834,2.82475],[101.69834,2.82442]]]}},{"type":"Feature","properties":{"id":1417196826,"kind":"pond","group":"pond","area_m2":931,"km":0.66,"lon":101.78444,"lat":3.08979},"geometry":{"type":"Polygon","coordinates":[[[101.78424,3.0899],[101.78461,3.08988],[101.78473,3.08972],[101.78457,3.08965],[101.78424,3.0899]]]}},{"type":"Feature","properties":{"id":605791832,"kind":"water","group":"other","area_m2":927,"km":1.81,"lon":101.7646,"lat":2.86788},"geometry":{"type":"Polygon","coordinates":[[[101.76468,2.868],[101.76438,2.86781],[101.76475,2.8678],[101.76468,2.868]]]}},{"type":"Feature","properties":{"id":144292577,"kind":"water","group":"other","area_m2":926,"km":2.22,"lon":101.72511,"lat":2.75968},"geometry":{"type":"Polygon","coordinates":[[[101.72533,2.75903],[101.72528,2.75956],[101.72493,2.76019],[101.72533,2.75903]]]}},{"type":"Feature","properties":{"id":1540955615,"kind":"water","group":"other","area_m2":925,"km":0.51,"lon":101.7595,"lat":2.78},"geometry":{"type":"Polygon","coordinates":[[[101.75938,2.78011],[101.75979,2.78003],[101.75932,2.77991],[101.75938,2.78011]]]}},{"type":"Feature","properties":{"id":492985411,"kind":"pond","group":"pond","area_m2":912,"km":0.01,"lon":101.86751,"lat":3.02665},"geometry":{"type":"Polygon","coordinates":[[[101.86746,3.02688],[101.86766,3.02651],[101.86746,3.0265],[101.86746,3.02688]]]}},{"type":"Feature","properties":{"id":776156371,"kind":"reservoir","group":"storage","area_m2":912,"km":1.67,"lon":101.80226,"lat":2.98713},"geometry":{"type":"Polygon","coordinates":[[[101.80214,2.98723],[101.80207,2.98705],[101.80242,2.987],[101.80244,2.98719],[101.80214,2.98723]]]}},{"type":"Feature","properties":{"id":1271146299,"kind":"pond","group":"pond","area_m2":908,"km":0.08,"lon":101.42037,"lat":2.88082},"geometry":{"type":"Polygon","coordinates":[[[101.4203,2.88097],[101.42052,2.88093],[101.42041,2.8806],[101.42025,2.88069],[101.4203,2.88097]]]}},{"type":"Feature","properties":{"id":372860586,"kind":"reservoir","group":"storage","area_m2":901,"km":1.67,"lon":101.79315,"lat":2.92624},"geometry":{"type":"Polygon","coordinates":[[[101.79309,2.92641],[101.79333,2.92632],[101.79306,2.92602],[101.79309,2.92641]]]}},{"type":"Feature","properties":{"id":372960077,"kind":"reservoir","group":"storage","area_m2":901,"km":4.52,"lon":101.70684,"lat":2.98882},"geometry":{"type":"Polygon","coordinates":[[[101.70669,2.98893],[101.70703,2.98891],[101.70702,2.98872],[101.70669,2.98872],[101.70669,2.98893]]]}},{"type":"Feature","properties":{"id":649037447,"kind":"water","group":"other","area_m2":900,"km":0.48,"lon":101.82578,"lat":3.1091},"geometry":{"type":"Polygon","coordinates":[[[101.82574,3.10887],[101.82577,3.10935],[101.82586,3.10901],[101.82574,3.10887]]]}},{"type":"Feature","properties":{"id":372972627,"kind":"water","group":"other","area_m2":899,"km":3.44,"lon":101.71656,"lat":2.99451},"geometry":{"type":"Polygon","coordinates":[[[101.71641,2.99458],[101.71684,2.99466],[101.71663,2.99439],[101.71641,2.99458]]]}},{"type":"Feature","properties":{"id":295862899,"kind":"water","group":"other","area_m2":886,"km":3.79,"lon":101.66778,"lat":2.92501},"geometry":{"type":"Polygon","coordinates":[[[101.668,2.92518],[101.66779,2.9252],[101.66768,2.92482],[101.668,2.92518]]]}},{"type":"Feature","properties":{"id":888628240,"kind":"pond","group":"pond","area_m2":880,"km":0.88,"lon":101.72614,"lat":2.90473},"geometry":{"type":"Polygon","coordinates":[[[101.726,2.90477],[101.72617,2.90488],[101.72637,2.9047],[101.72617,2.9045],[101.726,2.90477]]]}},{"type":"Feature","properties":{"id":662311687,"kind":"pond","group":"pond","area_m2":878,"km":1.83,"lon":101.69624,"lat":2.82501,"name":"Kolam Tadahan"},"geometry":{"type":"Polygon","coordinates":[[[101.69641,2.82495],[101.69607,2.82493],[101.69622,2.82517],[101.69641,2.82495]]]}},{"type":"Feature","properties":{"id":1292778722,"kind":"water","group":"other","area_m2":878,"km":0.43,"lon":101.83472,"lat":2.80934},"geometry":{"type":"Polygon","coordinates":[[[101.83486,2.80941],[101.8345,2.80938],[101.83464,2.80918],[101.83486,2.80941]]]}},{"type":"Feature","properties":{"id":649037466,"kind":"water","group":"other","area_m2":877,"km":0.03,"lon":101.83081,"lat":3.10752},"geometry":{"type":"Polygon","coordinates":[[[101.83079,3.10717],[101.83068,3.10735],[101.83087,3.10788],[101.83079,3.10717]]]}},{"type":"Feature","properties":{"id":1111262163,"kind":"stream","group":"channel","area_m2":868,"km":0.43,"lon":101.70201,"lat":2.77623},"geometry":{"type":"Polygon","coordinates":[[[101.70257,2.77541],[101.70255,2.77539],[101.70117,2.77745],[101.70119,2.77747],[101.70257,2.77541]]]}},{"type":"Feature","properties":{"id":492980753,"kind":"pond","group":"pond","area_m2":867,"km":0.03,"lon":101.86779,"lat":3.02561},"geometry":{"type":"Polygon","coordinates":[[[101.86759,3.0256],[101.8678,3.02546],[101.86804,3.02565],[101.86774,3.02576],[101.86759,3.0256]]]}},{"type":"Feature","properties":{"id":1115300063,"kind":"pond","group":"pond","area_m2":852,"km":0.2,"lon":101.85979,"lat":3.22248},"geometry":{"type":"Polygon","coordinates":[[[101.85966,3.22258],[101.85972,3.22232],[101.85996,3.22257],[101.85966,3.22258]]]}},{"type":"Feature","properties":{"id":1435241432,"kind":"water","group":"other","area_m2":849,"km":2.03,"lon":101.73527,"lat":2.97211},"geometry":{"type":"Polygon","coordinates":[[[101.7353,2.97185],[101.73537,2.97245],[101.73526,2.97246],[101.73516,2.97198],[101.7353,2.97185]]]}},{"type":"Feature","properties":{"id":492984463,"kind":"pond","group":"pond","area_m2":845,"km":0.12,"lon":101.86866,"lat":3.02535},"geometry":{"type":"Polygon","coordinates":[[[101.86852,3.0255],[101.86881,3.02547],[101.86874,3.02515],[101.86852,3.0255]]]}},{"type":"Feature","properties":{"id":1272659816,"kind":"pond","group":"pond","area_m2":845,"km":0.19,"lon":101.42841,"lat":2.86385},"geometry":{"type":"Polygon","coordinates":[[[101.42847,2.864],[101.42846,2.86362],[101.42818,2.86396],[101.42847,2.864]]]}},{"type":"Feature","properties":{"id":1292808416,"kind":"water","group":"other","area_m2":838,"km":0.04,"lon":101.9101,"lat":2.81107},"geometry":{"type":"Polygon","coordinates":[[[101.91015,2.81122],[101.9099,2.81098],[101.91003,2.81084],[101.91029,2.81108],[101.91015,2.81122]]]}},{"type":"Feature","properties":{"id":492980764,"kind":"pond","group":"pond","area_m2":831,"km":0.15,"lon":101.86842,"lat":3.02328},"geometry":{"type":"Polygon","coordinates":[[[101.8683,3.02318],[101.86855,3.02318],[101.86861,3.02348],[101.86842,3.02348],[101.8683,3.02318]]]}},{"type":"Feature","properties":{"id":1190191920,"kind":"pond","group":"pond","area_m2":820,"km":0.47,"lon":101.8655,"lat":3.0342},"geometry":{"type":"Polygon","coordinates":[[[101.86534,3.03404],[101.86533,3.03423],[101.86568,3.03435],[101.86534,3.03404]]]}},{"type":"Feature","properties":{"id":1115300046,"kind":"pond","group":"pond","area_m2":810,"km":0.11,"lon":101.86516,"lat":3.22067},"geometry":{"type":"Polygon","coordinates":[[[101.86526,3.22052],[101.865,3.22054],[101.86517,3.22083],[101.8653,3.22079],[101.86526,3.22052]]]}},{"type":"Feature","properties":{"id":236495310,"kind":"pond","group":"pond","area_m2":804,"km":0.05,"lon":101.76705,"lat":3.08252},"geometry":{"type":"Polygon","coordinates":[[[101.76723,3.08251],[101.76717,3.08264],[101.76686,3.08256],[101.76697,3.08242],[101.76723,3.08251]]]}},{"type":"Feature","properties":{"id":1180364143,"kind":"pond","group":"pond","area_m2":796,"km":0.01,"lon":101.83179,"lat":3.11645},"geometry":{"type":"Polygon","coordinates":[[[101.83171,3.1166],[101.8319,3.11654],[101.83185,3.11628],[101.83168,3.11637],[101.83171,3.1166]]]}},{"type":"Feature","properties":{"id":1292778716,"kind":"water","group":"other","area_m2":787,"km":0.33,"lon":101.83393,"lat":2.80987},"geometry":{"type":"Polygon","coordinates":[[[101.83412,2.80993],[101.83379,2.80994],[101.83373,2.8098],[101.83403,2.80977],[101.83412,2.80993]]]}},{"type":"Feature","properties":{"id":649037463,"kind":"water","group":"other","area_m2":779,"km":0.07,"lon":101.83079,"lat":3.10635},"geometry":{"type":"Polygon","coordinates":[[[101.83075,3.10614],[101.83065,3.10639],[101.83085,3.10656],[101.83075,3.10614]]]}},{"type":"Feature","properties":{"id":1111403172,"kind":"stream","group":"channel","area_m2":772,"km":2.62,"lon":101.71589,"lat":2.75329},"geometry":{"type":"Polygon","coordinates":[[[101.71539,2.75402],[101.71542,2.75403],[101.71663,2.75221],[101.71661,2.75219],[101.71539,2.75402]]]}},{"type":"Feature","properties":{"id":649037454,"kind":"water","group":"other","area_m2":766,"km":0.19,"lon":101.82918,"lat":3.10413},"geometry":{"type":"Polygon","coordinates":[[[101.82902,3.10399],[101.82916,3.10427],[101.8294,3.1042],[101.82902,3.10399]]]}},{"type":"Feature","properties":{"id":1103240422,"kind":"pond","group":"pond","area_m2":749,"km":0.63,"lon":101.80741,"lat":2.80773,"name":"Kolam Takungan JPS"},"geometry":{"type":"Polygon","coordinates":[[[101.80727,2.80793],[101.80764,2.80747],[101.80723,2.80782],[101.80727,2.80793]]]}},{"type":"Feature","properties":{"id":1115300075,"kind":"pond","group":"pond","area_m2":749,"km":0.15,"lon":101.86286,"lat":3.22146},"geometry":{"type":"Polygon","coordinates":[[[101.86268,3.2214],[101.86282,3.22132],[101.86304,3.22152],[101.8628,3.22159],[101.86268,3.2214]]]}},{"type":"Feature","properties":{"id":1111403994,"kind":"stream","group":"channel","area_m2":746,"km":2.91,"lon":101.7175,"lat":2.75088},"geometry":{"type":"Polygon","coordinates":[[[101.71699,2.75163],[101.71701,2.75164],[101.71827,2.74976],[101.71825,2.74975],[101.71699,2.75163]]]}},{"type":"Feature","properties":{"id":659673593,"kind":"water","group":"other","area_m2":745,"km":0.77,"lon":101.40668,"lat":2.84619},"geometry":{"type":"Polygon","coordinates":[[[101.40667,2.84607],[101.4065,2.84623],[101.40677,2.84633],[101.40683,2.84619],[101.40667,2.84607]]]}},{"type":"Feature","properties":{"id":649037453,"kind":"water","group":"other","area_m2":743,"km":0.04,"lon":101.83053,"lat":3.10392},"geometry":{"type":"Polygon","coordinates":[[[101.83039,3.10375],[101.8306,3.1041],[101.83058,3.10373],[101.83039,3.10375]]]}},{"type":"Feature","properties":{"id":662427177,"kind":"lake","group":"storage","area_m2":737,"km":1.15,"lon":101.92722,"lat":2.93052},"geometry":{"type":"Polygon","coordinates":[[[101.92719,2.93044],[101.92739,2.93027],[101.92717,2.93067],[101.92719,2.93044]]]}},{"type":"Feature","properties":{"id":1111271623,"kind":"stream","group":"channel","area_m2":736,"km":2.1,"lon":101.71281,"lat":2.7579},"geometry":{"type":"Polygon","coordinates":[[[101.71231,2.75861],[101.71234,2.75863],[101.71354,2.75682],[101.71352,2.75681],[101.71231,2.75861]]]}},{"type":"Feature","properties":{"id":492984459,"kind":"pond","group":"pond","area_m2":735,"km":0.13,"lon":101.8681,"lat":3.02417},"geometry":{"type":"Polygon","coordinates":[[[101.86795,3.0242],[101.86806,3.02435],[101.86828,3.02409],[101.86814,3.02402],[101.86795,3.0242]]]}},{"type":"Feature","properties":{"id":209299589,"kind":"water","group":"other","area_m2":728,"km":0.02,"lon":101.8147,"lat":3.14513},"geometry":{"type":"Polygon","coordinates":[[[101.81483,3.14505],[101.81486,3.14522],[101.8145,3.14523],[101.81446,3.14508],[101.81483,3.14505]]]}},{"type":"Feature","properties":{"id":136047839,"kind":"water","group":"other","area_m2":727,"km":0.08,"lon":101.75802,"lat":2.99203},"geometry":{"type":"Polygon","coordinates":[[[101.75775,2.99209],[101.75836,2.99208],[101.75837,2.99198],[101.75775,2.99209]]]}},{"type":"Feature","properties":{"id":1360941794,"kind":"pond","group":"pond","area_m2":727,"km":0.07,"lon":101.74992,"lat":2.89142},"geometry":{"type":"Polygon","coordinates":[[[101.75006,2.89147],[101.74968,2.8914],[101.74987,2.89131],[101.7501,2.89137],[101.75006,2.89147]]]}},{"type":"Feature","properties":{"id":372853229,"kind":"reservoir","group":"storage","area_m2":724,"km":1.59,"lon":101.7851,"lat":2.92056},"geometry":{"type":"Polygon","coordinates":[[[101.78497,2.92061],[101.78507,2.92073],[101.78527,2.92041],[101.78497,2.92061]]]}},{"type":"Feature","properties":{"id":1435815555,"kind":"pond","group":"pond","area_m2":720,"km":3.58,"lon":101.71512,"lat":2.99173},"geometry":{"type":"Polygon","coordinates":[[[101.71502,2.99179],[101.7153,2.99187],[101.71523,2.99161],[101.71502,2.99179]]]}},{"type":"Feature","properties":{"id":209299574,"kind":"water","group":"other","area_m2":714,"km":0.03,"lon":101.81459,"lat":3.14494},"geometry":{"type":"Polygon","coordinates":[[[101.81446,3.14501],[101.81482,3.145],[101.81478,3.14483],[101.81443,3.14485],[101.81446,3.14501]]]}},{"type":"Feature","properties":{"id":372793917,"kind":"reservoir","group":"storage","area_m2":711,"km":1.63,"lon":101.78838,"lat":2.92229},"geometry":{"type":"Polygon","coordinates":[[[101.78841,2.92245],[101.78824,2.92223],[101.78834,2.92213],[101.78852,2.92232],[101.78841,2.92245]]]}},{"type":"Feature","properties":{"id":619357989,"kind":"pond","group":"pond","area_m2":697,"km":1.6,"lon":101.68068,"lat":2.90395},"geometry":{"type":"Polygon","coordinates":[[[101.68063,2.90414],[101.68084,2.90384],[101.68067,2.9038],[101.68054,2.90397],[101.68063,2.90414]]]}},{"type":"Feature","properties":{"id":552782937,"kind":"pond","group":"pond","area_m2":696,"km":0.71,"lon":101.8767,"lat":2.94451},"geometry":{"type":"Polygon","coordinates":[[[101.87684,2.9446],[101.87671,2.94438],[101.87651,2.94451],[101.87684,2.9446]]]}},{"type":"Feature","properties":{"id":372861272,"kind":"water","group":"other","area_m2":687,"km":1.48,"lon":101.7896,"lat":2.9083},"geometry":{"type":"Polygon","coordinates":[[[101.78967,2.90842],[101.78972,2.90812],[101.78956,2.90806],[101.78952,2.90842],[101.78967,2.90842]]]}},{"type":"Feature","properties":{"id":372807999,"kind":"water","group":"other","area_m2":683,"km":1.67,"lon":101.78661,"lat":2.92063},"geometry":{"type":"Polygon","coordinates":[[[101.78648,2.92061],[101.78678,2.92073],[101.78659,2.92048],[101.78648,2.92061]]]}},{"type":"Feature","properties":{"id":1271146327,"kind":"pond","group":"pond","area_m2":677,"km":0.1,"lon":101.413,"lat":2.89139},"geometry":{"type":"Polygon","coordinates":[[[101.41286,2.89143],[101.41301,2.89155],[101.41317,2.89126],[101.41286,2.89143]]]}},{"type":"Feature","properties":{"id":1435815556,"kind":"pond","group":"pond","area_m2":672,"km":3.62,"lon":101.71482,"lat":2.99089},"geometry":{"type":"Polygon","coordinates":[[[101.7147,2.99077],[101.71488,2.99074],[101.71491,2.99106],[101.7147,2.99077]]]}},{"type":"Feature","properties":{"id":649037461,"kind":"water","group":"other","area_m2":668,"km":0.13,"lon":101.83023,"lat":3.10651},"geometry":{"type":"Polygon","coordinates":[[[101.83004,3.1064],[101.83025,3.10668],[101.8304,3.10653],[101.83004,3.1064]]]}},{"type":"Feature","properties":{"id":372807996,"kind":"water","group":"other","area_m2":666,"km":1.66,"lon":101.78701,"lat":2.92097},"geometry":{"type":"Polygon","coordinates":[[[101.78681,2.92085],[101.78723,2.9212],[101.78691,2.92078],[101.78681,2.92085]]]}},{"type":"Feature","properties":{"id":1271146316,"kind":"pond","group":"pond","area_m2":660,"km":0.22,"lon":101.4171,"lat":2.88996},"geometry":{"type":"Polygon","coordinates":[[[101.41683,2.8896],[101.41726,2.89007],[101.41717,2.89023],[101.4173,2.89002],[101.41683,2.8896]]]}},{"type":"Feature","properties":{"id":1292778721,"kind":"water","group":"other","area_m2":652,"km":0.38,"lon":101.83418,"lat":2.80911},"geometry":{"type":"Polygon","coordinates":[[[101.83421,2.80922],[101.83401,2.8091],[101.83405,2.80897],[101.83435,2.809],[101.83421,2.80922]]]}},{"type":"Feature","properties":{"id":1190191807,"kind":"pond","group":"pond","area_m2":649,"km":0.56,"lon":101.86781,"lat":3.05238},"geometry":{"type":"Polygon","coordinates":[[[101.86779,3.05252],[101.86792,3.05239],[101.86776,3.05218],[101.86779,3.05252]]]}},{"type":"Feature","properties":{"id":649037439,"kind":"water","group":"other","area_m2":646,"km":0.52,"lon":101.81889,"lat":3.10566},"geometry":{"type":"Polygon","coordinates":[[[101.81875,3.10564],[101.81881,3.10581],[101.81907,3.10555],[101.81875,3.10564]]]}},{"type":"Feature","properties":{"id":122292606,"kind":"basin","group":"treatment","area_m2":644,"km":6.53,"lon":101.68949,"lat":2.95235},"geometry":{"type":"Polygon","coordinates":[[[101.68947,2.95248],[101.68937,2.95233],[101.68952,2.95222],[101.68962,2.95239],[101.68947,2.95248]]]}},{"type":"Feature","properties":{"id":649037448,"kind":"water","group":"other","area_m2":636,"km":0.51,"lon":101.82564,"lat":3.1083},"geometry":{"type":"Polygon","coordinates":[[[101.82551,3.10824],[101.82556,3.10839],[101.82577,3.10839],[101.82567,3.10819],[101.82551,3.10824]]]}},{"type":"Feature","properties":{"id":641745544,"kind":"pond","group":"pond","area_m2":635,"km":1.94,"lon":101.73904,"lat":3.00703},"geometry":{"type":"Polygon","coordinates":[[[101.73929,3.00728],[101.73901,3.00699],[101.73903,3.00674],[101.73881,3.00692],[101.73929,3.00728]]]}},{"type":"Feature","properties":{"id":836684479,"kind":"water","group":"other","area_m2":635,"km":0.33,"lon":101.71547,"lat":2.87068},"geometry":{"type":"Polygon","coordinates":[[[101.71529,2.87067],[101.71557,2.8708],[101.71571,2.87069],[101.71537,2.87055],[101.71529,2.87067]]]}},{"type":"Feature","properties":{"id":871927151,"kind":"pond","group":"pond","area_m2":633,"km":0.32,"lon":101.78467,"lat":3.03061},"geometry":{"type":"Polygon","coordinates":[[[101.78455,3.03065],[101.7846,3.03046],[101.78481,3.0306],[101.78474,3.03075],[101.78455,3.03065]]]}},{"type":"Feature","properties":{"id":1379122973,"kind":"pond","group":"pond","area_m2":626,"km":0.07,"lon":101.91225,"lat":2.94623},"geometry":{"type":"Polygon","coordinates":[[[101.91221,2.94635],[101.9121,2.94605],[101.91224,2.94602],[101.91237,2.94627],[101.91221,2.94635]]]}},{"type":"Feature","properties":{"id":372807986,"kind":"water","group":"other","area_m2":616,"km":1.69,"lon":101.78629,"lat":2.92018},"geometry":{"type":"Polygon","coordinates":[[[101.78611,2.92016],[101.78648,2.92024],[101.78625,2.92008],[101.78611,2.92016]]]}},{"type":"Feature","properties":{"id":1288767961,"kind":"pond","group":"pond","area_m2":609,"km":0.18,"lon":101.76503,"lat":3.10172},"geometry":{"type":"Polygon","coordinates":[[[101.76491,3.1017],[101.76498,3.10157],[101.76517,3.10183],[101.76491,3.1017]]]}},{"type":"Feature","properties":{"id":662427174,"kind":"lake","group":"storage","area_m2":606,"km":1.24,"lon":101.92805,"lat":2.93047},"geometry":{"type":"Polygon","coordinates":[[[101.92788,2.93046],[101.92817,2.93035],[101.92821,2.93045],[101.92792,2.93057],[101.92788,2.93046]]]}},{"type":"Feature","properties":{"id":836684478,"kind":"water","group":"other","area_m2":603,"km":0.36,"lon":101.71551,"lat":2.87034},"geometry":{"type":"Polygon","coordinates":[[[101.71539,2.87047],[101.71554,2.87051],[101.71566,2.87022],[101.71548,2.87021],[101.71539,2.87047]]]}},{"type":"Feature","properties":{"id":1273991910,"kind":"pond","group":"pond","area_m2":600,"km":0.1,"lon":101.44983,"lat":2.88225},"geometry":{"type":"Polygon","coordinates":[[[101.44966,2.88233],[101.45003,2.88228],[101.45002,2.88214],[101.44966,2.88233]]]}},{"type":"Feature","properties":{"id":1273580978,"kind":"pond","group":"pond","area_m2":599,"km":3.44,"lon":101.71868,"lat":2.93635},"geometry":{"type":"Polygon","coordinates":[[[101.71857,2.93644],[101.71863,2.93621],[101.7189,2.93631],[101.71857,2.93644]]]}},{"type":"Feature","properties":{"id":1272659779,"kind":"pond","group":"pond","area_m2":593,"km":0.34,"lon":101.42578,"lat":2.86169},"geometry":{"type":"Polygon","coordinates":[[[101.42566,2.8617],[101.42584,2.86182],[101.42595,2.86167],[101.4258,2.86154],[101.42566,2.8617]]]}},{"type":"Feature","properties":{"id":1104401039,"kind":"pond","group":"pond","area_m2":566,"km":0.71,"lon":101.90338,"lat":2.94115},"geometry":{"type":"Polygon","coordinates":[[[101.9033,2.9413],[101.90352,2.94121],[101.90345,2.94102],[101.90322,2.94107],[101.9033,2.9413]]]}},{"type":"Feature","properties":{"id":1120984201,"kind":"lake","group":"storage","area_m2":566,"km":0.01,"lon":101.82654,"lat":3.14938},"geometry":{"type":"Polygon","coordinates":[[[101.8265,3.14936],[101.82667,3.14923],[101.82653,3.14967],[101.8264,3.1494],[101.8265,3.14936]]]}},{"type":"Feature","properties":{"id":1416075774,"kind":"wastewater","group":"treatment","area_m2":536,"km":0.09,"lon":101.78727,"lat":3.07355},"geometry":{"type":"Polygon","coordinates":[[[101.78717,3.0735],[101.78723,3.07366],[101.78738,3.07359],[101.7873,3.07344],[101.78717,3.0735]]]}},{"type":"Feature","properties":{"id":188702564,"kind":"water","group":"other","area_m2":534,"km":1.78,"lon":101.74065,"lat":3.06646},"geometry":{"type":"Polygon","coordinates":[[[101.74054,3.06654],[101.74063,3.0663],[101.74073,3.06635],[101.74075,3.06652],[101.74054,3.06654]]]}},{"type":"Feature","properties":{"id":1271146326,"kind":"pond","group":"pond","area_m2":526,"km":0.1,"lon":101.41328,"lat":2.8911},"geometry":{"type":"Polygon","coordinates":[[[101.41315,2.89117],[101.41337,2.89112],[101.41342,2.89096],[101.41315,2.89117]]]}},{"type":"Feature","properties":{"id":372965861,"kind":"water","group":"other","area_m2":516,"km":2.76,"lon":101.7248,"lat":2.98138},"geometry":{"type":"Polygon","coordinates":[[[101.72468,2.98133],[101.72497,2.98152],[101.7248,2.98122],[101.72468,2.98133]]]}},{"type":"Feature","properties":{"id":649037457,"kind":"water","group":"other","area_m2":509,"km":0.11,"lon":101.83057,"lat":3.10543},"geometry":{"type":"Polygon","coordinates":[[[101.8305,3.10529],[101.8305,3.10552],[101.83065,3.10555],[101.83064,3.10529],[101.8305,3.10529]]]}},{"type":"Feature","properties":{"id":1361599193,"kind":"pond","group":"pond","area_m2":504,"km":0.2,"lon":101.92578,"lat":2.82679},"geometry":{"type":"Polygon","coordinates":[[[101.9258,2.82687],[101.92564,2.82682],[101.92572,2.82666],[101.92592,2.8268],[101.9258,2.82687]]]}},{"type":"Feature","properties":{"id":1416075773,"kind":"wastewater","group":"treatment","area_m2":500,"km":0.06,"lon":101.7873,"lat":3.07387},"geometry":{"type":"Polygon","coordinates":[[[101.78719,3.07385],[101.7873,3.07398],[101.78741,3.0739],[101.78732,3.07375],[101.78719,3.07385]]]}},{"type":"Feature","properties":{"id":1272659791,"kind":"pond","group":"pond","area_m2":493,"km":0.15,"lon":101.42551,"lat":2.86353},"geometry":{"type":"Polygon","coordinates":[[[101.42547,2.86364],[101.42565,2.8635],[101.42556,2.86338],[101.42547,2.86364]]]}},{"type":"Feature","properties":{"id":1292778720,"kind":"water","group":"other","area_m2":492,"km":0.35,"lon":101.83399,"lat":2.80926},"geometry":{"type":"Polygon","coordinates":[[[101.83387,2.80933],[101.83398,2.80911],[101.83413,2.80923],[101.83387,2.80933]]]}},{"type":"Feature","properties":{"id":776156370,"kind":"reservoir","group":"storage","area_m2":491,"km":1.67,"lon":101.80221,"lat":2.98694},"geometry":{"type":"Polygon","coordinates":[[[101.80206,2.98702],[101.80239,2.98695],[101.80237,2.98684],[101.80206,2.98702]]]}},{"type":"Feature","properties":{"id":1292778718,"kind":"water","group":"other","area_m2":487,"km":0.33,"lon":101.83388,"lat":2.80969},"geometry":{"type":"Polygon","coordinates":[[[101.83404,2.80975],[101.83375,2.80974],[101.83375,2.80957],[101.83404,2.80975]]]}},{"type":"Feature","properties":{"id":797346004,"kind":"wastewater","group":"treatment","area_m2":481,"km":0.08,"lon":101.73938,"lat":2.83003},"geometry":{"type":"Polygon","coordinates":[[[101.73943,2.83013],[101.73928,2.83008],[101.73931,2.82994],[101.73947,2.82997],[101.73943,2.83013]]]}},{"type":"Feature","properties":{"id":971658060,"kind":"water","group":"other","area_m2":481,"km":2.88,"lon":101.61798,"lat":2.88626},"geometry":{"type":"Polygon","coordinates":[[[101.61794,2.88642],[101.61811,2.88637],[101.61799,2.88612],[101.61794,2.88642]]]}},{"type":"Feature","properties":{"id":649037444,"kind":"water","group":"other","area_m2":480,"km":0.74,"lon":101.82614,"lat":3.09903},"geometry":{"type":"Polygon","coordinates":[[[101.82601,3.09898],[101.826,3.09916],[101.82624,3.09908],[101.82618,3.09892],[101.82601,3.09898]]]}},{"type":"Feature","properties":{"id":1180364148,"kind":"pond","group":"pond","area_m2":474,"km":0.17,"lon":101.8344,"lat":3.11564},"geometry":{"type":"Polygon","coordinates":[[[101.83423,3.11573],[101.8343,3.11578],[101.8344,3.11571],[101.83449,3.11567],[101.83455,3.11557],[101.83456,3.11553],[101.83453,3.11548],[101.83446,3.11552],[101.83438,3.11561],[101.83428,3.11566],[101.83423,3.11573]]]}},{"type":"Feature","properties":{"id":372972624,"kind":"water","group":"other","area_m2":470,"km":3.51,"lon":101.71592,"lat":2.99475},"geometry":{"type":"Polygon","coordinates":[[[101.71586,2.99493],[101.71607,2.99456],[101.71589,2.99462],[101.71586,2.99493]]]}},{"type":"Feature","properties":{"id":188702566,"kind":"water","group":"other","area_m2":469,"km":1.8,"lon":101.74004,"lat":3.06649},"geometry":{"type":"Polygon","coordinates":[[[101.74013,3.06662],[101.73993,3.06638],[101.74011,3.06642],[101.74013,3.06662]]]}},{"type":"Feature","properties":{"id":1111412901,"kind":"stream","group":"channel","area_m2":466,"km":3.14,"lon":101.72013,"lat":2.74919},"geometry":{"type":"Polygon","coordinates":[[[101.71966,2.74988],[101.71968,2.74989],[101.72084,2.74815],[101.72083,2.74814],[101.71966,2.74988]]]}},{"type":"Feature","properties":{"id":1273991940,"kind":"pond","group":"pond","area_m2":455,"km":0.12,"lon":101.44354,"lat":2.86863},"geometry":{"type":"Polygon","coordinates":[[[101.44349,2.86874],[101.44365,2.86864],[101.44356,2.86847],[101.44349,2.86874]]]}},{"type":"Feature","properties":{"id":643414470,"kind":"pond","group":"pond","area_m2":440,"km":0.23,"lon":101.75793,"lat":2.92899},"geometry":{"type":"Polygon","coordinates":[[[101.75788,2.92913],[101.75799,2.92913],[101.75799,2.92879],[101.75789,2.92879],[101.75788,2.92913]]]}},{"type":"Feature","properties":{"id":1272659785,"kind":"pond","group":"pond","area_m2":440,"km":0.16,"lon":101.42497,"lat":2.86311},"geometry":{"type":"Polygon","coordinates":[[[101.42486,2.86307],[101.42487,2.8631],[101.42505,2.86324],[101.42508,2.86324],[101.42514,2.86318],[101.42514,2.86316],[101.42493,2.86299],[101.4249,2.86299],[101.42486,2.86304],[101.42486,2.86307]]]}},{"type":"Feature","properties":{"id":836684417,"kind":"water","group":"other","area_m2":437,"km":0.16,"lon":101.71323,"lat":2.88066},"geometry":{"type":"Polygon","coordinates":[[[101.71311,2.88072],[101.71326,2.88077],[101.71332,2.88057],[101.71321,2.88051],[101.71311,2.88072]]]}},{"type":"Feature","properties":{"id":931945663,"kind":"pond","group":"pond","area_m2":428,"km":0.09,"lon":101.87697,"lat":3.16769},"geometry":{"type":"Polygon","coordinates":[[[101.87695,3.16755],[101.87692,3.16789],[101.87706,3.16762],[101.87695,3.16755]]]}},{"type":"Feature","properties":{"id":605128421,"kind":"water","group":"other","area_m2":425,"km":0.04,"lon":101.81794,"lat":2.76459},"geometry":{"type":"Polygon","coordinates":[[[101.81797,2.76474],[101.81791,2.76474],[101.81789,2.76473],[101.81788,2.7647],[101.81788,2.76443],[101.8179,2.76442],[101.81795,2.76441],[101.81799,2.76443],[101.81799,2.76446],[101.81798,2.76473],[101.81797,2.76474]]]}},{"type":"Feature","properties":{"id":661084396,"kind":"pond","group":"pond","area_m2":424,"km":2.49,"lon":101.70325,"lat":2.82619,"name":"Kolam Tadahan"},"geometry":{"type":"Polygon","coordinates":[[[101.70322,2.82609],[101.70312,2.82617],[101.70328,2.82631],[101.70334,2.82613],[101.70322,2.82609]]]}},{"type":"Feature","properties":{"id":1180364144,"kind":"pond","group":"pond","area_m2":416,"km":0.02,"lon":101.83286,"lat":3.11661},"geometry":{"type":"Polygon","coordinates":[[[101.83272,3.1166],[101.83276,3.11663],[101.83288,3.11667],[101.83298,3.11669],[101.83303,3.11667],[101.83304,3.11661],[101.83299,3.11658],[101.83286,3.11654],[101.83277,3.11652],[101.83273,3.11655],[101.83272,3.1166]]]}},{"type":"Feature","properties":{"id":1535315961,"kind":"pond","group":"pond","area_m2":415,"km":0.97,"lon":101.74614,"lat":2.92325},"geometry":{"type":"Polygon","coordinates":[[[101.74626,2.92312],[101.74608,2.92321],[101.74597,2.92333],[101.74596,2.92348],[101.74614,2.92325],[101.7462,2.92327],[101.74628,2.92321],[101.74626,2.92312]]]}},{"type":"Feature","properties":{"id":1115300062,"kind":"pond","group":"pond","area_m2":414,"km":0.23,"lon":101.85971,"lat":3.22221},"geometry":{"type":"Polygon","coordinates":[[[101.85966,3.22228],[101.85982,3.22228],[101.85978,3.22214],[101.85958,3.22213],[101.85966,3.22228]]]}},{"type":"Feature","properties":{"id":493028248,"kind":"pond","group":"pond","area_m2":411,"km":0.1,"lon":101.87204,"lat":3.05189},"geometry":{"type":"Polygon","coordinates":[[[101.87199,3.05176],[101.87206,3.05177],[101.87211,3.05187],[101.87215,3.05202],[101.8721,3.05209],[101.87205,3.05204],[101.87197,3.05186],[101.87197,3.0518],[101.87199,3.05176]]]}},{"type":"Feature","properties":{"id":492985412,"kind":"pond","group":"pond","area_m2":409,"km":0.01,"lon":101.86755,"lat":3.02696},"geometry":{"type":"Polygon","coordinates":[[[101.86746,3.02694],[101.86758,3.02709],[101.86767,3.02691],[101.86746,3.02694]]]}},{"type":"Feature","properties":{"id":896443593,"kind":"pond","group":"pond","area_m2":408,"km":0.1,"lon":101.7014,"lat":2.89257},"geometry":{"type":"Polygon","coordinates":[[[101.7014,2.89268],[101.70155,2.89263],[101.70144,2.89243],[101.7014,2.89268]]]}},{"type":"Feature","properties":{"id":836684475,"kind":"water","group":"other","area_m2":405,"km":0.48,"lon":101.71605,"lat":2.86914},"geometry":{"type":"Polygon","coordinates":[[[101.71598,2.86924],[101.71612,2.86928],[101.71611,2.86899],[101.71598,2.86924]]]}}]}