{"type":"FeatureCollection","meta":{"source":"Digital Earth · malaysia_water_bodies.geojson","url":"https://digitalearthgeojson.s3.ap-southeast-5.amazonaws.com/malaysia_water_bodies.geojson","station":"LGT06 Sungai Langat at Dengkil","radius_km":15.0,"simplify_m":11,"note":"Clipped from the 30,207-polygon national file to the Dengkil reach. Outlines are kept and simplified to about 11 m, so the map draws the water surface itself. Surface areas are computed from the full-resolution geometry, before simplification."},"features":[{"type":"Feature","properties":{"id":485774517,"kind":"wetland","group":"wetland","area_m2":3745411,"km":7.36,"lon":101.61784,"lat":2.85441},"geometry":{"type":"Polygon","coordinates":[[[101.62377,2.85297],[101.62611,2.85299],[101.62661,2.8528],[101.6276,2.8529],[101.62875,2.85269],[101.62933,2.85276],[101.63043,2.85323],[101.6303,2.85357],[101.63044,2.85366],[101.63424,2.85361],[101.63142,2.85531],[101.63213,2.8556],[101.63307,2.85652],[101.63279,2.85703],[101.63299,2.85745],[101.63271,2.85815],[101.63177,2.8582],[101.63133,2.85853],[101.63099,2.85901],[101.63128,2.85934],[101.62967,2.85947],[101.62909,2.85886],[101.62837,2.85847],[101.62755,2.85847],[101.62625,2.85873],[101.62474,2.85692],[101.62161,2.85684],[101.62166,2.85815],[101.62113,2.85929],[101.62151,2.8597],[101.62307,2.85978],[101.62293,2.86167],[101.62251,2.86261],[101.62172,2.86281],[101.62073,2.86228],[101.61919,2.86279],[101.61386,2.86072],[101.61374,2.85933],[101.61352,2.85841],[101.61322,2.85793],[101.61042,2.85811],[101.60732,2.85742],[101.60694,2.85842],[101.60402,2.85946],[101.59801,2.85945],[101.59788,2.85807],[101.5986,2.85692],[101.59916,2.85313],[101.60058,2.85291],[101.60285,2.85283],[101.603,2.84925],[101.60227,2.8492],[101.60211,2.84876],[101.60292,2.84727],[101.60381,2.84678],[101.60424,2.84635],[101.60559,2.84632],[101.60781,2.84749],[101.60805,2.84799],[101.60913,2.84894],[101.61035,2.84968],[101.6111,2.84973],[101.6122,2.85011],[101.61261,2.84974],[101.61439,2.8496],[101.61558,2.84975],[101.61698,2.84943],[101.61791,2.84958],[101.61977,2.84878],[101.62078,2.84864],[101.62144,2.84906],[101.62167,2.84949],[101.6227,2.85035],[101.62328,2.85304],[101.62377,2.85297]]]}},{"type":"Feature","properties":{"id":724561373,"kind":"lake","group":"storage","area_m2":1302365,"km":8.62,"lon":101.60695,"lat":2.86964},"geometry":{"type":"Polygon","coordinates":[[[101.60946,2.87488],[101.6124,2.87506],[101.61289,2.87422],[101.61289,2.86829],[101.60975,2.86883],[101.6089,2.86746],[101.60876,2.86591],[101.61121,2.86589],[101.61148,2.86465],[101.60932,2.86416],[101.60805,2.86209],[101.60143,2.86249],[101.60019,2.86434],[101.60029,2.86964],[101.60275,2.86975],[101.60277,2.87139],[101.60159,2.87128],[101.60159,2.87187],[101.6028,2.87171],[101.60282,2.87211],[101.60363,2.87211],[101.60394,2.87168],[101.6076,2.8722],[101.6091,2.87205],[101.60932,2.8725],[101.60946,2.87488]]]}},{"type":"Feature","properties":{"id":372608950,"kind":"reservoir","group":"storage","area_m2":1121279,"km":11.79,"lon":101.60171,"lat":2.79268,"name":"Labohan Dagang Off River Storage"},"geometry":{"type":"Polygon","coordinates":[[[101.59889,2.7917],[101.59877,2.79259],[101.59827,2.79366],[101.598,2.79382],[101.59647,2.79398],[101.596,2.79426],[101.59596,2.79459],[101.59622,2.79532],[101.5972,2.79589],[101.59731,2.79672],[101.59781,2.79786],[101.59901,2.79809],[101.59924,2.7979],[101.60018,2.79848],[101.60188,2.79821],[101.60327,2.79876],[101.60412,2.7988],[101.60459,2.79814],[101.60503,2.79436],[101.60592,2.79166],[101.60593,2.79008],[101.60608,2.78938],[101.60599,2.78752],[101.60623,2.78674],[101.60714,2.78619],[101.61066,2.78538],[101.61006,2.78525],[101.60699,2.78595],[101.60618,2.78646],[101.60208,2.78535],[101.60147,2.78567],[101.59978,2.78668],[101.59911,2.78798],[101.5994,2.7895],[101.59895,2.78991],[101.59868,2.79128],[101.59889,2.7917]]]}},{"type":"Feature","properties":{"id":133052746,"kind":"wetland","group":"wetland","area_m2":1106888,"km":3.82,"lon":101.6497,"lat":2.86354},"geometry":{"type":"Polygon","coordinates":[[[101.64028,2.86833],[101.64251,2.86445],[101.64536,2.86078],[101.64707,2.85945],[101.65097,2.85733],[101.65315,2.85825],[101.65418,2.85967],[101.65787,2.85829],[101.65886,2.85871],[101.65966,2.85949],[101.66,2.86029],[101.66004,2.86243],[101.65425,2.85974],[101.65383,2.8597],[101.65224,2.86147],[101.65068,2.86535],[101.64995,2.86553],[101.64897,2.86756],[101.6489,2.8681],[101.64801,2.86789],[101.64801,2.86764],[101.64623,2.86628],[101.64596,2.86634],[101.64478,2.86541],[101.64441,2.86577],[101.64461,2.86628],[101.64302,2.87],[101.64226,2.87074],[101.64111,2.87032],[101.64028,2.86833]]]}},{"type":"Feature","properties":{"id":485521825,"kind":"lake","group":"storage","area_m2":1064803,"km":7.63,"lon":101.61648,"lat":2.84643},"geometry":{"type":"Polygon","coordinates":[[[101.61335,2.8384],[101.61513,2.83805],[101.61603,2.84091],[101.61592,2.84233],[101.61616,2.84291],[101.61593,2.84381],[101.61577,2.84388],[101.61577,2.84456],[101.61639,2.8452],[101.6165,2.84581],[101.61616,2.84605],[101.61534,2.8459],[101.61501,2.84605],[101.61471,2.84568],[101.61454,2.84586],[101.61471,2.84625],[101.61511,2.84635],[101.61547,2.84617],[101.61631,2.84657],[101.61626,2.84754],[101.61649,2.84755],[101.61667,2.84779],[101.62041,2.84806],[101.62307,2.84805],[101.62523,2.84786],[101.6255,2.84794],[101.6257,2.84829],[101.6264,2.8483],[101.62646,2.84946],[101.62605,2.84954],[101.62591,2.84972],[101.626,2.85024],[101.62614,2.85028],[101.62588,2.85097],[101.62516,2.85118],[101.6232,2.85108],[101.62257,2.85122],[101.62146,2.85088],[101.62163,2.85042],[101.6227,2.85035],[101.62234,2.85011],[101.62138,2.84997],[101.62167,2.84949],[101.62144,2.84906],[101.62078,2.84864],[101.61977,2.84878],[101.61979,2.84897],[101.62002,2.84911],[101.62053,2.84895],[101.62093,2.84904],[101.62096,2.84932],[101.61999,2.84999],[101.61964,2.85006],[101.61974,2.85064],[101.62104,2.85056],[101.62133,2.85088],[101.62094,2.85111],[101.62042,2.85087],[101.61875,2.85107],[101.6184,2.85081],[101.61785,2.85095],[101.61758,2.85069],[101.61814,2.8504],[101.61824,2.85018],[101.61791,2.84958],[101.61698,2.84943],[101.6155,2.84964],[101.61347,2.84949],[101.61243,2.84962],[101.61228,2.84991],[101.61201,2.84997],[101.6116,2.84957],[101.61042,2.84941],[101.60895,2.84854],[101.60897,2.84815],[101.60931,2.84794],[101.60909,2.84781],[101.60913,2.84755],[101.60868,2.84734],[101.60785,2.84728],[101.60739,2.84699],[101.60734,2.84666],[101.60677,2.84658],[101.60585,2.84612],[101.60621,2.84526],[101.60686,2.84448],[101.60748,2.84421],[101.60769,2.84435],[101.60839,2.84414],[101.60946,2.84454],[101.61008,2.84431],[101.61337,2.84432],[101.61332,2.84386],[101.61274,2.8438],[101.6124,2.84325],[101.61233,2.84287],[101.61248,2.84268],[101.61225,2.84251],[101.61255,2.84211],[101.61298,2.84188],[101.61326,2.84136],[101.61332,2.84115],[101.61312,2.84095],[101.6132,2.83858],[101.61335,2.8384]]]}},{"type":"Feature","properties":{"id":485774516,"kind":"lake","group":"storage","area_m2":947437,"km":7.49,"lon":101.6167,"lat":2.85325},"geometry":{"type":"Polygon","coordinates":[[[101.62402,2.85136],[101.62413,2.85153],[101.62578,2.85129],[101.6263,2.85265],[101.62582,2.85286],[101.6254,2.8527],[101.62316,2.85293],[101.62328,2.85304],[101.62377,2.85297],[101.62407,2.85331],[101.62406,2.85351],[101.6229,2.85363],[101.62294,2.85416],[101.62344,2.85475],[101.62336,2.85499],[101.62305,2.85494],[101.6228,2.85518],[101.62297,2.85549],[101.62279,2.85565],[101.61997,2.8558],[101.62047,2.85522],[101.62119,2.85528],[101.62163,2.8547],[101.62206,2.85454],[101.62198,2.85403],[101.62162,2.85351],[101.62152,2.85411],[101.62026,2.85494],[101.61935,2.85496],[101.61886,2.85563],[101.61916,2.85589],[101.61939,2.85582],[101.61912,2.85635],[101.61782,2.85643],[101.61712,2.85626],[101.61615,2.85628],[101.61479,2.85649],[101.61343,2.85642],[101.61318,2.85623],[101.61287,2.85636],[101.61245,2.85628],[101.61232,2.85506],[101.61243,2.85461],[101.6121,2.85448],[101.61174,2.85482],[101.61108,2.85484],[101.6107,2.85515],[101.61051,2.8557],[101.60667,2.85611],[101.60605,2.85642],[101.60554,2.85613],[101.60493,2.8554],[101.60416,2.85577],[101.60327,2.85583],[101.6028,2.85679],[101.60081,2.85705],[101.5999,2.85686],[101.59962,2.85657],[101.59954,2.85433],[101.5992,2.85376],[101.59933,2.85329],[101.60036,2.85324],[101.60047,2.85302],[101.60293,2.85296],[101.60303,2.85146],[101.6041,2.85163],[101.60433,2.85103],[101.60587,2.85151],[101.60602,2.85183],[101.60537,2.85216],[101.60539,2.85259],[101.60926,2.85273],[101.60991,2.85317],[101.61015,2.85385],[101.60935,2.85402],[101.61108,2.85425],[101.61201,2.85364],[101.61331,2.85394],[101.6137,2.85414],[101.61359,2.85474],[101.61394,2.85446],[101.61423,2.85484],[101.61427,2.85538],[101.61514,2.85574],[101.61608,2.85572],[101.61688,2.85602],[101.61838,2.8553],[101.61852,2.85455],[101.61904,2.85415],[101.6199,2.85401],[101.61988,2.8534],[101.61929,2.85346],[101.6192,2.85317],[101.61864,2.85309],[101.61846,2.85282],[101.6175,2.85274],[101.61748,2.85294],[101.61845,2.85293],[101.6185,2.85319],[101.61828,2.85334],[101.6183,2.85358],[101.61809,2.85331],[101.61772,2.85328],[101.61733,2.85354],[101.61732,2.85374],[101.61683,2.85384],[101.61629,2.85366],[101.61615,2.85346],[101.61671,2.85296],[101.61697,2.8529],[101.6171,2.85264],[101.61727,2.85282],[101.61734,2.85268],[101.61712,2.85254],[101.61713,2.85223],[101.61688,2.85191],[101.61571,2.8516],[101.61559,2.85141],[101.61572,2.85005],[101.61609,2.84969],[101.6163,2.84973],[101.61628,2.85042],[101.61657,2.85056],[101.61686,2.85108],[101.61715,2.85117],[101.61716,2.85135],[101.61763,2.85137],[101.61839,2.85102],[101.61872,2.85125],[101.62037,2.85106],[101.62112,2.85135],[101.62165,2.85111],[101.62244,2.85139],[101.62298,2.85125],[101.62402,2.85136]]]}},{"type":"Feature","properties":{"id":29211692,"kind":"lake","group":"storage","area_m2":706015,"km":14.81,"lon":101.60249,"lat":2.96511},"geometry":{"type":"Polygon","coordinates":[[[101.60016,2.97064],[101.60052,2.9706],[101.60132,2.97009],[101.60152,2.96969],[101.60155,2.96788],[101.60164,2.96756],[101.60225,2.96692],[101.6025,2.96673],[101.60317,2.96674],[101.60367,2.96718],[101.60452,2.96728],[101.60529,2.96645],[101.60567,2.9665],[101.60654,2.9649],[101.60631,2.96452],[101.60625,2.96394],[101.60567,2.96349],[101.60558,2.96322],[101.60552,2.96279],[101.60591,2.96262],[101.60596,2.96235],[101.60242,2.95975],[101.60161,2.95935],[101.59973,2.95986],[101.5994,2.96034],[101.59908,2.96177],[101.5993,2.96317],[101.5983,2.96523],[101.59827,2.96776],[101.59847,2.96859],[101.59953,2.9705],[101.60016,2.97064]]]}},{"type":"Feature","properties":{"id":29210906,"kind":"lake","group":"storage","area_m2":575806,"km":5.69,"lon":101.72324,"lat":2.89231},"geometry":{"type":"Polygon","coordinates":[[[101.7235,2.89306],[101.7246,2.89309],[101.72506,2.89273],[101.72503,2.89318],[101.72699,2.89346],[101.72735,2.89298],[101.72717,2.89277],[101.7272,2.89251],[101.72753,2.89244],[101.72775,2.89034],[101.72521,2.8899],[101.72502,2.89016],[101.72445,2.89012],[101.724,2.88987],[101.72033,2.88919],[101.71957,2.88932],[101.71909,2.88961],[101.71782,2.89149],[101.71755,2.89216],[101.71632,2.89383],[101.7164,2.89413],[101.71756,2.89529],[101.72012,2.89588],[101.72217,2.89473],[101.72278,2.8934],[101.7231,2.89312],[101.7235,2.89306]]]}},{"type":"Feature","properties":{"id":492404914,"kind":"reservoir","group":"storage","area_m2":477271,"km":11.04,"lon":101.74051,"lat":2.77829,"name":"Sungai Labu Off River Storage (ORS)"},"geometry":{"type":"Polygon","coordinates":[[[101.738,2.77539],[101.73794,2.77548],[101.73847,2.77569],[101.73873,2.77616],[101.73877,2.77652],[101.73858,2.77676],[101.73872,2.77723],[101.73846,2.77742],[101.73794,2.77747],[101.73786,2.7777],[101.73752,2.77779],[101.73735,2.77822],[101.73771,2.77855],[101.73777,2.77893],[101.73753,2.78006],[101.73822,2.7817],[101.73874,2.78219],[101.74071,2.78309],[101.74132,2.78315],[101.74181,2.783],[101.74287,2.78191],[101.74255,2.78047],[101.74299,2.78013],[101.74277,2.77945],[101.74299,2.77902],[101.74302,2.77826],[101.74328,2.7779],[101.74412,2.77739],[101.74405,2.77684],[101.74302,2.77585],[101.74137,2.77512],[101.74023,2.77501],[101.73957,2.77448],[101.73915,2.77456],[101.73889,2.77439],[101.738,2.77539]]]}},{"type":"Feature","properties":{"id":404332053,"kind":"lake","group":"storage","area_m2":431042,"km":5.98,"lon":101.63019,"lat":2.86356},"geometry":{"type":"Polygon","coordinates":[[[101.6294,2.86152],[101.62907,2.86195],[101.62959,2.86214],[101.62959,2.86248],[101.63027,2.86337],[101.63061,2.86335],[101.63085,2.86314],[101.63094,2.86265],[101.63138,2.86216],[101.63159,2.86216],[101.6318,2.8627],[101.63205,2.86277],[101.6329,2.86276],[101.63327,2.86246],[101.63348,2.86248],[101.63357,2.86314],[101.63298,2.86295],[101.63271,2.86323],[101.63217,2.86318],[101.63206,2.86294],[101.63193,2.86327],[101.63157,2.86304],[101.63097,2.86374],[101.63158,2.86425],[101.63158,2.86446],[101.63132,2.86459],[101.63006,2.86455],[101.62992,2.86403],[101.6302,2.8638],[101.62911,2.86342],[101.62963,2.86318],[101.62954,2.86263],[101.62884,2.86194],[101.62819,2.86171],[101.62784,2.86189],[101.62728,2.86188],[101.6269,2.86214],[101.62688,2.86248],[101.62625,2.86309],[101.62579,2.86278],[101.62509,2.86322],[101.62435,2.86337],[101.62104,2.86353],[101.62059,2.86383],[101.62038,2.86423],[101.62095,2.86443],[101.62311,2.8645],[101.62352,2.86476],[101.62406,2.86442],[101.62483,2.86425],[101.62831,2.86444],[101.62834,2.86497],[101.62942,2.86508],[101.62956,2.86645],[101.63052,2.86645],[101.63086,2.86671],[101.63328,2.86676],[101.634,2.86703],[101.63461,2.86632],[101.63419,2.86581],[101.63417,2.863],[101.63393,2.86224],[101.63358,2.86184],[101.63283,2.86148],[101.6294,2.86152]]]}},{"type":"Feature","properties":{"id":29211057,"kind":"lake","group":"storage","area_m2":264716,"km":3.32,"lon":101.69122,"lat":2.88858},"geometry":{"type":"Polygon","coordinates":[[[101.69199,2.88383],[101.6886,2.88538],[101.68857,2.88564],[101.68841,2.88572],[101.6887,2.88775],[101.68936,2.8886],[101.68982,2.88835],[101.69047,2.88926],[101.69061,2.88973],[101.69042,2.8899],[101.68995,2.88983],[101.68919,2.88946],[101.68914,2.88969],[101.6893,2.88964],[101.68959,2.89007],[101.68931,2.89139],[101.68954,2.89198],[101.68979,2.89198],[101.69088,2.89112],[101.69115,2.89121],[101.69139,2.89093],[101.69167,2.89048],[101.6913,2.89025],[101.69155,2.88958],[101.69192,2.88951],[101.69172,2.88922],[101.69195,2.88913],[101.69179,2.88864],[101.69212,2.88857],[101.69232,2.88894],[101.6923,2.88924],[101.6933,2.88954],[101.69341,2.88944],[101.69319,2.88918],[101.69352,2.88853],[101.69308,2.88786],[101.6929,2.88689],[101.69233,2.88696],[101.69199,2.88383]]]}},{"type":"Feature","properties":{"id":795427791,"kind":"lake","group":"storage","area_m2":241790,"km":10.25,"lon":101.64437,"lat":2.94296},"geometry":{"type":"Polygon","coordinates":[[[101.64654,2.94157],[101.64721,2.94062],[101.64844,2.94022],[101.64906,2.94023],[101.64998,2.93971],[101.64991,2.94003],[101.64929,2.94043],[101.64861,2.94062],[101.64812,2.94117],[101.64816,2.94146],[101.64866,2.94192],[101.64948,2.94237],[101.65008,2.94247],[101.65013,2.94268],[101.64679,2.94207],[101.64628,2.94272],[101.64625,2.94304],[101.647,2.94407],[101.64542,2.94463],[101.6448,2.94508],[101.64356,2.94526],[101.64324,2.94546],[101.64318,2.94532],[101.6422,2.94552],[101.6417,2.94537],[101.64071,2.94473],[101.64092,2.94387],[101.63986,2.94291],[101.63991,2.94245],[101.64014,2.94218],[101.64077,2.94233],[101.64073,2.94248],[101.64106,2.94259],[101.64225,2.94269],[101.64596,2.94237],[101.64654,2.94157]]]}},{"type":"Feature","properties":{"id":793261754,"kind":"lake","group":"storage","area_m2":241720,"km":4.21,"lon":101.64631,"lat":2.86502},"geometry":{"type":"Polygon","coordinates":[[[101.6431,2.86424],[101.64319,2.86464],[101.64408,2.86507],[101.64447,2.865],[101.64511,2.86526],[101.64545,2.86597],[101.64596,2.86634],[101.64623,2.86628],[101.64668,2.86647],[101.64801,2.86764],[101.64808,2.86785],[101.64895,2.86804],[101.64897,2.86756],[101.64867,2.86736],[101.64968,2.86535],[101.64893,2.86493],[101.64823,2.86426],[101.64763,2.86242],[101.6468,2.86212],[101.64545,2.86225],[101.6448,2.86282],[101.64471,2.86335],[101.64367,2.8634],[101.6431,2.86424]]]}},{"type":"Feature","properties":{"id":486260163,"kind":"wetland","group":"wetland","area_m2":236727,"km":7.66,"lon":101.61754,"lat":2.84077},"geometry":{"type":"Polygon","coordinates":[[[101.61654,2.84272],[101.61735,2.84303],[101.61899,2.8421],[101.61979,2.84116],[101.61993,2.84051],[101.61978,2.83694],[101.61551,2.83791],[101.61651,2.84147],[101.61654,2.84272]]]}},{"type":"Feature","properties":{"id":944725573,"kind":"pond","group":"pond","area_m2":223044,"km":4.6,"lon":101.67187,"lat":2.82011},"geometry":{"type":"Polygon","coordinates":[[[101.67056,2.82274],[101.67166,2.82181],[101.67262,2.82153],[101.67329,2.8215],[101.6734,2.82164],[101.67379,2.82144],[101.67487,2.82025],[101.67467,2.81932],[101.67366,2.81848],[101.67241,2.81688],[101.67189,2.81687],[101.66924,2.81897],[101.66912,2.81928],[101.66967,2.81977],[101.67008,2.82051],[101.67089,2.82011],[101.67112,2.82041],[101.67083,2.82101],[101.67031,2.82139],[101.67021,2.82166],[101.67056,2.82274]]]}},{"type":"Feature","properties":{"id":866614316,"kind":"water","group":"other","area_m2":214942,"km":5.04,"lon":101.66768,"lat":2.81735},"geometry":{"type":"Polygon","coordinates":[[[101.66748,2.81989],[101.66662,2.81896],[101.66649,2.81854],[101.66734,2.81786],[101.66621,2.81651],[101.66961,2.81364],[101.67183,2.81629],[101.66748,2.81989]]]}},{"type":"Feature","properties":{"id":795426721,"kind":"lake","group":"storage","area_m2":210740,"km":4.67,"lon":101.70887,"lat":2.89332},"geometry":{"type":"Polygon","coordinates":[[[101.71326,2.89371],[101.71297,2.8944],[101.71221,2.89503],[101.71168,2.89503],[101.7112,2.8953],[101.71043,2.89524],[101.70799,2.89449],[101.70671,2.89452],[101.70638,2.89432],[101.70635,2.89396],[101.70676,2.89349],[101.70626,2.8934],[101.70583,2.89365],[101.70527,2.89358],[101.70532,2.89322],[101.70474,2.89292],[101.70495,2.89212],[101.7052,2.89202],[101.70527,2.89256],[101.70583,2.89268],[101.70593,2.89223],[101.70645,2.89252],[101.70719,2.89228],[101.70737,2.89172],[101.70901,2.89232],[101.70963,2.89221],[101.71154,2.89294],[101.71172,2.89284],[101.71171,2.893],[101.71303,2.89353],[101.7132,2.89346],[101.71326,2.89371]]]}},{"type":"Feature","properties":{"id":486260161,"kind":"wetland","group":"wetland","area_m2":210524,"km":7.15,"lon":101.6214,"lat":2.84424},"geometry":{"type":"Polygon","coordinates":[[[101.61647,2.84703],[101.61842,2.84727],[101.62245,2.84741],[101.62265,2.84582],[101.62239,2.84562],[101.62152,2.84549],[101.62165,2.84476],[101.62248,2.84491],[101.62261,2.84455],[101.62247,2.84436],[101.62263,2.8417],[101.62298,2.84165],[101.62558,2.84361],[101.62615,2.84362],[101.62635,2.84345],[101.62637,2.84278],[101.62598,2.8424],[101.62344,2.84163],[101.62308,2.84133],[101.6229,2.84033],[101.62246,2.83971],[101.62227,2.84098],[101.62169,2.8416],[101.62104,2.84152],[101.62045,2.84269],[101.62121,2.84426],[101.62095,2.84522],[101.6214,2.8457],[101.62141,2.84593],[101.62109,2.84619],[101.62021,2.84587],[101.61967,2.84618],[101.61959,2.84651],[101.6193,2.84673],[101.61851,2.84648],[101.61734,2.84654],[101.6177,2.84617],[101.61682,2.84579],[101.61647,2.84703]]]}},{"type":"Feature","properties":{"id":793271135,"kind":"pond","group":"pond","area_m2":189184,"km":5.32,"lon":101.67483,"lat":2.81281},"geometry":{"type":"Polygon","coordinates":[[[101.67092,2.81478],[101.67193,2.81597],[101.67214,2.81599],[101.67861,2.81055],[101.67891,2.81002],[101.67814,2.80904],[101.67763,2.80918],[101.67092,2.81478]]]}},{"type":"Feature","properties":{"id":394568697,"kind":"pond","group":"pond","area_m2":175178,"km":7.97,"lon":101.63358,"lat":2.91081},"geometry":{"type":"Polygon","coordinates":[[[101.63273,2.91566],[101.63222,2.91574],[101.63209,2.91548],[101.63225,2.91401],[101.63286,2.91183],[101.6329,2.91068],[101.63237,2.90982],[101.63119,2.90944],[101.63122,2.90925],[101.63184,2.9093],[101.63259,2.90907],[101.63292,2.90853],[101.633,2.90761],[101.63348,2.90745],[101.63383,2.90765],[101.63498,2.90916],[101.63576,2.9097],[101.63653,2.90979],[101.63657,2.90997],[101.63636,2.91008],[101.63597,2.91086],[101.63435,2.912],[101.63332,2.91325],[101.63287,2.91425],[101.63273,2.91566]]]}},{"type":"Feature","properties":{"id":123728406,"kind":"lake","group":"storage","area_m2":174589,"km":2.2,"lon":101.67302,"lat":2.87623},"geometry":{"type":"Polygon","coordinates":[[[101.67496,2.88002],[101.67465,2.87807],[101.67415,2.87753],[101.67413,2.87721],[101.67394,2.87716],[101.6738,2.87681],[101.67327,2.8765],[101.67293,2.87583],[101.67296,2.87561],[101.67322,2.87549],[101.67382,2.87545],[101.67431,2.87446],[101.67357,2.87385],[101.67413,2.87329],[101.67454,2.87254],[101.6746,2.87211],[101.6742,2.87191],[101.67408,2.87212],[101.67428,2.87223],[101.67426,2.87258],[101.67399,2.87282],[101.67368,2.87277],[101.67284,2.87435],[101.6718,2.87444],[101.671,2.8752],[101.67157,2.87559],[101.67158,2.87587],[101.67088,2.87588],[101.67072,2.87604],[101.67034,2.87579],[101.66926,2.8758],[101.66931,2.87607],[101.67064,2.87644],[101.67098,2.87672],[101.67147,2.87683],[101.6717,2.87673],[101.6718,2.87696],[101.67275,2.87754],[101.67294,2.87919],[101.67267,2.87948],[101.67272,2.87986],[101.67338,2.88042],[101.67357,2.88008],[101.67414,2.87996],[101.67478,2.88016],[101.67496,2.88002]]]}},{"type":"Feature","properties":{"id":711587794,"kind":"pond","group":"pond","area_m2":164223,"km":5.22,"lon":101.63945,"lat":2.84431,"name":"ex-mining pond"},"geometry":{"type":"Polygon","coordinates":[[[101.63717,2.84409],[101.63729,2.84444],[101.63845,2.8452],[101.63888,2.84631],[101.63963,2.84721],[101.63993,2.84736],[101.64038,2.84739],[101.64101,2.84703],[101.6419,2.84699],[101.64293,2.84638],[101.64223,2.84582],[101.64175,2.84577],[101.64156,2.84537],[101.64015,2.84505],[101.63988,2.84481],[101.63952,2.84487],[101.63887,2.84422],[101.63827,2.84429],[101.63844,2.84352],[101.63957,2.84408],[101.63959,2.84421],[101.63984,2.84409],[101.64057,2.84301],[101.63921,2.84162],[101.63881,2.84199],[101.63843,2.84187],[101.63841,2.84164],[101.63778,2.84147],[101.63796,2.8419],[101.63755,2.84207],[101.63786,2.84245],[101.63831,2.8425],[101.63829,2.84264],[101.63763,2.84313],[101.63785,2.84331],[101.63762,2.84385],[101.63778,2.84404],[101.63717,2.84409]]]}},{"type":"Feature","properties":{"id":133354299,"kind":"lake","group":"storage","area_m2":162877,"km":9.5,"lon":101.64718,"lat":2.93685},"geometry":{"type":"Polygon","coordinates":[[[101.64534,2.9372],[101.64552,2.93686],[101.6453,2.93655],[101.64537,2.93596],[101.64525,2.93579],[101.64565,2.93547],[101.64635,2.93552],[101.64669,2.93508],[101.64678,2.93456],[101.64714,2.93395],[101.64837,2.93474],[101.64839,2.93529],[101.64974,2.93532],[101.64991,2.93555],[101.64988,2.9363],[101.64949,2.93672],[101.64954,2.93847],[101.64919,2.93847],[101.6484,2.93805],[101.64844,2.93761],[101.6487,2.93756],[101.64863,2.93729],[101.64826,2.93729],[101.64784,2.93741],[101.64767,2.93731],[101.64776,2.93798],[101.6465,2.93829],[101.64614,2.9386],[101.64584,2.93854],[101.64556,2.9381],[101.64579,2.93798],[101.64596,2.93752],[101.64534,2.9372]]]}},{"type":"Feature","properties":{"id":975720283,"kind":"basin","group":"treatment","area_m2":161551,"km":13.57,"lon":101.67426,"lat":2.73818},"geometry":{"type":"Polygon","coordinates":[[[101.67301,2.74132],[101.67262,2.74131],[101.67182,2.74068],[101.67183,2.74026],[101.67663,2.73318],[101.67824,2.73313],[101.67325,2.74063],[101.67301,2.74132]]]}},{"type":"Feature","properties":{"id":795426722,"kind":"lake","group":"storage","area_m2":160502,"km":4.86,"lon":101.7143,"lat":2.89103},"geometry":{"type":"Polygon","coordinates":[[[101.71113,2.89015],[101.7134,2.89113],[101.71369,2.89182],[101.71363,2.89247],[101.71394,2.89253],[101.71438,2.89291],[101.71468,2.89287],[101.71449,2.89253],[101.71467,2.89246],[101.71509,2.89281],[101.71469,2.89307],[101.71485,2.89331],[101.71528,2.89348],[101.71589,2.8933],[101.71751,2.89113],[101.71742,2.89081],[101.71644,2.89035],[101.71533,2.89072],[101.7154,2.89038],[101.71486,2.88986],[101.71449,2.89018],[101.71425,2.89017],[101.71384,2.88958],[101.71354,2.89018],[101.71333,2.89008],[101.71352,2.88967],[101.71305,2.88909],[101.71177,2.889],[101.71115,2.88944],[101.71094,2.88987],[101.71113,2.89015]]]}},{"type":"Feature","properties":{"id":133268960,"kind":"lake","group":"storage","area_m2":152783,"km":14.84,"lon":101.59067,"lat":2.95527},"geometry":{"type":"Polygon","coordinates":[[[101.58857,2.95651],[101.58884,2.95722],[101.58939,2.95747],[101.58996,2.9573],[101.59041,2.95606],[101.59162,2.95601],[101.59186,2.95626],[101.59271,2.95629],[101.59316,2.95542],[101.59307,2.95526],[101.59324,2.95459],[101.59297,2.9533],[101.59178,2.9531],[101.59171,2.95326],[101.59108,2.95296],[101.59077,2.95315],[101.59031,2.95436],[101.59003,2.95433],[101.58992,2.95465],[101.58957,2.95462],[101.58886,2.95502],[101.58865,2.9557],[101.58837,2.95599],[101.58857,2.95651]]]}},{"type":"Feature","properties":{"id":1041479460,"kind":"pond","group":"pond","area_m2":152513,"km":12.79,"lon":101.58449,"lat":2.80182},"geometry":{"type":"Polygon","coordinates":[[[101.58243,2.8038],[101.58383,2.80392],[101.58485,2.80283],[101.58655,2.8027],[101.58597,2.80153],[101.58599,2.80002],[101.58583,2.7999],[101.58255,2.80004],[101.58244,2.80031],[101.58243,2.8038]]]}},{"type":"Feature","properties":{"id":404265338,"kind":"lake","group":"storage","area_m2":147316,"km":5.69,"lon":101.63264,"lat":2.85736,"name":"Tasik Typha"},"geometry":{"type":"Polygon","coordinates":[[[101.63194,2.85919],[101.63218,2.85936],[101.63434,2.85946],[101.63446,2.85771],[101.63406,2.85748],[101.63456,2.8557],[101.63454,2.85457],[101.63427,2.85372],[101.63155,2.85369],[101.63151,2.85516],[101.63206,2.85532],[101.63338,2.8565],[101.63308,2.85701],[101.63315,2.85734],[101.63276,2.85829],[101.63184,2.85834],[101.63118,2.85897],[101.63137,2.85916],[101.63154,2.85906],[101.63194,2.85919]]]}},{"type":"Feature","properties":{"id":308051209,"kind":"lake","group":"storage","area_m2":142420,"km":9.05,"lon":101.75743,"lat":2.89436,"name":"Tasik Idaman"},"geometry":{"type":"Polygon","coordinates":[[[101.7583,2.89382],[101.75829,2.89433],[101.75857,2.89458],[101.76021,2.89455],[101.76034,2.89605],[101.75979,2.89626],[101.75763,2.89618],[101.7562,2.8954],[101.75598,2.89504],[101.7556,2.89492],[101.75527,2.8944],[101.75481,2.8943],[101.75471,2.89384],[101.75487,2.89337],[101.75616,2.89307],[101.75643,2.89285],[101.75743,2.89289],[101.75789,2.89319],[101.7583,2.89382]]]}},{"type":"Feature","properties":{"id":793261755,"kind":"lake","group":"storage","area_m2":137748,"km":3.82,"lon":101.64959,"lat":2.86272},"geometry":{"type":"Polygon","coordinates":[[[101.64916,2.86485],[101.65022,2.86529],[101.65062,2.86526],[101.65214,2.86146],[101.65129,2.8612],[101.65093,2.8616],[101.65057,2.86166],[101.64929,2.86146],[101.64924,2.86098],[101.6486,2.8609],[101.64874,2.86133],[101.64823,2.86126],[101.64821,2.86312],[101.64854,2.86407],[101.64916,2.86485]]]}},{"type":"Feature","properties":{"id":788476472,"kind":"lake","group":"storage","area_m2":135526,"km":2.89,"lon":101.65864,"lat":2.86617},"geometry":{"type":"Polygon","coordinates":[[[101.65729,2.86771],[101.65773,2.86757],[101.65815,2.86695],[101.65837,2.86688],[101.6588,2.86709],[101.65924,2.86683],[101.65944,2.86639],[101.66188,2.86726],[101.66283,2.86662],[101.66313,2.86595],[101.66286,2.8655],[101.66163,2.86498],[101.66,2.86566],[101.65937,2.86576],[101.65865,2.86539],[101.65666,2.86504],[101.65647,2.86534],[101.65634,2.86628],[101.6566,2.8672],[101.65729,2.86771]]]}},{"type":"Feature","properties":{"id":793261735,"kind":"lake","group":"storage","area_m2":127672,"km":3.92,"lon":101.65537,"lat":2.8806},"geometry":{"type":"Polygon","coordinates":[[[101.65579,2.88173],[101.65697,2.88133],[101.65778,2.88142],[101.65831,2.88105],[101.65844,2.88085],[101.65753,2.88049],[101.65771,2.88022],[101.65825,2.88055],[101.65834,2.88043],[101.65811,2.87999],[101.65768,2.87963],[101.65746,2.87996],[101.65663,2.88016],[101.65593,2.87984],[101.65537,2.87899],[101.65501,2.879],[101.65479,2.87937],[101.65563,2.88029],[101.65554,2.88059],[101.65547,2.88026],[101.65476,2.87953],[101.65449,2.87969],[101.65429,2.8796],[101.65451,2.87937],[101.65428,2.87907],[101.65356,2.87886],[101.65299,2.87895],[101.65323,2.8791],[101.65324,2.87975],[101.65352,2.87983],[101.65385,2.88033],[101.65377,2.88066],[101.65351,2.88053],[101.65324,2.88062],[101.65325,2.8819],[101.65526,2.88268],[101.65586,2.88267],[101.65527,2.88241],[101.65503,2.88213],[101.6551,2.88177],[101.65561,2.88165],[101.65539,2.88125],[101.65483,2.88103],[101.65487,2.88056],[101.65507,2.88053],[101.65508,2.88086],[101.65549,2.88089],[101.65579,2.88173]]]}},{"type":"Feature","properties":{"id":795414332,"kind":"lake","group":"storage","area_m2":127635,"km":14.98,"lon":101.59188,"lat":2.95805},"geometry":{"type":"Polygon","coordinates":[[[101.59379,2.9605],[101.59331,2.95878],[101.59349,2.95836],[101.59344,2.95758],[101.5926,2.95645],[101.59197,2.95643],[101.59091,2.95608],[101.59061,2.95617],[101.5904,2.95635],[101.58974,2.95824],[101.59105,2.9592],[101.59379,2.9605]]]}},{"type":"Feature","properties":{"id":129918043,"kind":"lake","group":"storage","area_m2":126596,"km":12.69,"lon":101.61845,"lat":2.95316},"geometry":{"type":"Polygon","coordinates":[[[101.61706,2.95197],[101.61744,2.95198],[101.61759,2.95237],[101.61758,2.95566],[101.61777,2.95732],[101.61869,2.95694],[101.61886,2.95581],[101.61904,2.95554],[101.61896,2.95434],[101.61907,2.95368],[101.6194,2.95338],[101.61987,2.95325],[101.62026,2.95277],[101.62033,2.95263],[101.62015,2.95248],[101.6204,2.95212],[101.62035,2.9518],[101.61983,2.95146],[101.61629,2.95168],[101.61629,2.95204],[101.61706,2.95197]]]}},{"type":"Feature","properties":{"id":699334259,"kind":"river","group":"channel","area_m2":123579,"km":8.3,"lon":101.75079,"lat":2.89271},"geometry":{"type":"Polygon","coordinates":[[[101.73363,2.89533],[101.73474,2.89411],[101.73569,2.89206],[101.73707,2.89085],[101.73727,2.89047],[101.73785,2.89017],[101.74048,2.89],[101.74484,2.89102],[101.74683,2.89181],[101.74809,2.89213],[101.74986,2.89188],[101.7521,2.8922],[101.75568,2.89088],[101.75991,2.89177],[101.7637,2.89206],[101.76385,2.89358],[101.76416,2.89401],[101.76539,2.89499],[101.76573,2.89653],[101.76616,2.89727],[101.7665,2.89761],[101.76727,2.89766],[101.76722,2.89794],[101.76677,2.89797],[101.76645,2.89791],[101.76604,2.89752],[101.76559,2.89676],[101.76514,2.89507],[101.764,2.89413],[101.76366,2.89362],[101.76364,2.89252],[101.7633,2.8922],[101.75978,2.89194],[101.75533,2.89109],[101.75443,2.89163],[101.75228,2.89242],[101.75125,2.8924],[101.75025,2.89215],[101.74821,2.89241],[101.74669,2.89206],[101.74511,2.89139],[101.74085,2.89038],[101.74024,2.89027],[101.73827,2.89041],[101.73736,2.89082],[101.73619,2.89198],[101.73516,2.89353],[101.73486,2.89439],[101.73386,2.89543],[101.73363,2.89533]]]}},{"type":"Feature","properties":{"id":485773716,"kind":"pond","group":"pond","area_m2":122495,"km":9.3,"lon":101.60119,"lat":2.84641},"geometry":{"type":"Polygon","coordinates":[[[101.59938,2.84632],[101.59974,2.84527],[101.60021,2.84469],[101.60116,2.84456],[101.60146,2.84469],[101.60359,2.84461],[101.60371,2.84482],[101.60378,2.84617],[101.60273,2.8467],[101.60259,2.84702],[101.60237,2.84703],[101.60235,2.84734],[101.60145,2.84733],[101.60079,2.84756],[101.60051,2.8473],[101.60002,2.84732],[101.59968,2.84681],[101.59944,2.84674],[101.59938,2.84632]]]}},{"type":"Feature","properties":{"id":793261753,"kind":"lake","group":"storage","area_m2":114405,"km":4.69,"lon":101.64239,"lat":2.86785},"geometry":{"type":"Polygon","coordinates":[[[101.6411,2.86985],[101.64235,2.87016],[101.64287,2.87],[101.64304,2.86912],[101.64294,2.86863],[101.64328,2.86791],[101.64357,2.86772],[101.64358,2.86715],[101.64432,2.86586],[101.64321,2.86528],[101.64233,2.86539],[101.64272,2.86567],[101.64271,2.86626],[101.64242,2.86624],[101.64215,2.86596],[101.64073,2.86863],[101.64104,2.86906],[101.6411,2.86985]]]}},{"type":"Feature","properties":{"id":793261757,"kind":"lake","group":"storage","area_m2":105727,"km":3.65,"lon":101.65102,"lat":2.85944},"geometry":{"type":"Polygon","coordinates":[[[101.65035,2.86036],[101.65074,2.86057],[101.6512,2.8605],[101.65155,2.86038],[101.65159,2.86006],[101.6522,2.86008],[101.65233,2.86043],[101.65306,2.8604],[101.65345,2.85975],[101.65355,2.85922],[101.653,2.85844],[101.65158,2.85785],[101.65093,2.85741],[101.6505,2.85798],[101.64987,2.85824],[101.65037,2.85889],[101.64989,2.8593],[101.64914,2.85859],[101.64828,2.85914],[101.64846,2.85952],[101.65019,2.85959],[101.65035,2.86036]]]}},{"type":"Feature","properties":{"id":224735185,"kind":"lake","group":"storage","area_m2":102859,"km":12.44,"lon":101.79099,"lat":2.89186},"geometry":{"type":"Polygon","coordinates":[[[101.78987,2.89307],[101.79085,2.89371],[101.79127,2.89373],[101.79166,2.89345],[101.79169,2.89316],[101.79194,2.89332],[101.79258,2.89298],[101.79374,2.89225],[101.79391,2.89195],[101.79322,2.89118],[101.79266,2.89134],[101.79238,2.89098],[101.79106,2.89041],[101.79015,2.89074],[101.79018,2.892],[101.78987,2.89307]]]}},{"type":"Feature","properties":{"id":370560929,"kind":"water","group":"other","area_m2":101483,"km":8.63,"lon":101.76112,"lat":2.85239},"geometry":{"type":"Polygon","coordinates":[[[101.75891,2.85531],[101.76001,2.85478],[101.76038,2.85507],[101.76046,2.85453],[101.76105,2.85403],[101.76169,2.85365],[101.76241,2.85364],[101.76246,2.85245],[101.76271,2.85143],[101.76345,2.84999],[101.76328,2.84887],[101.76276,2.84869],[101.76197,2.84897],[101.76199,2.84993],[101.76164,2.8506],[101.76078,2.85048],[101.7601,2.85007],[101.76016,2.85047],[101.76124,2.85111],[101.7615,2.85155],[101.76155,2.85211],[101.76125,2.85296],[101.76063,2.85358],[101.76008,2.8535],[101.75942,2.85286],[101.76011,2.85378],[101.76016,2.85405],[101.75986,2.85454],[101.75949,2.8543],[101.7596,2.85467],[101.75891,2.85531]]]}},{"type":"Feature","properties":{"id":793261718,"kind":"lake","group":"storage","area_m2":99952,"km":2.41,"lon":101.66428,"lat":2.86916},"geometry":{"type":"Polygon","coordinates":[[[101.66248,2.87031],[101.66482,2.87137],[101.66531,2.87098],[101.66549,2.87037],[101.66579,2.87024],[101.66561,2.86969],[101.66606,2.86928],[101.66618,2.86894],[101.66603,2.86849],[101.6663,2.86837],[101.66624,2.86808],[101.66512,2.86653],[101.66494,2.86687],[101.66558,2.86765],[101.66566,2.86801],[101.66587,2.86808],[101.66573,2.86826],[101.66596,2.86844],[101.66594,2.86863],[101.66565,2.86881],[101.66486,2.86827],[101.66473,2.86824],[101.66456,2.8685],[101.66411,2.86834],[101.66393,2.86905],[101.663,2.86929],[101.66272,2.86984],[101.66229,2.8692],[101.66284,2.86915],[101.66318,2.86879],[101.66285,2.86864],[101.6626,2.86884],[101.66182,2.86895],[101.66168,2.86919],[101.66231,2.86964],[101.66224,2.86994],[101.66248,2.87031]]]}},{"type":"Feature","properties":{"id":944725572,"kind":"pond","group":"pond","area_m2":97942,"km":4.12,"lon":101.6753,"lat":2.82372},"geometry":{"type":"Polygon","coordinates":[[[101.67583,2.82457],[101.67596,2.8248],[101.67595,2.82623],[101.67638,2.8265],[101.67656,2.82621],[101.67654,2.82121],[101.67648,2.82108],[101.67609,2.8211],[101.67595,2.82082],[101.674,2.82266],[101.67401,2.82284],[101.67446,2.82263],[101.67465,2.82285],[101.67424,2.82324],[101.6745,2.8237],[101.67458,2.82446],[101.67583,2.82457]]]}},{"type":"Feature","properties":{"id":133469144,"kind":"river","group":"channel","area_m2":97551,"km":13.24,"lon":101.63869,"lat":2.96977},"geometry":{"type":"Polygon","coordinates":[[[101.65006,2.98402],[101.64938,2.98501],[101.64931,2.98561],[101.64916,2.98569],[101.64885,2.98535],[101.64867,2.98537],[101.64844,2.98713],[101.64852,2.98544],[101.64884,2.98524],[101.6492,2.98561],[101.64935,2.98485],[101.64998,2.98398],[101.64967,2.98313],[101.64903,2.98268],[101.64876,2.98226],[101.6486,2.9812],[101.64867,2.98074],[101.64751,2.98006],[101.64673,2.97903],[101.6458,2.97871],[101.64557,2.97768],[101.64494,2.9771],[101.6438,2.97643],[101.64301,2.97616],[101.64278,2.97575],[101.64243,2.97559],[101.64198,2.97441],[101.64107,2.97321],[101.64056,2.97279],[101.64041,2.97223],[101.63919,2.97046],[101.63922,2.96921],[101.63738,2.96752],[101.63672,2.96641],[101.63574,2.96528],[101.6352,2.96424],[101.63344,2.96336],[101.63249,2.96225],[101.63204,2.9611],[101.63124,2.96055],[101.63101,2.95963],[101.6289,2.95718],[101.62802,2.95508],[101.62686,2.95388],[101.62667,2.95347],[101.62667,2.95266],[101.62639,2.95215],[101.62606,2.95202],[101.62076,2.95201],[101.6204,2.95212],[101.62035,2.9518],[101.62468,2.952],[101.62608,2.95186],[101.62659,2.95217],[101.62684,2.95278],[101.62693,2.95369],[101.6283,2.95516],[101.62907,2.9571],[101.63078,2.95906],[101.63122,2.9597],[101.63152,2.96061],[101.63221,2.96105],[101.63235,2.96165],[101.63289,2.96257],[101.63354,2.96323],[101.63432,2.96352],[101.63537,2.9642],[101.63598,2.96537],[101.63708,2.96657],[101.63766,2.96757],[101.63929,2.96903],[101.63945,2.96939],[101.63938,2.97059],[101.6403,2.97181],[101.64065,2.97258],[101.64224,2.97458],[101.6426,2.97547],[101.64342,2.97622],[101.64398,2.97636],[101.64529,2.97715],[101.64574,2.97775],[101.64603,2.97851],[101.64695,2.97905],[101.64772,2.98004],[101.64869,2.98055],[101.64891,2.98215],[101.64906,2.98252],[101.64983,2.9832],[101.65006,2.98402]]]}},{"type":"Feature","properties":{"id":394568686,"kind":"lake","group":"storage","area_m2":97411,"km":8.54,"lon":101.62256,"lat":2.90604},"geometry":{"type":"Polygon","coordinates":[[[101.62188,2.90653],[101.62143,2.90264],[101.62272,2.90294],[101.62301,2.90319],[101.62369,2.90531],[101.62337,2.90682],[101.62276,2.90755],[101.62232,2.90776],[101.62233,2.90811],[101.6222,2.90811],[101.62188,2.90653]]]}},{"type":"Feature","properties":{"id":944725564,"kind":"pond","group":"pond","area_m2":97191,"km":5.28,"lon":101.67853,"lat":2.81256},"geometry":{"type":"Polygon","coordinates":[[[101.67684,2.81408],[101.67732,2.81455],[101.67769,2.81441],[101.68042,2.8124],[101.68078,2.81199],[101.6805,2.81125],[101.67999,2.81077],[101.67951,2.81076],[101.67933,2.81118],[101.67844,2.81179],[101.67763,2.81205],[101.67654,2.81274],[101.67631,2.8131],[101.67667,2.81364],[101.67686,2.81359],[101.67684,2.81408]]]}},{"type":"Feature","properties":{"id":258215047,"kind":"water","group":"other","area_m2":94387,"km":8.29,"lon":101.69842,"lat":2.78664},"geometry":{"type":"Polygon","coordinates":[[[101.69687,2.78705],[101.69861,2.78438],[101.69911,2.7843],[101.69994,2.78717],[101.69978,2.7876],[101.69802,2.78832],[101.69692,2.78737],[101.69687,2.78705]]]}},{"type":"Feature","properties":{"id":1080495263,"kind":"pond","group":"pond","area_m2":91306,"km":3.3,"lon":101.67422,"lat":2.83167},"geometry":{"type":"Polygon","coordinates":[[[101.67399,2.83178],[101.67292,2.83126],[101.6721,2.82992],[101.67209,2.82969],[101.67379,2.82952],[101.67486,2.82918],[101.6759,2.82993],[101.67575,2.83041],[101.67463,2.83179],[101.67502,2.83257],[101.67437,2.83264],[101.6745,2.83325],[101.67472,2.83329],[101.67456,2.83337],[101.67424,2.83342],[101.67431,2.83295],[101.67386,2.83251],[101.67377,2.83224],[101.67399,2.83178]]]}},{"type":"Feature","properties":{"id":611624555,"kind":"water","group":"other","area_m2":87951,"km":10.42,"lon":101.63366,"lat":2.93876},"geometry":{"type":"Polygon","coordinates":[[[101.63336,2.93983],[101.63291,2.94053],[101.6321,2.94051],[101.6312,2.93928],[101.63038,2.93907],[101.63005,2.93883],[101.63025,2.93913],[101.63119,2.9394],[101.63193,2.9405],[101.63305,2.94065],[101.63348,2.94159],[101.63435,2.94217],[101.63505,2.94234],[101.63582,2.9422],[101.63572,2.94208],[101.6346,2.9421],[101.63365,2.94157],[101.63324,2.9405],[101.63365,2.93997],[101.63422,2.9399],[101.63652,2.9404],[101.63671,2.94059],[101.63682,2.94127],[101.6361,2.94194],[101.63639,2.94244],[101.63662,2.94188],[101.63727,2.94146],[101.63761,2.94146],[101.63702,2.94095],[101.63684,2.9398],[101.63736,2.939],[101.63741,2.93793],[101.63702,2.93723],[101.63643,2.93676],[101.63513,2.93667],[101.63491,2.93691],[101.635,2.93702],[101.63594,2.93679],[101.63671,2.93707],[101.63722,2.93762],[101.63733,2.9387],[101.63714,2.93894],[101.63618,2.93919],[101.63532,2.93894],[101.63452,2.93921],[101.63368,2.93908],[101.63253,2.93837],[101.63238,2.93802],[101.63255,2.93728],[101.63445,2.93713],[101.63454,2.93698],[101.63328,2.9371],[101.63251,2.93699],[101.63235,2.93713],[101.63223,2.938],[101.63186,2.93822],[101.63103,2.93798],[101.63108,2.93692],[101.63094,2.93693],[101.63088,2.93799],[101.63056,2.93824],[101.63064,2.93837],[101.63143,2.93822],[101.63217,2.93858],[101.63217,2.9392],[101.63198,2.93967],[101.63225,2.93934],[101.63238,2.9387],[101.6331,2.93892],[101.63346,2.93946],[101.63336,2.93983]]]}},{"type":"Feature","properties":{"id":486260162,"kind":"lake","group":"storage","area_m2":85604,"km":7.42,"lon":101.61875,"lat":2.84463},"geometry":{"type":"Polygon","coordinates":[[[101.61675,2.84509],[101.61713,2.84568],[101.61792,2.84587],[101.61941,2.84574],[101.62009,2.84551],[101.62048,2.84514],[101.62073,2.84464],[101.62077,2.84408],[101.61995,2.84298],[101.61892,2.84284],[101.6187,2.84308],[101.61866,2.84438],[101.61675,2.84509]]]}},{"type":"Feature","properties":{"id":878784586,"kind":"reservoir","group":"storage","area_m2":83448,"km":11.38,"lon":101.61154,"lat":2.78727,"name":"Labohan Dagang Off River Storage"},"geometry":{"type":"Polygon","coordinates":[[[101.61147,2.789],[101.61115,2.78904],[101.61097,2.78887],[101.61025,2.78622],[101.61036,2.78598],[101.61018,2.7857],[101.61066,2.78538],[101.61159,2.78589],[101.61288,2.78708],[101.61305,2.78794],[101.61298,2.78875],[101.61252,2.78895],[101.61147,2.789]]]}},{"type":"Feature","properties":{"id":793261758,"kind":"lake","group":"storage","area_m2":72648,"km":2.82,"lon":101.65867,"lat":2.86347},"geometry":{"type":"Polygon","coordinates":[[[101.65627,2.86204],[101.65644,2.86228],[101.6572,2.8624],[101.65874,2.86344],[101.65878,2.86393],[101.65854,2.86478],[101.65879,2.86502],[101.65966,2.86537],[101.65994,2.86518],[101.66008,2.86494],[101.66006,2.86369],[101.65961,2.86376],[101.65941,2.86356],[101.65929,2.86302],[101.65999,2.86272],[101.65658,2.86109],[101.65627,2.86204]]]}},{"type":"Feature","properties":{"id":133052739,"kind":"lake","group":"storage","area_m2":67314,"km":2.58,"lon":101.66611,"lat":2.8747},"geometry":{"type":"Polygon","coordinates":[[[101.66725,2.87287],[101.66717,2.87327],[101.66671,2.87387],[101.66685,2.87412],[101.66711,2.87393],[101.66661,2.87482],[101.66699,2.87522],[101.6668,2.87557],[101.66549,2.87698],[101.66505,2.87662],[101.66461,2.87677],[101.66447,2.87661],[101.66457,2.87636],[101.66424,2.87641],[101.6643,2.8761],[101.66456,2.87562],[101.665,2.87539],[101.66529,2.87475],[101.6653,2.87393],[101.66566,2.87377],[101.66575,2.87394],[101.66596,2.8739],[101.66662,2.8732],[101.66725,2.87287]]]}},{"type":"Feature","properties":{"id":394546223,"kind":"pond","group":"pond","area_m2":64698,"km":9.7,"lon":101.63165,"lat":2.92962},"geometry":{"type":"Polygon","coordinates":[[[101.6332,2.93],[101.63285,2.92768],[101.63232,2.92774],[101.63177,2.92822],[101.63099,2.92977],[101.63071,2.93003],[101.62903,2.93057],[101.62901,2.9307],[101.63137,2.93068],[101.6332,2.93]]]}},{"type":"Feature","properties":{"id":1488645225,"kind":"pond","group":"pond","area_m2":64217,"km":5.73,"lon":101.63525,"lat":2.87697},"geometry":{"type":"Polygon","coordinates":[[[101.63456,2.87723],[101.63465,2.8775],[101.63522,2.87801],[101.63564,2.87811],[101.63571,2.87831],[101.6362,2.87794],[101.6361,2.87654],[101.6363,2.87543],[101.63614,2.87488],[101.63521,2.87502],[101.63415,2.87642],[101.63384,2.8769],[101.634,2.8773],[101.63456,2.87723]]]}},{"type":"Feature","properties":{"id":944725574,"kind":"pond","group":"pond","area_m2":62654,"km":4.06,"lon":101.67251,"lat":2.82505},"geometry":{"type":"Polygon","coordinates":[[[101.67058,2.82653],[101.67091,2.82667],[101.67221,2.82661],[101.67305,2.82571],[101.67335,2.82431],[101.67307,2.8238],[101.67176,2.82399],[101.67058,2.82653]]]}},{"type":"Feature","properties":{"id":1544070214,"kind":"pond","group":"pond","area_m2":62244,"km":11.9,"lon":101.78985,"lat":2.84504},"geometry":{"type":"Polygon","coordinates":[[[101.78878,2.8459],[101.78957,2.8463],[101.78991,2.84599],[101.79052,2.84599],[101.79123,2.84572],[101.7912,2.84492],[101.79053,2.84464],[101.79052,2.84361],[101.78976,2.84327],[101.78925,2.84357],[101.78878,2.8448],[101.78878,2.8459]]]}},{"type":"Feature","properties":{"id":944725562,"kind":"pond","group":"pond","area_m2":61249,"km":4.91,"lon":101.67413,"lat":2.81664},"geometry":{"type":"Polygon","coordinates":[[[101.67239,2.8165],[101.67351,2.81788],[101.67403,2.818],[101.67451,2.81764],[101.67535,2.81626],[101.67436,2.8151],[101.67328,2.81568],[101.67239,2.8165]]]}},{"type":"Feature","properties":{"id":1079833939,"kind":"wetland","group":"wetland","area_m2":61114,"km":11.47,"lon":101.72779,"lat":2.95288},"geometry":{"type":"Polygon","coordinates":[[[101.72684,2.95403],[101.72732,2.95403],[101.72756,2.95422],[101.72829,2.95421],[101.72856,2.95399],[101.72917,2.95268],[101.72891,2.95162],[101.7284,2.95141],[101.72762,2.95161],[101.72735,2.95237],[101.72684,2.95285],[101.72684,2.95403]]]}},{"type":"Feature","properties":{"id":133469155,"kind":"lake","group":"storage","area_m2":60545,"km":12.25,"lon":101.61251,"lat":2.94359},"geometry":{"type":"Polygon","coordinates":[[[101.61106,2.94383],[101.61106,2.94402],[101.61089,2.94402],[101.61105,2.9448],[101.61156,2.94485],[101.6119,2.94465],[101.61239,2.94481],[101.61262,2.94453],[101.6126,2.94411],[101.61293,2.94395],[101.61352,2.94416],[101.61362,2.9438],[101.61413,2.94382],[101.61417,2.94305],[101.61387,2.94285],[101.61391,2.94259],[101.61373,2.94281],[101.61352,2.94265],[101.61316,2.94276],[101.61273,2.94237],[101.61179,2.94263],[101.61168,2.94288],[101.61127,2.94313],[101.61137,2.94339],[101.61106,2.94383]]]}},{"type":"Feature","properties":{"id":123728384,"kind":"lake","group":"storage","area_m2":60438,"km":1.88,"lon":101.67729,"lat":2.87526},"geometry":{"type":"Polygon","coordinates":[[[101.67697,2.87708],[101.67677,2.87718],[101.67641,2.87622],[101.67648,2.87589],[101.67628,2.87527],[101.67638,2.8748],[101.67722,2.87404],[101.67721,2.87361],[101.67751,2.87324],[101.67794,2.87317],[101.67845,2.8736],[101.67848,2.87394],[101.67819,2.87444],[101.6782,2.87475],[101.67775,2.87513],[101.67776,2.87634],[101.67755,2.87684],[101.67697,2.87708]]]}},{"type":"Feature","properties":{"id":370532659,"kind":"water","group":"other","area_m2":59972,"km":10.64,"lon":101.77762,"lat":2.84062},"geometry":{"type":"Polygon","coordinates":[[[101.77594,2.8432],[101.77621,2.84291],[101.77664,2.84325],[101.77719,2.84295],[101.77724,2.8418],[101.77809,2.84018],[101.77851,2.83971],[101.77924,2.83991],[101.77946,2.83953],[101.77905,2.8391],[101.779,2.8388],[101.7792,2.83816],[101.77975,2.83765],[101.77882,2.83795],[101.77822,2.83917],[101.77767,2.8396],[101.77717,2.84046],[101.7768,2.84069],[101.77663,2.84176],[101.77577,2.84254],[101.7757,2.84276],[101.77594,2.8432]]]}},{"type":"Feature","properties":{"id":139098067,"kind":"lake","group":"storage","area_m2":59248,"km":9.08,"lon":101.62646,"lat":2.91779,"name":"Tasik Selangor Cyber Valley"},"geometry":{"type":"Polygon","coordinates":[[[101.62613,2.91869],[101.62555,2.91906],[101.62512,2.9191],[101.62498,2.91882],[101.62503,2.91825],[101.62564,2.91761],[101.62542,2.91711],[101.62561,2.91673],[101.62593,2.91653],[101.6263,2.91657],[101.62708,2.91694],[101.62747,2.91656],[101.6277,2.91659],[101.62802,2.9176],[101.62787,2.9178],[101.62749,2.91784],[101.62749,2.91825],[101.62716,2.91855],[101.62695,2.91838],[101.62654,2.9187],[101.62613,2.91869]]]}},{"type":"Feature","properties":{"id":711587793,"kind":"pond","group":"pond","area_m2":57594,"km":5.56,"lon":101.63661,"lat":2.84307,"name":"ex-mining pond"},"geometry":{"type":"Polygon","coordinates":[[[101.6361,2.8414],[101.63584,2.84165],[101.63489,2.84365],[101.63658,2.84467],[101.63675,2.84449],[101.63664,2.84383],[101.63725,2.84315],[101.63726,2.84241],[101.63742,2.84223],[101.63656,2.84163],[101.63651,2.84146],[101.6361,2.8414]]]}},{"type":"Feature","properties":{"id":795426718,"kind":"lake","group":"storage","area_m2":56642,"km":7.85,"lon":101.61383,"lat":2.85046},"geometry":{"type":"Polygon","coordinates":[[[101.61251,2.85096],[101.61307,2.85158],[101.61531,2.8514],[101.6156,2.85053],[101.61547,2.85007],[101.61481,2.84979],[101.61346,2.84979],[101.61284,2.84996],[101.61256,2.85037],[101.61251,2.85096]]]}},{"type":"Feature","properties":{"id":160116177,"kind":"lake","group":"storage","area_m2":55521,"km":13.86,"lon":101.75899,"lat":2.95903,"name":"Tasik Cempaka"},"geometry":{"type":"Polygon","coordinates":[[[101.75986,2.96244],[101.75974,2.96244],[101.75963,2.96194],[101.75981,2.96097],[101.75962,2.9603],[101.75856,2.95847],[101.75884,2.95823],[101.75878,2.95774],[101.75813,2.95771],[101.75729,2.95744],[101.75605,2.95691],[101.75601,2.95668],[101.7574,2.95723],[101.75843,2.95744],[101.75882,2.95736],[101.75947,2.95794],[101.75974,2.95861],[101.76006,2.95882],[101.76053,2.96015],[101.75986,2.96244]]]}},{"type":"Feature","properties":{"id":793261767,"kind":"lake","group":"storage","area_m2":54441,"km":2.18,"lon":101.66475,"lat":2.86422},"geometry":{"type":"Polygon","coordinates":[[[101.66391,2.86436],[101.66406,2.86467],[101.66424,2.86463],[101.66454,2.86418],[101.66556,2.86484],[101.6656,2.86503],[101.66593,2.86509],[101.66605,2.86474],[101.66698,2.86421],[101.6672,2.86376],[101.667,2.86356],[101.66432,2.8633],[101.663,2.86351],[101.66268,2.86385],[101.66272,2.86401],[101.6633,2.86399],[101.66391,2.86436]]]}},{"type":"Feature","properties":{"id":133354296,"kind":"lake","group":"storage","area_m2":54369,"km":9.75,"lon":101.64759,"lat":2.93947},"geometry":{"type":"Polygon","coordinates":[[[101.6464,2.94023],[101.64617,2.93979],[101.64638,2.93991],[101.64626,2.93948],[101.64642,2.93859],[101.64767,2.93815],[101.64849,2.93827],[101.64846,2.93857],[101.64876,2.93891],[101.64871,2.9391],[101.64901,2.93932],[101.64911,2.93974],[101.64892,2.93998],[101.64836,2.93987],[101.64834,2.93935],[101.64818,2.93932],[101.64815,2.9398],[101.64786,2.93987],[101.64775,2.94018],[101.64672,2.94036],[101.6464,2.94023]]]}},{"type":"Feature","properties":{"id":703814806,"kind":"lake","group":"storage","area_m2":52897,"km":13.42,"lon":101.80039,"lat":2.89101},"geometry":{"type":"Polygon","coordinates":[[[101.79968,2.89248],[101.80045,2.89248],[101.80095,2.89223],[101.80142,2.89221],[101.80156,2.89176],[101.80143,2.89162],[101.80116,2.89195],[101.80023,2.89194],[101.80028,2.89151],[101.8015,2.89101],[101.80149,2.89012],[101.80098,2.88996],[101.80092,2.89017],[101.80054,2.89037],[101.79998,2.89006],[101.8002,2.88896],[101.79991,2.88882],[101.79955,2.88888],[101.79957,2.88967],[101.7992,2.89094],[101.79961,2.89145],[101.79946,2.89179],[101.79978,2.89183],[101.79985,2.89216],[101.79968,2.89248]]]}},{"type":"Feature","properties":{"id":23079537,"kind":"water","group":"other","area_m2":52224,"km":13.91,"lon":101.80772,"lat":2.87715},"geometry":{"type":"Polygon","coordinates":[[[101.80768,2.87978],[101.80796,2.87981],[101.8084,2.87956],[101.80868,2.87835],[101.80847,2.87775],[101.80849,2.87724],[101.80814,2.87749],[101.80813,2.87731],[101.80753,2.87689],[101.80775,2.8762],[101.80768,2.87541],[101.8082,2.87512],[101.80798,2.87486],[101.80702,2.87501],[101.80697,2.87531],[101.80748,2.87571],[101.80728,2.87611],[101.80674,2.87647],[101.80672,2.87667],[101.80694,2.87736],[101.80785,2.87796],[101.80784,2.87838],[101.80729,2.87899],[101.80741,2.87947],[101.80768,2.87978]]]}},{"type":"Feature","properties":{"id":795426726,"kind":"lake","group":"storage","area_m2":46454,"km":4.92,"lon":101.71764,"lat":2.88821},"geometry":{"type":"Polygon","coordinates":[[[101.71729,2.88899],[101.71751,2.88914],[101.71785,2.88901],[101.71833,2.8892],[101.71877,2.88882],[101.7194,2.88752],[101.71885,2.88725],[101.71857,2.88762],[101.71798,2.88768],[101.71771,2.88745],[101.7176,2.88701],[101.71667,2.88727],[101.71688,2.88768],[101.71678,2.88806],[101.71702,2.88846],[101.71666,2.88879],[101.71682,2.88903],[101.71729,2.88899]]]}},{"type":"Feature","properties":{"id":793261759,"kind":"lake","group":"storage","area_m2":45544,"km":3.24,"lon":101.65476,"lat":2.86168},"geometry":{"type":"Polygon","coordinates":[[[101.65315,2.86213],[101.65554,2.86291],[101.65553,2.86254],[101.65608,2.86146],[101.65613,2.86092],[101.65559,2.8607],[101.65541,2.86077],[101.65498,2.86167],[101.65342,2.86109],[101.65299,2.86159],[101.65315,2.86213]]]}},{"type":"Feature","properties":{"id":823375908,"kind":"river","group":"channel","area_m2":45397,"km":14.88,"lon":101.76494,"lat":2.96601},"geometry":{"type":"Polygon","coordinates":[[[101.77306,2.96766],[101.77306,2.96732],[101.77239,2.96744],[101.76764,2.96746],[101.76704,2.96619],[101.76594,2.96553],[101.7601,2.96553],[101.75979,2.96541],[101.75945,2.96493],[101.75977,2.96293],[101.75961,2.96289],[101.75928,2.96494],[101.75972,2.96557],[101.76001,2.9657],[101.76593,2.96572],[101.76693,2.96632],[101.76722,2.9668],[101.76744,2.96775],[101.77306,2.96766]]]}},{"type":"Feature","properties":{"id":563924700,"kind":"lake","group":"storage","area_m2":44988,"km":5.39,"lon":101.65302,"lat":2.8971},"geometry":{"type":"Polygon","coordinates":[[[101.65258,2.8956],[101.65279,2.89574],[101.65423,2.8958],[101.65402,2.89798],[101.65372,2.89786],[101.65356,2.89816],[101.6534,2.89819],[101.6527,2.89783],[101.65261,2.89791],[101.65194,2.89744],[101.65257,2.89707],[101.65258,2.8956]]]}},{"type":"Feature","properties":{"id":652099757,"kind":"lake","group":"storage","area_m2":44222,"km":2.21,"lon":101.68153,"lat":2.87947},"geometry":{"type":"Polygon","coordinates":[[[101.68099,2.87753],[101.68131,2.87812],[101.68115,2.8788],[101.68138,2.87899],[101.6818,2.87859],[101.68202,2.87866],[101.68202,2.87842],[101.68223,2.87856],[101.6822,2.87891],[101.68244,2.87903],[101.6823,2.8794],[101.68248,2.87958],[101.68242,2.87975],[101.68211,2.87989],[101.68196,2.8802],[101.68254,2.88009],[101.68282,2.88086],[101.68176,2.88081],[101.68185,2.88136],[101.68159,2.88098],[101.68132,2.88096],[101.68184,2.88044],[101.68157,2.88059],[101.68118,2.88047],[101.68146,2.8799],[101.68127,2.87927],[101.68081,2.8792],[101.68085,2.87889],[101.68101,2.87906],[101.68112,2.87896],[101.68101,2.87875],[101.68071,2.87862],[101.68039,2.87878],[101.68042,2.87865],[101.68023,2.87856],[101.68007,2.87783],[101.68099,2.87753]]]}},{"type":"Feature","properties":{"id":22675588,"kind":"water","group":"other","area_m2":44005,"km":13.79,"lon":101.69154,"lat":2.98335},"geometry":{"type":"Polygon","coordinates":[[[101.69088,2.98226],[101.691,2.98203],[101.69254,2.98202],[101.69264,2.98219],[101.69257,2.98396],[101.69165,2.98471],[101.69137,2.98473],[101.69127,2.9846],[101.69133,2.98412],[101.6911,2.98369],[101.69113,2.98307],[101.69088,2.98226]]]}},{"type":"Feature","properties":{"id":304754795,"kind":"lake","group":"storage","area_m2":40215,"km":14.32,"lon":101.81099,"lat":2.83931,"name":"Tasik Ujana"},"geometry":{"type":"Polygon","coordinates":[[[101.81139,2.84034],[101.81119,2.84069],[101.8108,2.84075],[101.81064,2.84065],[101.81071,2.84016],[101.81016,2.84],[101.81011,2.83976],[101.81066,2.8388],[101.81058,2.83819],[101.81071,2.83773],[101.81116,2.8375],[101.81162,2.83764],[101.81195,2.83822],[101.81137,2.83923],[101.81139,2.84034]]]}},{"type":"Feature","properties":{"id":404265340,"kind":"lake","group":"storage","area_m2":38556,"km":6.27,"lon":101.62741,"lat":2.86078,"name":"Tasik Buaya"},"geometry":{"type":"Polygon","coordinates":[[[101.62733,2.86144],[101.62802,2.86148],[101.62836,2.86135],[101.62844,2.86105],[101.62864,2.86103],[101.62865,2.85979],[101.6275,2.85967],[101.62646,2.86028],[101.62687,2.86101],[101.62632,2.86121],[101.62634,2.86136],[101.62726,2.86127],[101.62733,2.86144]]]}},{"type":"Feature","properties":{"id":1079175910,"kind":"pond","group":"pond","area_m2":37435,"km":9.14,"lon":101.60642,"lat":2.88738},"geometry":{"type":"Polygon","coordinates":[[[101.60839,2.88803],[101.60881,2.88825],[101.60896,2.88801],[101.60928,2.88799],[101.60954,2.88749],[101.60903,2.88717],[101.60857,2.88744],[101.60851,2.88716],[101.6075,2.88669],[101.60701,2.88709],[101.60671,2.88689],[101.60598,2.88677],[101.60519,2.8872],[101.60485,2.88681],[101.6043,2.8868],[101.6037,2.88705],[101.60345,2.88734],[101.6031,2.88854],[101.60239,2.88996],[101.60399,2.88707],[101.60417,2.88699],[101.60525,2.88754],[101.60568,2.88701],[101.60604,2.88686],[101.60655,2.8869],[101.60724,2.88738],[101.60814,2.88773],[101.60839,2.88803]]]}},{"type":"Feature","properties":{"id":954213820,"kind":"pond","group":"pond","area_m2":36319,"km":8.43,"lon":101.62767,"lat":2.80873},"geometry":{"type":"Polygon","coordinates":[[[101.62745,2.80858],[101.62729,2.80744],[101.62668,2.80709],[101.62676,2.80671],[101.62756,2.80678],[101.62793,2.80745],[101.62768,2.80787],[101.62805,2.80792],[101.62829,2.80869],[101.62847,2.80882],[101.62835,2.80952],[101.62791,2.8104],[101.62751,2.8109],[101.62712,2.81102],[101.62704,2.81054],[101.62743,2.8101],[101.62765,2.81013],[101.62773,2.80973],[101.62777,2.80937],[101.62745,2.80858]]]}},{"type":"Feature","properties":{"id":563924701,"kind":"lake","group":"storage","area_m2":35922,"km":5.7,"lon":101.65116,"lat":2.8992},"geometry":{"type":"Polygon","coordinates":[[[101.65096,2.89827],[101.65204,2.89865],[101.65214,2.89857],[101.65291,2.89911],[101.65167,2.89964],[101.65086,2.90051],[101.65033,2.9],[101.65022,2.89865],[101.65032,2.89851],[101.65075,2.89897],[101.65103,2.89878],[101.65096,2.89827]]]}},{"type":"Feature","properties":{"id":1080495265,"kind":"pond","group":"pond","area_m2":35855,"km":1.92,"lon":101.67907,"lat":2.84314},"geometry":{"type":"Polygon","coordinates":[[[101.6782,2.84363],[101.67896,2.84416],[101.67957,2.84425],[101.67975,2.84403],[101.67976,2.84331],[101.67945,2.84297],[101.67971,2.84263],[101.67969,2.84208],[101.67953,2.84191],[101.67901,2.84198],[101.67836,2.84248],[101.6782,2.84363]]]}},{"type":"Feature","properties":{"id":308051207,"kind":"lake","group":"storage","area_m2":35550,"km":9.51,"lon":101.76146,"lat":2.89553,"name":"Tasik Impian"},"geometry":{"type":"Polygon","coordinates":[[[101.76049,2.89604],[101.76062,2.89572],[101.76054,2.89455],[101.76091,2.89441],[101.76153,2.89464],[101.76154,2.89492],[101.76203,2.8953],[101.76294,2.89539],[101.76308,2.89608],[101.76069,2.89625],[101.76049,2.89604]]]}},{"type":"Feature","properties":{"id":793261769,"kind":"lake","group":"storage","area_m2":35274,"km":1.82,"lon":101.66814,"lat":2.86443},"geometry":{"type":"Polygon","coordinates":[[[101.66718,2.86521],[101.66727,2.86545],[101.66811,2.86534],[101.66865,2.86508],[101.66889,2.86447],[101.66965,2.86372],[101.66941,2.8627],[101.66813,2.86345],[101.66808,2.86445],[101.66781,2.86471],[101.66739,2.86481],[101.66718,2.86521]]]}},{"type":"Feature","properties":{"id":699908138,"kind":"water","group":"other","area_m2":33984,"km":9.87,"lon":101.76589,"lat":2.89356},"geometry":{"type":"Polygon","coordinates":[[[101.76502,2.8927],[101.76478,2.8932],[101.76633,2.89486],[101.76657,2.89489],[101.76664,2.89457],[101.76639,2.894],[101.76673,2.89378],[101.76674,2.89292],[101.76653,2.89247],[101.76628,2.89238],[101.76561,2.89272],[101.76502,2.8927]]]}},{"type":"Feature","properties":{"id":410789384,"kind":"lake","group":"storage","area_m2":32894,"km":14.54,"lon":101.81252,"lat":2.88281},"geometry":{"type":"Polygon","coordinates":[[[101.81321,2.88201],[101.8135,2.88218],[101.81362,2.88302],[101.81284,2.88318],[101.81292,2.88373],[101.81182,2.88425],[101.8112,2.88375],[101.81119,2.8832],[101.81165,2.88291],[101.81214,2.88295],[101.81236,2.88272],[101.81214,2.88253],[101.81232,2.8824],[101.81267,2.88258],[101.81306,2.88241],[101.81303,2.88202],[101.81321,2.88201]]]}},{"type":"Feature","properties":{"id":864705001,"kind":"basin","group":"treatment","area_m2":32169,"km":11.02,"lon":101.69716,"lat":2.76166},"geometry":{"type":"Polygon","coordinates":[[[101.69702,2.76103],[101.69593,2.76254],[101.69709,2.76341],[101.69792,2.76168],[101.69702,2.76103]]]}},{"type":"Feature","properties":{"id":971898957,"kind":"pond","group":"pond","area_m2":30933,"km":8.28,"lon":101.61482,"lat":2.88782},"geometry":{"type":"Polygon","coordinates":[[[101.61375,2.88807],[101.61361,2.88748],[101.61376,2.88697],[101.61474,2.88692],[101.61587,2.8871],[101.61573,2.88742],[101.61541,2.88763],[101.61551,2.88803],[101.61523,2.88843],[101.61375,2.88807]]]}},{"type":"Feature","properties":{"id":581757846,"kind":"lake","group":"storage","area_m2":29891,"km":9.55,"lon":101.64216,"lat":2.93471},"geometry":{"type":"Polygon","coordinates":[[[101.64109,2.93534],[101.64368,2.93496],[101.64377,2.93461],[101.64323,2.93366],[101.64302,2.9336],[101.64177,2.93411],[101.64189,2.93474],[101.6418,2.9351],[101.64109,2.93534]]]}},{"type":"Feature","properties":{"id":306533772,"kind":"lake","group":"storage","area_m2":29389,"km":1.83,"lon":101.67964,"lat":2.87566},"geometry":{"type":"Polygon","coordinates":[[[101.6798,2.87627],[101.68058,2.87636],[101.68065,2.87615],[101.68031,2.87601],[101.68053,2.87588],[101.68045,2.87548],[101.67983,2.87496],[101.67959,2.87496],[101.67958,2.87519],[101.67938,2.87534],[101.67917,2.87497],[101.67928,2.87485],[101.67893,2.87492],[101.67871,2.87517],[101.6785,2.87592],[101.67904,2.87653],[101.67929,2.8764],[101.67972,2.87647],[101.6798,2.87627]]]}},{"type":"Feature","properties":{"id":495834087,"kind":"lake","group":"storage","area_m2":29001,"km":9.18,"lon":101.76199,"lat":2.83326},"geometry":{"type":"Polygon","coordinates":[[[101.76293,2.83452],[101.76217,2.83412],[101.76227,2.83347],[101.76175,2.83317],[101.76135,2.83313],[101.76129,2.8326],[101.76044,2.83218],[101.7621,2.83255],[101.76314,2.83308],[101.76345,2.83366],[101.76293,2.83452]]]}},{"type":"Feature","properties":{"id":495831242,"kind":"lake","group":"storage","area_m2":28287,"km":11.58,"lon":101.78085,"lat":2.82202},"geometry":{"type":"Polygon","coordinates":[[[101.77999,2.82067],[101.77976,2.82064],[101.77976,2.82016],[101.7804,2.82011],[101.78102,2.82122],[101.78091,2.82192],[101.78177,2.8238],[101.78325,2.82445],[101.78185,2.82413],[101.78084,2.82278],[101.78042,2.8228],[101.7805,2.82241],[101.78029,2.82103],[101.77999,2.82067]]]}},{"type":"Feature","properties":{"id":445308562,"kind":"pond","group":"pond","area_m2":28203,"km":10.52,"lon":101.75929,"lat":2.80276},"geometry":{"type":"Polygon","coordinates":[[[101.75924,2.80432],[101.75899,2.80487],[101.75887,2.80398],[101.75906,2.80339],[101.75895,2.80262],[101.75916,2.80201],[101.75909,2.80139],[101.75945,2.80115],[101.75994,2.80116],[101.76005,2.80131],[101.75981,2.80182],[101.75967,2.80363],[101.75924,2.80432]]]}},{"type":"Feature","properties":{"id":1373753957,"kind":"pond","group":"pond","area_m2":28112,"km":13.86,"lon":101.79856,"lat":2.81113},"geometry":{"type":"Polygon","coordinates":[[[101.79726,2.81121],[101.79757,2.81103],[101.79817,2.81121],[101.79834,2.81147],[101.79902,2.81148],[101.79915,2.81288],[101.79924,2.81131],[101.7994,2.8112],[101.79924,2.80999],[101.79879,2.80991],[101.79855,2.8102],[101.79753,2.81061],[101.79726,2.81121]]]}},{"type":"Feature","properties":{"id":22675585,"kind":"water","group":"other","area_m2":28090,"km":13.45,"lon":101.69351,"lat":2.98018},"geometry":{"type":"Polygon","coordinates":[[[101.69287,2.97853],[101.69326,2.97831],[101.69357,2.97888],[101.69332,2.97981],[101.69383,2.98099],[101.69451,2.98155],[101.69576,2.98169],[101.69595,2.98179],[101.69581,2.98196],[101.6942,2.98176],[101.69358,2.98125],[101.69316,2.98028],[101.69278,2.97995],[101.69231,2.97998],[101.69227,2.98014],[101.69209,2.97998],[101.69251,2.97941],[101.69299,2.97912],[101.69287,2.97853]]]}},{"type":"Feature","properties":{"id":793261717,"kind":"lake","group":"storage","area_m2":28064,"km":3.16,"lon":101.65723,"lat":2.8698},"geometry":{"type":"Polygon","coordinates":[[[101.6569,2.87135],[101.65719,2.87122],[101.65741,2.87081],[101.65767,2.86971],[101.65814,2.86905],[101.65784,2.86907],[101.65695,2.86867],[101.65653,2.86872],[101.65646,2.869],[101.6569,2.87135]]]}},{"type":"Feature","properties":{"id":544590729,"kind":"lake","group":"storage","area_m2":27970,"km":3.79,"lon":101.70454,"lat":2.8327},"geometry":{"type":"Polygon","coordinates":[[[101.70413,2.8322],[101.70404,2.83247],[101.70455,2.83275],[101.7045,2.83293],[101.70424,2.83304],[101.70333,2.83293],[101.7032,2.83344],[101.70361,2.83337],[101.70418,2.83355],[101.70477,2.8331],[101.70548,2.83303],[101.70599,2.83196],[101.70587,2.83183],[101.70543,2.832],[101.705,2.83193],[101.70413,2.8322]]]}},{"type":"Feature","properties":{"id":298816094,"kind":"water","group":"other","area_m2":27346,"km":8.77,"lon":101.65213,"lat":2.93191},"geometry":{"type":"Polygon","coordinates":[[[101.65325,2.92524],[101.65326,2.9267],[101.65473,2.92642],[101.65335,2.92678],[101.65319,2.92783],[101.65316,2.93037],[101.65317,2.93084],[101.6534,2.93085],[101.65314,2.93095],[101.65314,2.9318],[101.65133,2.9337],[101.65136,2.93589],[101.65023,2.93884],[101.64955,2.93839],[101.6502,2.93862],[101.65127,2.93599],[101.65127,2.93368],[101.65313,2.93164],[101.65295,2.93043],[101.653,2.92771],[101.65286,2.92695],[101.65329,2.9241],[101.65337,2.9222],[101.65325,2.92524]]]}},{"type":"Feature","properties":{"id":137634165,"kind":"water","group":"other","area_m2":26718,"km":13.55,"lon":101.73149,"lat":2.97176},"geometry":{"type":"Polygon","coordinates":[[[101.72997,2.97207],[101.73136,2.97052],[101.73205,2.9703],[101.73213,2.97056],[101.73185,2.97135],[101.73178,2.9722],[101.73232,2.97266],[101.73236,2.97301],[101.73179,2.97275],[101.73172,2.97222],[101.73134,2.97193],[101.73067,2.97188],[101.72997,2.97207]]]}},{"type":"Feature","properties":{"id":978104186,"kind":"pond","group":"pond","area_m2":26171,"km":7.74,"lon":101.74505,"lat":2.89273},"geometry":{"type":"Polygon","coordinates":[[[101.74391,2.89346],[101.74369,2.89328],[101.7438,2.89296],[101.74491,2.89186],[101.74573,2.89218],[101.74578,2.89249],[101.74607,2.89261],[101.74544,2.89295],[101.74524,2.89336],[101.7447,2.89328],[101.74391,2.89346]]]}},{"type":"Feature","properties":{"id":822872320,"kind":"pond","group":"pond","area_m2":26092,"km":14.16,"lon":101.7797,"lat":2.77596},"geometry":{"type":"Polygon","coordinates":[[[101.77946,2.77683],[101.77967,2.77724],[101.78002,2.77735],[101.78011,2.77667],[101.78005,2.77647],[101.7798,2.77639],[101.77983,2.77623],[101.78045,2.77533],[101.78024,2.77484],[101.77946,2.77452],[101.77883,2.77504],[101.77883,2.77528],[101.77936,2.77561],[101.77962,2.77613],[101.77968,2.77642],[101.77946,2.77683]]]}},{"type":"Feature","properties":{"id":394568681,"kind":"lake","group":"storage","area_m2":26051,"km":8.68,"lon":101.62063,"lat":2.90557},"geometry":{"type":"Polygon","coordinates":[[[101.62137,2.90665],[101.62101,2.90412],[101.62035,2.90455],[101.6201,2.90565],[101.62055,2.90636],[101.62137,2.90665]]]}},{"type":"Feature","properties":{"id":877911472,"kind":"pond","group":"pond","area_m2":25828,"km":7.03,"lon":101.64086,"lat":2.90604},"geometry":{"type":"Polygon","coordinates":[[[101.63975,2.90698],[101.64163,2.90689],[101.64176,2.90531],[101.6413,2.9051],[101.63975,2.90698]]]}},{"type":"Feature","properties":{"id":492566732,"kind":"lake","group":"storage","area_m2":25107,"km":13.95,"lon":101.78575,"lat":2.78665,"name":"Kota Seriemas Lake"},"geometry":{"type":"Polygon","coordinates":[[[101.78488,2.7855],[101.78509,2.78639],[101.78589,2.78764],[101.78588,2.78789],[101.78611,2.78805],[101.78695,2.78805],[101.78624,2.7868],[101.78578,2.78657],[101.7859,2.78615],[101.78568,2.78575],[101.78533,2.78546],[101.78502,2.78537],[101.78488,2.7855]]]}},{"type":"Feature","properties":{"id":791971926,"kind":"pond","group":"pond","area_m2":24813,"km":4.77,"lon":101.71968,"lat":2.83615},"geometry":{"type":"Polygon","coordinates":[[[101.72044,2.83475],[101.7198,2.83477],[101.71949,2.83532],[101.71926,2.83663],[101.71877,2.83704],[101.7183,2.83701],[101.71853,2.83715],[101.71863,2.83751],[101.71888,2.83723],[101.71905,2.83723],[101.72021,2.83582],[101.72073,2.83574],[101.7209,2.83616],[101.72096,2.83595],[101.72112,2.83595],[101.72071,2.83499],[101.72044,2.83475]]]}},{"type":"Feature","properties":{"id":795426719,"kind":"lake","group":"storage","area_m2":24006,"km":8.08,"lon":101.61161,"lat":2.85158},"geometry":{"type":"Polygon","coordinates":[[[101.61087,2.85262],[101.61171,2.8528],[101.61213,2.85181],[101.61202,2.85109],[101.61219,2.85081],[101.61197,2.85034],[101.61172,2.8509],[101.61102,2.85122],[101.61087,2.85262]]]}},{"type":"Feature","properties":{"id":144286372,"kind":"water","group":"other","area_m2":23547,"km":12.68,"lon":101.73242,"lat":2.75664},"geometry":{"type":"Polygon","coordinates":[[[101.73137,2.75678],[101.73157,2.75709],[101.73158,2.75753],[101.73197,2.75756],[101.73368,2.75618],[101.73297,2.75591],[101.73181,2.75627],[101.73137,2.75678]]]}},{"type":"Feature","properties":{"id":795427792,"kind":"lake","group":"storage","area_m2":23107,"km":10.63,"lon":101.64303,"lat":2.94608},"geometry":{"type":"Polygon","coordinates":[[[101.64128,2.94692],[101.64198,2.94691],[101.64312,2.94615],[101.64506,2.9458],[101.64522,2.94558],[101.64328,2.94561],[101.64317,2.94579],[101.64166,2.94627],[101.64139,2.94649],[101.64128,2.94692]]]}},{"type":"Feature","properties":{"id":22675578,"kind":"water","group":"other","area_m2":22972,"km":14.43,"lon":101.71713,"lat":2.98499},"geometry":{"type":"Polygon","coordinates":[[[101.7134,2.98553],[101.71403,2.98466],[101.71471,2.98446],[101.71639,2.98433],[101.7171,2.98469],[101.71904,2.98487],[101.7191,2.98506],[101.71939,2.98499],[101.71993,2.98525],[101.71988,2.9854],[101.71946,2.98515],[101.71948,2.98532],[101.71575,2.98453],[101.71469,2.98517],[101.7138,2.98519],[101.7134,2.98553]]]}},{"type":"Feature","properties":{"id":944725551,"kind":"pond","group":"pond","area_m2":22408,"km":9.87,"lon":101.7111,"lat":2.7753},"geometry":{"type":"Polygon","coordinates":[[[101.70993,2.77576],[101.71016,2.77588],[101.7121,2.77577],[101.71222,2.77546],[101.7118,2.77527],[101.71174,2.77504],[101.71079,2.77467],[101.71045,2.77487],[101.70993,2.77576]]]}},{"type":"Feature","properties":{"id":639919799,"kind":"lake","group":"storage","area_m2":21558,"km":10.4,"lon":101.64617,"lat":2.94525,"name":"flood retention pond"},"geometry":{"type":"Polygon","coordinates":[[[101.64532,2.94555],[101.64575,2.94599],[101.64692,2.94559],[101.64717,2.94535],[101.64721,2.94463],[101.64698,2.94454],[101.64553,2.94499],[101.64532,2.94555]]]}},{"type":"Feature","properties":{"id":836684413,"kind":"water","group":"other","area_m2":21558,"km":5.55,"lon":101.72468,"lat":2.88837},"geometry":{"type":"Polygon","coordinates":[[[101.72377,2.88878],[101.72384,2.88822],[101.72419,2.88764],[101.72526,2.88784],[101.72531,2.88816],[101.72559,2.88821],[101.7255,2.88883],[101.7249,2.88891],[101.72377,2.88878]]]}},{"type":"Feature","properties":{"id":971898963,"kind":"pond","group":"pond","area_m2":21291,"km":8.58,"lon":101.61177,"lat":2.88741},"geometry":{"type":"Polygon","coordinates":[[[101.61267,2.88794],[101.61299,2.88735],[101.61298,2.8869],[101.61203,2.88717],[101.61082,2.88686],[101.61057,2.88693],[101.61064,2.88755],[101.61267,2.88794]]]}},{"type":"Feature","properties":{"id":372965198,"kind":"reservoir","group":"storage","area_m2":19998,"km":13.7,"lon":101.71324,"lat":2.97922},"geometry":{"type":"Polygon","coordinates":[[[101.71256,2.97921],[101.71442,2.98006],[101.71474,2.97946],[101.71291,2.97858],[101.71269,2.97872],[101.71256,2.97921]]]}},{"type":"Feature","properties":{"id":394540183,"kind":"pond","group":"pond","area_m2":19836,"km":11.53,"lon":101.62829,"lat":2.94718},"geometry":{"type":"Polygon","coordinates":[[[101.62742,2.94621],[101.62765,2.94762],[101.62792,2.94761],[101.62798,2.94785],[101.62855,2.94774],[101.62909,2.94793],[101.62891,2.94724],[101.62853,2.94722],[101.62834,2.94636],[101.62742,2.94621]]]}},{"type":"Feature","properties":{"id":404265341,"kind":"lake","group":"storage","area_m2":19274,"km":6.33,"lon":101.62688,"lat":2.85924},"geometry":{"type":"Polygon","coordinates":[[[101.62628,2.85943],[101.62654,2.85964],[101.62783,2.85944],[101.62778,2.85855],[101.62697,2.85859],[101.62603,2.85885],[101.62599,2.85914],[101.62628,2.85943]]]}},{"type":"Feature","properties":{"id":793403978,"kind":"pond","group":"pond","area_m2":19012,"km":2.23,"lon":101.69766,"lat":2.84525},"geometry":{"type":"Polygon","coordinates":[[[101.69681,2.84545],[101.69725,2.84579],[101.69818,2.84586],[101.69901,2.84528],[101.69908,2.84506],[101.69837,2.84476],[101.69856,2.84501],[101.69842,2.84516],[101.69804,2.84488],[101.69721,2.845],[101.69684,2.8448],[101.69667,2.84498],[101.69721,2.84504],[101.69733,2.84536],[101.69722,2.8455],[101.69681,2.84545]]]}},{"type":"Feature","properties":{"id":22675571,"kind":"water","group":"other","area_m2":18952,"km":14.15,"lon":101.70945,"lat":2.98423},"geometry":{"type":"Polygon","coordinates":[[[101.70882,2.98441],[101.70794,2.98481],[101.70883,2.9837],[101.70937,2.98386],[101.71005,2.98378],[101.71095,2.98443],[101.71079,2.98467],[101.71009,2.98441],[101.70882,2.98441]]]}},{"type":"Feature","properties":{"id":793403918,"kind":"lake","group":"storage","area_m2":18230,"km":3.35,"lon":101.70671,"lat":2.84016},"geometry":{"type":"Polygon","coordinates":[[[101.70573,2.84035],[101.70585,2.84051],[101.70634,2.84051],[101.70665,2.84084],[101.707,2.84086],[101.70712,2.84053],[101.70741,2.84033],[101.70734,2.83975],[101.70754,2.83943],[101.70668,2.83936],[101.70632,2.84],[101.70573,2.84035]]]}},{"type":"Feature","properties":{"id":793261750,"kind":"wetland","group":"wetland","area_m2":18177,"km":3.72,"lon":101.65218,"lat":2.87077},"geometry":{"type":"Polygon","coordinates":[[[101.65242,2.87155],[101.6519,2.87141],[101.65144,2.87099],[101.65158,2.87037],[101.65216,2.87007],[101.65292,2.87037],[101.65242,2.87155]]]}},{"type":"Feature","properties":{"id":1080495266,"kind":"pond","group":"pond","area_m2":17625,"km":1.69,"lon":101.67866,"lat":2.84544},"geometry":{"type":"Polygon","coordinates":[[[101.67829,2.84661],[101.67816,2.84588],[101.67841,2.84513],[101.67838,2.84447],[101.67848,2.84432],[101.67923,2.84447],[101.67948,2.8447],[101.67948,2.845],[101.67849,2.84575],[101.67857,2.8465],[101.67829,2.84661]]]}},{"type":"Feature","properties":{"id":400258851,"kind":"pond","group":"pond","area_m2":17501,"km":10.39,"lon":101.76984,"lat":2.8961},"geometry":{"type":"Polygon","coordinates":[[[101.76965,2.89556],[101.76978,2.89555],[101.76979,2.89538],[101.7704,2.89539],[101.77044,2.89588],[101.77074,2.89595],[101.7702,2.89661],[101.76908,2.8968],[101.76892,2.89671],[101.76964,2.89593],[101.76965,2.89556]]]}},{"type":"Feature","properties":{"id":1080543026,"kind":"pond","group":"pond","area_m2":17498,"km":13.1,"lon":101.77538,"lat":2.9337},"geometry":{"type":"Polygon","coordinates":[[[101.77486,2.93455],[101.7748,2.93404],[101.77542,2.93386],[101.77561,2.93353],[101.77502,2.93328],[101.77494,2.93282],[101.77516,2.93255],[101.77556,2.93244],[101.77568,2.93251],[101.77547,2.93304],[101.77572,2.93333],[101.7759,2.93409],[101.77563,2.93425],[101.77564,2.93468],[101.77551,2.93481],[101.77486,2.93455]]]}},{"type":"Feature","properties":{"id":793261764,"kind":"lake","group":"storage","area_m2":17433,"km":3.58,"lon":101.65868,"lat":2.8798},"geometry":{"type":"Polygon","coordinates":[[[101.65789,2.8794],[101.65898,2.88052],[101.65886,2.88104],[101.65907,2.88105],[101.65926,2.88025],[101.65921,2.87963],[101.65833,2.87873],[101.65803,2.87875],[101.65789,2.8794]]]}},{"type":"Feature","properties":{"id":493948537,"kind":"pond","group":"pond","area_m2":17167,"km":11.3,"lon":101.72735,"lat":2.95141},"geometry":{"type":"Polygon","coordinates":[[[101.72661,2.95146],[101.72715,2.95233],[101.72748,2.95145],[101.72829,2.95118],[101.72832,2.95082],[101.72806,2.95077],[101.7278,2.95046],[101.72758,2.95053],[101.72663,2.95126],[101.72661,2.95146]]]}},{"type":"Feature","properties":{"id":372855500,"kind":"lake","group":"storage","area_m2":17031,"km":12.06,"lon":101.77136,"lat":2.9237,"name":"Tasik Kejuruteraan"},"geometry":{"type":"Polygon","coordinates":[[[101.77035,2.92439],[101.77106,2.92486],[101.77138,2.92475],[101.77134,2.92422],[101.77183,2.92401],[101.77167,2.92365],[101.77198,2.92314],[101.77179,2.92263],[101.77172,2.923],[101.77154,2.923],[101.77123,2.9235],[101.77061,2.92394],[101.77035,2.92439]]]}},{"type":"Feature","properties":{"id":836684414,"kind":"water","group":"other","area_m2":16507,"km":5.39,"lon":101.72304,"lat":2.88817},"geometry":{"type":"Polygon","coordinates":[[[101.72234,2.8886],[101.723,2.88704],[101.72366,2.88732],[101.72342,2.88846],[101.72316,2.88884],[101.72234,2.8886]]]}},{"type":"Feature","properties":{"id":1064117529,"kind":"pond","group":"pond","area_m2":16412,"km":1.81,"lon":101.68479,"lat":2.84348},"geometry":{"type":"Polygon","coordinates":[[[101.68444,2.84421],[101.68525,2.84377],[101.68544,2.84277],[101.68525,2.84266],[101.68394,2.84326],[101.68444,2.84421]]]}},{"type":"Feature","properties":{"id":133357910,"kind":"lake","group":"storage","area_m2":16379,"km":10.73,"lon":101.64611,"lat":2.94849},"geometry":{"type":"Polygon","coordinates":[[[101.64532,2.94865],[101.64631,2.94913],[101.64643,2.94903],[101.64667,2.94913],[101.64694,2.94887],[101.64704,2.94829],[101.64687,2.94814],[101.6467,2.94826],[101.64662,2.94807],[101.64622,2.94808],[101.6459,2.9483],[101.64586,2.94815],[101.64544,2.94815],[101.64521,2.94831],[101.64532,2.94865]]]}},{"type":"Feature","properties":{"id":544945696,"kind":"lake","group":"storage","area_m2":16229,"km":11.94,"lon":101.79017,"lat":2.87476},"geometry":{"type":"Polygon","coordinates":[[[101.78967,2.87529],[101.78947,2.87517],[101.78957,2.87475],[101.7901,2.87415],[101.79042,2.8741],[101.79104,2.87457],[101.79097,2.87496],[101.79076,2.87516],[101.79,2.87535],[101.78967,2.87529]]]}},{"type":"Feature","properties":{"id":1535881695,"kind":"pond","group":"pond","area_m2":15772,"km":14.79,"lon":101.58969,"lat":2.95365},"geometry":{"type":"Polygon","coordinates":[[[101.58915,2.95392],[101.58962,2.95444],[101.58976,2.9544],[101.59047,2.95335],[101.59042,2.95309],[101.58983,2.95279],[101.58966,2.95284],[101.58915,2.95392]]]}},{"type":"Feature","properties":{"id":1112036681,"kind":"canal","group":"channel","area_m2":15767,"km":13.13,"lon":101.67801,"lat":2.74191},"geometry":{"type":"Polygon","coordinates":[[[101.67592,2.74308],[101.67563,2.7428],[101.67657,2.74148],[101.67577,2.74289],[101.67661,2.74289],[101.67776,2.74121],[101.67826,2.74104],[101.67905,2.73991],[101.67832,2.74109],[101.67897,2.74151],[101.67911,2.74151],[101.67994,2.74043],[101.67916,2.74176],[101.67826,2.74121],[101.67791,2.74122],[101.67681,2.74289],[101.67917,2.74286],[101.67958,2.7426],[101.67923,2.74296],[101.67592,2.74308]]]}},{"type":"Feature","properties":{"id":795427793,"kind":"lake","group":"storage","area_m2":15568,"km":10.68,"lon":101.64357,"lat":2.94687},"geometry":{"type":"Polygon","coordinates":[[[101.64277,2.94674],[101.64298,2.9474],[101.64354,2.94733],[101.64367,2.94718],[101.64397,2.9473],[101.64419,2.94677],[101.64451,2.94669],[101.64451,2.94649],[101.64432,2.94624],[101.64397,2.94642],[101.64318,2.94644],[101.64277,2.94674]]]}},{"type":"Feature","properties":{"id":1488645248,"kind":"pond","group":"pond","area_m2":15405,"km":10.29,"lon":101.59426,"lat":2.88306},"geometry":{"type":"Polygon","coordinates":[[[101.59294,2.8831],[101.59289,2.88296],[101.59624,2.88271],[101.59625,2.88289],[101.59491,2.88294],[101.59447,2.88378],[101.59294,2.8831]]]}},{"type":"Feature","properties":{"id":793261761,"kind":"lake","group":"storage","area_m2":15392,"km":3.01,"lon":101.65709,"lat":2.86415},"geometry":{"type":"Polygon","coordinates":[[[101.65619,2.86415],[101.65746,2.86469],[101.65796,2.86476],[101.65737,2.86358],[101.65679,2.86346],[101.65619,2.86415]]]}},{"type":"Feature","properties":{"id":975140251,"kind":"reservoir","group":"storage","area_m2":15101,"km":11.73,"lon":101.59749,"lat":2.79914},"geometry":{"type":"Polygon","coordinates":[[[101.59735,2.79978],[101.59819,2.79944],[101.59769,2.79819],[101.59685,2.79852],[101.59735,2.79978]]]}},{"type":"Feature","properties":{"id":793261732,"kind":"lake","group":"storage","area_m2":14936,"km":3.82,"lon":101.65846,"lat":2.88283},"geometry":{"type":"Polygon","coordinates":[[[101.65766,2.88337],[101.65845,2.88338],[101.65884,2.88293],[101.65971,2.88256],[101.65904,2.88199],[101.65778,2.88291],[101.65766,2.88337]]]}},{"type":"Feature","properties":{"id":393549970,"kind":"pond","group":"pond","area_m2":14807,"km":13.84,"lon":101.59054,"lat":2.94202},"geometry":{"type":"Polygon","coordinates":[[[101.58884,2.94223],[101.58921,2.94138],[101.59069,2.94215],[101.59118,2.94195],[101.59181,2.94218],[101.59281,2.94216],[101.58884,2.94223]]]}},{"type":"Feature","properties":{"id":944725571,"kind":"pond","group":"pond","area_m2":14717,"km":3.62,"lon":101.67737,"lat":2.82786},"geometry":{"type":"Polygon","coordinates":[[[101.67805,2.82823],[101.67804,2.82731],[101.67676,2.82736],[101.67674,2.82806],[101.67805,2.82823]]]}},{"type":"Feature","properties":{"id":944292853,"kind":"reservoir","group":"storage","area_m2":14620,"km":7.13,"lon":101.64549,"lat":2.9111},"geometry":{"type":"Polygon","coordinates":[[[101.64597,2.91062],[101.64553,2.91205],[101.64478,2.91183],[101.64521,2.91039],[101.64597,2.91062]]]}},{"type":"Feature","properties":{"id":492564246,"kind":"pond","group":"pond","area_m2":14560,"km":14.0,"lon":101.78223,"lat":2.78127,"name":"flood retention pond"},"geometry":{"type":"Polygon","coordinates":[[[101.78152,2.77978],[101.78148,2.78013],[101.78185,2.78075],[101.78198,2.78144],[101.7824,2.78179],[101.78242,2.78234],[101.78302,2.78286],[101.7831,2.78246],[101.78234,2.78125],[101.78216,2.7806],[101.78152,2.77978]]]}},{"type":"Feature","properties":{"id":878669710,"kind":"river","group":"channel","area_m2":14243,"km":14.51,"lon":101.65484,"lat":2.98681},"geometry":{"type":"Polygon","coordinates":[[[101.65162,2.9847],[101.65193,2.9849],[101.6525,2.98493],[101.65366,2.98661],[101.65399,2.98616],[101.6544,2.98613],[101.65523,2.98761],[101.65604,2.98849],[101.65637,2.98784],[101.65688,2.98745],[101.6594,2.98749],[101.65666,2.98769],[101.65628,2.98808],[101.65616,2.98854],[101.65594,2.98859],[101.65521,2.98774],[101.65435,2.98622],[101.65411,2.9862],[101.65376,2.98664],[101.65353,2.98661],[101.65244,2.98502],[101.65187,2.98497],[101.65162,2.9847]]]}},{"type":"Feature","properties":{"id":552080953,"kind":"lake","group":"storage","area_m2":14142,"km":13.35,"lon":101.74178,"lat":2.96474},"geometry":{"type":"Polygon","coordinates":[[[101.7414,2.96506],[101.74124,2.96452],[101.74151,2.96402],[101.74245,2.96415],[101.74253,2.96439],[101.74233,2.96519],[101.7414,2.96506]]]}},{"type":"Feature","properties":{"id":224735183,"kind":"water","group":"other","area_m2":13913,"km":13.76,"lon":101.80468,"lat":2.88603},"geometry":{"type":"Polygon","coordinates":[[[101.804,2.88583],[101.80425,2.88562],[101.80527,2.88558],[101.80561,2.88592],[101.80559,2.88622],[101.80422,2.88636],[101.80392,2.88622],[101.804,2.88583]]]}},{"type":"Feature","properties":{"id":1313126515,"kind":"pond","group":"pond","area_m2":13818,"km":13.7,"lon":101.76288,"lat":2.95405},"geometry":{"type":"Polygon","coordinates":[[[101.76225,2.95492],[101.76212,2.95489],[101.76217,2.95458],[101.76194,2.95449],[101.76202,2.95419],[101.76273,2.954],[101.76299,2.95376],[101.76302,2.95348],[101.76334,2.95339],[101.76381,2.9528],[101.76395,2.95344],[101.76328,2.95412],[101.7624,2.95459],[101.76225,2.95492]]]}},{"type":"Feature","properties":{"id":581762701,"kind":"pond","group":"pond","area_m2":13793,"km":9.84,"lon":101.67631,"lat":2.94781},"geometry":{"type":"Polygon","coordinates":[[[101.67599,2.94688],[101.67588,2.94701],[101.67613,2.94872],[101.67649,2.94878],[101.67668,2.94716],[101.67599,2.94688]]]}},{"type":"Feature","properties":{"id":1080236593,"kind":"pond","group":"pond","area_m2":13701,"km":11.87,"lon":101.78547,"lat":2.82717},"geometry":{"type":"Polygon","coordinates":[[[101.78532,2.82816],[101.78572,2.82828],[101.78588,2.82737],[101.78584,2.8261],[101.78565,2.8261],[101.78532,2.82698],[101.78486,2.82701],[101.78533,2.82781],[101.78532,2.82816]]]}},{"type":"Feature","properties":{"id":544542201,"kind":"pond","group":"pond","area_m2":13493,"km":4.97,"lon":101.68395,"lat":2.81508},"geometry":{"type":"Polygon","coordinates":[[[101.68332,2.81586],[101.68509,2.81465],[101.685,2.81455],[101.68364,2.81467],[101.68332,2.81491],[101.68332,2.81586]]]}},{"type":"Feature","properties":{"id":22675574,"kind":"water","group":"other","area_m2":12979,"km":14.39,"lon":101.71202,"lat":2.98589},"geometry":{"type":"Polygon","coordinates":[[[101.71113,2.98514],[101.71107,2.98497],[101.71144,2.98487],[101.71217,2.98584],[101.7127,2.98623],[101.71274,2.98669],[101.71257,2.9868],[101.71221,2.98663],[101.71113,2.98514]]]}},{"type":"Feature","properties":{"id":133357916,"kind":"lake","group":"storage","area_m2":12844,"km":10.55,"lon":101.64667,"lat":2.94693},"geometry":{"type":"Polygon","coordinates":[[[101.64632,2.94743],[101.64595,2.94684],[101.64634,2.94666],[101.64647,2.94725],[101.6465,2.94665],[101.64662,2.94674],[101.64683,2.94648],[101.64719,2.94638],[101.64731,2.9465],[101.64717,2.94758],[101.64632,2.94743]]]}},{"type":"Feature","properties":{"id":308051205,"kind":"lake","group":"storage","area_m2":12828,"km":8.71,"lon":101.75421,"lat":2.89394},"geometry":{"type":"Polygon","coordinates":[[[101.75346,2.89328],[101.7542,2.89455],[101.7547,2.89467],[101.75445,2.89434],[101.75456,2.89333],[101.75432,2.89317],[101.75346,2.89328]]]}},{"type":"Feature","properties":{"id":398667401,"kind":"pond","group":"pond","area_m2":12819,"km":14.9,"lon":101.55592,"lat":2.81957},"geometry":{"type":"Polygon","coordinates":[[[101.55509,2.81988],[101.5549,2.81966],[101.55492,2.8194],[101.5555,2.8196],[101.55581,2.81924],[101.55662,2.81923],[101.55709,2.81947],[101.55731,2.81979],[101.55509,2.81988]]]}},{"type":"Feature","properties":{"id":372796814,"kind":"reservoir","group":"storage","area_m2":12698,"km":12.64,"lon":101.77417,"lat":2.92861},"geometry":{"type":"Polygon","coordinates":[[[101.77364,2.92781],[101.77329,2.92876],[101.77382,2.92898],[101.77458,2.92877],[101.77471,2.92861],[101.7746,2.92836],[101.77364,2.92781]]]}},{"type":"Feature","properties":{"id":404265339,"kind":"pond","group":"pond","area_m2":12470,"km":6.0,"lon":101.62985,"lat":2.86023,"name":"Kolam Badak Air"},"geometry":{"type":"Polygon","coordinates":[[[101.62935,2.86063],[101.62922,2.86032],[101.62933,2.85976],[101.63056,2.85958],[101.63052,2.85982],[101.63022,2.85993],[101.63023,2.86045],[101.62999,2.86044],[101.62991,2.86068],[101.62953,2.86089],[101.62935,2.86063]]]}},{"type":"Feature","properties":{"id":295654412,"kind":"water","group":"other","area_m2":12435,"km":6.14,"lon":101.66572,"lat":2.91186},"geometry":{"type":"Polygon","coordinates":[[[101.66662,2.9103],[101.66556,2.91234],[101.66506,2.91375],[101.6647,2.91408],[101.66608,2.91056],[101.66645,2.9106],[101.66662,2.9103]]]}},{"type":"Feature","properties":{"id":445308561,"kind":"pond","group":"pond","area_m2":12418,"km":14.18,"lon":101.80458,"lat":2.81894},"geometry":{"type":"Polygon","coordinates":[[[101.80386,2.81923],[101.80369,2.81886],[101.8038,2.8186],[101.80442,2.81875],[101.80456,2.81862],[101.80553,2.81865],[101.80514,2.81938],[101.80386,2.81923]]]}},{"type":"Feature","properties":{"id":370532951,"kind":"water","group":"other","area_m2":12234,"km":10.07,"lon":101.77346,"lat":2.84685},"geometry":{"type":"Polygon","coordinates":[[[101.7728,2.84749],[101.77315,2.84761],[101.77429,2.84679],[101.77374,2.84657],[101.7736,2.8462],[101.77339,2.84618],[101.7728,2.84749]]]}},{"type":"Feature","properties":{"id":1080236675,"kind":"pond","group":"pond","area_m2":11983,"km":12.56,"lon":101.79624,"lat":2.84913},"geometry":{"type":"Polygon","coordinates":[[[101.79636,2.84963],[101.79733,2.84962],[101.79636,2.84873],[101.79562,2.84869],[101.79561,2.84901],[101.79636,2.84963]]]}},{"type":"Feature","properties":{"id":372796813,"kind":"reservoir","group":"storage","area_m2":11982,"km":12.49,"lon":101.77292,"lat":2.92805},"geometry":{"type":"Polygon","coordinates":[[[101.77328,2.92867],[101.77228,2.92812],[101.77255,2.9276],[101.77319,2.9276],[101.77359,2.92779],[101.77328,2.92867]]]}},{"type":"Feature","properties":{"id":652099756,"kind":"lake","group":"storage","area_m2":11560,"km":1.97,"lon":101.68038,"lat":2.87706},"geometry":{"type":"Polygon","coordinates":[[[101.67998,2.87681],[101.68072,2.87654],[101.68116,2.87688],[101.68119,2.87716],[101.67994,2.87747],[101.67968,2.87725],[101.67998,2.87681]]]}},{"type":"Feature","properties":{"id":1032914095,"kind":"pond","group":"pond","area_m2":11310,"km":2.82,"lon":101.70548,"lat":2.84655},"geometry":{"type":"Polygon","coordinates":[[[101.70511,2.84635],[101.70552,2.84681],[101.70524,2.84722],[101.70526,2.84749],[101.70544,2.84757],[101.70562,2.84717],[101.70557,2.84684],[101.70599,2.84629],[101.70591,2.84585],[101.70543,2.84557],[101.70511,2.84635]]]}},{"type":"Feature","properties":{"id":401377975,"kind":"lake","group":"storage","area_m2":11234,"km":2.61,"lon":101.68311,"lat":2.88316},"geometry":{"type":"Polygon","coordinates":[[[101.68272,2.88332],[101.68334,2.88365],[101.68401,2.88342],[101.68348,2.88273],[101.68324,2.88265],[101.68271,2.88286],[101.68272,2.88332]]]}},{"type":"Feature","properties":{"id":372965868,"kind":"water","group":"other","area_m2":11131,"km":14.42,"lon":101.7254,"lat":2.98241},"geometry":{"type":"Polygon","coordinates":[[[101.72529,2.98302],[101.72487,2.98179],[101.72503,2.98163],[101.72581,2.98214],[101.72601,2.98293],[101.72578,2.98307],[101.72529,2.98302]]]}},{"type":"Feature","properties":{"id":795426720,"kind":"lake","group":"storage","area_m2":11120,"km":2.35,"lon":101.67988,"lat":2.88045},"geometry":{"type":"Polygon","coordinates":[[[101.6791,2.88051],[101.67922,2.88086],[101.67998,2.88071],[101.6803,2.88085],[101.68055,2.88076],[101.68072,2.88031],[101.67948,2.88008],[101.6791,2.88051]]]}},{"type":"Feature","properties":{"id":661616601,"kind":"pond","group":"pond","area_m2":11108,"km":4.82,"lon":101.68408,"lat":2.81639,"name":"Kolam Tadahan Saujana KLIA"},"geometry":{"type":"Polygon","coordinates":[[[101.68332,2.81659],[101.68454,2.8157],[101.68472,2.81577],[101.6846,2.81674],[101.68332,2.81676],[101.68332,2.81659]]]}},{"type":"Feature","properties":{"id":295771726,"kind":"water","group":"other","area_m2":11058,"km":6.51,"lon":101.66813,"lat":2.91609},"geometry":{"type":"Polygon","coordinates":[[[101.6682,2.91678],[101.66784,2.917],[101.66791,2.91544],[101.6683,2.9152],[101.66851,2.91572],[101.6682,2.91678]]]}},{"type":"Feature","properties":{"id":793479967,"kind":"pond","group":"pond","area_m2":11020,"km":12.74,"lon":101.76525,"lat":2.7792},"geometry":{"type":"Polygon","coordinates":[[[101.76517,2.77955],[101.76514,2.77969],[101.76557,2.7798],[101.76558,2.77965],[101.76588,2.77968],[101.7656,2.77943],[101.76557,2.7789],[101.76509,2.77842],[101.76481,2.77864],[101.76469,2.77919],[101.76487,2.7795],[101.76517,2.77955]]]}},{"type":"Feature","properties":{"id":398667404,"kind":"pond","group":"pond","area_m2":10942,"km":14.62,"lon":101.55525,"lat":2.83217,"name":"flood retention pond"},"geometry":{"type":"Polygon","coordinates":[[[101.55463,2.83185],[101.55536,2.83272],[101.55564,2.83286],[101.5558,2.83277],[101.55543,2.83156],[101.55507,2.83138],[101.55463,2.83162],[101.55463,2.83185]]]}},{"type":"Feature","properties":{"id":394523671,"kind":"lake","group":"storage","area_m2":10927,"km":13.55,"lon":101.60153,"lat":2.94958},"geometry":{"type":"Polygon","coordinates":[[[101.6013,2.95042],[101.60107,2.94948],[101.6012,2.94903],[101.60232,2.94899],[101.6013,2.95042]]]}},{"type":"Feature","properties":{"id":144286351,"kind":"water","group":"other","area_m2":10877,"km":12.1,"lon":101.73006,"lat":2.76129},"geometry":{"type":"Polygon","coordinates":[[[101.7296,2.76095],[101.7293,2.76121],[101.72995,2.7618],[101.73037,2.76169],[101.73084,2.76117],[101.73029,2.76084],[101.7296,2.76095]]]}},{"type":"Feature","properties":{"id":133357929,"kind":"pond","group":"pond","area_m2":10848,"km":12.29,"lon":101.61629,"lat":2.94709},"geometry":{"type":"Polygon","coordinates":[[[101.61669,2.94744],[101.61669,2.94656],[101.61569,2.94656],[101.61569,2.94744],[101.61669,2.94744]]]}},{"type":"Feature","properties":{"id":686317454,"kind":"pond","group":"pond","area_m2":10613,"km":10.73,"lon":101.62251,"lat":2.93416},"geometry":{"type":"Polygon","coordinates":[[[101.62125,2.93538],[101.62145,2.9354],[101.62165,2.93509],[101.62221,2.935],[101.62258,2.93465],[101.62335,2.933],[101.62365,2.93292],[101.62384,2.93306],[101.62364,2.93271],[101.62343,2.93269],[101.62283,2.93342],[101.6223,2.93459],[101.62135,2.93504],[101.62125,2.93538]]]}},{"type":"Feature","properties":{"id":1064117553,"kind":"pond","group":"pond","area_m2":10499,"km":1.36,"lon":101.69265,"lat":2.8513},"geometry":{"type":"Polygon","coordinates":[[[101.69192,2.851],[101.69267,2.851],[101.69392,2.85239],[101.69348,2.85116],[101.69252,2.85081],[101.69065,2.85054],[101.69192,2.851]]]}},{"type":"Feature","properties":{"id":372965219,"kind":"water","group":"other","area_m2":10449,"km":13.65,"lon":101.70976,"lat":2.97956},"geometry":{"type":"Polygon","coordinates":[[[101.70888,2.98025],[101.70924,2.97974],[101.71027,2.97887],[101.71102,2.97854],[101.71029,2.97941],[101.70888,2.98025]]]}},{"type":"Feature","properties":{"id":394540182,"kind":"lake","group":"storage","area_m2":10327,"km":11.87,"lon":101.62516,"lat":2.94884},"geometry":{"type":"Polygon","coordinates":[[[101.62422,2.9484],[101.62487,2.94809],[101.62537,2.94819],[101.62538,2.9486],[101.62572,2.94879],[101.62579,2.94942],[101.62562,2.94987],[101.6255,2.94988],[101.62559,2.94959],[101.62544,2.94924],[101.62503,2.9487],[101.62464,2.9484],[101.62422,2.9484]]]}},{"type":"Feature","properties":{"id":605790609,"kind":"water","group":"other","area_m2":10186,"km":9.24,"lon":101.76668,"lat":2.86575},"geometry":{"type":"Polygon","coordinates":[[[101.76603,2.86306],[101.76621,2.86311],[101.76671,2.86389],[101.76704,2.86547],[101.76699,2.86758],[101.76634,2.8687],[101.7663,2.86826],[101.76676,2.86785],[101.76668,2.86725],[101.76689,2.86685],[101.76693,2.86555],[101.76675,2.8652],[101.76681,2.8644],[101.76659,2.86406],[101.76639,2.8641],[101.76646,2.86382],[101.76603,2.86306]]]}},{"type":"Feature","properties":{"id":793261737,"kind":"lake","group":"storage","area_m2":10133,"km":3.99,"lon":101.65174,"lat":2.87587},"geometry":{"type":"Polygon","coordinates":[[[101.65091,2.87625],[101.65144,2.87661],[101.65163,2.8758],[101.65184,2.87565],[101.65259,2.87579],[101.65257,2.87549],[101.65237,2.87562],[101.65132,2.87526],[101.65091,2.87625]]]}},{"type":"Feature","properties":{"id":506480966,"kind":"basin","group":"treatment","area_m2":10092,"km":13.43,"lon":101.80311,"lat":2.84073},"geometry":{"type":"Polygon","coordinates":[[[101.80268,2.84184],[101.80299,2.84185],[101.80312,2.84168],[101.80303,2.84126],[101.80354,2.83974],[101.80304,2.83979],[101.80303,2.84039],[101.80275,2.84077],[101.80276,2.84132],[101.80259,2.84157],[101.80268,2.84184]]]}},{"type":"Feature","properties":{"id":724379662,"kind":"pond","group":"pond","area_m2":10051,"km":14.76,"lon":101.80457,"lat":2.80463},"geometry":{"type":"Polygon","coordinates":[[[101.80387,2.80444],[101.80445,2.8039],[101.80499,2.80459],[101.80494,2.80486],[101.80458,2.80522],[101.80387,2.80444]]]}},{"type":"Feature","properties":{"id":401377976,"kind":"lake","group":"storage","area_m2":9966,"km":2.68,"lon":101.68566,"lat":2.88367},"geometry":{"type":"Polygon","coordinates":[[[101.68557,2.88419],[101.68546,2.88373],[101.68523,2.88364],[101.68514,2.88319],[101.68528,2.88308],[101.68564,2.88306],[101.68598,2.88325],[101.68621,2.8837],[101.68613,2.88406],[101.68585,2.88407],[101.68575,2.8843],[101.68557,2.88419]]]}},{"type":"Feature","properties":{"id":652099759,"kind":"lake","group":"storage","area_m2":9936,"km":2.58,"lon":101.68806,"lat":2.88249},"geometry":{"type":"Polygon","coordinates":[[[101.68788,2.8821],[101.68842,2.88211],[101.68873,2.88271],[101.68799,2.88295],[101.68765,2.88288],[101.68753,2.88233],[101.68788,2.8821]]]}},{"type":"Feature","properties":{"id":1235601949,"kind":"lake","group":"storage","area_m2":9868,"km":8.95,"lon":101.67274,"lat":2.93936},"geometry":{"type":"Polygon","coordinates":[[[101.67264,2.93988],[101.67223,2.93933],[101.67236,2.93896],[101.67265,2.93879],[101.67306,2.93897],[101.67336,2.9395],[101.67309,2.93979],[101.67264,2.93988]]]}},{"type":"Feature","properties":{"id":393549961,"kind":"pond","group":"pond","area_m2":9825,"km":14.08,"lon":101.58528,"lat":2.93913},"geometry":{"type":"Polygon","coordinates":[[[101.58465,2.93905],[101.5849,2.93858],[101.58623,2.93925],[101.58599,2.93972],[101.58465,2.93905]]]}},{"type":"Feature","properties":{"id":750330565,"kind":"basin","group":"treatment","area_m2":9752,"km":7.65,"lon":101.64741,"lat":2.80134},"geometry":{"type":"Polygon","coordinates":[[[101.64742,2.80185],[101.64803,2.80138],[101.6474,2.80058],[101.64679,2.80105],[101.64742,2.80185]]]}},{"type":"Feature","properties":{"id":750330566,"kind":"basin","group":"treatment","area_m2":9657,"km":7.48,"lon":101.6477,"lat":2.80303},"geometry":{"type":"Polygon","coordinates":[[[101.64791,2.80363],[101.64832,2.8033],[101.64739,2.80214],[101.64698,2.80247],[101.64791,2.80363]]]}},{"type":"Feature","properties":{"id":144286369,"kind":"water","group":"other","area_m2":9637,"km":12.49,"lon":101.72654,"lat":2.75592},"geometry":{"type":"Polygon","coordinates":[[[101.72622,2.7564],[101.72645,2.75644],[101.7268,2.75597],[101.72741,2.75577],[101.72741,2.75537],[101.72656,2.75525],[101.72622,2.7564]]]}},{"type":"Feature","properties":{"id":639921403,"kind":"lake","group":"storage","area_m2":9622,"km":10.93,"lon":101.64135,"lat":2.94827},"geometry":{"type":"Polygon","coordinates":[[[101.64086,2.94885],[101.64116,2.94902],[101.64164,2.94859],[101.64181,2.94833],[101.64184,2.94769],[101.64125,2.94763],[101.64121,2.94847],[101.64086,2.94885]]]}},{"type":"Feature","properties":{"id":144286367,"kind":"water","group":"other","area_m2":9568,"km":11.77,"lon":101.73134,"lat":2.76525},"geometry":{"type":"Polygon","coordinates":[[[101.73059,2.76526],[101.73138,2.76575],[101.73253,2.76495],[101.73082,2.76496],[101.73059,2.76526]]]}},{"type":"Feature","properties":{"id":896443591,"kind":"pond","group":"pond","area_m2":9443,"km":4.2,"lon":101.70084,"lat":2.8934},"geometry":{"type":"Polygon","coordinates":[[[101.69998,2.89301],[101.70017,2.8928],[101.70187,2.89372],[101.70191,2.89386],[101.70168,2.89409],[101.69998,2.89301]]]}},{"type":"Feature","properties":{"id":1312931610,"kind":"pond","group":"pond","area_m2":9406,"km":14.49,"lon":101.77059,"lat":2.9568},"geometry":{"type":"Polygon","coordinates":[[[101.77089,2.95739],[101.77053,2.95717],[101.77076,2.95689],[101.77057,2.95667],[101.77024,2.95694],[101.77001,2.95687],[101.77007,2.95647],[101.7708,2.95649],[101.77164,2.95683],[101.77161,2.95706],[101.77119,2.95709],[101.77089,2.95739]]]}},{"type":"Feature","properties":{"id":793261734,"kind":"lake","group":"storage","area_m2":9355,"km":3.79,"lon":101.65799,"lat":2.882},"geometry":{"type":"Polygon","coordinates":[[[101.6574,2.88256],[101.65843,2.88199],[101.65902,2.88128],[101.65849,2.88135],[101.65773,2.88173],[101.65773,2.88205],[101.6574,2.88256]]]}},{"type":"Feature","properties":{"id":978104185,"kind":"pond","group":"pond","area_m2":9321,"km":7.45,"lon":101.74528,"lat":2.88622},"geometry":{"type":"Polygon","coordinates":[[[101.74472,2.88605],[101.74522,2.88683],[101.74547,2.88694],[101.7457,2.88668],[101.74591,2.8859],[101.74539,2.88588],[101.74514,2.88613],[101.74481,2.88587],[101.74472,2.88605]]]}},{"type":"Feature","properties":{"id":420952876,"kind":"pond","group":"pond","area_m2":9118,"km":8.33,"lon":101.67521,"lat":2.78538},"geometry":{"type":"Polygon","coordinates":[[[101.67527,2.78584],[101.67466,2.78563],[101.67454,2.78501],[101.67575,2.78507],[101.67584,2.7854],[101.67532,2.78544],[101.67527,2.78584]]]}},{"type":"Feature","properties":{"id":877911473,"kind":"basin","group":"treatment","area_m2":8827,"km":6.8,"lon":101.63934,"lat":2.90167},"geometry":{"type":"Polygon","coordinates":[[[101.63948,2.90116],[101.63988,2.90141],[101.63956,2.90219],[101.6389,2.902],[101.63872,2.90178],[101.63876,2.90165],[101.63901,2.90171],[101.63896,2.90149],[101.63926,2.90112],[101.63948,2.90116]]]}},{"type":"Feature","properties":{"id":22675579,"kind":"water","group":"other","area_m2":8765,"km":14.62,"lon":101.71301,"lat":2.98778},"geometry":{"type":"Polygon","coordinates":[[[101.71253,2.98723],[101.71298,2.98703],[101.71342,2.98806],[101.71335,2.98854],[101.71309,2.9886],[101.71253,2.98723]]]}},{"type":"Feature","properties":{"id":793403922,"kind":"pond","group":"pond","area_m2":8717,"km":3.34,"lon":101.70378,"lat":2.83732},"geometry":{"type":"Polygon","coordinates":[[[101.70336,2.83736],[101.70409,2.83782],[101.70423,2.83689],[101.70333,2.83686],[101.70336,2.83736]]]}},{"type":"Feature","properties":{"id":1122903930,"kind":"pond","group":"pond","area_m2":8495,"km":12.18,"lon":101.72915,"lat":2.95935},"geometry":{"type":"Polygon","coordinates":[[[101.7286,2.95884],[101.72845,2.95843],[101.72891,2.95823],[101.72913,2.95927],[101.7299,2.96031],[101.7299,2.96058],[101.72942,2.96041],[101.72951,2.95999],[101.72888,2.95902],[101.7286,2.95884]]]}},{"type":"Feature","properties":{"id":171882331,"kind":"river","group":"channel","area_m2":8492,"km":11.97,"lon":101.76822,"lat":2.79298},"geometry":{"type":"Polygon","coordinates":[[[101.76636,2.79325],[101.76697,2.79266],[101.76768,2.79256],[101.76997,2.79299],[101.77085,2.79358],[101.77074,2.79368],[101.77014,2.7932],[101.76772,2.79271],[101.76704,2.79277],[101.76654,2.79329],[101.76636,2.79325]]]}},{"type":"Feature","properties":{"id":137634164,"kind":"water","group":"other","area_m2":8475,"km":13.53,"lon":101.72918,"lat":2.97247},"geometry":{"type":"Polygon","coordinates":[[[101.72952,2.97292],[101.7296,2.97208],[101.72977,2.97189],[101.72919,2.97188],[101.72914,2.97252],[101.72816,2.97283],[101.72952,2.97292]]]}},{"type":"Feature","properties":{"id":581756065,"kind":"lake","group":"storage","area_m2":8341,"km":12.56,"lon":101.64039,"lat":2.96385},"geometry":{"type":"Polygon","coordinates":[[[101.64005,2.96409],[101.64064,2.96419],[101.64095,2.9639],[101.64101,2.96361],[101.64049,2.96344],[101.64001,2.96352],[101.63987,2.96389],[101.64005,2.96409]]]}},{"type":"Feature","properties":{"id":133480493,"kind":"lake","group":"storage","area_m2":8338,"km":8.9,"lon":101.64468,"lat":2.92948},"geometry":{"type":"Polygon","coordinates":[[[101.64441,2.92972],[101.64422,2.92906],[101.64486,2.92914],[101.6451,2.92881],[101.6449,2.93013],[101.64454,2.93013],[101.64441,2.92972]]]}},{"type":"Feature","properties":{"id":978104184,"kind":"pond","group":"pond","area_m2":8152,"km":7.5,"lon":101.74631,"lat":2.88495},"geometry":{"type":"Polygon","coordinates":[[[101.74552,2.88564],[101.74588,2.8856],[101.74613,2.88524],[101.74672,2.88503],[101.74676,2.88469],[101.74705,2.88431],[101.74699,2.88411],[101.74666,2.88433],[101.74649,2.8848],[101.74582,2.88501],[101.74552,2.88564]]]}},{"type":"Feature","properties":{"id":370532903,"kind":"water","group":"other","area_m2":8127,"km":10.52,"lon":101.7771,"lat":2.84387},"geometry":{"type":"Polygon","coordinates":[[[101.77669,2.84331],[101.77718,2.84302],[101.77735,2.84324],[101.77745,2.84425],[101.77719,2.84461],[101.7771,2.8443],[101.77683,2.84427],[101.777,2.84393],[101.77669,2.84331]]]}},{"type":"Feature","properties":{"id":1312931611,"kind":"pond","group":"pond","area_m2":8114,"km":14.36,"lon":101.77207,"lat":2.95391},"geometry":{"type":"Polygon","coordinates":[[[101.77212,2.95346],[101.77268,2.95345],[101.77276,2.95377],[101.77232,2.95423],[101.7721,2.95414],[101.77202,2.95429],[101.77153,2.95396],[101.77212,2.95346]]]}},{"type":"Feature","properties":{"id":787651637,"kind":"lake","group":"storage","area_m2":8093,"km":12.81,"lon":101.70696,"lat":2.97244},"geometry":{"type":"Polygon","coordinates":[[[101.70654,2.97312],[101.70677,2.97293],[101.70726,2.97293],[101.70708,2.97237],[101.70728,2.97187],[101.70688,2.97189],[101.70658,2.97226],[101.70654,2.97312]]]}},{"type":"Feature","properties":{"id":1080236594,"kind":"pond","group":"pond","area_m2":8071,"km":12.17,"lon":101.78821,"lat":2.82678},"geometry":{"type":"Polygon","coordinates":[[[101.7877,2.82731],[101.7878,2.82774],[101.78832,2.82717],[101.78838,2.82683],[101.78864,2.82659],[101.78863,2.82572],[101.7877,2.82731]]]}},{"type":"Feature","properties":{"id":562925315,"kind":"basin","group":"treatment","area_m2":8064,"km":13.93,"lon":101.64833,"lat":2.97973},"geometry":{"type":"Polygon","coordinates":[[[101.64872,2.98006],[101.64843,2.98016],[101.64783,2.97988],[101.64789,2.97948],[101.64827,2.9793],[101.64862,2.97933],[101.64872,2.98006]]]}},{"type":"Feature","properties":{"id":1080236596,"kind":"pond","group":"pond","area_m2":8021,"km":13.5,"lon":101.80026,"lat":2.82552},"geometry":{"type":"Polygon","coordinates":[[[101.7998,2.82524],[101.79977,2.82501],[101.80054,2.82498],[101.80047,2.82625],[101.80018,2.82624],[101.80006,2.82558],[101.7998,2.82524]]]}},{"type":"Feature","properties":{"id":492630583,"kind":"pond","group":"pond","area_m2":7994,"km":14.83,"lon":101.77007,"lat":2.75814,"name":"Flood Retention Pond"},"geometry":{"type":"Polygon","coordinates":[[[101.76953,2.75776],[101.77011,2.75847],[101.77019,2.75893],[101.77035,2.75877],[101.7707,2.75878],[101.77082,2.75828],[101.77026,2.75812],[101.76997,2.75762],[101.76953,2.75776]]]}},{"type":"Feature","properties":{"id":394523670,"kind":"pond","group":"pond","area_m2":7990,"km":13.22,"lon":101.59887,"lat":2.94282},"geometry":{"type":"Polygon","coordinates":[[[101.59751,2.9429],[101.59753,2.94264],[101.59807,2.94262],[101.59983,2.94278],[101.60029,2.94304],[101.59856,2.94284],[101.59751,2.9429]]]}},{"type":"Feature","properties":{"id":1544510828,"kind":"pond","group":"pond","area_m2":7656,"km":14.51,"lon":101.80084,"lat":2.91737},"geometry":{"type":"Polygon","coordinates":[[[101.8,2.91706],[101.80008,2.91725],[101.80075,2.91766],[101.80153,2.91795],[101.80177,2.91787],[101.80108,2.91755],[101.8007,2.91682],[101.8,2.91706]]]}},{"type":"Feature","properties":{"id":22675581,"kind":"water","group":"other","area_m2":7613,"km":14.87,"lon":101.71307,"lat":2.99007},"geometry":{"type":"Polygon","coordinates":[[[101.7129,2.9899],[101.71311,2.98879],[101.71326,2.98875],[101.71322,2.9907],[101.71296,2.99067],[101.7129,2.9899]]]}},{"type":"Feature","properties":{"id":1112036683,"kind":"canal","group":"channel","area_m2":7543,"km":12.9,"lon":101.6772,"lat":2.74404},"geometry":{"type":"Polygon","coordinates":[[[101.6758,2.74322],[101.67592,2.74308],[101.67922,2.74535],[101.67937,2.74558],[101.6758,2.74322]]]}},{"type":"Feature","properties":{"id":944725533,"kind":"pond","group":"pond","area_m2":7343,"km":5.37,"lon":101.72569,"lat":2.83573},"geometry":{"type":"Polygon","coordinates":[[[101.72554,2.83643],[101.72595,2.8363],[101.72583,2.83497],[101.72549,2.83517],[101.72554,2.83643]]]}},{"type":"Feature","properties":{"id":793261740,"kind":"pond","group":"pond","area_m2":7205,"km":3.42,"lon":101.65713,"lat":2.87501},"geometry":{"type":"Polygon","coordinates":[[[101.65689,2.87587],[101.65706,2.87578],[101.65761,2.87453],[101.65703,2.87425],[101.65689,2.87587]]]}},{"type":"Feature","properties":{"id":788290509,"kind":"pond","group":"pond","area_m2":7197,"km":13.13,"lon":101.67101,"lat":2.97699},"geometry":{"type":"Polygon","coordinates":[[[101.67043,2.97703],[101.67158,2.97743],[101.67149,2.97683],[101.67115,2.9765],[101.67045,2.97682],[101.67043,2.97703]]]}},{"type":"Feature","properties":{"id":1222271535,"kind":"pond","group":"pond","area_m2":7166,"km":3.85,"lon":101.67052,"lat":2.89162},"geometry":{"type":"Polygon","coordinates":[[[101.67109,2.89228],[101.67068,2.89194],[101.67027,2.89045],[101.67008,2.89095],[101.67012,2.89174],[101.67039,2.89204],[101.67109,2.89228]]]}},{"type":"Feature","properties":{"id":878669709,"kind":"river","group":"channel","area_m2":7165,"km":14.95,"lon":101.64998,"lat":2.98966},"geometry":{"type":"Polygon","coordinates":[[[101.64855,2.98735],[101.64845,2.98808],[101.64884,2.98887],[101.64932,2.98916],[101.64935,2.98962],[101.65008,2.98987],[101.65026,2.99036],[101.65074,2.99016],[101.65086,2.99039],[101.65155,2.99029],[101.65153,2.99097],[101.65148,2.99036],[101.65121,2.99033],[101.65097,2.99055],[101.65069,2.99028],[101.65021,2.99044],[101.64992,2.9899],[101.64929,2.98967],[101.6492,2.9892],[101.64878,2.98892],[101.64833,2.98809],[101.64855,2.98735]]]}},{"type":"Feature","properties":{"id":22675583,"kind":"water","group":"other","area_m2":7124,"km":14.85,"lon":101.71221,"lat":2.99002},"geometry":{"type":"Polygon","coordinates":[[[101.71254,2.99009],[101.71271,2.98993],[101.71273,2.99066],[101.71147,2.98991],[101.71148,2.98946],[101.71254,2.99009]]]}},{"type":"Feature","properties":{"id":1112036682,"kind":"canal","group":"channel","area_m2":7100,"km":13.13,"lon":101.67445,"lat":2.74217},"geometry":{"type":"Polygon","coordinates":[[[101.67301,2.74132],[101.67312,2.74116],[101.67592,2.74308],[101.6758,2.74322],[101.67301,2.74132]]]}},{"type":"Feature","properties":{"id":1080255456,"kind":"pond","group":"pond","area_m2":7029,"km":12.37,"lon":101.79509,"lat":2.85948},"geometry":{"type":"Polygon","coordinates":[[[101.79452,2.85982],[101.79564,2.8598],[101.79545,2.85956],[101.79565,2.85919],[101.7955,2.85907],[101.7948,2.85912],[101.79474,2.85963],[101.79452,2.85982]]]}},{"type":"Feature","properties":{"id":390948274,"kind":"water","group":"other","area_m2":6996,"km":11.17,"lon":101.74387,"lat":2.94016},"geometry":{"type":"Polygon","coordinates":[[[101.74371,2.94052],[101.74354,2.94034],[101.74348,2.93981],[101.7438,2.9396],[101.74438,2.94013],[101.74371,2.94052]]]}},{"type":"Feature","properties":{"id":486263996,"kind":"pond","group":"pond","area_m2":6971,"km":13.84,"lon":101.56831,"lat":2.90621},"geometry":{"type":"Polygon","coordinates":[[[101.56787,2.9058],[101.56878,2.90591],[101.56872,2.90651],[101.56806,2.90664],[101.56787,2.9058]]]}},{"type":"Feature","properties":{"id":1111259679,"kind":"stream","group":"channel","area_m2":6881,"km":9.66,"lon":101.70172,"lat":2.77484},"geometry":{"type":"Polygon","coordinates":[[[101.6992,2.78028],[101.69827,2.77958],[101.70977,2.76239],[101.69821,2.77957],[101.6992,2.78028]]]}},{"type":"Feature","properties":{"id":393549964,"kind":"pond","group":"pond","area_m2":6875,"km":13.98,"lon":101.58736,"lat":2.94034},"geometry":{"type":"Polygon","coordinates":[[[101.5861,2.93976],[101.58892,2.9411],[101.58875,2.94101],[101.5888,2.94087],[101.58733,2.94011],[101.58712,2.94028],[101.5861,2.93976]]]}},{"type":"Feature","properties":{"id":370536210,"kind":"water","group":"other","area_m2":6681,"km":9.24,"lon":101.76591,"lat":2.84695},"geometry":{"type":"Polygon","coordinates":[[[101.76593,2.84808],[101.76576,2.84769],[101.76564,2.84616],[101.76586,2.84585],[101.76618,2.84691],[101.76593,2.84757],[101.76593,2.84808]]]}},{"type":"Feature","properties":{"id":1111071635,"kind":"stream","group":"channel","area_m2":6650,"km":13.61,"lon":101.70223,"lat":2.7388},"geometry":{"type":"Polygon","coordinates":[[[101.70091,2.7407],[101.701,2.74075],[101.7042,2.73596],[101.70413,2.73591],[101.70091,2.7407]]]}},{"type":"Feature","properties":{"id":171882329,"kind":"river","group":"channel","area_m2":6593,"km":11.64,"lon":101.76479,"lat":2.79349},"geometry":{"type":"Polygon","coordinates":[[[101.76356,2.79349],[101.76378,2.79339],[101.76462,2.79353],[101.76506,2.79332],[101.76654,2.79329],[101.76533,2.79345],[101.76428,2.7938],[101.76356,2.79349]]]}},{"type":"Feature","properties":{"id":594155836,"kind":"pond","group":"pond","area_m2":6593,"km":2.67,"lon":101.68125,"lat":2.83584},"geometry":{"type":"Polygon","coordinates":[[[101.68006,2.83603],[101.68046,2.8358],[101.68108,2.8358],[101.68113,2.8356],[101.68169,2.83556],[101.68182,2.83572],[101.6823,2.83558],[101.68256,2.83593],[101.68006,2.83603]]]}},{"type":"Feature","properties":{"id":548927933,"kind":"pond","group":"pond","area_m2":6503,"km":8.69,"lon":101.74044,"lat":2.91346},"geometry":{"type":"Polygon","coordinates":[[[101.74054,2.9129],[101.74031,2.91293],[101.74012,2.91367],[101.74014,2.91391],[101.74044,2.91409],[101.74074,2.91398],[101.74097,2.91363],[101.74053,2.91354],[101.74054,2.9129]]]}},{"type":"Feature","properties":{"id":1111067425,"kind":"stream","group":"channel","area_m2":6426,"km":14.78,"lon":101.70863,"lat":2.72927},"geometry":{"type":"Polygon","coordinates":[[[101.70735,2.73111],[101.70743,2.73116],[101.71055,2.72651],[101.71048,2.72646],[101.70735,2.73111]]]}},{"type":"Feature","properties":{"id":144286362,"kind":"water","group":"other","area_m2":6350,"km":11.79,"lon":101.72476,"lat":2.76201},"geometry":{"type":"Polygon","coordinates":[[[101.7242,2.762],[101.72497,2.76243],[101.7253,2.7621],[101.72513,2.76186],[101.72449,2.76166],[101.72428,2.76172],[101.7242,2.762]]]}},{"type":"Feature","properties":{"id":1435239624,"kind":"lake","group":"storage","area_m2":6317,"km":12.9,"lon":101.72904,"lat":2.96642},"geometry":{"type":"Polygon","coordinates":[[[101.72893,2.9662],[101.72986,2.96751],[101.72975,2.96776],[101.72963,2.96782],[101.72883,2.96633],[101.72834,2.96518],[101.72841,2.96504],[101.72893,2.9662]]]}},{"type":"Feature","properties":{"id":1277872923,"kind":"pond","group":"pond","area_m2":6309,"km":10.51,"lon":101.62542,"lat":2.93397},"geometry":{"type":"Polygon","coordinates":[[[101.62503,2.9344],[101.62567,2.93468],[101.62553,2.93319],[101.62503,2.9344]]]}},{"type":"Feature","properties":{"id":1387176842,"kind":"basin","group":"treatment","area_m2":6265,"km":13.7,"lon":101.7961,"lat":2.91031},"geometry":{"type":"Polygon","coordinates":[[[101.79616,2.91109],[101.79629,2.91109],[101.7963,2.91067],[101.79603,2.90944],[101.79573,2.90963],[101.79616,2.91109]]]}},{"type":"Feature","properties":{"id":295783811,"kind":"water","group":"other","area_m2":6230,"km":7.16,"lon":101.67258,"lat":2.92306},"geometry":{"type":"Polygon","coordinates":[[[101.67314,2.92263],[101.67301,2.92316],[101.67194,2.92371],[101.67254,2.92297],[101.67266,2.92252],[101.67314,2.92263]]]}},{"type":"Feature","properties":{"id":1313126514,"kind":"pond","group":"pond","area_m2":6110,"km":13.66,"lon":101.76471,"lat":2.95206},"geometry":{"type":"Polygon","coordinates":[[[101.76461,2.9523],[101.76421,2.95205],[101.76455,2.95162],[101.76485,2.95171],[101.76521,2.95209],[101.76491,2.95237],[101.76461,2.9523]]]}},{"type":"Feature","properties":{"id":1032914097,"kind":"pond","group":"pond","area_m2":6104,"km":2.28,"lon":101.70317,"lat":2.85299},"geometry":{"type":"Polygon","coordinates":[[[101.70287,2.85276],[101.70407,2.85282],[101.7038,2.85305],[101.70283,2.85333],[101.70287,2.85276]]]}},{"type":"Feature","properties":{"id":605790608,"kind":"water","group":"other","area_m2":6087,"km":8.83,"lon":101.76313,"lat":2.86273},"geometry":{"type":"Polygon","coordinates":[[[101.76299,2.86291],[101.76242,2.86291],[101.7624,2.86259],[101.76314,2.86268],[101.76348,2.86242],[101.76365,2.86267],[101.76397,2.86278],[101.76383,2.86296],[101.76318,2.86302],[101.76299,2.86291]]]}},{"type":"Feature","properties":{"id":1015760154,"kind":"pond","group":"pond","area_m2":6061,"km":10.65,"lon":101.73843,"lat":2.93834},"geometry":{"type":"Polygon","coordinates":[[[101.73745,2.93853],[101.73863,2.93824],[101.73975,2.93857],[101.73983,2.93845],[101.73976,2.93822],[101.73924,2.93827],[101.73906,2.93805],[101.73869,2.93802],[101.73745,2.93853]]]}},{"type":"Feature","properties":{"id":998305283,"kind":"pond","group":"pond","area_m2":5961,"km":8.02,"lon":101.69331,"lat":2.9311},"geometry":{"type":"Polygon","coordinates":[[[101.69164,2.93254],[101.69361,2.93175],[101.69399,2.93135],[101.6942,2.93047],[101.69417,2.92968],[101.69456,2.92868],[101.69411,2.92936],[101.69413,2.93061],[101.6938,2.93147],[101.69159,2.93245],[101.69164,2.93254]]]}},{"type":"Feature","properties":{"id":581755614,"kind":"lake","group":"storage","area_m2":5808,"km":12.41,"lon":101.64003,"lat":2.96222},"geometry":{"type":"Polygon","coordinates":[[[101.63964,2.96249],[101.63993,2.96158],[101.64039,2.9625],[101.6401,2.9627],[101.63964,2.96249]]]}},{"type":"Feature","properties":{"id":390763689,"kind":"wetland","group":"wetland","area_m2":5523,"km":10.01,"lon":101.7529,"lat":2.91735},"geometry":{"type":"Polygon","coordinates":[[[101.75265,2.91782],[101.75233,2.9172],[101.75264,2.91731],[101.7533,2.91705],[101.7534,2.91721],[101.75319,2.91763],[101.75265,2.91782]]]}},{"type":"Feature","properties":{"id":390948272,"kind":"reservoir","group":"storage","area_m2":5513,"km":11.1,"lon":101.73896,"lat":2.94282},"geometry":{"type":"Polygon","coordinates":[[[101.73836,2.94278],[101.73862,2.943],[101.73967,2.94299],[101.7395,2.94266],[101.73853,2.94262],[101.73836,2.94278]]]}},{"type":"Feature","properties":{"id":1117850952,"kind":"wetland","group":"wetland","area_m2":5500,"km":12.83,"lon":101.78155,"lat":2.92096},"geometry":{"type":"Polygon","coordinates":[[[101.78178,2.92201],[101.78206,2.92206],[101.78189,2.92079],[101.7816,2.92042],[101.78096,2.92039],[101.78098,2.92063],[101.78142,2.92063],[101.78172,2.9209],[101.78178,2.92201]]]}},{"type":"Feature","properties":{"id":792025310,"kind":"pond","group":"pond","area_m2":5465,"km":7.31,"lon":101.72847,"lat":2.81158},"geometry":{"type":"Polygon","coordinates":[[[101.72852,2.81106],[101.72886,2.81157],[101.72846,2.81202],[101.72824,2.81205],[101.72817,2.81174],[101.72852,2.81106]]]}},{"type":"Feature","properties":{"id":1151175386,"kind":"pond","group":"pond","area_m2":5448,"km":10.01,"lon":101.65755,"lat":2.94576},"geometry":{"type":"Polygon","coordinates":[[[101.65713,2.94616],[101.65844,2.9456],[101.65789,2.94535],[101.65729,2.94558],[101.65724,2.94589],[101.65758,2.94587],[101.65712,2.94601],[101.65713,2.94616]]]}},{"type":"Feature","properties":{"id":1111158757,"kind":"stream","group":"channel","area_m2":5370,"km":12.67,"lon":101.70483,"lat":2.74785},"geometry":{"type":"Polygon","coordinates":[[[101.70638,2.74895],[101.70644,2.74887],[101.70251,2.74621],[101.70245,2.74629],[101.70638,2.74895]]]}},{"type":"Feature","properties":{"id":954213823,"kind":"pond","group":"pond","area_m2":5309,"km":8.49,"lon":101.6254,"lat":2.8106},"geometry":{"type":"Polygon","coordinates":[[[101.62502,2.8106],[101.62556,2.81109],[101.62579,2.81062],[101.62523,2.81011],[101.62502,2.8106]]]}},{"type":"Feature","properties":{"id":1315467050,"kind":"pond","group":"pond","area_m2":5239,"km":14.11,"lon":101.76337,"lat":2.95841},"geometry":{"type":"Polygon","coordinates":[[[101.76315,2.95783],[101.76379,2.95853],[101.76355,2.95923],[101.7634,2.9591],[101.76342,2.95856],[101.76295,2.95796],[101.76315,2.95783]]]}},{"type":"Feature","properties":{"id":1110791345,"kind":"stream","group":"channel","area_m2":5233,"km":13.72,"lon":101.71151,"lat":2.73957},"geometry":{"type":"Polygon","coordinates":[[[101.70899,2.73784],[101.70896,2.73789],[101.71528,2.74217],[101.71532,2.74212],[101.70899,2.73784]]]}},{"type":"Feature","properties":{"id":793261768,"kind":"pond","group":"pond","area_m2":5200,"km":2.13,"lon":101.66559,"lat":2.8658},"geometry":{"type":"Polygon","coordinates":[[[101.66519,2.86582],[101.66543,2.86602],[101.66561,2.86591],[101.66604,2.8661],[101.6657,2.86531],[101.66542,2.86522],[101.66519,2.86582]]]}},{"type":"Feature","properties":{"id":1079833936,"kind":"pond","group":"pond","area_m2":5182,"km":9.66,"lon":101.72276,"lat":2.93731},"geometry":{"type":"Polygon","coordinates":[[[101.7227,2.93643],[101.7229,2.93701],[101.72229,2.93821],[101.72235,2.93834],[101.72264,2.93811],[101.72317,2.93686],[101.72311,2.93666],[101.7227,2.93643]]]}},{"type":"Feature","properties":{"id":1079519089,"kind":"pond","group":"pond","area_m2":5100,"km":6.0,"lon":101.70121,"lat":2.80872},"geometry":{"type":"Polygon","coordinates":[[[101.70103,2.80936],[101.70143,2.80938],[101.70143,2.80847],[101.70128,2.80823],[101.70105,2.80828],[101.70103,2.80936]]]}},{"type":"Feature","properties":{"id":370526631,"kind":"lake","group":"storage","area_m2":5088,"km":10.99,"lon":101.78188,"lat":2.84762},"geometry":{"type":"Polygon","coordinates":[[[101.78151,2.84791],[101.7819,2.84794],[101.78249,2.84732],[101.78235,2.8472],[101.78142,2.84758],[101.78132,2.84778],[101.78151,2.84791]]]}},{"type":"Feature","properties":{"id":1110791344,"kind":"stream","group":"channel","area_m2":5076,"km":13.56,"lon":101.71224,"lat":2.74122},"geometry":{"type":"Polygon","coordinates":[[[101.71476,2.74295],[101.71479,2.7429],[101.70847,2.73863],[101.70844,2.73867],[101.71476,2.74295]]]}},{"type":"Feature","properties":{"id":1064117552,"kind":"pond","group":"pond","area_m2":5060,"km":2.55,"lon":101.68415,"lat":2.83683},"geometry":{"type":"Polygon","coordinates":[[[101.68373,2.837],[101.68478,2.83697],[101.68478,2.83652],[101.68373,2.83667],[101.68373,2.837]]]}},{"type":"Feature","properties":{"id":404391472,"kind":"pond","group":"pond","area_m2":4942,"km":13.44,"lon":101.77712,"lat":2.93642},"geometry":{"type":"Polygon","coordinates":[[[101.77705,2.93678],[101.77747,2.93668],[101.77741,2.93625],[101.77705,2.93592],[101.77684,2.93625],[101.77705,2.93678]]]}},{"type":"Feature","properties":{"id":1313126513,"kind":"pond","group":"pond","area_m2":4928,"km":13.75,"lon":101.76496,"lat":2.9529},"geometry":{"type":"Polygon","coordinates":[[[101.76478,2.95315],[101.76458,2.95251],[101.76518,2.95257],[101.76543,2.95281],[101.76513,2.95316],[101.76478,2.95315]]]}},{"type":"Feature","properties":{"id":544937171,"kind":"lake","group":"storage","area_m2":4755,"km":13.36,"lon":101.79591,"lat":2.90283},"geometry":{"type":"Polygon","coordinates":[[[101.79566,2.90324],[101.79542,2.90295],[101.79623,2.90231],[101.79646,2.9026],[101.79566,2.90324]]]}},{"type":"Feature","properties":{"id":372965197,"kind":"reservoir","group":"storage","area_m2":4718,"km":13.62,"lon":101.71217,"lat":2.97872},"geometry":{"type":"Polygon","coordinates":[[[101.71171,2.97881],[101.71234,2.97904],[101.71254,2.97859],[101.71197,2.9783],[101.71171,2.97881]]]}},{"type":"Feature","properties":{"id":256019003,"kind":"water","group":"other","area_m2":4706,"km":12.96,"lon":101.57424,"lat":2.81998},"geometry":{"type":"Polygon","coordinates":[[[101.57382,2.82034],[101.57376,2.8198],[101.57454,2.81968],[101.57462,2.81997],[101.57441,2.82019],[101.57382,2.82034]]]}},{"type":"Feature","properties":{"id":1118024884,"kind":"pond","group":"pond","area_m2":4644,"km":9.85,"lon":101.76435,"lat":2.82298},"geometry":{"type":"Polygon","coordinates":[[[101.76378,2.82317],[101.7647,2.82238],[101.76488,2.8225],[101.76457,2.82271],[101.76443,2.82313],[101.76418,2.82324],[101.76418,2.82364],[101.76378,2.82317]]]}},{"type":"Feature","properties":{"id":295783814,"kind":"water","group":"other","area_m2":4578,"km":7.47,"lon":101.67064,"lat":2.9255},"geometry":{"type":"Polygon","coordinates":[[[101.67193,2.92378],[101.67134,2.92474],[101.67106,2.92582],[101.67016,2.9262],[101.66984,2.92589],[101.66968,2.92518],[101.67022,2.92616],[101.67096,2.92584],[101.67125,2.92471],[101.67193,2.92378]]]}},{"type":"Feature","properties":{"id":1540955619,"kind":"water","group":"other","area_m2":4548,"km":13.7,"lon":101.77194,"lat":2.7737},"geometry":{"type":"Polygon","coordinates":[[[101.77184,2.77444],[101.77225,2.7743],[101.77231,2.77411],[101.77205,2.77396],[101.77208,2.77369],[101.77178,2.77341],[101.77207,2.77319],[101.77201,2.77297],[101.77172,2.77307],[101.77162,2.77329],[101.77207,2.77413],[101.77184,2.77444]]]}},{"type":"Feature","properties":{"id":1315467046,"kind":"pond","group":"pond","area_m2":4543,"km":14.25,"lon":101.76488,"lat":2.95882},"geometry":{"type":"Polygon","coordinates":[[[101.76485,2.95928],[101.76463,2.95918],[101.76472,2.95871],[101.76461,2.95837],[101.76479,2.95818],[101.76493,2.95821],[101.76498,2.95858],[101.7652,2.9588],[101.76505,2.95885],[101.76498,2.9587],[101.76507,2.95895],[101.76485,2.95928]]]}},{"type":"Feature","properties":{"id":745731919,"kind":"lake","group":"storage","area_m2":4542,"km":13.38,"lon":101.76276,"lat":2.76895},"geometry":{"type":"Polygon","coordinates":[[[101.76197,2.76893],[101.76274,2.76894],[101.76347,2.76942],[101.76344,2.76917],[101.7631,2.76902],[101.76292,2.76868],[101.76225,2.7687],[101.76197,2.76893]]]}},{"type":"Feature","properties":{"id":1110826347,"kind":"stream","group":"channel","area_m2":4426,"km":14.84,"lon":101.71037,"lat":2.72904},"geometry":{"type":"Polygon","coordinates":[[[101.7119,2.72679],[101.71186,2.72676],[101.70807,2.7324],[101.70811,2.73244],[101.7119,2.72679]]]}},{"type":"Feature","properties":{"id":303137032,"kind":"water","group":"other","area_m2":4412,"km":8.7,"lon":101.65221,"lat":2.93122},"geometry":{"type":"Polygon","coordinates":[[[101.65173,2.93126],[101.65153,2.93138],[101.65146,2.93079],[101.65251,2.93086],[101.65276,2.93109],[101.65261,2.93113],[101.65268,2.93151],[101.65305,2.93184],[101.65287,2.93185],[101.65258,2.9315],[101.65249,2.93106],[101.65215,2.93117],[101.65207,2.93094],[101.65149,2.93093],[101.65173,2.93126]]]}},{"type":"Feature","properties":{"id":393549976,"kind":"pond","group":"pond","area_m2":4410,"km":14.32,"lon":101.58919,"lat":2.94701},"geometry":{"type":"Polygon","coordinates":[[[101.58895,2.94724],[101.58883,2.94707],[101.58921,2.94645],[101.58954,2.94682],[101.58927,2.94726],[101.58933,2.94751],[101.58895,2.94724]]]}},{"type":"Feature","properties":{"id":486263429,"kind":"pond","group":"pond","area_m2":4404,"km":11.71,"lon":101.58978,"lat":2.90718},"geometry":{"type":"Polygon","coordinates":[[[101.58922,2.90687],[101.5903,2.90763],[101.59027,2.90725],[101.58985,2.90698],[101.58922,2.90687]]]}},{"type":"Feature","properties":{"id":393544034,"kind":"pond","group":"pond","area_m2":4241,"km":14.14,"lon":101.58094,"lat":2.93449},"geometry":{"type":"Polygon","coordinates":[[[101.58036,2.93429],[101.5811,2.93474],[101.58143,2.93455],[101.58076,2.93414],[101.58036,2.93429]]]}},{"type":"Feature","properties":{"id":1032914089,"kind":"pond","group":"pond","area_m2":4236,"km":2.47,"lon":101.69499,"lat":2.84051},"geometry":{"type":"Polygon","coordinates":[[[101.69468,2.83998],[101.69472,2.84085],[101.69536,2.84073],[101.69542,2.84064],[101.69468,2.83998]]]}},{"type":"Feature","properties":{"id":662311685,"kind":"pond","group":"pond","area_m2":4216,"km":4.16,"lon":101.69618,"lat":2.82445,"name":"Kolam Tadahan"},"geometry":{"type":"Polygon","coordinates":[[[101.69594,2.82467],[101.69597,2.82407],[101.69655,2.82413],[101.69649,2.82472],[101.69594,2.82467]]]}},{"type":"Feature","properties":{"id":370532787,"kind":"water","group":"other","area_m2":4158,"km":10.89,"lon":101.77976,"lat":2.84023},"geometry":{"type":"Polygon","coordinates":[[[101.77933,2.83991],[101.78021,2.84101],[101.77965,2.83968],[101.77933,2.83991]]]}},{"type":"Feature","properties":{"id":1005482523,"kind":"pond","group":"pond","area_m2":4105,"km":14.82,"lon":101.80688,"lat":2.8086,"name":"Kolam Takungan JPS"},"geometry":{"type":"Polygon","coordinates":[[[101.80688,2.80891],[101.80671,2.80896],[101.80645,2.80863],[101.80685,2.80826],[101.80715,2.8085],[101.80688,2.80891]]]}},{"type":"Feature","properties":{"id":661084394,"kind":"pond","group":"pond","area_m2":4084,"km":4.65,"lon":101.70582,"lat":2.82418,"name":"Kolam Tadahan"},"geometry":{"type":"Polygon","coordinates":[[[101.70468,2.82442],[101.70607,2.8242],[101.70624,2.82397],[101.70653,2.82394],[101.70643,2.82433],[101.70468,2.82442]]]}},{"type":"Feature","properties":{"id":639921407,"kind":"pond","group":"pond","area_m2":4072,"km":11.07,"lon":101.64052,"lat":2.94931},"geometry":{"type":"Polygon","coordinates":[[[101.64017,2.94963],[101.64076,2.94953],[101.64085,2.94921],[101.64068,2.94901],[101.6403,2.94911],[101.64017,2.94963]]]}},{"type":"Feature","properties":{"id":878644034,"kind":"basin","group":"treatment","area_m2":4050,"km":13.67,"lon":101.62978,"lat":2.96998},"geometry":{"type":"Polygon","coordinates":[[[101.62935,2.96984],[101.62961,2.97038],[101.63002,2.97016],[101.62994,2.96973],[101.62935,2.96984]]]}},{"type":"Feature","properties":{"id":700246083,"kind":"pond","group":"pond","area_m2":4018,"km":8.83,"lon":101.74626,"lat":2.81079,"name":"Tasik Teratai"},"geometry":{"type":"Polygon","coordinates":[[[101.74621,2.81016],[101.7463,2.81003],[101.74646,2.81016],[101.74656,2.81058],[101.74617,2.8117],[101.74607,2.81149],[101.74639,2.81043],[101.74621,2.81016]]]}},{"type":"Feature","properties":{"id":258205403,"kind":"water","group":"other","area_m2":3995,"km":14.84,"lon":101.58657,"lat":2.95106},"geometry":{"type":"Polygon","coordinates":[[[101.58604,2.95146],[101.58652,2.95096],[101.58669,2.95049],[101.58676,2.95068],[101.58704,2.95075],[101.5868,2.95096],[101.58675,2.95127],[101.58604,2.95146]]]}},{"type":"Feature","properties":{"id":1519008992,"kind":"water","group":"other","area_m2":3936,"km":12.1,"lon":101.75843,"lat":2.78059},"geometry":{"type":"Polygon","coordinates":[[[101.758,2.78057],[101.75853,2.78088],[101.75896,2.78064],[101.7583,2.78039],[101.75798,2.78044],[101.758,2.78057]]]}},{"type":"Feature","properties":{"id":1060212930,"kind":"pond","group":"pond","area_m2":3840,"km":14.73,"lon":101.64482,"lat":2.98621},"geometry":{"type":"Polygon","coordinates":[[[101.64443,2.98631],[101.64501,2.98645],[101.64525,2.98607],[101.64486,2.98583],[101.64443,2.98631]]]}},{"type":"Feature","properties":{"id":1118025263,"kind":"lake","group":"storage","area_m2":3796,"km":10.92,"lon":101.77135,"lat":2.81526},"geometry":{"type":"Polygon","coordinates":[[[101.77144,2.81471],[101.77127,2.81467],[101.77116,2.8149],[101.77127,2.81582],[101.77148,2.81534],[101.77144,2.81471]]]}},{"type":"Feature","properties":{"id":1060212931,"kind":"pond","group":"pond","area_m2":3769,"km":14.69,"lon":101.64443,"lat":2.98572},"geometry":{"type":"Polygon","coordinates":[[[101.64437,2.98612],[101.64478,2.98576],[101.64452,2.98536],[101.64411,2.98561],[101.64437,2.98612]]]}},{"type":"Feature","properties":{"id":1210102978,"kind":"pond","group":"pond","area_m2":3694,"km":9.98,"lon":101.76451,"lat":2.82048},"geometry":{"type":"Polygon","coordinates":[[[101.76443,2.82089],[101.76401,2.82031],[101.76501,2.82025],[101.76443,2.82089]]]}},{"type":"Feature","properties":{"id":479502991,"kind":"water","group":"other","area_m2":3688,"km":7.79,"lon":101.68311,"lat":2.92965},"geometry":{"type":"Polygon","coordinates":[[[101.68284,2.92952],[101.68299,2.92937],[101.68329,2.9294],[101.68337,2.92984],[101.68292,2.9299],[101.68284,2.92952]]]}},{"type":"Feature","properties":{"id":1110818388,"kind":"stream","group":"channel","area_m2":3647,"km":14.71,"lon":101.71062,"lat":2.73029},"geometry":{"type":"Polygon","coordinates":[[[101.71182,2.72854],[101.71178,2.7285],[101.70882,2.73292],[101.70886,2.73295],[101.71182,2.72854]]]}},{"type":"Feature","properties":{"id":291474763,"kind":"reservoir","group":"storage","area_m2":3609,"km":6.85,"lon":101.7378,"lat":2.88932},"geometry":{"type":"Polygon","coordinates":[[[101.73737,2.88931],[101.73726,2.88909],[101.7378,2.88903],[101.73815,2.88921],[101.73823,2.88947],[101.73806,2.88968],[101.73787,2.88938],[101.73737,2.88931]]]}},{"type":"Feature","properties":{"id":1064117530,"kind":"pond","group":"pond","area_m2":3596,"km":1.91,"lon":101.68368,"lat":2.84255},"geometry":{"type":"Polygon","coordinates":[[[101.68298,2.84282],[101.68346,2.84277],[101.68455,2.84221],[101.68419,2.84223],[101.68298,2.84282]]]}},{"type":"Feature","properties":{"id":1330121289,"kind":"lake","group":"storage","area_m2":3590,"km":11.78,"lon":101.74069,"lat":2.77046},"geometry":{"type":"Polygon","coordinates":[[[101.74023,2.77053],[101.74074,2.77048],[101.74124,2.77075],[101.74138,2.77052],[101.74053,2.77021],[101.74005,2.77041],[101.74023,2.77053]]]}},{"type":"Feature","properties":{"id":1018280625,"kind":"pond","group":"pond","area_m2":3569,"km":7.97,"lon":101.73431,"lat":2.91049},"geometry":{"type":"Polygon","coordinates":[[[101.73402,2.91068],[101.7346,2.91067],[101.73479,2.91026],[101.73415,2.91017],[101.73402,2.91068]]]}},{"type":"Feature","properties":{"id":370527222,"kind":"wastewater","group":"treatment","area_m2":3550,"km":11.35,"lon":101.78441,"lat":2.84248},"geometry":{"type":"Polygon","coordinates":[[[101.78422,2.84274],[101.78416,2.8423],[101.78452,2.84209],[101.78476,2.84248],[101.78422,2.84274]]]}},{"type":"Feature","properties":{"id":613739564,"kind":"pond","group":"pond","area_m2":3546,"km":5.97,"lon":101.68927,"lat":2.80639},"geometry":{"type":"Polygon","coordinates":[[[101.68895,2.80659],[101.68935,2.80625],[101.68934,2.80598],[101.68963,2.80628],[101.68921,2.80692],[101.68895,2.80659]]]}},{"type":"Feature","properties":{"id":1080236585,"kind":"pond","group":"pond","area_m2":3519,"km":13.43,"lon":101.80009,"lat":2.82709},"geometry":{"type":"Polygon","coordinates":[[[101.79982,2.82726],[101.79987,2.8274],[101.80023,2.8274],[101.80044,2.82712],[101.8004,2.82688],[101.80012,2.8268],[101.79982,2.82726]]]}},{"type":"Feature","properties":{"id":1080097740,"kind":"pond","group":"pond","area_m2":3496,"km":13.2,"lon":101.73191,"lat":2.96812},"geometry":{"type":"Polygon","coordinates":[[[101.73132,2.96804],[101.73207,2.96795],[101.73241,2.96805],[101.73255,2.96827],[101.73242,2.96839],[101.73132,2.96804]]]}},{"type":"Feature","properties":{"id":1540955618,"kind":"water","group":"other","area_m2":3463,"km":12.74,"lon":101.76397,"lat":2.77794},"geometry":{"type":"Polygon","coordinates":[[[101.76353,2.77786],[101.7638,2.77755],[101.76421,2.77766],[101.76414,2.77806],[101.76438,2.7784],[101.76353,2.77786]]]}},{"type":"Feature","properties":{"id":1185477946,"kind":"pond","group":"pond","area_m2":3417,"km":3.13,"lon":101.69718,"lat":2.83494},"geometry":{"type":"Polygon","coordinates":[[[101.69648,2.835],[101.69705,2.83478],[101.69787,2.83491],[101.69774,2.83508],[101.69648,2.835]]]}},{"type":"Feature","properties":{"id":1112357450,"kind":"stream","group":"channel","area_m2":3275,"km":14.16,"lon":101.67983,"lat":2.73255},"geometry":{"type":"Polygon","coordinates":[[[101.68322,2.72783],[101.67853,2.73479],[101.678,2.73488],[101.67789,2.73504],[101.67854,2.73481],[101.68322,2.72783]]]}},{"type":"Feature","properties":{"id":878644033,"kind":"basin","group":"treatment","area_m2":3258,"km":13.72,"lon":101.62922,"lat":2.9702},"geometry":{"type":"Polygon","coordinates":[[[101.62929,2.96987],[101.62953,2.9704],[101.62926,2.97049],[101.62899,2.97037],[101.62884,2.97007],[101.62929,2.96987]]]}},{"type":"Feature","properties":{"id":1111262332,"kind":"stream","group":"channel","area_m2":3169,"km":9.95,"lon":101.70433,"lat":2.77275},"geometry":{"type":"Polygon","coordinates":[[[101.70291,2.77483],[101.70294,2.77485],[101.70645,2.76964],[101.70641,2.76961],[101.70291,2.77483]]]}},{"type":"Feature","properties":{"id":792537565,"kind":"wetland","group":"wetland","area_m2":3083,"km":5.15,"lon":101.72482,"lat":2.83828},"geometry":{"type":"Polygon","coordinates":[[[101.72501,2.83827],[101.72501,2.83776],[101.72425,2.83854],[101.72483,2.83853],[101.72484,2.83827],[101.72501,2.83827]]]}},{"type":"Feature","properties":{"id":306971812,"kind":"reservoir","group":"storage","area_m2":3023,"km":14.87,"lon":101.80963,"lat":2.81443},"geometry":{"type":"Polygon","coordinates":[[[101.80927,2.81445],[101.80934,2.81418],[101.81017,2.81441],[101.81009,2.81468],[101.80927,2.81445]]]}},{"type":"Feature","properties":{"id":370560955,"kind":"water","group":"other","area_m2":3019,"km":8.87,"lon":101.7632,"lat":2.85167},"geometry":{"type":"Polygon","coordinates":[[[101.7636,2.85188],[101.76329,2.8517],[101.76298,2.85124],[101.7627,2.85193],[101.7636,2.85188]]]}},{"type":"Feature","properties":{"id":1079519047,"kind":"pond","group":"pond","area_m2":2992,"km":6.05,"lon":101.71145,"lat":2.81294},"geometry":{"type":"Polygon","coordinates":[[[101.71091,2.81284],[101.71091,2.81304],[101.71216,2.81309],[101.71166,2.81284],[101.71091,2.81284]]]}},{"type":"Feature","properties":{"id":878644036,"kind":"basin","group":"treatment","area_m2":2967,"km":13.33,"lon":101.63792,"lat":2.97037,"name":"Flood Retention Pond"},"geometry":{"type":"Polygon","coordinates":[[[101.63763,2.97048],[101.63807,2.97065],[101.63817,2.97014],[101.6379,2.97001],[101.63763,2.97048]]]}},{"type":"Feature","properties":{"id":398667400,"kind":"pond","group":"pond","area_m2":2921,"km":14.17,"lon":101.56047,"lat":2.82755},"geometry":{"type":"Polygon","coordinates":[[[101.56008,2.82754],[101.56016,2.82778],[101.56039,2.82774],[101.5609,2.8274],[101.56079,2.82728],[101.56008,2.82754]]]}},{"type":"Feature","properties":{"id":787651592,"kind":"pond","group":"pond","area_m2":2902,"km":14.99,"lon":101.69275,"lat":2.9941},"geometry":{"type":"Polygon","coordinates":[[[101.69274,2.99457],[101.69288,2.99366],[101.69264,2.99358],[101.69253,2.99454],[101.69274,2.99457]]]}},{"type":"Feature","properties":{"id":1060212932,"kind":"pond","group":"pond","area_m2":2885,"km":14.9,"lon":101.64171,"lat":2.98683},"geometry":{"type":"Polygon","coordinates":[[[101.64146,2.98722],[101.64174,2.98682],[101.6422,2.98675],[101.64212,2.98656],[101.64158,2.98654],[101.64146,2.98722]]]}},{"type":"Feature","properties":{"id":661084393,"kind":"pond","group":"pond","area_m2":2851,"km":4.65,"lon":101.70492,"lat":2.82367,"name":"Kolam Tadahan"},"geometry":{"type":"Polygon","coordinates":[[[101.70468,2.82371],[101.70483,2.8239],[101.7061,2.82361],[101.70439,2.82361],[101.70468,2.82371]]]}},{"type":"Feature","properties":{"id":372965205,"kind":"water","group":"other","area_m2":2831,"km":13.75,"lon":101.71642,"lat":2.97883},"geometry":{"type":"Polygon","coordinates":[[[101.71621,2.97903],[101.71614,2.97873],[101.71667,2.97853],[101.71675,2.97879],[101.7166,2.97895],[101.71621,2.97903]]]}},{"type":"Feature","properties":{"id":259050376,"kind":"reservoir","group":"storage","area_m2":2786,"km":6.24,"lon":101.71935,"lat":2.90305},"geometry":{"type":"Polygon","coordinates":[[[101.71896,2.90296],[101.71911,2.90269],[101.71981,2.90316],[101.7195,2.9033],[101.71896,2.90296]]]}},{"type":"Feature","properties":{"id":1224438112,"kind":"pond","group":"pond","area_m2":2736,"km":9.85,"lon":101.66971,"lat":2.94705},"geometry":{"type":"Polygon","coordinates":[[[101.67058,2.9474],[101.67057,2.94729],[101.66964,2.94707],[101.6691,2.9466],[101.6691,2.94679],[101.66936,2.94686],[101.66941,2.9471],[101.66965,2.94712],[101.66973,2.9474],[101.67058,2.9474]]]}},{"type":"Feature","properties":{"id":1111727081,"kind":"stream","group":"channel","area_m2":2733,"km":12.78,"lon":101.69481,"lat":2.74544},"geometry":{"type":"Polygon","coordinates":[[[101.69291,2.74815],[101.69295,2.74817],[101.69366,2.74711],[101.6937,2.74706],[101.69373,2.74702],[101.69385,2.74691],[101.69391,2.74683],[101.69612,2.74352],[101.69616,2.74346],[101.69622,2.74341],[101.69633,2.74333],[101.69635,2.7433],[101.69636,2.74328],[101.69634,2.74326],[101.69633,2.74329],[101.6963,2.74331],[101.6962,2.74339],[101.69614,2.74345],[101.69608,2.74351],[101.69393,2.74673],[101.69387,2.74682],[101.69383,2.74687],[101.69372,2.74698],[101.69367,2.74703],[101.69363,2.74709],[101.69291,2.74815]]]}},{"type":"Feature","properties":{"id":605533618,"kind":"water","group":"other","area_m2":2712,"km":8.45,"lon":101.75963,"lat":2.86472},"geometry":{"type":"Polygon","coordinates":[[[101.75974,2.8651],[101.75964,2.86516],[101.75948,2.86494],[101.75936,2.86449],[101.75972,2.86442],[101.75956,2.86453],[101.75983,2.86462],[101.75974,2.8651]]]}},{"type":"Feature","properties":{"id":370561064,"kind":"water","group":"other","area_m2":2699,"km":8.82,"lon":101.76295,"lat":2.85392},"geometry":{"type":"Polygon","coordinates":[[[101.76319,2.85457],[101.76334,2.8544],[101.76312,2.8543],[101.76283,2.85375],[101.76302,2.85346],[101.76257,2.85345],[101.76253,2.85371],[101.76319,2.85457]]]}},{"type":"Feature","properties":{"id":1111259169,"kind":"stream","group":"channel","area_m2":2699,"km":8.64,"lon":101.6978,"lat":2.78336},"geometry":{"type":"Polygon","coordinates":[[[101.69724,2.78474],[101.69746,2.78483],[101.69729,2.78472],[101.69786,2.78241],[101.69891,2.78077],[101.69782,2.78239],[101.69724,2.78474]]]}},{"type":"Feature","properties":{"id":1111068027,"kind":"stream","group":"channel","area_m2":2623,"km":14.27,"lon":101.70587,"lat":2.73341},"geometry":{"type":"Polygon","coordinates":[[[101.70645,2.73259],[101.70638,2.73254],[101.70499,2.73464],[101.70505,2.73468],[101.70645,2.73259]]]}},{"type":"Feature","properties":{"id":1060212928,"kind":"pond","group":"pond","area_m2":2565,"km":14.65,"lon":101.64401,"lat":2.98518},"geometry":{"type":"Polygon","coordinates":[[[101.64402,2.98551],[101.64434,2.98529],[101.64395,2.9848],[101.6438,2.98489],[101.64402,2.98551]]]}},{"type":"Feature","properties":{"id":581753707,"kind":"reservoir","group":"storage","area_m2":2544,"km":9.31,"lon":101.62859,"lat":2.9226},"geometry":{"type":"Polygon","coordinates":[[[101.6284,2.92278],[101.62879,2.92284],[101.62887,2.92232],[101.62848,2.92226],[101.6284,2.92278]]]}},{"type":"Feature","properties":{"id":1112351518,"kind":"stream","group":"channel","area_m2":2508,"km":14.2,"lon":101.68543,"lat":2.73216},"geometry":{"type":"Polygon","coordinates":[[[101.68472,2.73316],[101.68478,2.7332],[101.6865,2.73066],[101.68644,2.73062],[101.68472,2.73316]]]}},{"type":"Feature","properties":{"id":1112356985,"kind":"stream","group":"channel","area_m2":2488,"km":13.68,"lon":101.67656,"lat":2.73707},"geometry":{"type":"Polygon","coordinates":[[[101.67787,2.73514],[101.67784,2.73512],[101.67459,2.73996],[101.67462,2.73999],[101.67787,2.73514]]]}},{"type":"Feature","properties":{"id":398667398,"kind":"pond","group":"pond","area_m2":2485,"km":13.69,"lon":101.56582,"lat":2.82466},"geometry":{"type":"Polygon","coordinates":[[[101.56553,2.82487],[101.56553,2.8245],[101.56613,2.82457],[101.56609,2.8248],[101.56553,2.82487]]]}},{"type":"Feature","properties":{"id":1111265957,"kind":"stream","group":"channel","area_m2":2476,"km":11.13,"lon":101.7106,"lat":2.7634},"geometry":{"type":"Polygon","coordinates":[[[101.70934,2.76525],[101.70937,2.76527],[101.71249,2.76062],[101.71247,2.7606],[101.70934,2.76525]]]}},{"type":"Feature","properties":{"id":548926720,"kind":"pond","group":"pond","area_m2":2472,"km":9.07,"lon":101.73324,"lat":2.92448},"geometry":{"type":"Polygon","coordinates":[[[101.7331,2.92475],[101.73332,2.92476],[101.73351,2.92408],[101.73317,2.92403],[101.7331,2.92475]]]}},{"type":"Feature","properties":{"id":878670834,"kind":"pond","group":"pond","area_m2":2464,"km":13.1,"lon":101.61647,"lat":2.95626},"geometry":{"type":"Polygon","coordinates":[[[101.61651,2.95592],[101.61671,2.95617],[101.61637,2.95665],[101.61633,2.95612],[101.61651,2.95592]]]}},{"type":"Feature","properties":{"id":1323544437,"kind":"river","group":"channel","area_m2":2461,"km":14.36,"lon":101.65087,"lat":2.98441},"geometry":{"type":"Polygon","coordinates":[[[101.65007,2.98391],[101.65144,2.98465],[101.65128,2.98476],[101.65007,2.98391]]]}},{"type":"Feature","properties":{"id":1111159321,"kind":"stream","group":"channel","area_m2":2440,"km":12.36,"lon":101.71121,"lat":2.75215},"geometry":{"type":"Polygon","coordinates":[[[101.70999,2.75128],[101.70994,2.75135],[101.71179,2.7526],[101.71181,2.7526],[101.71182,2.7526],[101.71185,2.75256],[101.71183,2.75255],[101.71183,2.75252],[101.70999,2.75128]]]}},{"type":"Feature","properties":{"id":1111114254,"kind":"stream","group":"channel","area_m2":2417,"km":13.18,"lon":101.69982,"lat":2.74239},"geometry":{"type":"Polygon","coordinates":[[[101.69931,2.7431],[101.69938,2.74315],[101.7006,2.74134],[101.70052,2.74128],[101.69931,2.7431]]]}},{"type":"Feature","properties":{"id":1435815557,"kind":"pond","group":"pond","area_m2":2409,"km":14.92,"lon":101.71438,"lat":2.99021},"geometry":{"type":"Polygon","coordinates":[[[101.71427,2.99046],[101.71456,2.99043],[101.71457,2.98983],[101.71422,2.98986],[101.71427,2.99046]]]}},{"type":"Feature","properties":{"id":888199100,"kind":"pond","group":"pond","area_m2":2355,"km":9.98,"lon":101.72485,"lat":2.93945},"geometry":{"type":"Polygon","coordinates":[[[101.72458,2.94019],[101.72471,2.94022],[101.72501,2.9389],[101.72486,2.93898],[101.72458,2.94019]]]}},{"type":"Feature","properties":{"id":699908162,"kind":"water","group":"other","area_m2":2346,"km":10.36,"lon":101.761,"lat":2.91185},"geometry":{"type":"Polygon","coordinates":[[[101.76077,2.91196],[101.76114,2.91205],[101.76137,2.91165],[101.76123,2.9115],[101.76077,2.91196]]]}},{"type":"Feature","properties":{"id":611624560,"kind":"water","group":"other","area_m2":2342,"km":10.29,"lon":101.6352,"lat":2.93839},"geometry":{"type":"Polygon","coordinates":[[[101.63532,2.93894],[101.63483,2.9377],[101.63496,2.93771],[101.63561,2.93897],[101.63532,2.93894]]]}},{"type":"Feature","properties":{"id":295857692,"kind":"water","group":"other","area_m2":2337,"km":7.32,"lon":101.6672,"lat":2.92333},"geometry":{"type":"Polygon","coordinates":[[[101.66727,2.92307],[101.66741,2.92353],[101.66724,2.92361],[101.6669,2.92318],[101.66719,2.92296],[101.66727,2.92307]]]}},{"type":"Feature","properties":{"id":1112350806,"kind":"stream","group":"channel","area_m2":2318,"km":13.78,"lon":101.68291,"lat":2.73593},"geometry":{"type":"Polygon","coordinates":[[[101.68229,2.73681],[101.68235,2.73685],[101.68384,2.7346],[101.68378,2.73457],[101.68229,2.73681]]]}},{"type":"Feature","properties":{"id":787651591,"kind":"pond","group":"pond","area_m2":2255,"km":14.65,"lon":101.69279,"lat":2.99103},"geometry":{"type":"Polygon","coordinates":[[[101.69284,2.99138],[101.69293,2.99053],[101.69272,2.99051],[101.69263,2.99136],[101.69284,2.99138]]]}},{"type":"Feature","properties":{"id":787651588,"kind":"pond","group":"pond","area_m2":2254,"km":14.01,"lon":101.69137,"lat":2.98534},"geometry":{"type":"Polygon","coordinates":[[[101.69103,2.98546],[101.69189,2.98537],[101.69187,2.98516],[101.69101,2.98525],[101.69103,2.98546]]]}},{"type":"Feature","properties":{"id":787651589,"kind":"pond","group":"pond","area_m2":2254,"km":13.98,"lon":101.69135,"lat":2.98509},"geometry":{"type":"Polygon","coordinates":[[[101.69101,2.98521],[101.69187,2.98513],[101.69185,2.98492],[101.69099,2.985],[101.69101,2.98521]]]}},{"type":"Feature","properties":{"id":787651590,"kind":"pond","group":"pond","area_m2":2254,"km":14.66,"lon":101.69304,"lat":2.99105},"geometry":{"type":"Polygon","coordinates":[[[101.69309,2.9914],[101.69317,2.99054],[101.69296,2.99052],[101.69288,2.99138],[101.69309,2.9914]]]}},{"type":"Feature","properties":{"id":1079519072,"kind":"pond","group":"pond","area_m2":2254,"km":5.43,"lon":101.70728,"lat":2.81693},"geometry":{"type":"Polygon","coordinates":[[[101.70706,2.81698],[101.70746,2.81648],[101.70745,2.81726],[101.70706,2.81698]]]}},{"type":"Feature","properties":{"id":137684685,"kind":"water","group":"other","area_m2":2251,"km":12.12,"lon":101.71008,"lat":2.96538},"geometry":{"type":"Polygon","coordinates":[[[101.71018,2.96583],[101.71007,2.96496],[101.70989,2.96536],[101.71018,2.96583]]]}},{"type":"Feature","properties":{"id":1185477945,"kind":"pond","group":"pond","area_m2":2247,"km":3.03,"lon":101.69523,"lat":2.835},"geometry":{"type":"Polygon","coordinates":[[[101.69451,2.83513],[101.69583,2.83496],[101.69519,2.83485],[101.695,2.83505],[101.69451,2.83513]]]}},{"type":"Feature","properties":{"id":404265337,"kind":"pond","group":"pond","area_m2":2165,"km":5.63,"lon":101.63318,"lat":2.85984},"geometry":{"type":"Polygon","coordinates":[[[101.6327,2.85998],[101.63271,2.85974],[101.6329,2.85967],[101.63371,2.85985],[101.6327,2.85998]]]}},{"type":"Feature","properties":{"id":646932843,"kind":"water","group":"other","area_m2":2126,"km":7.92,"lon":101.65991,"lat":2.9267},"geometry":{"type":"Polygon","coordinates":[[[101.65968,2.92642],[101.65991,2.92702],[101.66021,2.92673],[101.66015,2.92648],[101.65968,2.92642]]]}},{"type":"Feature","properties":{"id":961422431,"kind":"water","group":"other","area_m2":2094,"km":10.53,"lon":101.62988,"lat":2.93751},"geometry":{"type":"Polygon","coordinates":[[[101.63071,2.93638],[101.62996,2.93686],[101.62958,2.93744],[101.62954,2.93807],[101.62978,2.93837],[101.62971,2.93852],[101.6295,2.93815],[101.62957,2.93741],[101.62997,2.93677],[101.63071,2.93638]]]}},{"type":"Feature","properties":{"id":306971819,"kind":"reservoir","group":"storage","area_m2":2072,"km":14.8,"lon":101.80892,"lat":2.81423},"geometry":{"type":"Polygon","coordinates":[[[101.80866,2.81428],[101.8088,2.81401],[101.8093,2.81415],[101.80921,2.81444],[101.80866,2.81428]]]}},{"type":"Feature","properties":{"id":1518646733,"kind":"water","group":"other","area_m2":2070,"km":12.94,"lon":101.76516,"lat":2.77662},"geometry":{"type":"Polygon","coordinates":[[[101.76523,2.77682],[101.76537,2.77679],[101.76532,2.77646],[101.76483,2.77647],[101.76523,2.77682]]]}},{"type":"Feature","properties":{"id":797187581,"kind":"reservoir","group":"storage","area_m2":2062,"km":6.9,"lon":101.71596,"lat":2.80668},"geometry":{"type":"Polygon","coordinates":[[[101.71575,2.80684],[101.71612,2.8069],[101.71622,2.80669],[101.71586,2.80642],[101.71575,2.80684]]]}},{"type":"Feature","properties":{"id":1207421631,"kind":"pond","group":"pond","area_m2":2058,"km":14.32,"lon":101.658,"lat":2.98579},"geometry":{"type":"Polygon","coordinates":[[[101.65776,2.98564],[101.6583,2.98564],[101.65832,2.98592],[101.65773,2.98593],[101.65776,2.98564]]]}},{"type":"Feature","properties":{"id":471342690,"kind":"reservoir","group":"storage","area_m2":2042,"km":11.94,"lon":101.67269,"lat":2.96638},"geometry":{"type":"Polygon","coordinates":[[[101.67266,2.96672],[101.67239,2.9664],[101.67283,2.96609],[101.67266,2.96672]]]}},{"type":"Feature","properties":{"id":878669721,"kind":"river","group":"channel","area_m2":1994,"km":14.27,"lon":101.66298,"lat":2.9862},"geometry":{"type":"Polygon","coordinates":[[[101.66214,2.98651],[101.66238,2.9864],[101.66296,2.98611],[101.66349,2.98592],[101.664,2.98582],[101.66401,2.98586],[101.66402,2.9859],[101.66328,2.98606],[101.66217,2.98659],[101.66215,2.98655],[101.66214,2.98651]]]}},{"type":"Feature","properties":{"id":1111410794,"kind":"stream","group":"channel","area_m2":1969,"km":12.42,"lon":101.71738,"lat":2.75329},"geometry":{"type":"Polygon","coordinates":[[[101.71614,2.75513],[101.71616,2.75514],[101.71925,2.75053],[101.71923,2.75052],[101.71614,2.75513]]]}},{"type":"Feature","properties":{"id":1015760155,"kind":"pond","group":"pond","area_m2":1961,"km":8.98,"lon":101.73803,"lat":2.91954},"geometry":{"type":"Polygon","coordinates":[[[101.73776,2.91921],[101.73832,2.91959],[101.73873,2.91962],[101.73836,2.9197],[101.73795,2.91944],[101.73798,2.91992],[101.73782,2.91979],[101.73776,2.91921]]]}},{"type":"Feature","properties":{"id":390948271,"kind":"pond","group":"pond","area_m2":1939,"km":10.73,"lon":101.73213,"lat":2.94319},"geometry":{"type":"Polygon","coordinates":[[[101.73182,2.94357],[101.73172,2.94347],[101.73214,2.94289],[101.73229,2.94287],[101.73223,2.94316],[101.73269,2.94291],[101.73182,2.94357]]]}},{"type":"Feature","properties":{"id":1112353412,"kind":"stream","group":"channel","area_m2":1920,"km":14.1,"lon":101.68222,"lat":2.73308},"geometry":{"type":"Polygon","coordinates":[[[101.68139,2.73429],[101.68142,2.73431],[101.68347,2.73127],[101.68343,2.73125],[101.68139,2.73429]]]}},{"type":"Feature","properties":{"id":1060212929,"kind":"pond","group":"pond","area_m2":1905,"km":14.73,"lon":101.64546,"lat":2.98636},"geometry":{"type":"Polygon","coordinates":[[[101.6452,2.98643],[101.64565,2.98652],[101.64572,2.98621],[101.64534,2.98619],[101.6452,2.98643]]]}},{"type":"Feature","properties":{"id":1111613826,"kind":"stream","group":"channel","area_m2":1886,"km":12.49,"lon":101.6912,"lat":2.74775},"geometry":{"type":"Polygon","coordinates":[[[101.69025,2.74715],[101.6919,2.74827],[101.69193,2.74829],[101.69197,2.74823],[101.69194,2.74821],[101.69111,2.74764],[101.69029,2.74709],[101.69025,2.74715]]]}},{"type":"Feature","properties":{"id":639928187,"kind":"pond","group":"pond","area_m2":1872,"km":11.77,"lon":101.62336,"lat":2.94647},"geometry":{"type":"Polygon","coordinates":[[[101.62326,2.94609],[101.62342,2.94612],[101.62342,2.94695],[101.62326,2.9467],[101.62326,2.94609]]]}},{"type":"Feature","properties":{"id":1015760153,"kind":"pond","group":"pond","area_m2":1861,"km":11.49,"lon":101.7413,"lat":2.94547},"geometry":{"type":"Polygon","coordinates":[[[101.7414,2.94522],[101.74108,2.94526],[101.74112,2.94578],[101.74133,2.94578],[101.7414,2.94522]]]}},{"type":"Feature","properties":{"id":594155834,"kind":"pond","group":"pond","area_m2":1853,"km":2.66,"lon":101.68387,"lat":2.83585},"geometry":{"type":"Polygon","coordinates":[[[101.68341,2.83604],[101.68409,2.8356],[101.68433,2.83565],[101.68376,2.83602],[101.68341,2.83604]]]}},{"type":"Feature","properties":{"id":1111743604,"kind":"stream","group":"channel","area_m2":1843,"km":13.48,"lon":101.69671,"lat":2.73928},"geometry":{"type":"Polygon","coordinates":[[[101.6958,2.7406],[101.69583,2.74062],[101.69806,2.73729],[101.69803,2.73727],[101.6958,2.7406]]]}},{"type":"Feature","properties":{"id":954213821,"kind":"pond","group":"pond","area_m2":1828,"km":8.34,"lon":101.62666,"lat":2.81116},"geometry":{"type":"Polygon","coordinates":[[[101.62641,2.81129],[101.62635,2.81117],[101.62694,2.81079],[101.62695,2.811],[101.62659,2.81136],[101.62641,2.81129]]]}},{"type":"Feature","properties":{"id":1151180127,"kind":"pond","group":"pond","area_m2":1823,"km":9.02,"lon":101.66525,"lat":2.93859},"geometry":{"type":"Polygon","coordinates":[[[101.66521,2.93882],[101.66552,2.93843],[101.66533,2.93824],[101.66506,2.93854],[101.66521,2.93882]]]}},{"type":"Feature","properties":{"id":1111771577,"kind":"stream","group":"channel","area_m2":1764,"km":13.64,"lon":101.6965,"lat":2.73786},"geometry":{"type":"Polygon","coordinates":[[[101.695,2.74007],[101.69503,2.74009],[101.69726,2.73676],[101.69728,2.73678],[101.6973,2.73675],[101.69724,2.73671],[101.69722,2.73674],[101.69723,2.73674],[101.695,2.74007]]]}},{"type":"Feature","properties":{"id":878637880,"kind":"pond","group":"pond","area_m2":1759,"km":11.54,"lon":101.64381,"lat":2.95534},"geometry":{"type":"Polygon","coordinates":[[[101.64353,2.95521],[101.64421,2.95541],[101.64348,2.95543],[101.64353,2.95521]]]}},{"type":"Feature","properties":{"id":544952475,"kind":"lake","group":"storage","area_m2":1724,"km":12.32,"lon":101.79196,"lat":2.88371},"geometry":{"type":"Polygon","coordinates":[[[101.79212,2.88398],[101.79172,2.88367],[101.79181,2.88349],[101.79226,2.88377],[101.79212,2.88398]]]}},{"type":"Feature","properties":{"id":1531115158,"kind":"lake","group":"storage","area_m2":1717,"km":1.93,"lon":101.66844,"lat":2.86777},"geometry":{"type":"Polygon","coordinates":[[[101.66856,2.86769],[101.66821,2.86744],[101.66823,2.86793],[101.66862,2.86783],[101.66856,2.86769]]]}},{"type":"Feature","properties":{"id":878669718,"kind":"river","group":"channel","area_m2":1683,"km":14.37,"lon":101.66146,"lat":2.9869},"geometry":{"type":"Polygon","coordinates":[[[101.66104,2.98705],[101.66198,2.98664],[101.66142,2.98703],[101.66105,2.98716],[101.66104,2.98705]]]}},{"type":"Feature","properties":{"id":608807155,"kind":"pond","group":"pond","area_m2":1662,"km":7.05,"lon":101.68932,"lat":2.92283},"geometry":{"type":"Polygon","coordinates":[[[101.68931,2.9231],[101.68916,2.92308],[101.68919,2.92271],[101.68946,2.92264],[101.68957,2.92274],[101.68931,2.9231]]]}},{"type":"Feature","properties":{"id":1435241430,"kind":"water","group":"other","area_m2":1649,"km":13.6,"lon":101.73509,"lat":2.9706},"geometry":{"type":"Polygon","coordinates":[[[101.73508,2.97033],[101.73525,2.97096],[101.73505,2.97091],[101.73508,2.97033]]]}},{"type":"Feature","properties":{"id":1111120852,"kind":"stream","group":"channel","area_m2":1644,"km":12.87,"lon":101.70122,"lat":2.74538},"geometry":{"type":"Polygon","coordinates":[[[101.70072,2.745],[101.70067,2.74508],[101.70078,2.74515],[101.70184,2.74587],[101.70189,2.7459],[101.70194,2.74583],[101.70189,2.7458],[101.7009,2.74512],[101.70083,2.74508],[101.70072,2.745]]]}},{"type":"Feature","properties":{"id":609382033,"kind":"pond","group":"pond","area_m2":1622,"km":9.44,"lon":101.71195,"lat":2.93974},"geometry":{"type":"Polygon","coordinates":[[[101.71189,2.94002],[101.7121,2.93968],[101.71201,2.93944],[101.71171,2.93966],[101.71189,2.94002]]]}},{"type":"Feature","properties":{"id":401328494,"kind":"pond","group":"pond","area_m2":1621,"km":9.84,"lon":101.67116,"lat":2.94723},"geometry":{"type":"Polygon","coordinates":[[[101.67095,2.94746],[101.67122,2.94745],[101.67122,2.94715],[101.67142,2.94704],[101.6709,2.94726],[101.67095,2.94746]]]}},{"type":"Feature","properties":{"id":1111265789,"kind":"stream","group":"channel","area_m2":1621,"km":10.65,"lon":101.70806,"lat":2.7672},"geometry":{"type":"Polygon","coordinates":[[[101.70875,2.76621],[101.70871,2.76618],[101.70703,2.76869],[101.70706,2.76872],[101.70875,2.76621]]]}},{"type":"Feature","properties":{"id":1435241431,"kind":"water","group":"other","area_m2":1617,"km":13.67,"lon":101.73513,"lat":2.97131},"geometry":{"type":"Polygon","coordinates":[[[101.73504,2.97099],[101.73524,2.97116],[101.73523,2.97173],[101.73503,2.97138],[101.73504,2.97099]]]}},{"type":"Feature","properties":{"id":796669708,"kind":"reservoir","group":"storage","area_m2":1616,"km":6.89,"lon":101.72287,"lat":2.81168},"geometry":{"type":"Polygon","coordinates":[[[101.72271,2.81139],[101.72285,2.81173],[101.72327,2.81181],[101.72327,2.81197],[101.7228,2.81196],[101.72271,2.81139]]]}},{"type":"Feature","properties":{"id":1112351793,"kind":"stream","group":"channel","area_m2":1603,"km":13.35,"lon":101.67763,"lat":2.73993},"geometry":{"type":"Polygon","coordinates":[[[101.67829,2.73899],[101.67825,2.73896],[101.67665,2.74136],[101.67669,2.74138],[101.67829,2.73899]]]}},{"type":"Feature","properties":{"id":954213824,"kind":"pond","group":"pond","area_m2":1583,"km":8.47,"lon":101.62598,"lat":2.81021},"geometry":{"type":"Polygon","coordinates":[[[101.62584,2.81024],[101.62581,2.81044],[101.62598,2.81045],[101.6262,2.81005],[101.62602,2.80996],[101.62584,2.81024]]]}},{"type":"Feature","properties":{"id":372965860,"kind":"water","group":"other","area_m2":1577,"km":14.29,"lon":101.71615,"lat":2.98391},"geometry":{"type":"Polygon","coordinates":[[[101.71541,2.98392],[101.71647,2.98406],[101.71666,2.98378],[101.71541,2.98392]]]}},{"type":"Feature","properties":{"id":1080236606,"kind":"pond","group":"pond","area_m2":1572,"km":13.62,"lon":101.80374,"lat":2.83497},"geometry":{"type":"Polygon","coordinates":[[[101.80356,2.83517],[101.8039,2.83514],[101.8039,2.83479],[101.80359,2.8348],[101.80356,2.83517]]]}},{"type":"Feature","properties":{"id":463885288,"kind":"pond","group":"pond","area_m2":1553,"km":14.89,"lon":101.79261,"lat":2.93762,"name":"ELC Rimbun Tropika Pond"},"geometry":{"type":"Polygon","coordinates":[[[101.79255,2.93781],[101.79227,2.93765],[101.79276,2.93731],[101.79285,2.93745],[101.79263,2.93758],[101.79284,2.93777],[101.79255,2.93781]]]}},{"type":"Feature","properties":{"id":144533524,"kind":"water","group":"other","area_m2":1529,"km":12.77,"lon":101.7441,"lat":2.76212},"geometry":{"type":"Polygon","coordinates":[[[101.74389,2.76202],[101.7442,2.76238],[101.74435,2.76227],[101.74409,2.76195],[101.74389,2.76202]]]}},{"type":"Feature","properties":{"id":605791831,"kind":"water","group":"other","area_m2":1502,"km":9.15,"lon":101.76568,"lat":2.86779},"geometry":{"type":"Polygon","coordinates":[[[101.76592,2.86786],[101.76537,2.86788],[101.76551,2.8677],[101.76595,2.86763],[101.76592,2.86786]]]}},{"type":"Feature","properties":{"id":1079519046,"kind":"pond","group":"pond","area_m2":1474,"km":6.17,"lon":101.71472,"lat":2.81364},"geometry":{"type":"Polygon","coordinates":[[[101.71441,2.81363],[101.7149,2.81384],[101.71495,2.8137],[101.71449,2.81343],[101.71441,2.81363]]]}},{"type":"Feature","properties":{"id":793261733,"kind":"pond","group":"pond","area_m2":1454,"km":3.95,"lon":101.65716,"lat":2.88325},"geometry":{"type":"Polygon","coordinates":[[[101.65686,2.88337],[101.65748,2.8833],[101.65732,2.88303],[101.65686,2.88337]]]}},{"type":"Feature","properties":{"id":661084395,"kind":"pond","group":"pond","area_m2":1399,"km":4.34,"lon":101.70351,"lat":2.82601,"name":"Kolam Tadahan"},"geometry":{"type":"Polygon","coordinates":[[[101.70362,2.8262],[101.70371,2.82589],[101.70329,2.82594],[101.70362,2.8262]]]}},{"type":"Feature","properties":{"id":400187799,"kind":"basin","group":"treatment","area_m2":1389,"km":2.07,"lon":101.69643,"lat":2.87338},"geometry":{"type":"Polygon","coordinates":[[[101.69626,2.87349],[101.69673,2.87349],[101.69674,2.87336],[101.69645,2.87322],[101.69626,2.87349]]]}},{"type":"Feature","properties":{"id":1151117643,"kind":"pond","group":"pond","area_m2":1364,"km":13.65,"lon":101.66053,"lat":2.98009},"geometry":{"type":"Polygon","coordinates":[[[101.66026,2.98016],[101.66056,2.98025],[101.66086,2.98001],[101.66068,2.97989],[101.66026,2.98016]]]}},{"type":"Feature","properties":{"id":372965864,"kind":"water","group":"other","area_m2":1363,"km":14.22,"lon":101.72429,"lat":2.98092},"geometry":{"type":"Polygon","coordinates":[[[101.72439,2.98117],[101.72407,2.98089],[101.72408,2.98071],[101.72459,2.981],[101.72439,2.98117]]]}},{"type":"Feature","properties":{"id":954213825,"kind":"pond","group":"pond","area_m2":1343,"km":8.5,"lon":101.62569,"lat":2.81008},"geometry":{"type":"Polygon","coordinates":[[[101.62544,2.81005],[101.6256,2.80984],[101.62591,2.81006],[101.62568,2.81023],[101.62544,2.81005]]]}},{"type":"Feature","properties":{"id":1112350435,"kind":"stream","group":"channel","area_m2":1339,"km":13.6,"lon":101.67918,"lat":2.73761},"geometry":{"type":"Polygon","coordinates":[[[101.67864,2.73839],[101.67867,2.73841],[101.68,2.73644],[101.67996,2.73641],[101.67864,2.73839]]]}},{"type":"Feature","properties":{"id":372793920,"kind":"water","group":"other","area_m2":1311,"km":13.47,"lon":101.78687,"lat":2.92325},"geometry":{"type":"Polygon","coordinates":[[[101.78683,2.92314],[101.7869,2.92285],[101.78705,2.9232],[101.78674,2.92362],[101.78683,2.92314]]]}},{"type":"Feature","properties":{"id":1110792753,"kind":"stream","group":"channel","area_m2":1305,"km":13.91,"lon":101.70776,"lat":2.73705},"geometry":{"type":"Polygon","coordinates":[[[101.7084,2.73751],[101.70843,2.73746],[101.7068,2.73636],[101.70677,2.73641],[101.7084,2.73751]]]}},{"type":"Feature","properties":{"id":1111159009,"kind":"stream","group":"channel","area_m2":1269,"km":12.54,"lon":101.70737,"lat":2.74954},"geometry":{"type":"Polygon","coordinates":[[[101.707,2.74926],[101.70696,2.74933],[101.70792,2.74998],[101.70797,2.7499],[101.707,2.74926]]]}},{"type":"Feature","properties":{"id":1151180128,"kind":"pond","group":"pond","area_m2":1265,"km":8.93,"lon":101.66588,"lat":2.93786},"geometry":{"type":"Polygon","coordinates":[[[101.66576,2.93816],[101.66608,2.9378],[101.666,2.93763],[101.66564,2.93803],[101.66576,2.93816]]]}},{"type":"Feature","properties":{"id":372961451,"kind":"water","group":"other","area_m2":1263,"km":14.71,"lon":101.70956,"lat":2.98928},"geometry":{"type":"Polygon","coordinates":[[[101.70946,2.98954],[101.70973,2.98952],[101.70955,2.98898],[101.70946,2.98954]]]}},{"type":"Feature","properties":{"id":1151170771,"kind":"pond","group":"pond","area_m2":1254,"km":11.89,"lon":101.65333,"lat":2.96209},"geometry":{"type":"Polygon","coordinates":[[[101.65319,2.9619],[101.65336,2.96185],[101.65353,2.96221],[101.65331,2.9624],[101.65319,2.9619]]]}},{"type":"Feature","properties":{"id":1111259451,"kind":"stream","group":"channel","area_m2":1242,"km":9.05,"lon":101.69951,"lat":2.77993},"geometry":{"type":"Polygon","coordinates":[[[101.69902,2.78061],[101.69906,2.78064],[101.69945,2.78007],[101.6995,2.78005],[101.69949,2.78003],[101.69948,2.78003],[101.69947,2.78002],[101.7008,2.77803],[101.70079,2.77802],[101.69942,2.78004],[101.69926,2.78027],[101.6992,2.78028],[101.69921,2.78032],[101.69902,2.78061]]]}},{"type":"Feature","properties":{"id":1111069570,"kind":"stream","group":"channel","area_m2":1235,"km":13.83,"lon":101.70692,"lat":2.73761},"geometry":{"type":"Polygon","coordinates":[[[101.70626,2.73719],[101.70788,2.73829],[101.70791,2.73825],[101.70629,2.73715],[101.70626,2.73719]]]}},{"type":"Feature","properties":{"id":1111275292,"kind":"stream","group":"channel","area_m2":1184,"km":11.83,"lon":101.71428,"lat":2.75793},"geometry":{"type":"Polygon","coordinates":[[[101.71362,2.75888],[101.71365,2.7589],[101.71526,2.7565],[101.71523,2.75648],[101.71362,2.75888]]]}},{"type":"Feature","properties":{"id":1111159103,"kind":"stream","group":"channel","area_m2":1162,"km":12.46,"lon":101.70904,"lat":2.7507},"geometry":{"type":"Polygon","coordinates":[[[101.70938,2.75097],[101.70942,2.75089],[101.70853,2.75029],[101.70848,2.75036],[101.70938,2.75097]]]}},{"type":"Feature","properties":{"id":1372599314,"kind":"reservoir","group":"storage","area_m2":1138,"km":10.56,"lon":101.76843,"lat":2.90273},"geometry":{"type":"Polygon","coordinates":[[[101.76811,2.90277],[101.76802,2.90264],[101.76836,2.90261],[101.76881,2.90283],[101.76811,2.90277]]]}},{"type":"Feature","properties":{"id":662372938,"kind":"pond","group":"pond","area_m2":1136,"km":5.08,"lon":101.70593,"lat":2.81981,"name":"Kolam Tadahan"},"geometry":{"type":"Polygon","coordinates":[[[101.70572,2.81979],[101.70614,2.82003],[101.70609,2.81966],[101.70572,2.81979]]]}},{"type":"Feature","properties":{"id":1122903926,"kind":"pond","group":"pond","area_m2":1135,"km":12.62,"lon":101.71327,"lat":2.96918},"geometry":{"type":"Polygon","coordinates":[[[101.71297,2.96913],[101.71334,2.96935],[101.7136,2.9693],[101.71352,2.96914],[101.71297,2.96913]]]}},{"type":"Feature","properties":{"id":661084397,"kind":"pond","group":"pond","area_m2":1132,"km":4.27,"lon":101.70286,"lat":2.82646,"name":"Kolam Tadahan"},"geometry":{"type":"Polygon","coordinates":[[[101.70295,2.82623],[101.70311,2.82642],[101.70263,2.82665],[101.70295,2.82623]]]}},{"type":"Feature","properties":{"id":1112357118,"kind":"canal","group":"channel","area_m2":1129,"km":13.25,"lon":101.67382,"lat":2.74113},"geometry":{"type":"Polygon","coordinates":[[[101.67353,2.74147],[101.6736,2.74152],[101.67363,2.74148],[101.67444,2.74026],[101.67441,2.74024],[101.67356,2.74144],[101.67353,2.74147]]]}},{"type":"Feature","properties":{"id":1110685103,"kind":"stream","group":"channel","area_m2":1127,"km":14.21,"lon":101.72172,"lat":2.73782},"geometry":{"type":"Polygon","coordinates":[[[101.72118,2.73748],[101.7225,2.73838],[101.72253,2.73833],[101.72121,2.73743],[101.72118,2.73748]]]}},{"type":"Feature","properties":{"id":1111723474,"kind":"stream","group":"channel","area_m2":1111,"km":12.75,"lon":101.6916,"lat":2.74546},"geometry":{"type":"Polygon","coordinates":[[[101.69126,2.74563],[101.6919,2.746],[101.69133,2.74561],[101.69205,2.74445],[101.69126,2.74563]]]}},{"type":"Feature","properties":{"id":605533547,"kind":"water","group":"other","area_m2":1110,"km":8.47,"lon":101.75962,"lat":2.86686},"geometry":{"type":"Polygon","coordinates":[[[101.7597,2.86685],[101.75943,2.86714],[101.75973,2.86655],[101.7597,2.86685]]]}},{"type":"Feature","properties":{"id":401328493,"kind":"pond","group":"pond","area_m2":1107,"km":9.8,"lon":101.67166,"lat":2.9469},"geometry":{"type":"Polygon","coordinates":[[[101.67149,2.94707],[101.67152,2.94675],[101.67199,2.94678],[101.67149,2.94707]]]}},{"type":"Feature","properties":{"id":594155832,"kind":"pond","group":"pond","area_m2":1105,"km":2.65,"lon":101.68297,"lat":2.83589},"geometry":{"type":"Polygon","coordinates":[[[101.68275,2.83592],[101.68297,2.83562],[101.68319,2.83601],[101.68275,2.83592]]]}},{"type":"Feature","properties":{"id":581762703,"kind":"pond","group":"pond","area_m2":1081,"km":9.98,"lon":101.67622,"lat":2.94908},"geometry":{"type":"Polygon","coordinates":[[[101.6762,2.94931],[101.67614,2.94885],[101.67645,2.94887],[101.6762,2.94931]]]}},{"type":"Feature","properties":{"id":1111613825,"kind":"stream","group":"channel","area_m2":1074,"km":12.36,"lon":101.69145,"lat":2.74896},"geometry":{"type":"Polygon","coordinates":[[[101.69116,2.74945],[101.69174,2.74844],[101.69106,2.74948],[101.69116,2.74945]]]}},{"type":"Feature","properties":{"id":1111736212,"kind":"stream","group":"channel","area_m2":1054,"km":13.35,"lon":101.69709,"lat":2.7405},"geometry":{"type":"Polygon","coordinates":[[[101.69662,2.74117],[101.69666,2.74119],[101.69779,2.73949],[101.69775,2.73947],[101.69662,2.74117]]]}},{"type":"Feature","properties":{"id":1112350433,"kind":"stream","group":"channel","area_m2":1053,"km":13.53,"lon":101.68015,"lat":2.73827},"geometry":{"type":"Polygon","coordinates":[[[101.67961,2.73905],[101.67964,2.73907],[101.68097,2.73709],[101.68094,2.73707],[101.67961,2.73905]]]}},{"type":"Feature","properties":{"id":1519008991,"kind":"water","group":"other","area_m2":1053,"km":12.05,"lon":101.75831,"lat":2.78107},"geometry":{"type":"Polygon","coordinates":[[[101.75825,2.7813],[101.7585,2.78101],[101.75819,2.78086],[101.75825,2.7813]]]}},{"type":"Feature","properties":{"id":661667363,"kind":"pond","group":"pond","area_m2":1049,"km":7.19,"lon":101.734,"lat":2.81894,"name":"Kolam Tadahan"},"geometry":{"type":"Polygon","coordinates":[[[101.73386,2.81885],[101.73399,2.81917],[101.73422,2.81908],[101.73409,2.81876],[101.73386,2.81885]]]}},{"type":"Feature","properties":{"id":1111070282,"kind":"stream","group":"channel","area_m2":1045,"km":13.71,"lon":101.70415,"lat":2.73828},"geometry":{"type":"Polygon","coordinates":[[[101.70366,2.73899],[101.70369,2.73901],[101.70489,2.73722],[101.70486,2.7372],[101.70366,2.73899]]]}},{"type":"Feature","properties":{"id":1110827995,"kind":"stream","group":"channel","area_m2":1043,"km":14.26,"lon":101.70716,"lat":2.7338},"geometry":{"type":"Polygon","coordinates":[[[101.70679,2.73431],[101.70684,2.73434],[101.70772,2.73303],[101.70767,2.733],[101.70679,2.73431]]]}},{"type":"Feature","properties":{"id":1111744320,"kind":"stream","group":"channel","area_m2":1042,"km":13.0,"lon":101.69394,"lat":2.74341},"geometry":{"type":"Polygon","coordinates":[[[101.69335,2.74426],[101.69338,2.74428],[101.69483,2.74212],[101.6948,2.7421],[101.69335,2.74426]]]}},{"type":"Feature","properties":{"id":1111079963,"kind":"stream","group":"channel","area_m2":1019,"km":13.16,"lon":101.70118,"lat":2.74273},"geometry":{"type":"Polygon","coordinates":[[[101.70165,2.74205],[101.70162,2.74203],[101.70046,2.74375],[101.7005,2.74377],[101.70165,2.74205]]]}},{"type":"Feature","properties":{"id":1110799215,"kind":"stream","group":"channel","area_m2":1018,"km":14.22,"lon":101.70792,"lat":2.73429},"geometry":{"type":"Polygon","coordinates":[[[101.70756,2.73479],[101.70761,2.73482],[101.70846,2.73354],[101.70842,2.73351],[101.70756,2.73479]]]}},{"type":"Feature","properties":{"id":1111751248,"kind":"stream","group":"channel","area_m2":1008,"km":13.0,"lon":101.69287,"lat":2.74328},"geometry":{"type":"Polygon","coordinates":[[[101.69253,2.74373],[101.69258,2.74376],[101.69336,2.7426],[101.69332,2.74257],[101.69253,2.74373]]]}},{"type":"Feature","properties":{"id":1330637025,"kind":"pond","group":"pond","area_m2":1002,"km":10.23,"lon":101.74033,"lat":2.78726},"geometry":{"type":"Polygon","coordinates":[[[101.74029,2.78703],[101.74042,2.78704],[101.74042,2.78756],[101.74024,2.78754],[101.74029,2.78703]]]}},{"type":"Feature","properties":{"id":372860587,"kind":"reservoir","group":"storage","area_m2":964,"km":14.26,"lon":101.7932,"lat":2.92665},"geometry":{"type":"Polygon","coordinates":[[[101.79309,2.92675],[101.79308,2.92645],[101.79332,2.92639],[101.79331,2.92675],[101.79309,2.92675]]]}},{"type":"Feature","properties":{"id":1111073098,"kind":"stream","group":"channel","area_m2":964,"km":13.46,"lon":101.70279,"lat":2.74033},"geometry":{"type":"Polygon","coordinates":[[[101.7033,2.7396],[101.70327,2.73958],[101.70203,2.74143],[101.70206,2.74145],[101.7033,2.7396]]]}},{"type":"Feature","properties":{"id":1111722961,"kind":"stream","group":"channel","area_m2":964,"km":12.62,"lon":101.69292,"lat":2.74671},"geometry":{"type":"Polygon","coordinates":[[[101.69248,2.74736],[101.69251,2.74738],[101.69359,2.74573],[101.69356,2.74571],[101.69248,2.74736]]]}},{"type":"Feature","properties":{"id":1151175385,"kind":"pond","group":"pond","area_m2":951,"km":10.12,"lon":101.65762,"lat":2.94681},"geometry":{"type":"Polygon","coordinates":[[[101.65756,2.94671],[101.65753,2.94701],[101.6578,2.94686],[101.65782,2.94663],[101.65756,2.94671]]]}},{"type":"Feature","properties":{"id":878669713,"kind":"river","group":"channel","area_m2":950,"km":14.45,"lon":101.66028,"lat":2.98739},"geometry":{"type":"Polygon","coordinates":[[[101.66002,2.98746],[101.66064,2.98719],[101.66068,2.98729],[101.66002,2.98758],[101.66002,2.98746]]]}},{"type":"Feature","properties":{"id":372960075,"kind":"reservoir","group":"storage","area_m2":942,"km":14.57,"lon":101.70681,"lat":2.98852},"geometry":{"type":"Polygon","coordinates":[[[101.70668,2.98865],[101.70697,2.98864],[101.70696,2.9884],[101.7067,2.98839],[101.70668,2.98865]]]}},{"type":"Feature","properties":{"id":661084398,"kind":"pond","group":"pond","area_m2":931,"km":4.23,"lon":101.69847,"lat":2.82467,"name":"Kolam Tadahan"},"geometry":{"type":"Polygon","coordinates":[[[101.69834,2.82442],[101.6986,2.82453],[101.69846,2.82466],[101.69855,2.82491],[101.69834,2.82475],[101.69834,2.82442]]]}},{"type":"Feature","properties":{"id":605791832,"kind":"water","group":"other","area_m2":927,"km":9.03,"lon":101.7646,"lat":2.86788},"geometry":{"type":"Polygon","coordinates":[[[101.76468,2.868],[101.76438,2.86781],[101.76475,2.8678],[101.76468,2.868]]]}},{"type":"Feature","properties":{"id":144292577,"kind":"water","group":"other","area_m2":926,"km":12.05,"lon":101.72511,"lat":2.75968},"geometry":{"type":"Polygon","coordinates":[[[101.72533,2.75903],[101.72528,2.75956],[101.72493,2.76019],[101.72533,2.75903]]]}},{"type":"Feature","properties":{"id":1540955615,"kind":"water","group":"other","area_m2":925,"km":12.23,"lon":101.7595,"lat":2.78},"geometry":{"type":"Polygon","coordinates":[[[101.75938,2.78011],[101.75979,2.78003],[101.75932,2.77991],[101.75938,2.78011]]]}},{"type":"Feature","properties":{"id":372860586,"kind":"reservoir","group":"storage","area_m2":901,"km":14.24,"lon":101.79315,"lat":2.92624},"geometry":{"type":"Polygon","coordinates":[[[101.79309,2.92641],[101.79333,2.92632],[101.79306,2.92602],[101.79309,2.92641]]]}},{"type":"Feature","properties":{"id":372960077,"kind":"reservoir","group":"storage","area_m2":901,"km":14.6,"lon":101.70684,"lat":2.98882},"geometry":{"type":"Polygon","coordinates":[[[101.70669,2.98893],[101.70703,2.98891],[101.70702,2.98872],[101.70669,2.98872],[101.70669,2.98893]]]}},{"type":"Feature","properties":{"id":295862899,"kind":"water","group":"other","area_m2":886,"km":7.48,"lon":101.66778,"lat":2.92501},"geometry":{"type":"Polygon","coordinates":[[[101.668,2.92518],[101.66779,2.9252],[101.66768,2.92482],[101.668,2.92518]]]}},{"type":"Feature","properties":{"id":888628240,"kind":"pond","group":"pond","area_m2":880,"km":6.88,"lon":101.72614,"lat":2.90473},"geometry":{"type":"Polygon","coordinates":[[[101.726,2.90477],[101.72617,2.90488],[101.72637,2.9047],[101.72617,2.9045],[101.726,2.90477]]]}},{"type":"Feature","properties":{"id":662311687,"kind":"pond","group":"pond","area_m2":878,"km":4.1,"lon":101.69624,"lat":2.82501,"name":"Kolam Tadahan"},"geometry":{"type":"Polygon","coordinates":[[[101.69641,2.82495],[101.69607,2.82493],[101.69622,2.82517],[101.69641,2.82495]]]}},{"type":"Feature","properties":{"id":1111262163,"kind":"stream","group":"channel","area_m2":868,"km":9.51,"lon":101.70201,"lat":2.77623},"geometry":{"type":"Polygon","coordinates":[[[101.70257,2.77541],[101.70255,2.77539],[101.70117,2.77745],[101.70119,2.77747],[101.70257,2.77541]]]}},{"type":"Feature","properties":{"id":1111774922,"kind":"stream","group":"channel","area_m2":868,"km":13.41,"lon":101.69274,"lat":2.73962},"geometry":{"type":"Polygon","coordinates":[[[101.69359,2.74021],[101.6936,2.74018],[101.69146,2.73874],[101.69145,2.73876],[101.69359,2.74021]]]}},{"type":"Feature","properties":{"id":1110798333,"kind":"stream","group":"channel","area_m2":853,"km":13.37,"lon":101.71653,"lat":2.74411},"geometry":{"type":"Polygon","coordinates":[[[101.71608,2.74379],[101.71606,2.74383],[101.71719,2.7446],[101.71722,2.74456],[101.71608,2.74379]]]}},{"type":"Feature","properties":{"id":1435241432,"kind":"water","group":"other","area_m2":849,"km":13.76,"lon":101.73527,"lat":2.97211},"geometry":{"type":"Polygon","coordinates":[[[101.7353,2.97185],[101.73537,2.97245],[101.73526,2.97246],[101.73516,2.97198],[101.7353,2.97185]]]}},{"type":"Feature","properties":{"id":1111774923,"kind":"stream","group":"channel","area_m2":836,"km":13.59,"lon":101.69008,"lat":2.73782},"geometry":{"type":"Polygon","coordinates":[[[101.6909,2.73839],[101.69092,2.73837],[101.68884,2.73696],[101.68883,2.73698],[101.6909,2.73839]]]}},{"type":"Feature","properties":{"id":1110685116,"kind":"stream","group":"channel","area_m2":833,"km":14.33,"lon":101.71867,"lat":2.73575},"geometry":{"type":"Polygon","coordinates":[[[101.71909,2.73605],[101.71912,2.73601],[101.71805,2.73529],[101.71802,2.73533],[101.71909,2.73605]]]}},{"type":"Feature","properties":{"id":1111729968,"kind":"stream","group":"channel","area_m2":801,"km":12.99,"lon":101.69505,"lat":2.74353},"geometry":{"type":"Polygon","coordinates":[[[101.69465,2.7441],[101.69468,2.74412],[101.69565,2.74269],[101.69562,2.74266],[101.69465,2.7441]]]}},{"type":"Feature","properties":{"id":1111774976,"kind":"stream","group":"channel","area_m2":801,"km":13.78,"lon":101.68733,"lat":2.73595},"geometry":{"type":"Polygon","coordinates":[[[101.68819,2.73655],[101.68821,2.73653],[101.68604,2.73506],[101.68603,2.73508],[101.68819,2.73655]]]}},{"type":"Feature","properties":{"id":1110797117,"kind":"stream","group":"channel","area_m2":799,"km":13.47,"lon":101.71716,"lat":2.7434},"geometry":{"type":"Polygon","coordinates":[[[101.71661,2.74301],[101.71658,2.74305],[101.71771,2.74381],[101.71773,2.74378],[101.7177,2.74375],[101.71661,2.74301]]]}},{"type":"Feature","properties":{"id":1111405865,"kind":"stream","group":"channel","area_m2":774,"km":12.99,"lon":101.71913,"lat":2.74846},"geometry":{"type":"Polygon","coordinates":[[[101.71863,2.74919],[101.71865,2.7492],[101.71988,2.74737],[101.71985,2.74735],[101.71863,2.74919]]]}},{"type":"Feature","properties":{"id":1111403172,"kind":"stream","group":"channel","area_m2":772,"km":12.37,"lon":101.71589,"lat":2.75329},"geometry":{"type":"Polygon","coordinates":[[[101.71539,2.75402],[101.71542,2.75403],[101.71663,2.75221],[101.71661,2.75219],[101.71539,2.75402]]]}},{"type":"Feature","properties":{"id":1110798734,"kind":"stream","group":"channel","area_m2":768,"km":14.05,"lon":101.70604,"lat":2.73547},"geometry":{"type":"Polygon","coordinates":[[[101.70576,2.73584],[101.70581,2.73588],[101.70646,2.73491],[101.70641,2.73488],[101.70576,2.73584]]]}},{"type":"Feature","properties":{"id":1112355904,"kind":"stream","group":"channel","area_m2":756,"km":14.23,"lon":101.68441,"lat":2.73192},"geometry":{"type":"Polygon","coordinates":[[[101.68393,2.73262],[101.68395,2.73264],[101.68514,2.73086],[101.68512,2.73084],[101.68393,2.73262]]]}},{"type":"Feature","properties":{"id":1151117609,"kind":"wastewater","group":"treatment","area_m2":754,"km":14.18,"lon":101.66327,"lat":2.98541},"geometry":{"type":"Polygon","coordinates":[[[101.66319,2.98529],[101.66316,2.98556],[101.66338,2.98559],[101.66341,2.98532],[101.66319,2.98529]]]}},{"type":"Feature","properties":{"id":1151117610,"kind":"wastewater","group":"treatment","area_m2":754,"km":14.18,"lon":101.66303,"lat":2.98538},"geometry":{"type":"Polygon","coordinates":[[[101.66296,2.98526],[101.66293,2.98553],[101.66315,2.98556],[101.66318,2.98529],[101.66296,2.98526]]]}},{"type":"Feature","properties":{"id":1151117611,"kind":"wastewater","group":"treatment","area_m2":754,"km":14.18,"lon":101.66274,"lat":2.98535},"geometry":{"type":"Polygon","coordinates":[[[101.66266,2.98523],[101.66263,2.9855],[101.66285,2.98553],[101.66289,2.98526],[101.66266,2.98523]]]}},{"type":"Feature","properties":{"id":1151117612,"kind":"wastewater","group":"treatment","area_m2":754,"km":14.18,"lon":101.66251,"lat":2.98531},"geometry":{"type":"Polygon","coordinates":[[[101.66243,2.98519],[101.6624,2.98546],[101.66262,2.98549],[101.66265,2.98522],[101.66243,2.98519]]]}},{"type":"Feature","properties":{"id":1151117613,"kind":"wastewater","group":"treatment","area_m2":754,"km":14.22,"lon":101.66246,"lat":2.98568},"geometry":{"type":"Polygon","coordinates":[[[101.66238,2.98556],[101.66235,2.98583],[101.66257,2.98586],[101.6626,2.98559],[101.66238,2.98556]]]}},{"type":"Feature","properties":{"id":1151117614,"kind":"wastewater","group":"treatment","area_m2":754,"km":14.22,"lon":101.66269,"lat":2.98571},"geometry":{"type":"Polygon","coordinates":[[[101.66261,2.98559],[101.66258,2.98586],[101.66281,2.98589],[101.66284,2.98562],[101.66261,2.98559]]]}},{"type":"Feature","properties":{"id":1103240422,"kind":"pond","group":"pond","area_m2":749,"km":14.91,"lon":101.80741,"lat":2.80773,"name":"Kolam Takungan JPS"},"geometry":{"type":"Polygon","coordinates":[[[101.80727,2.80793],[101.80764,2.80747],[101.80723,2.80782],[101.80727,2.80793]]]}},{"type":"Feature","properties":{"id":1111403994,"kind":"stream","group":"channel","area_m2":746,"km":12.68,"lon":101.7175,"lat":2.75088},"geometry":{"type":"Polygon","coordinates":[[[101.71699,2.75163],[101.71701,2.75164],[101.71827,2.74976],[101.71825,2.74975],[101.71699,2.75163]]]}},{"type":"Feature","properties":{"id":1111751307,"kind":"stream","group":"channel","area_m2":746,"km":13.16,"lon":101.69379,"lat":2.7419},"geometry":{"type":"Polygon","coordinates":[[[101.69403,2.74158],[101.69398,2.74155],[101.69344,2.74238],[101.69349,2.74242],[101.69403,2.74158]]]}},{"type":"Feature","properties":{"id":1111271623,"kind":"stream","group":"channel","area_m2":736,"km":11.78,"lon":101.71281,"lat":2.7579},"geometry":{"type":"Polygon","coordinates":[[[101.71231,2.75861],[101.71234,2.75863],[101.71354,2.75682],[101.71352,2.75681],[101.71231,2.75861]]]}},{"type":"Feature","properties":{"id":878670835,"kind":"pond","group":"pond","area_m2":735,"km":13.02,"lon":101.61659,"lat":2.95548},"geometry":{"type":"Polygon","coordinates":[[[101.61655,2.95563],[101.61651,2.95533],[101.61666,2.95529],[101.61655,2.95563]]]}},{"type":"Feature","properties":{"id":1001382129,"kind":"wastewater","group":"treatment","area_m2":732,"km":14.97,"lon":101.63339,"lat":2.98441},"geometry":{"type":"Polygon","coordinates":[[[101.63346,2.98454],[101.63348,2.98424],[101.63329,2.98422],[101.63327,2.98453],[101.63346,2.98454]]]}},{"type":"Feature","properties":{"id":961422430,"kind":"water","group":"other","area_m2":728,"km":10.37,"lon":101.63098,"lat":2.93647},"geometry":{"type":"Polygon","coordinates":[[[101.63112,2.93641],[101.63105,2.93667],[101.63091,2.93667],[101.63082,2.9364],[101.63112,2.93641]]]}},{"type":"Feature","properties":{"id":1360941794,"kind":"pond","group":"pond","area_m2":727,"km":8.15,"lon":101.74992,"lat":2.89142},"geometry":{"type":"Polygon","coordinates":[[[101.75006,2.89147],[101.74968,2.8914],[101.74987,2.89131],[101.7501,2.89137],[101.75006,2.89147]]]}},{"type":"Feature","properties":{"id":372853229,"kind":"reservoir","group":"storage","area_m2":724,"km":13.14,"lon":101.7851,"lat":2.92056},"geometry":{"type":"Polygon","coordinates":[[[101.78497,2.92061],[101.78507,2.92073],[101.78527,2.92041],[101.78497,2.92061]]]}},{"type":"Feature","properties":{"id":1112350803,"kind":"stream","group":"channel","area_m2":723,"km":13.58,"lon":101.68171,"lat":2.73776},"geometry":{"type":"Polygon","coordinates":[[[101.68143,2.73807],[101.68149,2.73811],[101.68178,2.73769],[101.68185,2.73768],[101.6819,2.73761],[101.68183,2.73761],[101.68189,2.73752],[101.68183,2.73748],[101.68143,2.73807]]]}},{"type":"Feature","properties":{"id":372793917,"kind":"reservoir","group":"storage","area_m2":711,"km":13.55,"lon":101.78838,"lat":2.92229},"geometry":{"type":"Polygon","coordinates":[[[101.78841,2.92245],[101.78824,2.92223],[101.78834,2.92213],[101.78852,2.92232],[101.78841,2.92245]]]}},{"type":"Feature","properties":{"id":619357989,"kind":"pond","group":"pond","area_m2":697,"km":4.94,"lon":101.68068,"lat":2.90395},"geometry":{"type":"Polygon","coordinates":[[[101.68063,2.90414],[101.68084,2.90384],[101.68067,2.9038],[101.68054,2.90397],[101.68063,2.90414]]]}},{"type":"Feature","properties":{"id":372861272,"kind":"water","group":"other","area_m2":687,"km":12.95,"lon":101.7896,"lat":2.9083},"geometry":{"type":"Polygon","coordinates":[[[101.78967,2.90842],[101.78972,2.90812],[101.78956,2.90806],[101.78952,2.90842],[101.78967,2.90842]]]}},{"type":"Feature","properties":{"id":372807999,"kind":"water","group":"other","area_m2":683,"km":13.29,"lon":101.78661,"lat":2.92063},"geometry":{"type":"Polygon","coordinates":[[[101.78648,2.92061],[101.78678,2.92073],[101.78659,2.92048],[101.78648,2.92061]]]}},{"type":"Feature","properties":{"id":1112350434,"kind":"stream","group":"channel","area_m2":672,"km":13.43,"lon":101.68077,"lat":2.73911},"geometry":{"type":"Polygon","coordinates":[[[101.68058,2.73935],[101.68064,2.73938],[101.68106,2.73876],[101.681,2.73871],[101.68058,2.73935]]]}},{"type":"Feature","properties":{"id":1110798335,"kind":"stream","group":"channel","area_m2":669,"km":13.29,"lon":101.71841,"lat":2.7454},"geometry":{"type":"Polygon","coordinates":[[[101.71857,2.74553],[101.71858,2.74553],[101.7186,2.74554],[101.71861,2.74552],[101.7186,2.74551],[101.71859,2.74549],[101.71778,2.74493],[101.71774,2.74498],[101.71857,2.74553]]]}},{"type":"Feature","properties":{"id":372807996,"kind":"water","group":"other","area_m2":666,"km":13.35,"lon":101.78701,"lat":2.92097},"geometry":{"type":"Polygon","coordinates":[[[101.78681,2.92085],[101.78723,2.9212],[101.78691,2.92078],[101.78681,2.92085]]]}},{"type":"Feature","properties":{"id":1196371052,"kind":"pond","group":"pond","area_m2":663,"km":11.59,"lon":101.66684,"lat":2.96242},"geometry":{"type":"Polygon","coordinates":[[[101.66681,2.96263],[101.66699,2.96221],[101.66672,2.96234],[101.66681,2.96263]]]}},{"type":"Feature","properties":{"id":1111722342,"kind":"stream","group":"channel","area_m2":657,"km":12.69,"lon":101.69229,"lat":2.74599},"geometry":{"type":"Polygon","coordinates":[[[101.69166,2.74681],[101.69217,2.74607],[101.69234,2.74618],[101.6926,2.74578],[101.69244,2.74567],[101.69289,2.74501],[101.69241,2.74568],[101.69257,2.74579],[101.69233,2.74615],[101.69217,2.74604],[101.69166,2.74681]]]}},{"type":"Feature","properties":{"id":122292606,"kind":"basin","group":"treatment","area_m2":644,"km":10.33,"lon":101.68949,"lat":2.95235},"geometry":{"type":"Polygon","coordinates":[[[101.68947,2.95248],[101.68937,2.95233],[101.68952,2.95222],[101.68962,2.95239],[101.68947,2.95248]]]}},{"type":"Feature","properties":{"id":1111116995,"kind":"stream","group":"channel","area_m2":644,"km":13.01,"lon":101.69905,"lat":2.74388},"geometry":{"type":"Polygon","coordinates":[[[101.69927,2.74412],[101.69891,2.74368],[101.69889,2.74387],[101.69927,2.74412]]]}},{"type":"Feature","properties":{"id":836684479,"kind":"water","group":"other","area_m2":635,"km":3.73,"lon":101.71547,"lat":2.87068},"geometry":{"type":"Polygon","coordinates":[[[101.71529,2.87067],[101.71557,2.8708],[101.71571,2.87069],[101.71537,2.87055],[101.71529,2.87067]]]}},{"type":"Feature","properties":{"id":372807986,"kind":"water","group":"other","area_m2":616,"km":13.23,"lon":101.78629,"lat":2.92018},"geometry":{"type":"Polygon","coordinates":[[[101.78611,2.92016],[101.78648,2.92024],[101.78625,2.92008],[101.78611,2.92016]]]}},{"type":"Feature","properties":{"id":1112351794,"kind":"stream","group":"channel","area_m2":615,"km":13.84,"lon":101.68063,"lat":2.73545},"geometry":{"type":"Polygon","coordinates":[[[101.68038,2.7358],[101.68042,2.73582],[101.68102,2.73492],[101.68098,2.73489],[101.68038,2.7358]]]}},{"type":"Feature","properties":{"id":1110792754,"kind":"stream","group":"channel","area_m2":607,"km":13.99,"lon":101.70675,"lat":2.73612},"geometry":{"type":"Polygon","coordinates":[[[101.70666,2.73633],[101.70708,2.73552],[101.7066,2.73622],[101.70666,2.73633]]]}},{"type":"Feature","properties":{"id":836684478,"kind":"water","group":"other","area_m2":603,"km":3.72,"lon":101.71551,"lat":2.87034},"geometry":{"type":"Polygon","coordinates":[[[101.71539,2.87047],[101.71554,2.87051],[101.71566,2.87022],[101.71548,2.87021],[101.71539,2.87047]]]}},{"type":"Feature","properties":{"id":1273580978,"kind":"pond","group":"pond","area_m2":599,"km":9.37,"lon":101.71868,"lat":2.93635},"geometry":{"type":"Polygon","coordinates":[[[101.71857,2.93644],[101.71863,2.93621],[101.7189,2.93631],[101.71857,2.93644]]]}},{"type":"Feature","properties":{"id":1110797120,"kind":"stream","group":"channel","area_m2":587,"km":13.39,"lon":101.71893,"lat":2.74462},"geometry":{"type":"Polygon","coordinates":[[[101.71909,2.74475],[101.71911,2.74475],[101.71912,2.74476],[101.71913,2.74474],[101.71912,2.74473],[101.71912,2.74471],[101.7183,2.74415],[101.71827,2.74419],[101.71909,2.74475]]]}},{"type":"Feature","properties":{"id":1112356884,"kind":"stream","group":"channel","area_m2":571,"km":14.49,"lon":101.68459,"lat":2.72954},"geometry":{"type":"Polygon","coordinates":[[[101.68433,2.72989],[101.68437,2.72992],[101.68497,2.72902],[101.68493,2.729],[101.68433,2.72989]]]}},{"type":"Feature","properties":{"id":1111743772,"kind":"stream","group":"channel","area_m2":566,"km":13.63,"lon":101.69862,"lat":2.73821},"geometry":{"type":"Polygon","coordinates":[[[101.69888,2.73785],[101.69885,2.73782],[101.69823,2.73876],[101.69827,2.73878],[101.69888,2.73785]]]}},{"type":"Feature","properties":{"id":1110685108,"kind":"stream","group":"channel","area_m2":545,"km":14.29,"lon":101.71963,"lat":2.73641},"geometry":{"type":"Polygon","coordinates":[[[101.71935,2.73624],[101.72002,2.7367],[101.72005,2.73665],[101.71939,2.7362],[101.71935,2.73624]]]}},{"type":"Feature","properties":{"id":1151175381,"kind":"basin","group":"treatment","area_m2":531,"km":10.41,"lon":101.6571,"lat":2.94936},"geometry":{"type":"Polygon","coordinates":[[[101.65708,2.94924],[101.65699,2.9495],[101.65714,2.94955],[101.65722,2.94929],[101.65708,2.94924]]]}},{"type":"Feature","properties":{"id":581778784,"kind":"pond","group":"pond","area_m2":517,"km":12.88,"lon":101.64083,"lat":2.96716},"geometry":{"type":"Polygon","coordinates":[[[101.64073,2.96712],[101.64075,2.96725],[101.64094,2.96722],[101.64092,2.96705],[101.64073,2.96712]]]}},{"type":"Feature","properties":{"id":372965861,"kind":"water","group":"other","area_m2":516,"km":14.29,"lon":101.7248,"lat":2.98138},"geometry":{"type":"Polygon","coordinates":[[[101.72468,2.98133],[101.72497,2.98152],[101.7248,2.98122],[101.72468,2.98133]]]}},{"type":"Feature","properties":{"id":1110798331,"kind":"stream","group":"channel","area_m2":497,"km":13.41,"lon":101.7157,"lat":2.74357},"geometry":{"type":"Polygon","coordinates":[[[101.71594,2.74376],[101.71597,2.74371],[101.71534,2.74329],[101.71531,2.74333],[101.71594,2.74376]]]}},{"type":"Feature","properties":{"id":1111738007,"kind":"stream","group":"channel","area_m2":484,"km":13.33,"lon":101.69797,"lat":2.74076},"geometry":{"type":"Polygon","coordinates":[[[101.6977,2.7411],[101.69767,2.74117],[101.6977,2.74118],[101.69773,2.74112],[101.69803,2.74068],[101.69811,2.74058],[101.69848,2.74012],[101.69846,2.7401],[101.69809,2.74056],[101.69801,2.74066],[101.6977,2.7411]]]}},{"type":"Feature","properties":{"id":797346004,"kind":"wastewater","group":"treatment","area_m2":481,"km":7.01,"lon":101.73938,"lat":2.83003},"geometry":{"type":"Polygon","coordinates":[[[101.73943,2.83013],[101.73928,2.83008],[101.73931,2.82994],[101.73947,2.82997],[101.73943,2.83013]]]}},{"type":"Feature","properties":{"id":971658060,"kind":"water","group":"other","area_m2":481,"km":7.89,"lon":101.61798,"lat":2.88626},"geometry":{"type":"Polygon","coordinates":[[[101.61794,2.88642],[101.61811,2.88637],[101.61799,2.88612],[101.61794,2.88642]]]}},{"type":"Feature","properties":{"id":1110797116,"kind":"stream","group":"channel","area_m2":474,"km":13.51,"lon":101.7161,"lat":2.7427},"geometry":{"type":"Polygon","coordinates":[[[101.71584,2.74255],[101.71647,2.74297],[101.7165,2.74293],[101.71586,2.74251],[101.71584,2.74255]]]}},{"type":"Feature","properties":{"id":1111412901,"kind":"stream","group":"channel","area_m2":466,"km":12.95,"lon":101.72013,"lat":2.74919},"geometry":{"type":"Polygon","coordinates":[[[101.71966,2.74988],[101.71968,2.74989],[101.72084,2.74815],[101.72083,2.74814],[101.71966,2.74988]]]}},{"type":"Feature","properties":{"id":1110685105,"kind":"stream","group":"channel","area_m2":445,"km":14.26,"lon":101.72053,"lat":2.73702},"geometry":{"type":"Polygon","coordinates":[[[101.7203,2.73689],[101.72085,2.73726],[101.72088,2.73721],[101.72033,2.73685],[101.7203,2.73689]]]}},{"type":"Feature","properties":{"id":643414470,"kind":"pond","group":"pond","area_m2":440,"km":11.29,"lon":101.75793,"lat":2.92899},"geometry":{"type":"Polygon","coordinates":[[[101.75788,2.92913],[101.75799,2.92913],[101.75799,2.92879],[101.75789,2.92879],[101.75788,2.92913]]]}},{"type":"Feature","properties":{"id":836684417,"kind":"water","group":"other","area_m2":437,"km":4.02,"lon":101.71323,"lat":2.88066},"geometry":{"type":"Polygon","coordinates":[[[101.71311,2.88072],[101.71326,2.88077],[101.71332,2.88057],[101.71321,2.88051],[101.71311,2.88072]]]}},{"type":"Feature","properties":{"id":661084396,"kind":"pond","group":"pond","area_m2":424,"km":4.31,"lon":101.70325,"lat":2.82619,"name":"Kolam Tadahan"},"geometry":{"type":"Polygon","coordinates":[[[101.70322,2.82609],[101.70312,2.82617],[101.70328,2.82631],[101.70334,2.82613],[101.70322,2.82609]]]}},{"type":"Feature","properties":{"id":1535315961,"kind":"pond","group":"pond","area_m2":415,"km":9.9,"lon":101.74614,"lat":2.92325},"geometry":{"type":"Polygon","coordinates":[[[101.74626,2.92312],[101.74608,2.92321],[101.74597,2.92333],[101.74596,2.92348],[101.74614,2.92325],[101.7462,2.92327],[101.74628,2.92321],[101.74626,2.92312]]]}},{"type":"Feature","properties":{"id":1112352212,"kind":"stream","group":"channel","area_m2":409,"km":13.76,"lon":101.68161,"lat":2.7361},"geometry":{"type":"Polygon","coordinates":[[[101.68135,2.73646],[101.68138,2.73648],[101.68199,2.73556],[101.68197,2.73554],[101.68135,2.73646]]]}},{"type":"Feature","properties":{"id":896443593,"kind":"pond","group":"pond","area_m2":408,"km":4.15,"lon":101.7014,"lat":2.89257},"geometry":{"type":"Polygon","coordinates":[[[101.7014,2.89268],[101.70155,2.89263],[101.70144,2.89243],[101.7014,2.89268]]]}},{"type":"Feature","properties":{"id":836684475,"kind":"water","group":"other","area_m2":405,"km":3.74,"lon":101.71605,"lat":2.86914},"geometry":{"type":"Polygon","coordinates":[[[101.71598,2.86924],[101.71612,2.86928],[101.71611,2.86899],[101.71598,2.86924]]]}}]}